fold,sample_idx,set_type,y_true,y_pred,model
0,0,train,1.3,1.2830747367471398,elasticnet
0,1,train,1.5,1.3411534831913976,elasticnet
0,2,train,1.27,1.224561322791993,elasticnet
0,3,train,1.1,1.1769415863987738,elasticnet
0,4,train,1.4,1.3810799512017577,elasticnet
0,5,train,1.24,1.2262215045057394,elasticnet
0,6,train,1.35,1.1799140604517886,elasticnet
0,7,train,1.25,1.129680613345556,elasticnet
0,8,train,1.0,0.9923979950044801,elasticnet
0,11,train,0.97,1.014260169576387,elasticnet
0,12,train,1.25,1.2707633882600995,elasticnet
0,13,train,0.98,1.141983752993085,elasticnet
0,15,train,1.012,1.014260169576387,elasticnet
0,16,train,0.82,1.0179890708303296,elasticnet
0,17,train,1.35,1.2962155777308462,elasticnet
0,18,train,1.4,1.3506308536770326,elasticnet
0,19,train,0.95,1.0445935273579918,elasticnet
0,20,train,1.4,1.282766314099463,elasticnet
0,21,train,1.3,1.282766314099463,elasticnet
0,22,train,1.15,1.1760093610852882,elasticnet
0,23,train,1.2,1.1760093610852882,elasticnet
0,24,train,1.15,1.1760093610852882,elasticnet
0,25,train,1.2,1.141728038431655,elasticnet
0,26,train,1.5,1.398944806045093,elasticnet
0,30,train,1.15,1.182248423492658,elasticnet
0,31,train,1.2,1.1831806488061436,elasticnet
0,32,train,1.35,1.3206790868906906,elasticnet
0,35,train,1.21,1.2252892791922538,elasticnet
0,36,train,1.0,1.0186810509919033,elasticnet
0,37,train,0.84,0.9826271336548617,elasticnet
0,38,train,1.3,1.3188146362637192,elasticnet
0,39,train,0.9,1.0179890708303296,elasticnet
0,40,train,1.15,1.2262215045057394,elasticnet
0,41,train,1.4,1.3515630789905182,elasticnet
0,42,train,1.25,1.313478899638171,elasticnet
0,43,train,1.35,1.3188146362637192,elasticnet
0,44,train,1.1,1.0065255018637007,elasticnet
0,45,train,1.3,1.2846307647264341,elasticnet
0,46,train,1.0,0.973789152765081,elasticnet
0,48,train,0.92,0.9874140683733348,elasticnet
0,49,train,1.33,1.3217521013501268,elasticnet
0,52,train,1.1,1.0829399601159284,elasticnet
0,53,train,1.1,1.085671012465105,elasticnet
0,54,train,1.15,1.085671012465105,elasticnet
0,55,train,1.29,1.2252892791922538,elasticnet
0,56,train,1.08,1.0445935273579918,elasticnet
0,57,train,0.99,1.0067387704664976,elasticnet
0,58,train,1.11,1.122366882637162,elasticnet
0,59,train,1.0,1.0275629348472126,elasticnet
0,61,train,1.04,1.014260169576387,elasticnet
0,62,train,1.1,1.156112721548333,elasticnet
0,63,train,1.11,1.122366882637162,elasticnet
0,64,train,1.0,1.1009578987637478,elasticnet
0,65,train,1.11,1.0760883808531885,elasticnet
0,69,train,1.06,1.0161246202033583,elasticnet
0,70,train,1.34,1.3810799512017577,elasticnet
0,71,train,1.4,1.3440790658753325,elasticnet
0,72,train,1.3,1.31895542540967,elasticnet
0,73,train,1.25,1.1575804306042807,elasticnet
0,74,train,1.18,1.122366882637162,elasticnet
0,75,train,0.98,0.9995601403493222,elasticnet
0,76,train,1.04,1.1598416228022757,elasticnet
0,77,train,1.29,1.3441514355715947,elasticnet
0,78,train,1.41,1.282766314099463,elasticnet
0,79,train,1.01,1.0575429690267377,elasticnet
0,80,train,1.2,1.177314476524168,elasticnet
0,81,train,1.25,1.177314476524168,elasticnet
0,82,train,1.25,1.177314476524168,elasticnet
0,83,train,1.17,1.2262215045057394,elasticnet
0,84,train,1.05,1.157044946861819,elasticnet
0,85,train,1.35,1.3440790658753325,elasticnet
0,86,train,1.5,1.3440790658753325,elasticnet
0,87,train,1.4,1.3440790658753325,elasticnet
0,88,train,1.28,1.31895542540967,elasticnet
0,89,train,1.22,1.1730098654809857,elasticnet
0,90,train,1.23,1.1407958131181695,elasticnet
0,92,train,1.09,0.9632124899261159,elasticnet
0,93,train,1.05,1.1797382623392307,elasticnet
0,94,train,0.98,1.1429159783065705,elasticnet
0,95,train,0.95,1.0535497463510275,elasticnet
0,96,train,1.2,1.2252892791922538,elasticnet
0,97,train,1.25,1.2252892791922538,elasticnet
0,98,train,1.38,1.343219210258109,elasticnet
0,99,train,1.15,1.2262215045057394,elasticnet
0,100,train,1.15,1.2262215045057394,elasticnet
0,101,train,1.2,1.1769415863987738,elasticnet
0,102,train,1.2,1.141728038431655,elasticnet
0,103,train,1.15,1.085671012465105,elasticnet
0,104,train,1.1,1.141728038431655,elasticnet
0,105,train,1.08,1.085671012465105,elasticnet
0,106,train,1.2,1.188564623474289,elasticnet
0,107,train,1.17,1.1751819504614074,elasticnet
0,109,train,1.2,1.1505390839801373,elasticnet
0,110,train,1.25,1.31895542540967,elasticnet
0,111,train,1.12,1.0681309727928892,elasticnet
0,112,train,0.85,1.0140038076151785,elasticnet
0,113,train,1.1,1.17608207465974,elasticnet
0,114,train,1.14,1.1767387667349283,elasticnet
0,115,train,1.23,1.248358988365147,elasticnet
0,116,train,1.18,1.302075677440208,elasticnet
0,117,train,1.42,1.3866733030826714,elasticnet
0,118,train,0.98,1.1232991079506476,elasticnet
0,119,train,1.3,1.2278241113891926,elasticnet
0,120,train,1.4,1.3898671483727543,elasticnet
0,121,train,1.5,1.354359754930975,elasticnet
0,122,train,1.1,1.141728038431655,elasticnet
0,123,train,1.15,1.141728038431655,elasticnet
0,124,train,1.08,1.0847387871516194,elasticnet
0,125,train,1.04,1.0261645968769844,elasticnet
0,126,train,1.25,1.1843448159053174,elasticnet
0,127,train,1.25,1.2934189017903894,elasticnet
0,128,train,1.39,1.3213868384110465,elasticnet
0,129,train,1.45,1.3213868384110465,elasticnet
0,130,train,1.0,1.1429159783065705,elasticnet
0,131,train,1.15,1.0681309727928892,elasticnet
0,132,train,1.25,1.2645650907941566,elasticnet
0,135,train,1.3,1.3056225938948094,elasticnet
0,136,train,1.2,1.1575804306042807,elasticnet
0,137,train,1.3,1.2374758606963874,elasticnet
0,138,train,1.2,1.1706270231497091,elasticnet
0,143,train,1.41,1.3051564812380665,elasticnet
0,144,train,1.1,1.0314920282070257,elasticnet
0,146,train,0.89,1.0445935273579918,elasticnet
0,148,train,0.94,1.014260169576387,elasticnet
0,149,train,1.15,1.1260957838911045,elasticnet
0,152,train,1.25,1.1585126559177665,elasticnet
0,153,train,1.24,1.1407958131181695,elasticnet
0,158,train,0.86,0.9988501043006005,elasticnet
0,159,train,0.77,1.014260169576387,elasticnet
0,160,train,1.29,1.3056225938948094,elasticnet
0,161,train,1.1,1.1797382623392307,elasticnet
0,162,train,1.4,1.3056225938948094,elasticnet
0,163,train,1.08,1.157044946861819,elasticnet
0,164,train,1.1,1.1598416228022757,elasticnet
0,165,train,1.2,1.1769415863987738,elasticnet
0,169,train,1.4,1.3213868384110465,elasticnet
0,170,train,1.28,1.282766314099463,elasticnet
0,171,train,1.3,1.282766314099463,elasticnet
0,173,train,1.25,1.2252892791922538,elasticnet
0,174,train,0.95,0.9641982031738543,elasticnet
0,175,train,1.0,1.1232991079506476,elasticnet
0,176,train,1.35,1.31895542540967,elasticnet
0,177,train,1.25,1.1734612356628553,elasticnet
0,179,train,1.3,1.2928088728723912,elasticnet
0,180,train,1.45,1.3440790658753325,elasticnet
0,181,train,1.25,1.2152549615791655,elasticnet
0,182,train,1.4,1.3870704724322973,elasticnet
0,183,train,1.45,1.3889349230592685,elasticnet
0,184,train,1.2,1.0514249841616399,elasticnet
0,186,train,1.38,1.3468757418157895,elasticnet
0,188,train,1.3,1.1575804306042807,elasticnet
0,189,train,1.3,1.3125466743246854,elasticnet
0,190,train,1.25,1.3125466743246854,elasticnet
0,191,train,1.25,1.344349424352648,elasticnet
0,192,train,0.95,0.9669948791143111,elasticnet
0,195,train,0.84,1.0179890708303296,elasticnet
0,196,train,1.11,1.1769415863987738,elasticnet
0,197,train,1.05,1.0836710081391614,elasticnet
0,198,train,1.17,1.1585126559177665,elasticnet
0,199,train,1.12,1.1250701402916985,elasticnet
0,9,test,1.35,1.5402092381730434,elasticnet
0,10,test,1.4,1.5402092381730434,elasticnet
0,14,test,1.25,1.2544631179473773,elasticnet
0,27,test,1.05,1.030870233922931,elasticnet
0,28,test,1.3,1.1585126559177665,elasticnet
0,29,test,1.05,1.0826250855387753,elasticnet
0,33,test,1.45,1.3898671483727543,elasticnet
0,34,test,1.15,1.0884676884055617,elasticnet
0,47,test,1.0,0.9737891527650812,elasticnet
0,50,test,1.21,1.0629874523053637,elasticnet
0,51,test,1.1,1.085671012465105,elasticnet
0,60,test,1.15,1.141728038431655,elasticnet
0,66,test,1.2,1.1730098654809857,elasticnet
0,67,test,1.03,1.011108804861417,elasticnet
0,68,test,1.38,1.343219210258109,elasticnet
0,91,test,1.32,1.31895542540967,elasticnet
0,108,test,1.25,1.3125466743246854,elasticnet
0,133,test,1.04,1.1232991079506476,elasticnet
0,134,test,1.25,1.313478899638171,elasticnet
0,139,test,0.8,1.0179890708303296,elasticnet
0,140,test,0.83,1.0179890708303296,elasticnet
0,141,test,0.96,0.9826271336548618,elasticnet
0,142,test,1.18,1.141728038431655,elasticnet
0,145,test,1.1,1.1769415863987738,elasticnet
0,147,test,0.998,0.9854238095953185,elasticnet
0,150,test,1.18,1.2435568785558069,elasticnet
0,151,test,1.25,1.3125466743246854,elasticnet
0,154,test,1.36,1.3056225938948094,elasticnet
0,155,test,1.3,1.2175434223335502,elasticnet
0,156,test,1.35,1.2250274354487358,elasticnet
0,157,test,1.3,1.2203400982740071,elasticnet
0,166,test,1.3,1.3198876507231556,elasticnet
0,167,test,1.01,1.0483224286119341,elasticnet
0,168,test,1.4,1.3389161424390321,elasticnet
0,172,test,0.94,0.9830932463116046,elasticnet
0,178,test,1.1,1.1797382623392307,elasticnet
0,185,test,1.4,1.3426450436929747,elasticnet
0,187,test,1.2,1.1786089450129087,elasticnet
0,193,test,1.22,1.1379202922679195,elasticnet
0,194,test,1.32,1.1379202922679195,elasticnet
1,0,train,1.3,1.2777510712229316,elasticnet
1,1,train,1.5,1.3238517011317006,elasticnet
1,2,train,1.27,1.2282447979786337,elasticnet
1,3,train,1.1,1.1836505632016907,elasticnet
1,4,train,1.4,1.3766096064573585,elasticnet
1,5,train,1.24,1.230490829161886,elasticnet
1,6,train,1.35,1.1827249681335794,elasticnet
1,7,train,1.25,1.155334260662182,elasticnet
1,9,train,1.35,1.5162877815499725,elasticnet
1,10,train,1.4,1.5162877815499725,elasticnet
1,12,train,1.25,1.2761760912989688,elasticnet
1,13,train,0.98,1.1261766561238389,elasticnet
1,14,train,1.25,1.231255044336006,elasticnet
1,16,train,0.82,1.024911360905765,elasticnet
1,17,train,1.35,1.318527271436643,elasticnet
1,18,train,1.4,1.3247446506368024,elasticnet
1,19,train,0.95,1.0335318878003426,elasticnet
1,20,train,1.4,1.283808765745326,elasticnet
1,21,train,1.3,1.283808765745326,elasticnet
1,26,train,1.5,1.3993083964084727,elasticnet
1,27,train,1.05,1.0301703835361615,elasticnet
1,28,train,1.3,1.1694618194652773,elasticnet
1,29,train,1.05,1.0871260164462735,elasticnet
1,32,train,1.35,1.325775755774412,elasticnet
1,33,train,1.45,1.379424854828001,elasticnet
1,34,train,1.15,1.0853957778905543,elasticnet
1,35,train,1.21,1.230490829161886,elasticnet
1,36,train,1.0,1.0232904181423186,elasticnet
1,37,train,0.84,0.9848957419025953,elasticnet
1,40,train,1.15,1.230490829161886,elasticnet
1,41,train,1.4,1.3247446506368024,elasticnet
1,42,train,1.25,1.2876020480594834,elasticnet
1,43,train,1.35,1.325775755774412,elasticnet
1,44,train,1.1,1.004081822346998,elasticnet
1,45,train,1.3,1.283808765745326,elasticnet
1,46,train,1.0,0.9898505579894306,elasticnet
1,47,train,1.0,0.9898505579894306,elasticnet
1,48,train,0.92,0.9974676382318919,elasticnet
1,49,train,1.33,1.3076917114723716,elasticnet
1,50,train,1.21,1.0815824937016862,elasticnet
1,51,train,1.1,1.0853957778905543,elasticnet
1,52,train,1.1,1.092371097009217,elasticnet
1,56,train,1.08,1.0335318878003426,elasticnet
1,57,train,0.99,1.0034960525327898,elasticnet
1,58,train,1.11,1.1072224698275202,elasticnet
1,59,train,1.0,1.0193431440639291,elasticnet
1,60,train,1.15,1.1214112135639336,elasticnet
1,61,train,1.04,1.024911360905765,elasticnet
1,62,train,1.1,1.1596357412073657,elasticnet
1,63,train,1.11,1.1072224698275202,elasticnet
1,64,train,1.0,1.10064838217197,elasticnet
1,65,train,1.11,1.0983621871797837,elasticnet
1,66,train,1.2,1.1718532390208634,elasticnet
1,67,train,1.03,1.0120588673583628,elasticnet
1,68,train,1.38,1.3402320246973758,elasticnet
1,69,train,1.06,1.024911360905765,elasticnet
1,70,train,1.34,1.3766096064573585,elasticnet
1,71,train,1.4,1.3200074374913169,elasticnet
1,72,train,1.3,1.3076917114723716,elasticnet
1,73,train,1.25,1.1694618194652773,elasticnet
1,74,train,1.18,1.1072224698275202,elasticnet
1,75,train,0.98,1.0107226171693515,elasticnet
1,76,train,1.04,1.1596357412073657,elasticnet
1,77,train,1.29,1.3402320246973758,elasticnet
1,78,train,1.41,1.283808765745326,elasticnet
1,80,train,1.2,1.1836505632016907,elasticnet
1,81,train,1.25,1.1836505632016907,elasticnet
1,82,train,1.25,1.1836505632016907,elasticnet
1,83,train,1.17,1.230490829161886,elasticnet
1,84,train,1.05,1.1596357412073657,elasticnet
1,90,train,1.23,1.1214112135639336,elasticnet
1,91,train,1.32,1.3076917114723716,elasticnet
1,92,train,1.09,0.9885018566459385,elasticnet
1,94,train,0.98,1.1261766561238389,elasticnet
1,95,train,0.95,1.0469779048570669,elasticnet
1,96,train,1.2,1.230490829161886,elasticnet
1,97,train,1.25,1.230490829161886,elasticnet
1,98,train,1.38,1.3402320246973758,elasticnet
1,99,train,1.15,1.230490829161886,elasticnet
1,100,train,1.15,1.230490829161886,elasticnet
1,101,train,1.2,1.1836505632016907,elasticnet
1,102,train,1.2,1.1214112135639336,elasticnet
1,103,train,1.15,1.0853957778905543,elasticnet
1,104,train,1.1,1.1214112135639336,elasticnet
1,105,train,1.08,1.0853957778905543,elasticnet
1,106,train,1.2,1.2261252355762375,elasticnet
1,107,train,1.17,1.1718532390208634,elasticnet
1,108,train,1.25,1.2876020480594834,elasticnet
1,109,train,1.2,1.1831595962756918,elasticnet
1,111,train,1.12,1.0714197238624736,elasticnet
1,112,train,0.85,1.024911360905765,elasticnet
1,115,train,1.23,1.23443539898315,elasticnet
1,116,train,1.18,1.2790209053643125,elasticnet
1,117,train,1.42,1.3766096064573585,elasticnet
1,118,train,0.98,1.1072224698275202,elasticnet
1,119,train,1.3,1.2282447979786337,elasticnet
1,120,train,1.4,1.379424854828001,elasticnet
1,121,train,1.5,1.3247446506368024,elasticnet
1,122,train,1.1,1.1214112135639336,elasticnet
1,123,train,1.15,1.1214112135639336,elasticnet
1,124,train,1.08,1.0853957778905543,elasticnet
1,126,train,1.25,1.177244820306436,elasticnet
1,127,train,1.25,1.318527271436643,elasticnet
1,128,train,1.39,1.32385489619488,elasticnet
1,129,train,1.45,1.32385489619488,elasticnet
1,130,train,1.0,1.1261766561238389,elasticnet
1,132,train,1.25,1.2600517222401006,elasticnet
1,133,train,1.04,1.1072224698275202,elasticnet
1,134,train,1.25,1.2876020480594834,elasticnet
1,137,train,1.3,1.258621936900165,elasticnet
1,139,train,0.8,1.024911360905765,elasticnet
1,140,train,0.83,1.024911360905765,elasticnet
1,141,train,0.96,0.9848957419025953,elasticnet
1,142,train,1.18,1.1214112135639336,elasticnet
1,144,train,1.1,1.0301703835361615,elasticnet
1,145,train,1.1,1.1836505632016907,elasticnet
1,146,train,0.89,1.0335318878003426,elasticnet
1,147,train,0.998,0.9848957419025953,elasticnet
1,148,train,0.94,1.0249113609057647,elasticnet
1,149,train,1.15,1.1072224698275202,elasticnet
1,150,train,1.18,1.2248311010854898,elasticnet
1,151,train,1.25,1.2876020480594834,elasticnet
1,152,train,1.25,1.1694618194652773,elasticnet
1,154,train,1.36,1.3034286316610253,elasticnet
1,155,train,1.3,1.2235075848331483,elasticnet
1,156,train,1.35,1.2282447979786337,elasticnet
1,157,train,1.3,1.2235075848331483,elasticnet
1,158,train,0.86,1.0093992287112212,elasticnet
1,159,train,0.77,1.0249113609057647,elasticnet
1,160,train,1.29,1.3034286316610253,elasticnet
1,161,train,1.1,1.1836505632016907,elasticnet
1,162,train,1.4,1.3034286316610253,elasticnet
1,163,train,1.08,1.1596357412073657,elasticnet
1,164,train,1.1,1.1596357412073657,elasticnet
1,165,train,1.2,1.1836505632016907,elasticnet
1,166,train,1.3,1.3076917114723716,elasticnet
1,167,train,1.01,1.0335318878003426,elasticnet
1,168,train,1.4,1.3238517011317006,elasticnet
1,169,train,1.4,1.32385489619488,elasticnet
1,170,train,1.28,1.283808765745326,elasticnet
1,171,train,1.3,1.283808765745326,elasticnet
1,172,train,0.94,0.9848957419025953,elasticnet
1,176,train,1.35,1.3076917114723716,elasticnet
1,177,train,1.25,1.2027112027102143,elasticnet
1,178,train,1.1,1.1836505632016907,elasticnet
1,179,train,1.3,1.2901521453270492,elasticnet
1,180,train,1.45,1.3200074374913169,elasticnet
1,184,train,1.2,1.045159154910097,elasticnet
1,185,train,1.4,1.3238517011317006,elasticnet
1,186,train,1.38,1.3200074374913169,elasticnet
1,187,train,1.2,1.1827249681335794,elasticnet
1,192,train,0.95,0.970706998166182,elasticnet
1,193,train,1.22,1.1883280970770405,elasticnet
1,194,train,1.32,1.1883280970770405,elasticnet
1,195,train,0.84,1.024911360905765,elasticnet
1,196,train,1.11,1.1836505632016907,elasticnet
1,197,train,1.05,1.095901558368969,elasticnet
1,198,train,1.17,1.1694618194652773,elasticnet
1,199,train,1.12,1.1025691503380144,elasticnet
1,8,test,1.0,0.9987688346086865,elasticnet
1,11,test,0.97,1.024911360905765,elasticnet
1,15,test,1.012,1.024911360905765,elasticnet
1,22,test,1.15,1.1836505632016907,elasticnet
1,23,test,1.2,1.1836505632016907,elasticnet
1,24,test,1.15,1.1836505632016907,elasticnet
1,25,test,1.2,1.1214112135639336,elasticnet
1,30,test,1.15,1.18631908123274,elasticnet
1,31,test,1.2,1.18631908123274,elasticnet
1,38,test,1.3,1.325775755774412,elasticnet
1,39,test,0.9,1.024911360905765,elasticnet
1,53,test,1.1,1.0853957778905543,elasticnet
1,54,test,1.15,1.0853957778905543,elasticnet
1,55,test,1.29,1.230490829161886,elasticnet
1,79,test,1.01,1.0725766990043966,elasticnet
1,85,test,1.35,1.3200074374913169,elasticnet
1,86,test,1.5,1.3200074374913169,elasticnet
1,87,test,1.4,1.3200074374913169,elasticnet
1,88,test,1.28,1.3076917114723716,elasticnet
1,89,test,1.22,1.1718532390208634,elasticnet
1,93,test,1.05,1.1836505632016907,elasticnet
1,110,test,1.25,1.3076917114723716,elasticnet
1,113,test,1.1,1.1836505632016907,elasticnet
1,114,test,1.14,1.1718532390208634,elasticnet
1,125,test,1.04,1.0193431440639291,elasticnet
1,131,test,1.15,1.0714197238624736,elasticnet
1,135,test,1.3,1.3034286316610253,elasticnet
1,136,test,1.2,1.1694618194652773,elasticnet
1,138,test,1.2,1.1214112135639336,elasticnet
1,143,test,1.41,1.3034286316610253,elasticnet
1,153,test,1.24,1.1214112135639336,elasticnet
1,173,test,1.25,1.230490829161886,elasticnet
1,174,test,0.95,0.970706998166182,elasticnet
1,175,test,1.0,1.1072224698275202,elasticnet
1,181,test,1.25,1.217308208236359,elasticnet
1,182,test,1.4,1.379424854828001,elasticnet
1,183,test,1.45,1.379424854828001,elasticnet
1,188,test,1.3,1.1694618194652773,elasticnet
1,189,test,1.3,1.2876020480594834,elasticnet
1,190,test,1.25,1.2876020480594834,elasticnet
1,191,test,1.25,1.3512576106985525,elasticnet
2,2,train,1.27,1.202008858906925,elasticnet
2,6,train,1.35,1.1806759139500442,elasticnet
2,7,train,1.25,1.1372386552652585,elasticnet
2,8,train,1.0,0.9967874981212352,elasticnet
2,9,train,1.35,1.4827838092212442,elasticnet
2,10,train,1.4,1.4827838092212442,elasticnet
2,11,train,0.97,1.0037729863775708,elasticnet
2,12,train,1.25,1.2630230215704912,elasticnet
2,13,train,0.98,1.1630891954170501,elasticnet
2,14,train,1.25,1.2687859655788283,elasticnet
2,15,train,1.012,1.0037729863775708,elasticnet
2,16,train,0.82,1.0037729863775708,elasticnet
2,18,train,1.4,1.3402877838841443,elasticnet
2,19,train,0.95,1.0401729761876395,elasticnet
2,22,train,1.15,1.179326238187922,elasticnet
2,23,train,1.2,1.179326238187922,elasticnet
2,24,train,1.15,1.179326238187922,elasticnet
2,25,train,1.2,1.14205191135479,elasticnet
2,26,train,1.5,1.3980788046209442,elasticnet
2,27,train,1.05,1.034642889229577,elasticnet
2,28,train,1.3,1.174274051224689,elasticnet
2,29,train,1.05,1.0720413174183454,elasticnet
2,30,train,1.15,1.1942747367278788,elasticnet
2,31,train,1.2,1.1942747367278788,elasticnet
2,32,train,1.35,1.324902906467483,elasticnet
2,33,train,1.45,1.362866459786733,elasticnet
2,34,train,1.15,1.0849510865257215,elasticnet
2,35,train,1.21,1.2171185472600683,elasticnet
2,37,train,0.84,0.9836503842966673,elasticnet
2,38,train,1.3,1.324902906467483,elasticnet
2,39,train,0.9,1.0037729863775708,elasticnet
2,40,train,1.15,1.2171185472600683,elasticnet
2,41,train,1.4,1.3402877838841445,elasticnet
2,42,train,1.25,1.30353124386689,elasticnet
2,46,train,1.0,0.9750275204004419,elasticnet
2,47,train,1.0,0.9750275204004419,elasticnet
2,48,train,0.92,0.976386842139803,elasticnet
2,49,train,1.33,1.2803031066279857,elasticnet
2,50,train,1.21,1.0812946953983031,elasticnet
2,51,train,1.1,1.0849510865257215,elasticnet
2,53,train,1.1,1.0849510865257215,elasticnet
2,54,train,1.15,1.0849510865257215,elasticnet
2,55,train,1.29,1.2171185472600683,elasticnet
2,57,train,0.99,1.016825447118331,elasticnet
2,58,train,1.11,1.136999724391557,elasticnet
2,59,train,1.0,1.0351207892244065,elasticnet
2,60,train,1.15,1.14205191135479,elasticnet
2,61,train,1.04,1.0037729863775708,elasticnet
2,62,train,1.1,1.15704478116588,elasticnet
2,63,train,1.11,1.136999724391557,elasticnet
2,64,train,1.0,1.1018795978846698,elasticnet
2,65,train,1.11,1.1311743706682398,elasticnet
2,66,train,1.2,1.1598938210610557,elasticnet
2,67,train,1.03,1.0272786611031026,elasticnet
2,68,train,1.38,1.3621947733317223,elasticnet
2,70,train,1.34,1.3688888587983814,elasticnet
2,71,train,1.4,1.3441621145044371,elasticnet
2,73,train,1.25,1.174274051224689,elasticnet
2,74,train,1.18,1.136999724391557,elasticnet
2,75,train,0.98,0.9987207994143379,elasticnet
2,76,train,1.04,1.15704478116588,elasticnet
2,79,train,1.01,1.007783014516484,elasticnet
2,80,train,1.2,1.179326238187922,elasticnet
2,81,train,1.25,1.179326238187922,elasticnet
2,82,train,1.25,1.179326238187922,elasticnet
2,83,train,1.17,1.2171185472600683,elasticnet
2,84,train,1.05,1.15704478116588,elasticnet
2,85,train,1.35,1.3441621145044371,elasticnet
2,86,train,1.5,1.3441621145044371,elasticnet
2,87,train,1.4,1.3441621145044371,elasticnet
2,88,train,1.28,1.2803031066279857,elasticnet
2,89,train,1.22,1.1598938210610557,elasticnet
2,90,train,1.23,1.14205191135479,elasticnet
2,91,train,1.32,1.2803031066279857,elasticnet
2,93,train,1.05,1.179326238187922,elasticnet
2,94,train,0.98,1.1630891954170501,elasticnet
2,95,train,0.95,1.0415212910945328,elasticnet
2,96,train,1.2,1.2171185472600683,elasticnet
2,97,train,1.25,1.2171185472600683,elasticnet
2,99,train,1.15,1.2171185472600683,elasticnet
2,100,train,1.15,1.2171185472600683,elasticnet
2,101,train,1.2,1.179326238187922,elasticnet
2,102,train,1.2,1.14205191135479,elasticnet
2,103,train,1.15,1.0849510865257215,elasticnet
2,104,train,1.1,1.14205191135479,elasticnet
2,105,train,1.08,1.0849510865257215,elasticnet
2,106,train,1.2,1.2024984094109177,elasticnet
2,108,train,1.25,1.30353124386689,elasticnet
2,109,train,1.2,1.2028516331463153,elasticnet
2,110,train,1.25,1.2803031066279857,elasticnet
2,113,train,1.1,1.179326238187922,elasticnet
2,114,train,1.14,1.1598938210610557,elasticnet
2,117,train,1.42,1.3688888587983814,elasticnet
2,122,train,1.1,1.14205191135479,elasticnet
2,123,train,1.15,1.14205191135479,elasticnet
2,125,train,1.04,1.0351207892244065,elasticnet
2,126,train,1.25,1.2043534882802598,elasticnet
2,127,train,1.25,1.2951647861853146,elasticnet
2,128,train,1.39,1.3297598816517553,elasticnet
2,129,train,1.45,1.3297598816517553,elasticnet
2,131,train,1.15,1.0540279838331652,elasticnet
2,133,train,1.04,1.136999724391557,elasticnet
2,134,train,1.25,1.30353124386689,elasticnet
2,135,train,1.3,1.3227840269387916,elasticnet
2,136,train,1.2,1.174274051224689,elasticnet
2,138,train,1.2,1.14205191135479,elasticnet
2,139,train,0.8,1.0037729863775708,elasticnet
2,140,train,0.83,1.0037729863775708,elasticnet
2,141,train,0.96,0.9836503842966673,elasticnet
2,142,train,1.18,1.14205191135479,elasticnet
2,143,train,1.41,1.3227840269387916,elasticnet
2,144,train,1.1,1.034642889229577,elasticnet
2,145,train,1.1,1.179326238187922,elasticnet
2,147,train,0.998,0.9836503842966673,elasticnet
2,148,train,0.94,1.0037729863775708,elasticnet
2,149,train,1.15,1.136999724391557,elasticnet
2,150,train,1.18,1.2376367594826578,elasticnet
2,151,train,1.25,1.30353124386689,elasticnet
2,153,train,1.24,1.14205191135479,elasticnet
2,154,train,1.36,1.3227840269387916,elasticnet
2,155,train,1.3,1.205883189527218,elasticnet
2,156,train,1.35,1.202008858906925,elasticnet
2,157,train,1.3,1.205883189527218,elasticnet
2,158,train,0.86,0.9619423961448454,elasticnet
2,159,train,0.77,1.0037729863775708,elasticnet
2,160,train,1.29,1.3227840269387916,elasticnet
2,161,train,1.1,1.179326238187922,elasticnet
2,162,train,1.4,1.3227840269387916,elasticnet
2,163,train,1.08,1.15704478116588,elasticnet
2,164,train,1.1,1.15704478116588,elasticnet
2,165,train,1.2,1.179326238187922,elasticnet
2,166,train,1.3,1.2803031066279857,elasticnet
2,167,train,1.01,1.0401729761876395,elasticnet
2,168,train,1.4,1.2875584406592757,elasticnet
2,169,train,1.4,1.3297598816517553,elasticnet
2,170,train,1.28,1.1974830546384614,elasticnet
2,171,train,1.3,1.1974830546384614,elasticnet
2,172,train,0.94,0.9836503842966673,elasticnet
2,173,train,1.25,1.2171185472600683,elasticnet
2,174,train,0.95,0.9785981973334346,elasticnet
2,175,train,1.0,1.136999724391557,elasticnet
2,176,train,1.35,1.2803031066279857,elasticnet
2,177,train,1.25,1.2049164272169366,elasticnet
2,178,train,1.1,1.179326238187922,elasticnet
2,179,train,1.3,1.2939461242630472,elasticnet
2,180,train,1.45,1.3441621145044371,elasticnet
2,181,train,1.25,1.2018384011204652,elasticnet
2,182,train,1.4,1.362866459786733,elasticnet
2,183,train,1.45,1.362866459786733,elasticnet
2,185,train,1.4,1.2875584406592757,elasticnet
2,186,train,1.38,1.3441621145044371,elasticnet
2,187,train,1.2,1.1806759139500442,elasticnet
2,188,train,1.3,1.174274051224689,elasticnet
2,189,train,1.3,1.30353124386689,elasticnet
2,190,train,1.25,1.30353124386689,elasticnet
2,191,train,1.25,1.3194813068793254,elasticnet
2,193,train,1.22,1.1771375220713935,elasticnet
2,194,train,1.32,1.1771375220713935,elasticnet
2,195,train,0.84,1.0037729863775708,elasticnet
2,196,train,1.11,1.179326238187922,elasticnet
2,197,train,1.05,1.1124337679462035,elasticnet
2,198,train,1.17,1.174274051224689,elasticnet
2,199,train,1.12,1.1141754587625425,elasticnet
2,0,test,1.3,1.1973317727498594,elasticnet
2,1,test,1.5,1.2875584406592757,elasticnet
2,3,test,1.1,1.179326238187922,elasticnet
2,4,test,1.4,1.3688888587983814,elasticnet
2,5,test,1.24,1.2171185472600683,elasticnet
2,17,test,1.35,1.2951647861853146,elasticnet
2,20,test,1.4,1.1974830546384614,elasticnet
2,21,test,1.3,1.1974830546384614,elasticnet
2,36,test,1.0,0.9347152750559587,elasticnet
2,43,test,1.35,1.324902906467483,elasticnet
2,44,test,1.1,0.9361359209589463,elasticnet
2,45,test,1.3,1.1974830546384614,elasticnet
2,52,test,1.1,1.0707874469474068,elasticnet
2,56,test,1.08,1.0401729761876395,elasticnet
2,69,test,1.06,1.0037729863775708,elasticnet
2,72,test,1.3,1.2803031066279857,elasticnet
2,77,test,1.29,1.3621947733317223,elasticnet
2,78,test,1.41,1.1974830546384614,elasticnet
2,92,test,1.09,0.9594850611393526,elasticnet
2,98,test,1.38,1.3621947733317223,elasticnet
2,107,test,1.17,1.1598938210610557,elasticnet
2,111,test,1.12,1.0540279838331652,elasticnet
2,112,test,0.85,1.0037729863775708,elasticnet
2,115,test,1.23,1.2343070417567343,elasticnet
2,116,test,1.18,1.3031094377044712,elasticnet
2,118,test,0.98,1.136999724391557,elasticnet
2,119,test,1.3,1.202008858906925,elasticnet
2,120,test,1.4,1.362866459786733,elasticnet
2,121,test,1.5,1.3402877838841443,elasticnet
2,124,test,1.08,1.0849510865257215,elasticnet
2,130,test,1.0,1.1630891954170501,elasticnet
2,132,test,1.25,1.20373752032455,elasticnet
2,137,test,1.3,1.2762547502847137,elasticnet
2,146,test,0.89,1.0401729761876395,elasticnet
2,152,test,1.25,1.174274051224689,elasticnet
2,184,test,1.2,1.0214107192881297,elasticnet
2,192,test,0.95,0.9785981973334346,elasticnet
3,0,train,1.3,1.2565728406212593,elasticnet
3,1,train,1.5,1.3227560843997261,elasticnet
3,2,train,1.27,1.2355425799432846,elasticnet
3,3,train,1.1,1.1802132746037786,elasticnet
3,4,train,1.4,1.3652488772621947,elasticnet
3,5,train,1.24,1.2316845507384282,elasticnet
3,8,train,1.0,1.0138955403398575,elasticnet
3,9,train,1.35,1.496961493542384,elasticnet
3,10,train,1.4,1.496961493542384,elasticnet
3,11,train,0.97,1.0479805845911143,elasticnet
3,12,train,1.25,1.2706005855251823,elasticnet
3,13,train,0.98,1.1221551077535494,elasticnet
3,14,train,1.25,1.2196245956915874,elasticnet
3,15,train,1.012,1.0479805845911143,elasticnet
3,17,train,1.35,1.3145022613064328,elasticnet
3,20,train,1.4,1.2744912353660398,elasticnet
3,21,train,1.3,1.2744912353660398,elasticnet
3,22,train,1.15,1.1802132746037786,elasticnet
3,23,train,1.2,1.1802132746037786,elasticnet
3,24,train,1.15,1.1802132746037786,elasticnet
3,25,train,1.2,1.1401236203457903,elasticnet
3,27,train,1.05,1.0523852407961434,elasticnet
3,28,train,1.3,1.1604645644955012,elasticnet
3,29,train,1.05,1.0714376454056296,elasticnet
3,30,train,1.15,1.1590454859778856,elasticnet
3,31,train,1.2,1.1590454859778856,elasticnet
3,32,train,1.35,1.3149449482276319,elasticnet
3,33,train,1.45,1.3736423936221787,elasticnet
3,34,train,1.15,1.0873940918679916,elasticnet
3,36,train,1.0,1.0350523540116137,elasticnet
3,38,train,1.3,1.3149449482276319,elasticnet
3,39,train,0.9,1.0479805845911143,elasticnet
3,41,train,1.4,1.3276856156979606,elasticnet
3,42,train,1.25,1.2948773159074296,elasticnet
3,43,train,1.35,1.3149449482276319,elasticnet
3,44,train,1.1,1.033060856435273,elasticnet
3,45,train,1.3,1.2744912353660398,elasticnet
3,46,train,1.0,1.0028613996877946,elasticnet
3,47,train,1.0,1.0028613996877946,elasticnet
3,48,train,0.92,1.0151778504300872,elasticnet
3,50,train,1.21,1.0755515286321604,elasticnet
3,51,train,1.1,1.0873940918679916,elasticnet
3,52,train,1.1,1.0934669356272404,elasticnet
3,53,train,1.1,1.0873940918679916,elasticnet
3,54,train,1.15,1.0873940918679916,elasticnet
3,55,train,1.29,1.2316845507384282,elasticnet
3,56,train,1.08,1.0496853447360686,elasticnet
3,57,train,0.99,1.0221423969958712,elasticnet
3,58,train,1.11,1.120374910237513,elasticnet
3,60,train,1.15,1.1401236203457903,elasticnet
3,61,train,1.04,1.0479805845911143,elasticnet
3,62,train,1.1,1.1649396075941802,elasticnet
3,63,train,1.11,1.120374910237513,elasticnet
3,64,train,1.0,1.1018986588568815,elasticnet
3,65,train,1.11,1.08019499813839,elasticnet
3,66,train,1.2,1.1834778128611092,elasticnet
3,67,train,1.03,1.0121012537697258,elasticnet
3,68,train,1.38,1.3145663698129846,elasticnet
3,69,train,1.06,1.0479805845911143,elasticnet
3,71,train,1.4,1.3181118571176618,elasticnet
3,72,train,1.3,1.3017968694501005,elasticnet
3,75,train,0.98,1.028231874482837,elasticnet
3,76,train,1.04,1.1649396075941802,elasticnet
3,77,train,1.29,1.3145663698129846,elasticnet
3,78,train,1.41,1.2744912353660398,elasticnet
3,79,train,1.01,1.060643768667548,elasticnet
3,80,train,1.2,1.1802132746037786,elasticnet
3,81,train,1.25,1.1802132746037786,elasticnet
3,82,train,1.25,1.1802132746037786,elasticnet
3,84,train,1.05,1.1649396075941802,elasticnet
3,85,train,1.35,1.3181118571176618,elasticnet
3,86,train,1.5,1.3181118571176618,elasticnet
3,87,train,1.4,1.3181118571176618,elasticnet
3,88,train,1.28,1.3017968694501005,elasticnet
3,89,train,1.22,1.1834778128611092,elasticnet
3,91,train,1.32,1.3017968694501005,elasticnet
3,92,train,1.09,1.0114601687042086,elasticnet
3,93,train,1.05,1.1802132746037786,elasticnet
3,95,train,0.95,1.0548899032094248,elasticnet
3,96,train,1.2,1.2316845507384282,elasticnet
3,97,train,1.25,1.2316845507384282,elasticnet
3,98,train,1.38,1.3145663698129846,elasticnet
3,102,train,1.2,1.1401236203457903,elasticnet
3,103,train,1.15,1.0873940918679916,elasticnet
3,104,train,1.1,1.1401236203457903,elasticnet
3,105,train,1.08,1.0873940918679916,elasticnet
3,106,train,1.2,1.2104230757811223,elasticnet
3,107,train,1.17,1.1834778128611092,elasticnet
3,108,train,1.25,1.2948773159074296,elasticnet
3,109,train,1.2,1.1796923555884542,elasticnet
3,110,train,1.25,1.3017968694501005,elasticnet
3,111,train,1.12,1.088829521124097,elasticnet
3,112,train,0.85,1.0479805845911143,elasticnet
3,113,train,1.1,1.1802132746037786,elasticnet
3,114,train,1.14,1.1834778128611092,elasticnet
3,115,train,1.23,1.2334517307857518,elasticnet
3,116,train,1.18,1.2829430728865014,elasticnet
3,117,train,1.42,1.3652488772621947,elasticnet
3,118,train,0.98,1.120374910237513,elasticnet
3,119,train,1.3,1.2355425799432846,elasticnet
3,120,train,1.4,1.3736423936221787,elasticnet
3,121,train,1.5,1.3276856156979606,elasticnet
3,124,train,1.08,1.0873940918679916,elasticnet
3,125,train,1.04,1.0299366346277912,elasticnet
3,130,train,1.0,1.1221551077535494,elasticnet
3,131,train,1.15,1.088829521124097,elasticnet
3,132,train,1.25,1.2529647641427715,elasticnet
3,133,train,1.04,1.120374910237513,elasticnet
3,134,train,1.25,1.2948773159074296,elasticnet
3,135,train,1.3,1.3145490094378558,elasticnet
3,136,train,1.2,1.1604645644955012,elasticnet
3,137,train,1.3,1.2503311897353278,elasticnet
3,138,train,1.2,1.1401236203457903,elasticnet
3,139,train,0.8,1.0479805845911143,elasticnet
3,140,train,0.83,1.0479805845911143,elasticnet
3,141,train,0.96,1.0125232818157537,elasticnet
3,142,train,1.18,1.1401236203457903,elasticnet
3,143,train,1.41,1.3145490094378558,elasticnet
3,144,train,1.1,1.0523852407961434,elasticnet
3,145,train,1.1,1.1802132746037786,elasticnet
3,146,train,0.89,1.0496853447360686,elasticnet
3,147,train,0.998,1.0125232818157537,elasticnet
3,149,train,1.15,1.120374910237513,elasticnet
3,150,train,1.18,1.2324559819975816,elasticnet
3,151,train,1.25,1.2948773159074296,elasticnet
3,152,train,1.25,1.1604645644955012,elasticnet
3,153,train,1.24,1.1401236203457903,elasticnet
3,154,train,1.36,1.3145490094378558,elasticnet
3,155,train,1.3,1.2259688213629858,elasticnet
3,156,train,1.35,1.2355425799432846,elasticnet
3,157,train,1.3,1.2259688213629858,elasticnet
3,161,train,1.1,1.1802132746037786,elasticnet
3,163,train,1.08,1.1649396075941802,elasticnet
3,164,train,1.1,1.1649396075941802,elasticnet
3,165,train,1.2,1.1802132746037786,elasticnet
3,166,train,1.3,1.3017968694501005,elasticnet
3,167,train,1.01,1.0496853447360686,elasticnet
3,168,train,1.4,1.3227560843997261,elasticnet
3,169,train,1.4,1.3147457984699977,elasticnet
3,170,train,1.28,1.2744912353660398,elasticnet
3,171,train,1.3,1.2744912353660398,elasticnet
3,172,train,0.94,1.0125232818157537,elasticnet
3,173,train,1.25,1.2316845507384282,elasticnet
3,174,train,0.95,0.9927745717074763,elasticnet
3,175,train,1.0,1.120374910237513,elasticnet
3,178,train,1.1,1.1802132746037786,elasticnet
3,181,train,1.25,1.2312382961797572,elasticnet
3,182,train,1.4,1.3736423936221787,elasticnet
3,183,train,1.45,1.3736423936221787,elasticnet
3,184,train,1.2,1.0846327042603252,elasticnet
3,185,train,1.4,1.3227560843997261,elasticnet
3,187,train,1.2,1.1683660735435142,elasticnet
3,188,train,1.3,1.1604645644955012,elasticnet
3,189,train,1.3,1.2948773159074296,elasticnet
3,190,train,1.25,1.2948773159074296,elasticnet
3,191,train,1.25,1.343330935790211,elasticnet
3,192,train,0.95,0.9927745717074763,elasticnet
3,193,train,1.22,1.1872365286033577,elasticnet
3,194,train,1.32,1.1872365286033577,elasticnet
3,195,train,0.84,1.0479805845911143,elasticnet
3,197,train,1.05,1.0742955280330682,elasticnet
3,198,train,1.17,1.1604645644955012,elasticnet
3,199,train,1.12,1.1336388576486551,elasticnet
3,6,test,1.35,1.1683660735435142,elasticnet
3,7,test,1.25,1.1337531856655274,elasticnet
3,16,test,0.82,1.0479805845911143,elasticnet
3,18,test,1.4,1.3276856156979606,elasticnet
3,19,test,0.95,1.0496853447360686,elasticnet
3,26,test,1.5,1.2992973291393957,elasticnet
3,35,test,1.21,1.2316845507384282,elasticnet
3,37,test,0.84,1.0125232818157537,elasticnet
3,40,test,1.15,1.2316845507384282,elasticnet
3,49,test,1.33,1.3017968694501005,elasticnet
3,59,test,1.0,1.0299366346277912,elasticnet
3,70,test,1.34,1.3652488772621947,elasticnet
3,73,test,1.25,1.1604645644955012,elasticnet
3,74,test,1.18,1.120374910237513,elasticnet
3,83,test,1.17,1.2316845507384282,elasticnet
3,90,test,1.23,1.1401236203457903,elasticnet
3,94,test,0.98,1.1221551077535494,elasticnet
3,99,test,1.15,1.2316845507384282,elasticnet
3,100,test,1.15,1.2316845507384282,elasticnet
3,101,test,1.2,1.1802132746037786,elasticnet
3,122,test,1.1,1.1401236203457903,elasticnet
3,123,test,1.15,1.1401236203457903,elasticnet
3,126,test,1.25,1.1338814026786308,elasticnet
3,127,test,1.25,1.3145022613064328,elasticnet
3,128,test,1.39,1.3147457984699977,elasticnet
3,129,test,1.45,1.3147457984699977,elasticnet
3,148,test,0.94,1.0479805845911143,elasticnet
3,158,test,0.86,1.0393339668867172,elasticnet
3,159,test,0.77,1.0479805845911143,elasticnet
3,160,test,1.29,1.3145490094378558,elasticnet
3,162,test,1.4,1.3145490094378558,elasticnet
3,176,test,1.35,1.3017968694501005,elasticnet
3,177,test,1.25,1.1893209945829333,elasticnet
3,179,test,1.3,1.2691651562690769,elasticnet
3,180,test,1.45,1.3181118571176618,elasticnet
3,186,test,1.38,1.3181118571176618,elasticnet
3,196,test,1.11,1.1802132746037786,elasticnet
4,0,train,1.3,1.2624488120483497,elasticnet
4,1,train,1.5,1.3168157981552782,elasticnet
4,3,train,1.1,1.1817514005313339,elasticnet
4,4,train,1.4,1.3913151222057802,elasticnet
4,5,train,1.24,1.2339080709787371,elasticnet
4,6,train,1.35,1.1791381722563394,elasticnet
4,7,train,1.25,1.1751701126153924,elasticnet
4,8,train,1.0,1.0280311003592575,elasticnet
4,9,train,1.35,1.5102386620472912,elasticnet
4,10,train,1.4,1.5102386620472912,elasticnet
4,11,train,0.97,1.0219482396703545,elasticnet
4,14,train,1.25,1.2384930813362944,elasticnet
4,15,train,1.012,1.0219482396703545,elasticnet
4,16,train,0.82,1.0219482396703545,elasticnet
4,17,train,1.35,1.3015700426726673,elasticnet
4,18,train,1.4,1.3298549083434823,elasticnet
4,19,train,0.95,1.040061745163118,elasticnet
4,20,train,1.4,1.2728775548770694,elasticnet
4,21,train,1.3,1.2728775548770694,elasticnet
4,22,train,1.15,1.1817514005313339,elasticnet
4,23,train,1.2,1.1817514005313339,elasticnet
4,24,train,1.15,1.1817514005313339,elasticnet
4,25,train,1.2,1.1319478767499727,elasticnet
4,26,train,1.5,1.400549417930692,elasticnet
4,27,train,1.05,1.0215019396581972,elasticnet
4,28,train,1.3,1.1756253508495647,elasticnet
4,29,train,1.05,1.0735644972611955,elasticnet
4,30,train,1.15,1.2183037925467695,elasticnet
4,31,train,1.2,1.2183037925467695,elasticnet
4,33,train,1.45,1.3930254085078295,elasticnet
4,34,train,1.15,1.0994044579408666,elasticnet
4,35,train,1.21,1.2339080709787371,elasticnet
4,36,train,1.0,1.0308740958780984,elasticnet
4,37,train,0.84,0.9816283287546352,elasticnet
4,38,train,1.3,1.3131621836492904,elasticnet
4,39,train,0.9,1.0219482396703545,elasticnet
4,40,train,1.15,1.2339080709787371,elasticnet
4,43,train,1.35,1.3131621836492904,elasticnet
4,44,train,1.1,1.0163904476775139,elasticnet
4,45,train,1.3,1.2728775548770694,elasticnet
4,47,train,1.0,1.0054679341585153,elasticnet
4,49,train,1.33,1.3100131920346192,elasticnet
4,50,train,1.21,1.08373921926271,elasticnet
4,51,train,1.1,1.0994044579408666,elasticnet
4,52,train,1.1,1.0830283190809655,elasticnet
4,53,train,1.1,1.0994044579408666,elasticnet
4,54,train,1.15,1.0994044579408666,elasticnet
4,55,train,1.29,1.2339080709787371,elasticnet
4,56,train,1.08,1.040061745163118,elasticnet
4,59,train,1.0,1.0339356954813486,elasticnet
4,60,train,1.15,1.1319478767499727,elasticnet
4,66,train,1.2,1.193663780570707,elasticnet
4,67,train,1.03,1.0377707999829164,elasticnet
4,68,train,1.38,1.3292131976619224,elasticnet
4,69,train,1.06,1.0219482396703545,elasticnet
4,70,train,1.34,1.3913151222057802,elasticnet
4,72,train,1.3,1.3100131920346192,elasticnet
4,73,train,1.25,1.1756253508495647,elasticnet
4,74,train,1.18,1.1258218270682034,elasticnet
4,77,train,1.29,1.3292131976619224,elasticnet
4,78,train,1.41,1.2728775548770694,elasticnet
4,79,train,1.01,1.1093109454488903,elasticnet
4,83,train,1.17,1.2339080709787371,elasticnet
4,85,train,1.35,1.3274849795135157,elasticnet
4,86,train,1.5,1.3274849795135157,elasticnet
4,87,train,1.4,1.3274849795135157,elasticnet
4,88,train,1.28,1.3100131920346192,elasticnet
4,89,train,1.22,1.193663780570707,elasticnet
4,90,train,1.23,1.1319478767499727,elasticnet
4,91,train,1.32,1.3100131920346192,elasticnet
4,92,train,1.09,1.008237193849156,elasticnet
4,93,train,1.05,1.1817514005313339,elasticnet
4,94,train,0.98,1.144994439204121,elasticnet
4,98,train,1.38,1.3292131976619224,elasticnet
4,99,train,1.15,1.2339080709787371,elasticnet
4,100,train,1.15,1.2339080709787371,elasticnet
4,101,train,1.2,1.1817514005313339,elasticnet
4,107,train,1.17,1.193663780570707,elasticnet
4,108,train,1.25,1.2969521939444932,elasticnet
4,110,train,1.25,1.3100131920346192,elasticnet
4,111,train,1.12,1.0889645912266501,elasticnet
4,112,train,0.85,1.0219482396703545,elasticnet
4,113,train,1.1,1.1817514005313339,elasticnet
4,114,train,1.14,1.193663780570707,elasticnet
4,115,train,1.23,1.2353734868048227,elasticnet
4,116,train,1.18,1.2932629800586921,elasticnet
4,118,train,0.98,1.1258218270682034,elasticnet
4,119,train,1.3,1.2198552712638642,elasticnet
4,120,train,1.4,1.3930254085078295,elasticnet
4,121,train,1.5,1.3298549083434823,elasticnet
4,122,train,1.1,1.1319478767499727,elasticnet
4,123,train,1.15,1.1319478767499727,elasticnet
4,124,train,1.08,1.0994044579408666,elasticnet
4,125,train,1.04,1.0339356954813486,elasticnet
4,126,train,1.25,1.2030233177318146,elasticnet
4,127,train,1.25,1.3015700426726673,elasticnet
4,128,train,1.39,1.3163227461307547,elasticnet
4,129,train,1.45,1.3163227461307547,elasticnet
4,130,train,1.0,1.144994439204121,elasticnet
4,131,train,1.15,1.0889645912266501,elasticnet
4,132,train,1.25,1.2443845011119663,elasticnet
4,133,train,1.04,1.1258218270682034,elasticnet
4,134,train,1.25,1.2969521939444932,elasticnet
4,135,train,1.3,1.3244893811904987,elasticnet
4,136,train,1.2,1.1756253508495647,elasticnet
4,137,train,1.3,1.2809817698124843,elasticnet
4,138,train,1.2,1.1319478767499727,elasticnet
4,139,train,0.8,1.0219482396703545,elasticnet
4,140,train,0.83,1.0219482396703545,elasticnet
4,141,train,0.96,0.9816283287546352,elasticnet
4,142,train,1.18,1.1319478767499727,elasticnet
4,143,train,1.41,1.3244893811904987,elasticnet
4,145,train,1.1,1.1817514005313339,elasticnet
4,146,train,0.89,1.040061745163118,elasticnet
4,147,train,0.998,0.9816283287546352,elasticnet
4,148,train,0.94,1.0219482396703545,elasticnet
4,150,train,1.18,1.230692177872043,elasticnet
4,151,train,1.25,1.2969521939444932,elasticnet
4,152,train,1.25,1.1756253508495647,elasticnet
4,153,train,1.24,1.1319478767499727,elasticnet
4,154,train,1.36,1.3244893811904987,elasticnet
4,155,train,1.3,1.2174853424338978,elasticnet
4,156,train,1.35,1.2198552712638642,elasticnet
4,157,train,1.3,1.2174853424338978,elasticnet
4,158,train,0.86,0.9901627083032625,elasticnet
4,159,train,0.77,1.0219482396703545,elasticnet
4,160,train,1.29,1.3244893811904987,elasticnet
4,162,train,1.4,1.3244893811904987,elasticnet
4,166,train,1.3,1.3100131920346192,elasticnet
4,167,train,1.01,1.040061745163118,elasticnet
4,168,train,1.4,1.3168157981552782,elasticnet
4,172,train,0.94,0.9816283287546352,elasticnet
4,173,train,1.25,1.2339080709787371,elasticnet
4,174,train,0.95,0.975502279072866,elasticnet
4,175,train,1.0,1.1258218270682034,elasticnet
4,176,train,1.35,1.3100131920346192,elasticnet
4,177,train,1.25,1.216514605219126,elasticnet
4,178,train,1.1,1.1817514005313339,elasticnet
4,179,train,1.3,1.2970557995759397,elasticnet
4,180,train,1.45,1.3274849795135157,elasticnet
4,181,train,1.25,1.2136989397241718,elasticnet
4,182,train,1.4,1.3930254085078293,elasticnet
4,183,train,1.45,1.3930254085078293,elasticnet
4,184,train,1.2,1.0606553833515928,elasticnet
4,185,train,1.4,1.3168157981552782,elasticnet
4,186,train,1.38,1.3274849795135157,elasticnet
4,187,train,1.2,1.1791381722563394,elasticnet
4,188,train,1.3,1.1756253508495647,elasticnet
4,189,train,1.3,1.2969521939444932,elasticnet
4,190,train,1.25,1.2969521939444932,elasticnet
4,191,train,1.25,1.342753173129903,elasticnet
4,192,train,0.95,0.975502279072866,elasticnet
4,193,train,1.22,1.1977285155921626,elasticnet
4,194,train,1.32,1.1977285155921626,elasticnet
4,196,train,1.11,1.1817514005313339,elasticnet
4,2,test,1.27,1.2198552712638642,elasticnet
4,12,test,1.25,1.2866159328617235,elasticnet
4,13,test,0.98,1.144994439204121,elasticnet
4,32,test,1.35,1.3131621836492904,elasticnet
4,41,test,1.4,1.3298549083434823,elasticnet
4,42,test,1.25,1.2969521939444932,elasticnet
4,46,test,1.0,1.0054679341585153,elasticnet
4,48,test,0.92,1.0360967966219026,elasticnet
4,57,test,0.99,1.0094218720010009,elasticnet
4,58,test,1.11,1.1258218270682034,elasticnet
4,61,test,1.04,1.0219482396703545,elasticnet
4,62,test,1.1,1.1882142873278274,elasticnet
4,63,test,1.11,1.1258218270682034,elasticnet
4,64,test,1.0,1.2686049028869442,elasticnet
4,65,test,1.11,0.9780194734368564,elasticnet
4,71,test,1.4,1.3274849795135157,elasticnet
4,75,test,0.98,1.0158221899885853,elasticnet
4,76,test,1.04,1.1882142873278274,elasticnet
4,80,test,1.2,1.1817514005313339,elasticnet
4,81,test,1.25,1.1817514005313339,elasticnet
4,82,test,1.25,1.1817514005313339,elasticnet
4,84,test,1.05,1.1882142873278274,elasticnet
4,95,test,0.95,1.0486639898030197,elasticnet
4,96,test,1.2,1.2339080709787371,elasticnet
4,97,test,1.25,1.2339080709787371,elasticnet
4,102,test,1.2,1.1319478767499727,elasticnet
4,103,test,1.15,1.0994044579408666,elasticnet
4,104,test,1.1,1.1319478767499727,elasticnet
4,105,test,1.08,1.0994044579408666,elasticnet
4,106,test,1.2,1.244745364530408,elasticnet
4,109,test,1.2,1.1960623716199779,elasticnet
4,117,test,1.42,1.3913151222057802,elasticnet
4,144,test,1.1,1.0215019396581972,elasticnet
4,149,test,1.15,1.1258218270682034,elasticnet
4,161,test,1.1,1.1817514005313339,elasticnet
4,163,test,1.08,1.1882142873278274,elasticnet
4,164,test,1.1,1.1882142873278274,elasticnet
4,165,test,1.2,1.1817514005313339,elasticnet
4,169,test,1.4,1.3163227461307547,elasticnet
4,170,test,1.28,1.2728775548770694,elasticnet
4,171,test,1.3,1.2728775548770694,elasticnet
4,195,test,0.84,1.0219482396703545,elasticnet
4,197,test,1.05,1.094529169522205,elasticnet
4,198,test,1.17,1.1756253508495647,elasticnet
4,199,test,1.12,1.0901282589015626,elasticnet
0,0,train,1.3,1.3150726515392135,extratrees
0,1,train,1.5,1.443201780544712,extratrees
0,2,train,1.27,1.2789313333333259,extratrees
0,3,train,1.1,1.1576303195451951,extratrees
0,4,train,1.4,1.4012088534477107,extratrees
0,5,train,1.24,1.1817235604178717,extratrees
0,6,train,1.35,1.317783083333337,extratrees
0,7,train,1.25,1.2410558096021596,extratrees
0,8,train,1.0,1.0206111190476201,extratrees
0,11,train,0.97,1.007467385714287,extratrees
0,12,train,1.25,1.2663046666666584,extratrees
0,13,train,0.98,1.0012826666666645,extratrees
0,15,train,1.012,1.007467385714287,extratrees
0,16,train,0.82,0.8531350000000059,extratrees
0,17,train,1.35,1.3316813753023857,extratrees
0,18,train,1.4,1.3832692606516246,extratrees
0,19,train,0.95,0.9551103333333316,extratrees
0,20,train,1.4,1.3361858188447335,extratrees
0,21,train,1.3,1.3361858188447335,extratrees
0,22,train,1.15,1.1749768044491848,extratrees
0,23,train,1.2,1.1749768044491848,extratrees
0,24,train,1.15,1.1749768044491848,extratrees
0,25,train,1.2,1.1532065137496792,extratrees
0,26,train,1.5,1.497209857142857,extratrees
0,30,train,1.15,1.1989892650824834,extratrees
0,31,train,1.2,1.1960323906236057,extratrees
0,32,train,1.35,1.3423467214954112,extratrees
0,35,train,1.21,1.2296259067937172,extratrees
0,36,train,1.0,1.0027966666666681,extratrees
0,37,train,0.84,0.8473916666666661,extratrees
0,38,train,1.3,1.3025721745151984,extratrees
0,39,train,0.9,0.8531350000000059,extratrees
0,40,train,1.15,1.1817235604178717,extratrees
0,41,train,1.4,1.3835272606516247,extratrees
0,42,train,1.25,1.2486495317460342,extratrees
0,43,train,1.35,1.3570164399997284,extratrees
0,44,train,1.1,1.081841666666674,extratrees
0,45,train,1.3,1.3167263182058802,extratrees
0,46,train,1.0,0.9910360000000018,extratrees
0,48,train,0.92,0.9462300000000031,extratrees
0,49,train,1.33,1.3562286368171794,extratrees
0,52,train,1.1,1.0582316666666653,extratrees
0,53,train,1.1,1.120010000000004,extratrees
0,54,train,1.15,1.120010000000004,extratrees
0,55,train,1.29,1.231517522178331,extratrees
0,56,train,1.08,1.058108304761906,extratrees
0,57,train,0.99,0.9920960142857205,extratrees
0,58,train,1.11,1.124740004329005,extratrees
0,59,train,1.0,0.9861930714285656,extratrees
0,61,train,1.04,1.007467385714287,extratrees
0,62,train,1.1,1.0700410043290036,extratrees
0,63,train,1.11,1.124740004329005,extratrees
0,64,train,1.0,1.0001666666666655,extratrees
0,65,train,1.11,1.1133312820512886,extratrees
0,69,train,1.06,1.0348836809523831,extratrees
0,70,train,1.34,1.3816339670008315,extratrees
0,71,train,1.4,1.4193664804318418,extratrees
0,72,train,1.3,1.2840611071719814,extratrees
0,73,train,1.25,1.241731937790968,extratrees
0,74,train,1.18,1.156726909090907,extratrees
0,75,train,0.98,0.9890006142857188,extratrees
0,76,train,1.04,1.0683279090909088,extratrees
0,77,train,1.29,1.2960027935628184,extratrees
0,78,train,1.41,1.3361858188447335,extratrees
0,79,train,1.01,1.0004983333333328,extratrees
0,80,train,1.2,1.212730233936366,extratrees
0,81,train,1.25,1.212730233936366,extratrees
0,82,train,1.25,1.212730233936366,extratrees
0,83,train,1.17,1.1802307982078557,extratrees
0,84,train,1.05,1.0652395757575746,extratrees
0,85,train,1.35,1.4193664804318418,extratrees
0,86,train,1.5,1.4193664804318418,extratrees
0,87,train,1.4,1.4193664804318418,extratrees
0,88,train,1.28,1.2840611071719814,extratrees
0,89,train,1.22,1.2043839196804997,extratrees
0,90,train,1.23,1.2114375657532452,extratrees
0,92,train,1.09,1.070167899999999,extratrees
0,93,train,1.05,1.094457869652424,extratrees
0,94,train,0.98,1.003502666666664,extratrees
0,95,train,0.95,0.958769999999999,extratrees
0,96,train,1.2,1.2018725179048277,extratrees
0,97,train,1.25,1.2296259067937172,extratrees
0,98,train,1.38,1.3573889735772617,extratrees
0,99,train,1.15,1.1817235604178717,extratrees
0,100,train,1.15,1.1817235604178717,extratrees
0,101,train,1.2,1.1576303195451951,extratrees
0,102,train,1.2,1.1532065137496792,extratrees
0,103,train,1.15,1.120010000000004,extratrees
0,104,train,1.1,1.1532065137496792,extratrees
0,105,train,1.08,1.120010000000004,extratrees
0,106,train,1.2,1.2302019372261737,extratrees
0,107,train,1.17,1.1941676317281096,extratrees
0,109,train,1.2,1.216372325863678,extratrees
0,110,train,1.25,1.2840611071719814,extratrees
0,111,train,1.12,1.1340066666666608,extratrees
0,112,train,0.85,0.8233333333333289,extratrees
0,113,train,1.1,1.1130616454044624,extratrees
0,114,train,1.14,1.14255535887888,extratrees
0,115,train,1.23,1.2406411984127033,extratrees
0,116,train,1.18,1.19349027972028,extratrees
0,117,train,1.42,1.4080198003341675,extratrees
0,118,train,0.98,1.0141038138528173,extratrees
0,119,train,1.3,1.281247999999993,extratrees
0,120,train,1.4,1.4076700384294047,extratrees
0,121,train,1.5,1.4498483375747133,extratrees
0,122,train,1.1,1.1532065137496792,extratrees
0,123,train,1.15,1.1532065137496792,extratrees
0,124,train,1.08,1.0784983333333307,extratrees
0,125,train,1.04,1.0477662333333344,extratrees
0,126,train,1.25,1.2546663980463941,extratrees
0,127,train,1.25,1.289603971207069,extratrees
0,128,train,1.39,1.4146017185270825,extratrees
0,129,train,1.45,1.4146017185270825,extratrees
0,130,train,1.0,1.003502666666664,extratrees
0,131,train,1.15,1.1351799999999936,extratrees
0,132,train,1.25,1.2567050580618204,extratrees
0,135,train,1.3,1.3338616521486895,extratrees
0,136,train,1.2,1.2437545366920677,extratrees
0,137,train,1.3,1.2614667397732995,extratrees
0,138,train,1.2,1.1934197803071327,extratrees
0,143,train,1.41,1.3941298608776858,extratrees
0,144,train,1.1,1.1033919111111155,extratrees
0,146,train,0.89,0.8962149999999965,extratrees
0,148,train,0.94,0.9550097999999984,extratrees
0,149,train,1.15,1.128798575757573,extratrees
0,152,train,1.25,1.2358024284114586,extratrees
0,153,train,1.24,1.2096028466553446,extratrees
0,158,train,0.86,0.8478449999999976,extratrees
0,159,train,0.77,0.8233333333333289,extratrees
0,160,train,1.29,1.3338616521486895,extratrees
0,161,train,1.1,1.094457869652424,extratrees
0,162,train,1.4,1.3338616521486895,extratrees
0,163,train,1.08,1.0581171471861435,extratrees
0,164,train,1.1,1.070607147186145,extratrees
0,165,train,1.2,1.1576303195451951,extratrees
0,169,train,1.4,1.4072375980679053,extratrees
0,170,train,1.28,1.3361858188447335,extratrees
0,171,train,1.3,1.3361858188447335,extratrees
0,173,train,1.25,1.2410760029198098,extratrees
0,174,train,0.95,0.9533199999999936,extratrees
0,175,train,1.0,1.0141038138528173,extratrees
0,176,train,1.35,1.3286599624833424,extratrees
0,177,train,1.25,1.2438716728500259,extratrees
0,179,train,1.3,1.2881231515151448,extratrees
0,180,train,1.45,1.4193664804318418,extratrees
0,181,train,1.25,1.254500134920634,extratrees
0,182,train,1.4,1.4456231153524906,extratrees
0,183,train,1.45,1.4465044486858238,extratrees
0,184,train,1.2,1.191531968253966,extratrees
0,186,train,1.38,1.3852461470985125,extratrees
0,188,train,1.3,1.2458317711243017,extratrees
0,189,train,1.3,1.276186468253967,extratrees
0,190,train,1.25,1.2487695317460341,extratrees
0,191,train,1.25,1.248405333333335,extratrees
0,192,train,0.95,0.9540533333333271,extratrees
0,195,train,0.84,0.8531350000000059,extratrees
0,196,train,1.11,1.1576303195451951,extratrees
0,197,train,1.05,1.055309533333334,extratrees
0,198,train,1.17,1.1946817855543144,extratrees
0,199,train,1.12,1.1204368333333334,extratrees
0,9,test,1.35,1.35389620290545,extratrees
0,10,test,1.4,1.372310591183841,extratrees
0,14,test,1.25,1.2263449999999998,extratrees
0,27,test,1.05,0.908594355555556,extratrees
0,28,test,1.3,1.2358024284114588,extratrees
0,29,test,1.05,1.0533302809523817,extratrees
0,33,test,1.45,1.4465044486858238,extratrees
0,34,test,1.15,1.1208500000000032,extratrees
0,47,test,1.0,0.9887330000000021,extratrees
0,50,test,1.21,1.0609413841269846,extratrees
0,51,test,1.1,1.120010000000004,extratrees
0,60,test,1.15,1.1532065137496794,extratrees
0,66,test,1.2,1.1987964965332416,extratrees
0,67,test,1.03,1.021798333333333,extratrees
0,68,test,1.38,1.3573889735772617,extratrees
0,91,test,1.32,1.3033116260975024,extratrees
0,108,test,1.25,1.2607425317460337,extratrees
0,133,test,1.04,1.0790921948051961,extratrees
0,134,test,1.25,1.2454310793650816,extratrees
0,139,test,0.8,0.8531350000000059,extratrees
0,140,test,0.83,0.8531350000000059,extratrees
0,141,test,0.96,0.847391666666666,extratrees
0,142,test,1.18,1.1532065137496794,extratrees
0,145,test,1.1,1.1211250755021405,extratrees
0,147,test,0.998,1.012315314285717,extratrees
0,150,test,1.18,1.2440524126984158,extratrees
0,151,test,1.25,1.2455010793650816,extratrees
0,154,test,1.36,1.3338616521486895,extratrees
0,155,test,1.3,1.2723079999999938,extratrees
0,156,test,1.35,1.2798146666666597,extratrees
0,157,test,1.3,1.2644924666666602,extratrees
0,166,test,1.3,1.3561590223124038,extratrees
0,167,test,1.01,0.9370429999999986,extratrees
0,168,test,1.4,1.3919607851518156,extratrees
0,172,test,0.94,0.8515766666666669,extratrees
0,178,test,1.1,1.1167597731476215,extratrees
0,185,test,1.4,1.443201780544712,extratrees
0,187,test,1.2,1.3135330833333383,extratrees
0,193,test,1.22,1.239124819370173,extratrees
0,194,test,1.32,1.239124819370173,extratrees
1,0,train,1.3,1.3000310430458402,extratrees
1,1,train,1.5,1.433009881993346,extratrees
1,2,train,1.27,1.2908348315018243,extratrees
1,3,train,1.1,1.1560247727455342,extratrees
1,4,train,1.4,1.3858043930615274,extratrees
1,5,train,1.24,1.175293387188292,extratrees
1,6,train,1.35,1.30266423809524,extratrees
1,7,train,1.25,1.2554785844155834,extratrees
1,9,train,1.35,1.3768594097509714,extratrees
1,10,train,1.4,1.3840322311795397,extratrees
1,12,train,1.25,1.2511651666666663,extratrees
1,13,train,0.98,1.0042899999999977,extratrees
1,14,train,1.25,1.2446180634920634,extratrees
1,16,train,0.82,0.8224369999999944,extratrees
1,17,train,1.35,1.3077482753968217,extratrees
1,18,train,1.4,1.3975557135334422,extratrees
1,19,train,0.95,0.9531926666666637,extratrees
1,20,train,1.4,1.3365016303474293,extratrees
1,21,train,1.3,1.3365016303474293,extratrees
1,26,train,1.5,1.4943344470457076,extratrees
1,27,train,1.05,1.043230000000001,extratrees
1,28,train,1.3,1.2517264205239182,extratrees
1,29,train,1.05,1.0526456285714316,extratrees
1,32,train,1.35,1.3424847876194053,extratrees
1,33,train,1.45,1.4614713960731438,extratrees
1,34,train,1.15,1.133514999999995,extratrees
1,35,train,1.21,1.2135893811636183,extratrees
1,36,train,1.0,0.9972933333333366,extratrees
1,37,train,0.84,0.9036873333333368,extratrees
1,40,train,1.15,1.175293387188292,extratrees
1,41,train,1.4,1.3978644436921728,extratrees
1,42,train,1.25,1.2498855425685427,extratrees
1,43,train,1.35,1.3630290047911198,extratrees
1,44,train,1.1,1.0990566666666697,extratrees
1,45,train,1.3,1.307055630347427,extratrees
1,46,train,1.0,0.9904553333333361,extratrees
1,47,train,1.0,0.9904299619047651,extratrees
1,48,train,0.92,0.9542050000000054,extratrees
1,49,train,1.33,1.3269447542235573,extratrees
1,50,train,1.21,1.203475231601732,extratrees
1,51,train,1.1,1.1088150000000048,extratrees
1,52,train,1.1,1.0521283333333311,extratrees
1,56,train,1.08,1.0536526952380951,extratrees
1,57,train,0.99,0.992991761904762,extratrees
1,58,train,1.11,1.123474861471863,extratrees
1,59,train,1.0,0.9950481333333348,extratrees
1,60,train,1.15,1.1494653471596787,extratrees
1,61,train,1.04,1.0481293619047634,extratrees
1,62,train,1.1,1.0705801948051947,extratrees
1,63,train,1.11,1.123474861471863,extratrees
1,64,train,1.0,0.9993439999999993,extratrees
1,65,train,1.11,1.1143889220779275,extratrees
1,66,train,1.2,1.2029508388644006,extratrees
1,67,train,1.03,1.0445580303030302,extratrees
1,68,train,1.38,1.3696136348560815,extratrees
1,69,train,1.06,1.0439886000000023,extratrees
1,70,train,1.34,1.3775909009980294,extratrees
1,71,train,1.4,1.4085157826719201,extratrees
1,72,train,1.3,1.3090567542235478,extratrees
1,73,train,1.25,1.2456464205239184,extratrees
1,74,train,1.18,1.1567208614718612,extratrees
1,75,train,0.98,0.9908507619047628,extratrees
1,76,train,1.04,1.0680663852813856,extratrees
1,77,train,1.29,1.3052840287954726,extratrees
1,78,train,1.41,1.3365016303474293,extratrees
1,80,train,1.2,1.2183529939965079,extratrees
1,81,train,1.25,1.2183529939965079,extratrees
1,82,train,1.25,1.2183529939965079,extratrees
1,83,train,1.17,1.1708889510965996,extratrees
1,84,train,1.05,1.063783051948052,extratrees
1,90,train,1.23,1.2160400337757002,extratrees
1,91,train,1.32,1.3180767542235496,extratrees
1,92,train,1.09,1.071271666666665,extratrees
1,94,train,0.98,1.0040399999999976,extratrees
1,95,train,0.95,0.9526059999999965,extratrees
1,96,train,1.2,1.209514349112335,extratrees
1,97,train,1.25,1.2135893811636183,extratrees
1,98,train,1.38,1.3696136348560815,extratrees
1,99,train,1.15,1.175293387188292,extratrees
1,100,train,1.15,1.175293387188292,extratrees
1,101,train,1.2,1.1560247727455342,extratrees
1,102,train,1.2,1.1494653471596787,extratrees
1,103,train,1.15,1.1092250000000048,extratrees
1,104,train,1.1,1.1494653471596787,extratrees
1,105,train,1.08,1.1092250000000048,extratrees
1,106,train,1.2,1.223628602169073,extratrees
1,107,train,1.17,1.1824018561833372,extratrees
1,108,train,1.25,1.2498755425685428,extratrees
1,109,train,1.2,1.2052097474747496,extratrees
1,111,train,1.12,1.1383633333333283,extratrees
1,112,train,0.85,0.8498233333333398,extratrees
1,115,train,1.23,1.2271238917748977,extratrees
1,116,train,1.18,1.1834896601307172,extratrees
1,117,train,1.42,1.4032990914742183,extratrees
1,118,train,0.98,1.0258576123876162,extratrees
1,119,train,1.3,1.3123231648351616,extratrees
1,120,train,1.4,1.4078301421048727,extratrees
1,121,train,1.5,1.4659122214699696,extratrees
1,122,train,1.1,1.1494653471596787,extratrees
1,123,train,1.15,1.1494653471596787,extratrees
1,124,train,1.08,1.075788333333335,extratrees
1,126,train,1.25,1.2516831601731593,extratrees
1,127,train,1.25,1.2981004016594482,extratrees
1,128,train,1.39,1.4126344206270947,extratrees
1,129,train,1.45,1.4126344206270947,extratrees
1,130,train,1.0,1.0040399999999976,extratrees
1,132,train,1.25,1.2488246515151507,extratrees
1,133,train,1.04,1.041775432900437,extratrees
1,134,train,1.25,1.2493709062049063,extratrees
1,137,train,1.3,1.276676170213445,extratrees
1,139,train,0.8,0.8224369999999944,extratrees
1,140,train,0.83,0.8224369999999944,extratrees
1,141,train,0.96,0.9036873333333368,extratrees
1,142,train,1.18,1.1494653471596787,extratrees
1,144,train,1.1,1.0987673333333354,extratrees
1,145,train,1.1,1.1176965841289495,extratrees
1,146,train,0.89,0.9108583333333354,extratrees
1,147,train,0.998,1.004887361904761,extratrees
1,148,train,0.94,0.9576189999999971,extratrees
1,149,train,1.15,1.1239527186147187,extratrees
1,150,train,1.18,1.1903227619047614,extratrees
1,151,train,1.25,1.249360906204906,extratrees
1,152,train,1.25,1.2517264205239182,extratrees
1,154,train,1.36,1.351493793966926,extratrees
1,155,train,1.3,1.300671831501829,extratrees
1,156,train,1.35,1.313136498168495,extratrees
1,157,train,1.3,1.3008634981684957,extratrees
1,158,train,0.86,0.8777250000000029,extratrees
1,159,train,0.77,0.77087533333333,extratrees
1,160,train,1.29,1.351493793966926,extratrees
1,161,train,1.1,1.1104369854851104,extratrees
1,162,train,1.4,1.351493793966926,extratrees
1,163,train,1.08,1.0673959457209443,extratrees
1,164,train,1.1,1.071465432900431,extratrees
1,165,train,1.2,1.1560247727455342,extratrees
1,166,train,1.3,1.3269267845265875,extratrees
1,167,train,1.01,1.004621533333333,extratrees
1,168,train,1.4,1.4278644851679476,extratrees
1,169,train,1.4,1.4123144206270948,extratrees
1,170,train,1.28,1.3365016303474293,extratrees
1,171,train,1.3,1.3365016303474293,extratrees
1,172,train,0.94,0.921130666666672,extratrees
1,176,train,1.35,1.3271737845265874,extratrees
1,177,train,1.25,1.252044166666664,extratrees
1,178,train,1.1,1.1054381298701375,extratrees
1,179,train,1.3,1.2976234981684953,extratrees
1,180,train,1.45,1.4085157826719201,extratrees
1,184,train,1.2,1.1846067647058816,extratrees
1,185,train,1.4,1.4242955486600115,extratrees
1,186,train,1.38,1.4085879255290632,extratrees
1,187,train,1.2,1.2376974733893544,extratrees
1,192,train,0.95,0.9594773333333323,extratrees
1,193,train,1.22,1.2615188239538206,extratrees
1,194,train,1.32,1.2615188239538206,extratrees
1,195,train,0.84,0.8224369999999944,extratrees
1,196,train,1.11,1.1560247727455342,extratrees
1,197,train,1.05,1.063972200000003,extratrees
1,198,train,1.17,1.205302498445997,extratrees
1,199,train,1.12,1.1189839985570005,extratrees
1,8,test,1.0,1.0599696969696961,extratrees
1,11,test,0.97,1.0481293619047634,extratrees
1,15,test,1.012,1.0481293619047634,extratrees
1,22,test,1.15,1.2007151982892905,extratrees
1,23,test,1.2,1.2007151982892905,extratrees
1,24,test,1.15,1.2007151982892905,extratrees
1,25,test,1.2,1.149465347159679,extratrees
1,30,test,1.15,1.2120600427079455,extratrees
1,31,test,1.2,1.2078040654731914,extratrees
1,38,test,1.3,1.3421661209527385,extratrees
1,39,test,0.9,0.8224369999999944,extratrees
1,53,test,1.1,1.1092250000000048,extratrees
1,54,test,1.15,1.1092250000000048,extratrees
1,55,test,1.29,1.1962682662609756,extratrees
1,79,test,1.01,1.0564427471900673,extratrees
1,85,test,1.35,1.4085157826719201,extratrees
1,86,test,1.5,1.4085157826719201,extratrees
1,87,test,1.4,1.4085157826719201,extratrees
1,88,test,1.28,1.3090567542235478,extratrees
1,89,test,1.22,1.2029508388644001,extratrees
1,93,test,1.05,1.1104369854851104,extratrees
1,110,test,1.25,1.3090567542235478,extratrees
1,113,test,1.1,1.1390237484923622,extratrees
1,114,test,1.14,1.127973767676769,extratrees
1,125,test,1.04,1.0329797619047645,extratrees
1,131,test,1.15,1.1384099999999948,extratrees
1,135,test,1.3,1.3514937939669258,extratrees
1,136,test,1.2,1.2518397538572514,extratrees
1,138,test,1.2,1.1334223332484534,extratrees
1,143,test,1.41,1.3514937939669258,extratrees
1,153,test,1.24,1.1823228063244955,extratrees
1,173,test,1.25,1.1987131803246898,extratrees
1,174,test,0.95,0.9364206666666663,extratrees
1,175,test,1.0,1.0258576123876162,extratrees
1,181,test,1.25,1.2177369033189,extratrees
1,182,test,1.4,1.4583112055969525,extratrees
1,183,test,1.45,1.4607959675017148,extratrees
1,188,test,1.3,1.2517264205239182,extratrees
1,189,test,1.3,1.2216755425685413,extratrees
1,190,test,1.25,1.2498755425685426,extratrees
1,191,test,1.25,1.278614238095239,extratrees
2,2,train,1.27,1.2939983333333265,extratrees
2,6,train,1.35,1.2897574458874461,extratrees
2,7,train,1.25,1.2489434384036977,extratrees
2,8,train,1.0,0.9992314285714285,extratrees
2,9,train,1.35,1.3732762437981938,extratrees
2,10,train,1.4,1.3788929104648577,extratrees
2,11,train,0.97,1.0050928333333304,extratrees
2,12,train,1.25,1.2530866666666665,extratrees
2,13,train,0.98,1.0140216666666704,extratrees
2,14,train,1.25,1.247973744588745,extratrees
2,15,train,1.012,1.0050928333333304,extratrees
2,16,train,0.82,0.838000000000006,extratrees
2,18,train,1.4,1.3950133741318962,extratrees
2,19,train,0.95,0.9568224285714261,extratrees
2,22,train,1.15,1.174629146137536,extratrees
2,23,train,1.2,1.174629146137536,extratrees
2,24,train,1.15,1.174629146137536,extratrees
2,25,train,1.2,1.1570701463984083,extratrees
2,26,train,1.5,1.4919718055555542,extratrees
2,27,train,1.05,1.0389916666666634,extratrees
2,28,train,1.3,1.2500876605262135,extratrees
2,29,train,1.05,1.0443213333333374,extratrees
2,30,train,1.15,1.1882007464401048,extratrees
2,31,train,1.2,1.1931287061699853,extratrees
2,32,train,1.35,1.338791045266335,extratrees
2,33,train,1.45,1.431952656454645,extratrees
2,34,train,1.15,1.149821666666656,extratrees
2,35,train,1.21,1.2320092002782004,extratrees
2,37,train,0.84,0.9188740000000075,extratrees
2,38,train,1.3,1.3193713230441049,extratrees
2,39,train,0.9,0.838000000000006,extratrees
2,40,train,1.15,1.1677926224345354,extratrees
2,41,train,1.4,1.3950427074652296,extratrees
2,42,train,1.25,1.2501679383949384,extratrees
2,46,train,1.0,1.0017684619047609,extratrees
2,47,train,1.0,1.001181461904761,extratrees
2,48,train,0.92,0.9224203333333374,extratrees
2,49,train,1.33,1.32842713675214,extratrees
2,50,train,1.21,1.194711505928851,extratrees
2,51,train,1.1,1.1002243333333432,extratrees
2,53,train,1.1,1.120024333333337,extratrees
2,54,train,1.15,1.120024333333337,extratrees
2,55,train,1.29,1.2370659730054718,extratrees
2,57,train,0.99,0.9878168333333409,extratrees
2,58,train,1.11,1.1269532041195505,extratrees
2,59,train,1.0,1.008500866666661,extratrees
2,60,train,1.15,1.1570701463984083,extratrees
2,61,train,1.04,1.0050928333333304,extratrees
2,62,train,1.1,1.0745940683760695,extratrees
2,63,train,1.11,1.1269532041195505,extratrees
2,64,train,1.0,0.999698095238095,extratrees
2,65,train,1.11,1.0785067407407456,extratrees
2,66,train,1.2,1.2102603205304576,extratrees
2,67,train,1.03,1.0291913333333307,extratrees
2,68,train,1.38,1.3734688828372483,extratrees
2,70,train,1.34,1.3845617712348022,extratrees
2,71,train,1.4,1.41879843473796,extratrees
2,73,train,1.25,1.2462871344966875,extratrees
2,74,train,1.18,1.1525351754260216,extratrees
2,75,train,0.98,0.9859675000000064,extratrees
2,76,train,1.04,1.069960020757023,extratrees
2,79,train,1.01,1.0064453333333296,extratrees
2,80,train,1.2,1.2121156506831166,extratrees
2,81,train,1.25,1.2121156506831166,extratrees
2,82,train,1.25,1.2121156506831166,extratrees
2,83,train,1.17,1.1656778241342607,extratrees
2,84,train,1.05,1.0632133540903554,extratrees
2,85,train,1.35,1.41879843473796,extratrees
2,86,train,1.5,1.41879843473796,extratrees
2,87,train,1.4,1.41879843473796,extratrees
2,88,train,1.28,1.2774199145299125,extratrees
2,89,train,1.22,1.2124724548671373,extratrees
2,90,train,1.23,1.2111846621921145,extratrees
2,91,train,1.32,1.3013065811965838,extratrees
2,93,train,1.05,1.0961231336097264,extratrees
2,94,train,0.98,1.0140216666666704,extratrees
2,95,train,0.95,0.9547676666666635,extratrees
2,96,train,1.2,1.194307616596639,extratrees
2,97,train,1.25,1.2320092002782004,extratrees
2,99,train,1.15,1.1677926224345354,extratrees
2,100,train,1.15,1.1677926224345354,extratrees
2,101,train,1.2,1.1715743164325978,extratrees
2,102,train,1.2,1.1570701463984083,extratrees
2,103,train,1.15,1.120024333333337,extratrees
2,104,train,1.1,1.1570701463984083,extratrees
2,105,train,1.08,1.120024333333337,extratrees
2,106,train,1.2,1.2035086861350048,extratrees
2,108,train,1.25,1.2529536526806513,extratrees
2,109,train,1.2,1.2044989471405798,extratrees
2,110,train,1.25,1.2774199145299125,extratrees
2,113,train,1.1,1.1130032323295915,extratrees
2,114,train,1.14,1.1486759854424091,extratrees
2,117,train,1.42,1.386693271234802,extratrees
2,122,train,1.1,1.1570701463984083,extratrees
2,123,train,1.15,1.1570701463984083,extratrees
2,125,train,1.04,1.0285139999999995,extratrees
2,126,train,1.25,1.2478951050703642,extratrees
2,127,train,1.25,1.259906025641026,extratrees
2,128,train,1.39,1.4145403698224843,extratrees
2,129,train,1.45,1.4145403698224843,extratrees
2,131,train,1.15,1.1534139333333238,extratrees
2,133,train,1.04,1.043933229992232,extratrees
2,134,train,1.25,1.2505853193473193,extratrees
2,135,train,1.3,1.3387999897107634,extratrees
2,136,train,1.2,1.2405100046265598,extratrees
2,138,train,1.2,1.19963158409443,extratrees
2,139,train,0.8,0.838000000000006,extratrees
2,140,train,0.83,0.838000000000006,extratrees
2,141,train,0.96,0.9188740000000075,extratrees
2,142,train,1.18,1.1570701463984083,extratrees
2,143,train,1.41,1.4072378911981716,extratrees
2,144,train,1.1,1.09152833333334,extratrees
2,145,train,1.1,1.1143655964099555,extratrees
2,147,train,0.998,1.0014633666666652,extratrees
2,148,train,0.94,0.9511816666666639,extratrees
2,149,train,1.15,1.125090147176494,extratrees
2,150,train,1.18,1.1868183333333318,extratrees
2,151,train,1.25,1.2499310336330334,extratrees
2,153,train,1.24,1.2143931006209208,extratrees
2,154,train,1.36,1.3387999897107634,extratrees
2,155,train,1.3,1.3041903333333311,extratrees
2,156,train,1.35,1.310886666666663,extratrees
2,157,train,1.3,1.304310333333331,extratrees
2,158,train,0.86,0.8682133333333407,extratrees
2,159,train,0.77,0.7699999999999969,extratrees
2,160,train,1.29,1.3387999897107634,extratrees
2,161,train,1.1,1.0961231336097264,extratrees
2,162,train,1.4,1.3387999897107634,extratrees
2,163,train,1.08,1.064675004719463,extratrees
2,164,train,1.1,1.0734773064713068,extratrees
2,165,train,1.2,1.1715743164325978,extratrees
2,166,train,1.3,1.324968247863251,extratrees
2,167,train,1.01,1.0116812952380916,extratrees
2,168,train,1.4,1.3869973496307548,extratrees
2,169,train,1.4,1.4068119174415301,extratrees
2,170,train,1.28,1.2985900808080826,extratrees
2,171,train,1.3,1.2985900808080826,extratrees
2,172,train,0.94,0.9195636666666743,extratrees
2,173,train,1.25,1.24066971354108,extratrees
2,174,train,0.95,0.9362950000000061,extratrees
2,175,train,1.0,1.0402039665223681,extratrees
2,176,train,1.35,1.3250749145299177,extratrees
2,177,train,1.25,1.2489058608749912,extratrees
2,178,train,1.1,1.0942464454145109,extratrees
2,179,train,1.3,1.3001536666666653,extratrees
2,180,train,1.45,1.41879843473796,extratrees
2,181,train,1.25,1.2606804405594343,extratrees
2,182,train,1.4,1.4306886564546444,extratrees
2,183,train,1.45,1.431952656454645,extratrees
2,185,train,1.4,1.3888359051863106,extratrees
2,186,train,1.38,1.3842288633093922,extratrees
2,187,train,1.2,1.2424770923520914,extratrees
2,188,train,1.3,1.2564059440204973,extratrees
2,189,train,1.3,1.2840748215118143,extratrees
2,190,train,1.25,1.2510136526806528,extratrees
2,191,train,1.25,1.2544600000000006,extratrees
2,193,train,1.22,1.2613873571428549,extratrees
2,194,train,1.32,1.2613873571428549,extratrees
2,195,train,0.84,0.838000000000006,extratrees
2,196,train,1.11,1.1715743164325978,extratrees
2,197,train,1.05,1.067424202898554,extratrees
2,198,train,1.17,1.2004665557421073,extratrees
2,199,train,1.12,1.0926329761904785,extratrees
2,0,test,1.3,1.3226159696969697,extratrees
2,1,test,1.5,1.3877762385196442,extratrees
2,3,test,1.1,1.1715743164325974,extratrees
2,4,test,1.4,1.4059615937456256,extratrees
2,5,test,1.24,1.1677926224345352,extratrees
2,17,test,1.35,1.261731025641026,extratrees
2,20,test,1.4,1.2985900808080824,extratrees
2,21,test,1.3,1.2985900808080824,extratrees
2,36,test,1.0,1.0600276666666664,extratrees
2,43,test,1.35,1.3239891801869614,extratrees
2,44,test,1.1,1.0733437619047594,extratrees
2,45,test,1.3,1.3295359696969693,extratrees
2,52,test,1.1,1.0662866666666686,extratrees
2,56,test,1.08,1.014499761904763,extratrees
2,69,test,1.06,0.9658196666666647,extratrees
2,72,test,1.3,1.2774199145299125,extratrees
2,77,test,1.29,1.3678940256943914,extratrees
2,78,test,1.41,1.2985900808080824,extratrees
2,92,test,1.09,1.0067804999999985,extratrees
2,98,test,1.38,1.3734688828372483,extratrees
2,107,test,1.17,1.2021885689536742,extratrees
2,111,test,1.12,1.1541855999999904,extratrees
2,112,test,0.85,0.7699999999999969,extratrees
2,115,test,1.23,1.237714366966367,extratrees
2,116,test,1.18,1.2847499350649303,extratrees
2,118,test,0.98,1.0402039665223681,extratrees
2,119,test,1.3,1.3112566666666632,extratrees
2,120,test,1.4,1.4076165958485851,extratrees
2,121,test,1.5,1.3942088633093912,extratrees
2,124,test,1.08,1.1191493333333369,extratrees
2,130,test,1.0,1.0140216666666704,extratrees
2,132,test,1.25,1.2583865833333336,extratrees
2,137,test,1.3,1.2113347306727646,extratrees
2,146,test,0.89,0.9857464285714259,extratrees
2,152,test,1.25,1.2500876605262135,extratrees
2,184,test,1.2,1.0340816144927532,extratrees
2,192,test,0.95,0.939198666666673,extratrees
3,0,train,1.3,1.3062122748917724,extratrees
3,1,train,1.5,1.4385429551820683,extratrees
3,2,train,1.27,1.294083999999993,extratrees
3,3,train,1.1,1.148407567840385,extratrees
3,4,train,1.4,1.4005026190476078,extratrees
3,5,train,1.24,1.2558863456765985,extratrees
3,8,train,1.0,1.0178520898989911,extratrees
3,9,train,1.35,1.3741556059757236,extratrees
3,10,train,1.4,1.377662955182073,extratrees
3,11,train,0.97,1.0073391660894664,extratrees
3,12,train,1.25,1.2503583333333337,extratrees
3,13,train,0.98,1.0227701666666624,extratrees
3,14,train,1.25,1.2284309321315918,extratrees
3,15,train,1.012,1.0073391660894664,extratrees
3,17,train,1.35,1.3370048081069295,extratrees
3,20,train,1.4,1.3359150184815185,extratrees
3,21,train,1.3,1.3359150184815185,extratrees
3,22,train,1.15,1.1697361579724785,extratrees
3,23,train,1.2,1.1697361579724785,extratrees
3,24,train,1.15,1.1697361579724785,extratrees
3,25,train,1.2,1.16617693057896,extratrees
3,27,train,1.05,1.0524090000000026,extratrees
3,28,train,1.3,1.2627176628235022,extratrees
3,29,train,1.05,1.0498048946608973,extratrees
3,30,train,1.15,1.1666162463514198,extratrees
3,31,train,1.2,1.1669310082561817,extratrees
3,32,train,1.35,1.335847425323046,extratrees
3,33,train,1.45,1.4335045238095168,extratrees
3,34,train,1.15,1.1408124999999893,extratrees
3,36,train,1.0,1.0063848571428582,extratrees
3,38,train,1.3,1.3243707586563749,extratrees
3,39,train,0.9,0.8425029999999899,extratrees
3,41,train,1.4,1.4011792857142729,extratrees
3,42,train,1.25,1.2504677088461076,extratrees
3,43,train,1.35,1.3592638394644603,extratrees
3,44,train,1.1,1.0822930000000062,extratrees
3,45,train,1.3,1.310313685148183,extratrees
3,46,train,1.0,0.9991743333333333,extratrees
3,47,train,1.0,0.9984238333333334,extratrees
3,48,train,0.92,0.929659952380954,extratrees
3,50,train,1.21,1.1988523571428555,extratrees
3,51,train,1.1,1.101402833333343,extratrees
3,52,train,1.1,1.059026666666664,extratrees
3,53,train,1.1,1.119738833333337,extratrees
3,54,train,1.15,1.119738833333337,extratrees
3,55,train,1.29,1.256458726628979,extratrees
3,56,train,1.08,1.05247998989899,extratrees
3,57,train,0.99,0.985161000000005,extratrees
3,58,train,1.11,1.112462500000004,extratrees
3,60,train,1.15,1.16617693057896,extratrees
3,61,train,1.04,1.0073391660894664,extratrees
3,62,train,1.1,1.0704067857142816,extratrees
3,63,train,1.11,1.112462500000004,extratrees
3,64,train,1.0,1.0000637588744599,extratrees
3,65,train,1.11,1.109805500000006,extratrees
3,66,train,1.2,1.1983735694547029,extratrees
3,67,train,1.03,1.0375442740259728,extratrees
3,68,train,1.38,1.3639714300405514,extratrees
3,69,train,1.06,1.0537781484848499,extratrees
3,71,train,1.4,1.412185952380964,extratrees
3,72,train,1.3,1.2807983333333304,extratrees
3,75,train,0.98,0.9913003184704214,extratrees
3,76,train,1.04,1.070296785714282,extratrees
3,77,train,1.29,1.3186176825657987,extratrees
3,78,train,1.41,1.3359150184815185,extratrees
3,79,train,1.01,1.0071173450292377,extratrees
3,80,train,1.2,1.22053265725098,extratrees
3,81,train,1.25,1.22053265725098,extratrees
3,82,train,1.25,1.22053265725098,extratrees
3,84,train,1.05,1.069986785714282,extratrees
3,85,train,1.35,1.412185952380964,extratrees
3,86,train,1.5,1.412185952380964,extratrees
3,87,train,1.4,1.412185952380964,extratrees
3,88,train,1.28,1.2807983333333304,extratrees
3,89,train,1.22,1.1994937967274306,extratrees
3,91,train,1.32,1.3014649999999992,extratrees
3,92,train,1.09,1.0729304523809504,extratrees
3,93,train,1.05,1.0894896223560417,extratrees
3,95,train,0.95,0.9640586666666656,extratrees
3,96,train,1.2,1.2128699720502243,extratrees
3,97,train,1.25,1.2528780440892977,extratrees
3,98,train,1.38,1.3639714300405514,extratrees
3,102,train,1.2,1.16617693057896,extratrees
3,103,train,1.15,1.119738833333337,extratrees
3,104,train,1.1,1.16617693057896,extratrees
3,105,train,1.08,1.119738833333337,extratrees
3,106,train,1.2,1.2150795489836967,extratrees
3,107,train,1.17,1.1934718551689867,extratrees
3,108,train,1.25,1.2524953278937254,extratrees
3,109,train,1.2,1.208612940476191,extratrees
3,110,train,1.25,1.2807983333333304,extratrees
3,111,train,1.12,1.1409499999999908,extratrees
3,112,train,0.85,0.8508140000000065,extratrees
3,113,train,1.1,1.1123918877185839,extratrees
3,114,train,1.14,1.1460067033763268,extratrees
3,115,train,1.23,1.2301070894187591,extratrees
3,116,train,1.18,1.2025822598039178,extratrees
3,117,train,1.42,1.4299249999999928,extratrees
3,118,train,0.98,1.0091684999999975,extratrees
3,119,train,1.3,1.3067563076923039,extratrees
3,120,train,1.4,1.430381666666659,extratrees
3,121,train,1.5,1.4866011904761902,extratrees
3,124,train,1.08,1.076142499999998,extratrees
3,125,train,1.04,1.049191275613276,extratrees
3,130,train,1.0,1.0227701666666624,extratrees
3,131,train,1.15,1.141121666666657,extratrees
3,132,train,1.25,1.244710833333333,extratrees
3,133,train,1.04,1.0512341666666718,extratrees
3,134,train,1.25,1.2499704978071469,extratrees
3,135,train,1.3,1.342246954460574,extratrees
3,136,train,1.2,1.24130509933144,extratrees
3,137,train,1.3,1.2772405288399193,extratrees
3,138,train,1.2,1.2075583331909736,extratrees
3,139,train,0.8,0.8425029999999899,extratrees
3,140,train,0.83,0.8425029999999899,extratrees
3,141,train,0.96,0.9489426190476126,extratrees
3,142,train,1.18,1.16617693057896,extratrees
3,143,train,1.41,1.3835809674475863,extratrees
3,144,train,1.1,1.098441000000002,extratrees
3,145,train,1.1,1.1125978877185838,extratrees
3,146,train,0.89,0.9063364285714207,extratrees
3,147,train,0.998,0.9981518744588742,extratrees
3,149,train,1.15,1.1186041666666662,extratrees
3,150,train,1.18,1.190139666666666,extratrees
3,151,train,1.25,1.2502016969413456,extratrees
3,152,train,1.25,1.2627176628235022,extratrees
3,153,train,1.24,1.2167651665243089,extratrees
3,154,train,1.36,1.342246954460574,extratrees
3,155,train,1.3,1.3041329743589718,extratrees
3,156,train,1.35,1.3086413076923036,extratrees
3,157,train,1.3,1.303252974358972,extratrees
3,161,train,1.1,1.0894896223560417,extratrees
3,163,train,1.08,1.049623499999993,extratrees
3,164,train,1.1,1.078552452380946,extratrees
3,165,train,1.2,1.148407567840385,extratrees
3,166,train,1.3,1.3062599999999924,extratrees
3,167,train,1.01,1.0195885440115429,extratrees
3,168,train,1.4,1.4194422885153966,extratrees
3,169,train,1.4,1.3975858310839375,extratrees
3,170,train,1.28,1.3359150184815185,extratrees
3,171,train,1.3,1.3359150184815185,extratrees
3,172,train,0.94,0.9488926190476125,extratrees
3,173,train,1.25,1.2527621839771867,extratrees
3,174,train,0.95,0.9512516190476122,extratrees
3,175,train,1.0,1.0091684999999975,extratrees
3,178,train,1.1,1.0924498742466653,extratrees
3,181,train,1.25,1.2571234192555754,extratrees
3,182,train,1.4,1.4020238095237973,extratrees
3,183,train,1.45,1.4347828571428523,extratrees
3,184,train,1.2,1.1879783333333311,extratrees
3,185,train,1.4,1.432489621848734,extratrees
3,187,train,1.2,1.2086989215539365,extratrees
3,188,train,1.3,1.2629643294901691,extratrees
3,189,train,1.3,1.281430527027919,extratrees
3,190,train,1.25,1.2505917564651552,extratrees
3,191,train,1.25,1.2467245710204844,extratrees
3,192,train,0.95,0.9516536190476124,extratrees
3,193,train,1.22,1.262712972042055,extratrees
3,194,train,1.32,1.262712972042055,extratrees
3,195,train,0.84,0.8425029999999899,extratrees
3,197,train,1.05,1.0692200000000023,extratrees
3,198,train,1.17,1.1815055963621857,extratrees
3,199,train,1.12,1.1181615,extratrees
3,6,test,1.35,1.207231352567367,extratrees
3,7,test,1.25,1.181037324864678,extratrees
3,16,test,0.82,0.8425029999999899,extratrees
3,18,test,1.4,1.4011142857142729,extratrees
3,19,test,0.95,1.0403109898989906,extratrees
3,26,test,1.5,1.3568520680969347,extratrees
3,35,test,1.21,1.2528780440892977,extratrees
3,37,test,0.84,0.9489426190476125,extratrees
3,40,test,1.15,1.2558863456765985,extratrees
3,49,test,1.33,1.2961449999999937,extratrees
3,59,test,1.0,1.0213349725829717,extratrees
3,70,test,1.34,1.4011792857142742,extratrees
3,73,test,1.25,1.237294508061598,extratrees
3,74,test,1.18,1.0671948333333336,extratrees
3,83,test,1.17,1.2156566545899055,extratrees
3,90,test,1.23,1.1786874334094646,extratrees
3,94,test,0.98,1.0227701666666627,extratrees
3,99,test,1.15,1.2558863456765985,extratrees
3,100,test,1.15,1.2558863456765985,extratrees
3,101,test,1.2,1.1484075678403847,extratrees
3,122,test,1.1,1.1661769305789598,extratrees
3,123,test,1.15,1.1661769305789598,extratrees
3,126,test,1.25,1.1722436388839925,extratrees
3,127,test,1.25,1.329747111137229,extratrees
3,128,test,1.39,1.4001273375774466,extratrees
3,129,test,1.45,1.4001273375774466,extratrees
3,148,test,0.94,1.0131968327561338,extratrees
3,158,test,0.86,1.014170406926407,extratrees
3,159,test,0.77,0.8475989999999988,extratrees
3,160,test,1.29,1.342246954460574,extratrees
3,162,test,1.4,1.342246954460574,extratrees
3,176,test,1.35,1.303614999999996,extratrees
3,177,test,1.25,1.2253639138225003,extratrees
3,179,test,1.3,1.264835307692308,extratrees
3,180,test,1.45,1.412185952380964,extratrees
3,186,test,1.38,1.48008,extratrees
3,196,test,1.11,1.1484075678403847,extratrees
4,0,train,1.3,1.3061931135671527,extratrees
4,1,train,1.5,1.4252665072756103,extratrees
4,3,train,1.1,1.1377188580707185,extratrees
4,4,train,1.4,1.3763956335564957,extratrees
4,5,train,1.24,1.1781063405085324,extratrees
4,6,train,1.35,1.2958957142857144,extratrees
4,7,train,1.25,1.2374957976190417,extratrees
4,8,train,1.0,1.0096469999999962,extratrees
4,9,train,1.35,1.3713339038334456,extratrees
4,10,train,1.4,1.3756311514980604,extratrees
4,11,train,0.97,0.9968976666666676,extratrees
4,14,train,1.25,1.2299616666666648,extratrees
4,15,train,1.012,0.9968976666666676,extratrees
4,16,train,0.82,0.8374999999999936,extratrees
4,17,train,1.35,1.308055867343995,extratrees
4,18,train,1.4,1.4010942150831516,extratrees
4,19,train,0.95,0.9458156666666624,extratrees
4,20,train,1.4,1.3531524365219787,extratrees
4,21,train,1.3,1.3531524365219787,extratrees
4,22,train,1.15,1.1636951976200627,extratrees
4,23,train,1.2,1.1636951976200627,extratrees
4,24,train,1.15,1.1636951976200627,extratrees
4,25,train,1.2,1.1569463442391414,extratrees
4,26,train,1.5,1.4959702756892241,extratrees
4,27,train,1.05,1.0408520000000019,extratrees
4,28,train,1.3,1.2719412698412595,extratrees
4,29,train,1.05,1.0555650769230773,extratrees
4,30,train,1.15,1.2023682626263072,extratrees
4,31,train,1.2,1.195496595959639,extratrees
4,33,train,1.45,1.4469952627022156,extratrees
4,34,train,1.15,1.1399001341991242,extratrees
4,35,train,1.21,1.2333092452704315,extratrees
4,36,train,1.0,1.008806666666663,extratrees
4,37,train,0.84,0.9036840000000025,extratrees
4,38,train,1.3,1.3106822633547666,extratrees
4,39,train,0.9,0.8374999999999936,extratrees
4,40,train,1.15,1.1781063405085324,extratrees
4,43,train,1.35,1.3572021776626797,extratrees
4,44,train,1.1,1.0877083333333395,extratrees
4,45,train,1.3,1.3415546031886445,extratrees
4,47,train,1.0,1.0189059999999972,extratrees
4,49,train,1.33,1.3257288745210476,extratrees
4,50,train,1.21,1.2080034199134186,extratrees
4,51,train,1.1,1.11161913419914,extratrees
4,52,train,1.1,1.0448149999999938,extratrees
4,53,train,1.1,1.1183801341991377,extratrees
4,54,train,1.15,1.1183801341991377,extratrees
4,55,train,1.29,1.2334392452704317,extratrees
4,56,train,1.08,1.0484976666666685,extratrees
4,59,train,1.0,1.0068783333333327,extratrees
4,60,train,1.15,1.1569463442391414,extratrees
4,66,train,1.2,1.1990224981286837,extratrees
4,67,train,1.03,1.0229116666666613,extratrees
4,68,train,1.38,1.3615904698704722,extratrees
4,69,train,1.06,1.047355333333333,extratrees
4,70,train,1.34,1.3740289668898302,extratrees
4,72,train,1.3,1.285539054008227,extratrees
4,73,train,1.25,1.2619779365079302,extratrees
4,74,train,1.18,1.112675047286049,extratrees
4,77,train,1.29,1.3106663888958925,extratrees
4,78,train,1.41,1.3531524365219787,extratrees
4,79,train,1.01,1.0076242424242383,extratrees
4,83,train,1.17,1.1715893848374344,extratrees
4,85,train,1.35,1.4235362756892165,extratrees
4,86,train,1.5,1.4235362756892165,extratrees
4,87,train,1.4,1.4235362756892165,extratrees
4,88,train,1.28,1.285539054008227,extratrees
4,89,train,1.22,1.1991824981286838,extratrees
4,90,train,1.23,1.2103289501887555,extratrees
4,91,train,1.32,1.3021376254368033,extratrees
4,92,train,1.09,1.0771606666666622,extratrees
4,93,train,1.05,1.0787449480519453,extratrees
4,94,train,0.98,1.0217566666666598,extratrees
4,98,train,1.38,1.3615904698704722,extratrees
4,99,train,1.15,1.1781063405085324,extratrees
4,100,train,1.15,1.1781063405085324,extratrees
4,101,train,1.2,1.1377188580707185,extratrees
4,107,train,1.17,1.193333379081064,extratrees
4,108,train,1.25,1.2524029999999993,extratrees
4,110,train,1.25,1.285539054008227,extratrees
4,111,train,1.12,1.1396713246753147,extratrees
4,112,train,0.85,0.8106716666666687,extratrees
4,113,train,1.1,1.105635107553274,extratrees
4,114,train,1.14,1.14959234748589,extratrees
4,115,train,1.23,1.232869190476198,extratrees
4,116,train,1.18,1.2011533333333297,extratrees
4,118,train,0.98,1.0215966666666705,extratrees
4,119,train,1.3,1.3224002774186643,extratrees
4,120,train,1.4,1.429830881749829,extratrees
4,121,train,1.5,1.453313262702217,extratrees
4,122,train,1.1,1.1569463442391414,extratrees
4,123,train,1.15,1.1569463442391414,extratrees
4,124,train,1.08,1.0766816666666648,extratrees
4,125,train,1.04,1.0565530000000014,extratrees
4,126,train,1.25,1.2348250283882714,extratrees
4,127,train,1.25,1.3007941054392325,extratrees
4,128,train,1.39,1.4173731785557386,extratrees
4,129,train,1.45,1.4173731785557386,extratrees
4,130,train,1.0,1.0217566666666598,extratrees
4,131,train,1.15,1.1399379913419814,extratrees
4,132,train,1.25,1.2647354629448828,extratrees
4,133,train,1.04,1.037260000000004,extratrees
4,134,train,1.25,1.2494387142857142,extratrees
4,135,train,1.3,1.3403187989847962,extratrees
4,136,train,1.2,1.2279862698412705,extratrees
4,137,train,1.3,1.295745051863592,extratrees
4,138,train,1.2,1.210968265333709,extratrees
4,139,train,0.8,0.8374999999999936,extratrees
4,140,train,0.83,0.8374999999999936,extratrees
4,141,train,0.96,0.9036840000000025,extratrees
4,142,train,1.18,1.1569463442391414,extratrees
4,143,train,1.41,1.405438681519096,extratrees
4,145,train,1.1,1.105441289371456,extratrees
4,146,train,0.89,0.9062850000000023,extratrees
4,147,train,0.998,0.9970700000000011,extratrees
4,148,train,0.94,0.9525386666666626,extratrees
4,150,train,1.18,1.1828416666666652,extratrees
4,151,train,1.25,1.2485463333333333,extratrees
4,152,train,1.25,1.2719412698412595,extratrees
4,153,train,1.24,1.2158047328661776,extratrees
4,154,train,1.36,1.3403187989847962,extratrees
4,155,train,1.3,1.301990277418658,extratrees
4,156,train,1.35,1.3230752774186645,extratrees
4,157,train,1.3,1.3013820393234192,extratrees
4,158,train,0.86,0.8784683333333346,extratrees
4,159,train,0.77,0.8101916666666685,extratrees
4,160,train,1.29,1.3403187989847962,extratrees
4,162,train,1.4,1.3403187989847962,extratrees
4,166,train,1.3,1.3255575714907446,extratrees
4,167,train,1.01,1.0168650000000008,extratrees
4,168,train,1.4,1.4158475571864824,extratrees
4,172,train,0.94,0.9193026666666707,extratrees
4,173,train,1.25,1.2381654119370984,extratrees
4,174,train,0.95,0.9478783333333307,extratrees
4,175,train,1.0,1.0215966666666705,extratrees
4,176,train,1.35,1.3255575714907446,extratrees
4,177,train,1.25,1.2620822909535732,extratrees
4,178,train,1.1,1.0906956157019772,extratrees
4,179,train,1.3,1.2999572059900857,extratrees
4,180,train,1.45,1.4235362756892165,extratrees
4,181,train,1.25,1.2587860476190427,extratrees
4,182,train,1.4,1.4172299489767137,extratrees
4,183,train,1.45,1.4482119293688827,extratrees
4,184,train,1.2,1.1916898901098898,extratrees
4,185,train,1.4,1.4220231739422764,extratrees
4,186,train,1.38,1.3819796090225527,extratrees
4,187,train,1.2,1.2400068354978329,extratrees
4,188,train,1.3,1.2627946031745971,extratrees
4,189,train,1.3,1.2854403809523738,extratrees
4,190,train,1.25,1.2506673333333336,extratrees
4,191,train,1.25,1.2547300000000008,extratrees
4,192,train,0.95,0.9599543333333289,extratrees
4,193,train,1.22,1.2639391551226504,extratrees
4,194,train,1.32,1.2639391551226504,extratrees
4,196,train,1.11,1.1377188580707185,extratrees
4,2,test,1.27,1.3223286107519974,extratrees
4,12,test,1.25,1.2954090476190439,extratrees
4,13,test,0.98,1.0238566666666595,extratrees
4,32,test,1.35,1.3114895056516853,extratrees
4,41,test,1.4,1.403594215083152,extratrees
4,42,test,1.25,1.250222047619048,extratrees
4,46,test,1.0,1.018478999999997,extratrees
4,48,test,0.92,1.0527196666666667,extratrees
4,57,test,0.99,1.025160666666668,extratrees
4,58,test,1.11,1.1107767139527158,extratrees
4,61,test,1.04,0.9968976666666676,extratrees
4,62,test,1.1,1.1637258829721007,extratrees
4,63,test,1.11,1.1107767139527158,extratrees
4,64,test,1.0,1.1966900000000007,extratrees
4,65,test,1.11,1.1864669085347017,extratrees
4,71,test,1.4,1.4235362756892165,extratrees
4,75,test,0.98,1.0214610000000008,extratrees
4,76,test,1.04,1.1596722249634424,extratrees
4,80,test,1.2,1.1495786860760495,extratrees
4,81,test,1.25,1.1495786860760495,extratrees
4,82,test,1.25,1.1495786860760495,extratrees
4,84,test,1.05,1.1609414067816244,extratrees
4,95,test,0.95,1.025519446719946,extratrees
4,96,test,1.2,1.2240641424131928,extratrees
4,97,test,1.25,1.2333092452704315,extratrees
4,102,test,1.2,1.1569463442391417,extratrees
4,103,test,1.15,1.1183801341991377,extratrees
4,104,test,1.1,1.1569463442391417,extratrees
4,105,test,1.08,1.1183801341991377,extratrees
4,106,test,1.2,1.2697570491430983,extratrees
4,109,test,1.2,1.2318724884559853,extratrees
4,117,test,1.42,1.3741282806153203,extratrees
4,144,test,1.1,1.0326534761904764,extratrees
4,149,test,1.15,1.1088190559440583,extratrees
4,161,test,1.1,1.0787449480519453,extratrees
4,163,test,1.08,1.075157930924148,extratrees
4,164,test,1.1,1.0760655975908147,extratrees
4,165,test,1.2,1.1377188580707185,extratrees
4,169,test,1.4,1.3748442376456993,extratrees
4,170,test,1.28,1.353152436521979,extratrees
4,171,test,1.3,1.353152436521979,extratrees
4,195,test,0.84,0.8374999999999936,extratrees
4,197,test,1.05,1.1686734444444429,extratrees
4,198,test,1.17,1.2671462698412599,extratrees
4,199,test,1.12,1.1393600768675747,extratrees
0,0,train,1.3,1.3071790028046908,gradientboosting
0,1,train,1.5,1.4740794905218326,gradientboosting
0,2,train,1.27,1.2749815785486578,gradientboosting
0,3,train,1.1,1.1485352125119817,gradientboosting
0,4,train,1.4,1.383451257608134,gradientboosting
0,5,train,1.24,1.1890864241036765,gradientboosting
0,6,train,1.35,1.3328347861652932,gradientboosting
0,7,train,1.25,1.2433780404585113,gradientboosting
0,8,train,1.0,1.00909792441984,gradientboosting
0,11,train,0.97,1.0063682982636692,gradientboosting
0,12,train,1.25,1.257612690124877,gradientboosting
0,13,train,0.98,0.9918705854231169,gradientboosting
0,15,train,1.012,1.0063682982636692,gradientboosting
0,16,train,0.82,0.8645531093063034,gradientboosting
0,17,train,1.35,1.337442982830707,gradientboosting
0,18,train,1.4,1.400556407968104,gradientboosting
0,19,train,0.95,0.9796053870930734,gradientboosting
0,20,train,1.4,1.334118340627907,gradientboosting
0,21,train,1.3,1.334118340627907,gradientboosting
0,22,train,1.15,1.1754436759582756,gradientboosting
0,23,train,1.2,1.1754436759582756,gradientboosting
0,24,train,1.15,1.1754436759582756,gradientboosting
0,25,train,1.2,1.150894681994308,gradientboosting
0,26,train,1.5,1.493702649679467,gradientboosting
0,30,train,1.15,1.163753301027036,gradientboosting
0,31,train,1.2,1.1719468870070746,gradientboosting
0,32,train,1.35,1.3551150291068872,gradientboosting
0,35,train,1.21,1.2214477826373187,gradientboosting
0,36,train,1.0,1.0010837934302665,gradientboosting
0,37,train,0.84,0.847983087594591,gradientboosting
0,38,train,1.3,1.3128291828018679,gradientboosting
0,39,train,0.9,0.8645531093063034,gradientboosting
0,40,train,1.15,1.1890864241036765,gradientboosting
0,41,train,1.4,1.3951174095284384,gradientboosting
0,42,train,1.25,1.2445123136133078,gradientboosting
0,43,train,1.35,1.3387474981713177,gradientboosting
0,44,train,1.1,1.093382888742543,gradientboosting
0,45,train,1.3,1.3138928892649626,gradientboosting
0,46,train,1.0,0.9980328346636401,gradientboosting
0,48,train,0.92,0.9227863380129435,gradientboosting
0,49,train,1.33,1.3323903438038793,gradientboosting
0,52,train,1.1,1.0945689401393903,gradientboosting
0,53,train,1.1,1.116853981722753,gradientboosting
0,54,train,1.15,1.116853981722753,gradientboosting
0,55,train,1.29,1.24999265208267,gradientboosting
0,56,train,1.08,1.0571077732820178,gradientboosting
0,57,train,0.99,0.9940918050051878,gradientboosting
0,58,train,1.11,1.121461515808173,gradientboosting
0,59,train,1.0,1.003867507149736,gradientboosting
0,61,train,1.04,1.0063682982636692,gradientboosting
0,62,train,1.1,1.093960275734256,gradientboosting
0,63,train,1.11,1.121461515808173,gradientboosting
0,64,train,1.0,0.9994083353087715,gradientboosting
0,65,train,1.11,1.115034592243267,gradientboosting
0,69,train,1.06,1.0533621341984518,gradientboosting
0,70,train,1.34,1.367327314064228,gradientboosting
0,71,train,1.4,1.4117779939392276,gradientboosting
0,72,train,1.3,1.2783340413418758,gradientboosting
0,73,train,1.25,1.2742548065487305,gradientboosting
0,74,train,1.18,1.1558050607205665,gradientboosting
0,75,train,0.98,0.9883396928821424,gradientboosting
0,76,train,1.04,1.067158127600408,gradientboosting
0,77,train,1.29,1.3148935183459718,gradientboosting
0,78,train,1.41,1.334118340627907,gradientboosting
0,79,train,1.01,1.0042562300383038,gradientboosting
0,80,train,1.2,1.2190292118577177,gradientboosting
0,81,train,1.25,1.2190292118577177,gradientboosting
0,82,train,1.25,1.2190292118577177,gradientboosting
0,83,train,1.17,1.1929810165692794,gradientboosting
0,84,train,1.05,1.065458381938656,gradientboosting
0,85,train,1.35,1.4117779939392276,gradientboosting
0,86,train,1.5,1.4117779939392276,gradientboosting
0,87,train,1.4,1.4117779939392276,gradientboosting
0,88,train,1.28,1.2783340413418758,gradientboosting
0,89,train,1.22,1.2139443371858094,gradientboosting
0,90,train,1.23,1.196935217374682,gradientboosting
0,92,train,1.09,1.0819712182995687,gradientboosting
0,93,train,1.05,1.0994516303336548,gradientboosting
0,94,train,0.98,0.9967999081376105,gradientboosting
0,95,train,0.95,0.9523171554212456,gradientboosting
0,96,train,1.2,1.2028053840201192,gradientboosting
0,97,train,1.25,1.2214477826373187,gradientboosting
0,98,train,1.38,1.363940555717615,gradientboosting
0,99,train,1.15,1.1890864241036765,gradientboosting
0,100,train,1.15,1.1890864241036765,gradientboosting
0,101,train,1.2,1.1485352125119817,gradientboosting
0,102,train,1.2,1.150894681994308,gradientboosting
0,103,train,1.15,1.116853981722753,gradientboosting
0,104,train,1.1,1.150894681994308,gradientboosting
0,105,train,1.08,1.116853981722753,gradientboosting
0,106,train,1.2,1.2119924193011093,gradientboosting
0,107,train,1.17,1.1968077430130732,gradientboosting
0,109,train,1.2,1.2027588020841478,gradientboosting
0,110,train,1.25,1.2783340413418758,gradientboosting
0,111,train,1.12,1.1229758458386885,gradientboosting
0,112,train,0.85,0.8408858775370058,gradientboosting
0,113,train,1.1,1.1091584390116132,gradientboosting
0,114,train,1.14,1.1523784548227756,gradientboosting
0,115,train,1.23,1.2336628858787042,gradientboosting
0,116,train,1.18,1.1902531520843977,gradientboosting
0,117,train,1.42,1.410929749105842,gradientboosting
0,118,train,0.98,1.0393376154691505,gradientboosting
0,119,train,1.3,1.2956310212754085,gradientboosting
0,120,train,1.4,1.3988478045925654,gradientboosting
0,121,train,1.5,1.4796555332350796,gradientboosting
0,122,train,1.1,1.150894681994308,gradientboosting
0,123,train,1.15,1.150894681994308,gradientboosting
0,124,train,1.08,1.0861759711613304,gradientboosting
0,125,train,1.04,1.036496600549726,gradientboosting
0,126,train,1.25,1.2551139945320877,gradientboosting
0,127,train,1.25,1.2655737245352132,gradientboosting
0,128,train,1.39,1.4144825059324297,gradientboosting
0,129,train,1.45,1.4144825059324297,gradientboosting
0,130,train,1.0,0.9967999081376105,gradientboosting
0,131,train,1.15,1.1385501800721363,gradientboosting
0,132,train,1.25,1.253360507659711,gradientboosting
0,135,train,1.3,1.3304638779864653,gradientboosting
0,136,train,1.2,1.2175328227703361,gradientboosting
0,137,train,1.3,1.276434040418288,gradientboosting
0,138,train,1.2,1.194830609210352,gradientboosting
0,143,train,1.41,1.4008783758799674,gradientboosting
0,144,train,1.1,1.100802501000009,gradientboosting
0,146,train,0.89,0.8837313447295361,gradientboosting
0,148,train,0.94,0.9330879735539344,gradientboosting
0,149,train,1.15,1.1048798946834308,gradientboosting
0,152,train,1.25,1.2163421295700652,gradientboosting
0,153,train,1.24,1.2313495881113035,gradientboosting
0,158,train,0.86,0.8597082862381354,gradientboosting
0,159,train,0.77,0.7894391574308303,gradientboosting
0,160,train,1.29,1.3304638779864653,gradientboosting
0,161,train,1.1,1.0994516303336548,gradientboosting
0,162,train,1.4,1.3304638779864653,gradientboosting
0,163,train,1.08,1.0688613831541085,gradientboosting
0,164,train,1.1,1.0765148630070245,gradientboosting
0,165,train,1.2,1.1485352125119817,gradientboosting
0,169,train,1.4,1.3974803110134062,gradientboosting
0,170,train,1.28,1.334118340627907,gradientboosting
0,171,train,1.3,1.334118340627907,gradientboosting
0,173,train,1.25,1.2500139279700306,gradientboosting
0,174,train,0.95,0.9372210869917149,gradientboosting
0,175,train,1.0,1.0393376154691505,gradientboosting
0,176,train,1.35,1.3384666659528106,gradientboosting
0,177,train,1.25,1.2506548847081878,gradientboosting
0,179,train,1.3,1.2903939882841082,gradientboosting
0,180,train,1.45,1.4117779939392276,gradientboosting
0,181,train,1.25,1.2505943573295173,gradientboosting
0,182,train,1.4,1.4061582542702886,gradientboosting
0,183,train,1.45,1.4509420033021658,gradientboosting
0,184,train,1.2,1.1969629417159386,gradientboosting
0,186,train,1.38,1.404701929566604,gradientboosting
0,188,train,1.3,1.2687116133564464,gradientboosting
0,189,train,1.3,1.287751847140422,gradientboosting
0,190,train,1.25,1.2595367763487932,gradientboosting
0,191,train,1.25,1.246877618925465,gradientboosting
0,192,train,0.95,0.9435291789885848,gradientboosting
0,195,train,0.84,0.8645531093063034,gradientboosting
0,196,train,1.11,1.1485352125119817,gradientboosting
0,197,train,1.05,1.057544141442237,gradientboosting
0,198,train,1.17,1.1673558985808323,gradientboosting
0,199,train,1.12,1.1099561688379134,gradientboosting
0,9,test,1.35,1.4108760068403945,gradientboosting
0,10,test,1.4,1.4224409022665099,gradientboosting
0,14,test,1.25,1.178219065942893,gradientboosting
0,27,test,1.05,1.0093670211148904,gradientboosting
0,28,test,1.3,1.2163421295700652,gradientboosting
0,29,test,1.05,1.083688107743307,gradientboosting
0,33,test,1.45,1.4477410876763421,gradientboosting
0,34,test,1.15,1.119133509559897,gradientboosting
0,47,test,1.0,1.0065129135887863,gradientboosting
0,50,test,1.21,1.1284008081246892,gradientboosting
0,51,test,1.1,1.1164301554331268,gradientboosting
0,60,test,1.15,1.150894681994308,gradientboosting
0,66,test,1.2,1.1849832492903312,gradientboosting
0,67,test,1.03,0.99959433295022,gradientboosting
0,68,test,1.38,1.363940555717615,gradientboosting
0,91,test,1.32,1.3020897067454897,gradientboosting
0,108,test,1.25,1.2628917523565877,gradientboosting
0,133,test,1.04,1.081724261115579,gradientboosting
0,134,test,1.25,1.240948746727843,gradientboosting
0,139,test,0.8,0.8645531093063034,gradientboosting
0,140,test,0.83,0.8645531093063034,gradientboosting
0,141,test,0.96,0.847983087594591,gradientboosting
0,142,test,1.18,1.150894681994308,gradientboosting
0,145,test,1.1,1.1464727450390606,gradientboosting
0,147,test,0.998,0.9544341366280599,gradientboosting
0,150,test,1.18,1.2407787096524194,gradientboosting
0,151,test,1.25,1.249786190806946,gradientboosting
0,154,test,1.36,1.3304638779864653,gradientboosting
0,155,test,1.3,1.2907492172339847,gradientboosting
0,156,test,1.35,1.2829928957224992,gradientboosting
0,157,test,1.3,1.273993050258651,gradientboosting
0,166,test,1.3,1.3322955934267735,gradientboosting
0,167,test,1.01,0.9892963152362206,gradientboosting
0,168,test,1.4,1.390279980097488,gradientboosting
0,172,test,0.94,0.8795217658645167,gradientboosting
0,178,test,1.1,1.1057040680499217,gradientboosting
0,185,test,1.4,1.40659437355345,gradientboosting
0,187,test,1.2,1.2568906994445115,gradientboosting
0,193,test,1.22,1.2607691470315174,gradientboosting
0,194,test,1.32,1.2607691470315174,gradientboosting
1,0,train,1.3,1.3047616625629415,gradientboosting
1,1,train,1.5,1.470175290029639,gradientboosting
1,2,train,1.27,1.2805614346916045,gradientboosting
1,3,train,1.1,1.1514097850537102,gradientboosting
1,4,train,1.4,1.3779979437974663,gradientboosting
1,5,train,1.24,1.1797888466617992,gradientboosting
1,6,train,1.35,1.3417567403741553,gradientboosting
1,7,train,1.25,1.2484217532903283,gradientboosting
1,9,train,1.35,1.362804854834883,gradientboosting
1,10,train,1.4,1.3964731643729464,gradientboosting
1,12,train,1.25,1.2508363649858416,gradientboosting
1,13,train,0.98,0.9915201241989453,gradientboosting
1,14,train,1.25,1.2437376253994954,gradientboosting
1,16,train,0.82,0.8311796807524476,gradientboosting
1,17,train,1.35,1.3403784917341557,gradientboosting
1,18,train,1.4,1.4058876587752684,gradientboosting
1,19,train,0.95,0.9862377808566107,gradientboosting
1,20,train,1.4,1.3348116046827094,gradientboosting
1,21,train,1.3,1.3348116046827094,gradientboosting
1,26,train,1.5,1.4943171789366385,gradientboosting
1,27,train,1.05,1.049584466929878,gradientboosting
1,28,train,1.3,1.2452148445655968,gradientboosting
1,29,train,1.05,1.0509003673747812,gradientboosting
1,32,train,1.35,1.3569254306641803,gradientboosting
1,33,train,1.45,1.4517827989161327,gradientboosting
1,34,train,1.15,1.1362439293624658,gradientboosting
1,35,train,1.21,1.2182575120659698,gradientboosting
1,36,train,1.0,0.9992834676604313,gradientboosting
1,37,train,0.84,0.9031014777359008,gradientboosting
1,40,train,1.15,1.1797888466617992,gradientboosting
1,41,train,1.4,1.4043691159826708,gradientboosting
1,42,train,1.25,1.2486265127575418,gradientboosting
1,43,train,1.35,1.3447143744377605,gradientboosting
1,44,train,1.1,1.1003078676078195,gradientboosting
1,45,train,1.3,1.3110833005901685,gradientboosting
1,46,train,1.0,0.9995117246954868,gradientboosting
1,47,train,1.0,0.9970027014645195,gradientboosting
1,48,train,0.92,0.9226594805164205,gradientboosting
1,49,train,1.33,1.332133463712411,gradientboosting
1,50,train,1.21,1.2061428657755089,gradientboosting
1,51,train,1.1,1.1052581224739702,gradientboosting
1,52,train,1.1,1.0938669060790835,gradientboosting
1,56,train,1.08,1.0645602765989295,gradientboosting
1,57,train,0.99,0.9937333299804796,gradientboosting
1,58,train,1.11,1.1129478813795197,gradientboosting
1,59,train,1.0,1.011017096782993,gradientboosting
1,60,train,1.15,1.1474849151228264,gradientboosting
1,61,train,1.04,1.0179982154908245,gradientboosting
1,62,train,1.1,1.090837701906918,gradientboosting
1,63,train,1.11,1.1129478813795197,gradientboosting
1,64,train,1.0,0.9997411705648815,gradientboosting
1,65,train,1.11,1.1124057790136526,gradientboosting
1,66,train,1.2,1.1958570562082225,gradientboosting
1,67,train,1.03,1.0299373322043646,gradientboosting
1,68,train,1.38,1.3735994860839078,gradientboosting
1,69,train,1.06,1.0548417897402274,gradientboosting
1,70,train,1.34,1.3688978318103788,gradientboosting
1,71,train,1.4,1.4035308519560867,gradientboosting
1,72,train,1.3,1.308408050684422,gradientboosting
1,73,train,1.25,1.262639087153733,gradientboosting
1,74,train,1.18,1.151853650140158,gradientboosting
1,75,train,0.98,0.9769599087222518,gradientboosting
1,76,train,1.04,1.0745550240419472,gradientboosting
1,77,train,1.29,1.308365961754528,gradientboosting
1,78,train,1.41,1.3348116046827094,gradientboosting
1,80,train,1.2,1.2259430988370466,gradientboosting
1,81,train,1.25,1.2259430988370466,gradientboosting
1,82,train,1.25,1.2259430988370466,gradientboosting
1,83,train,1.17,1.180606532711597,gradientboosting
1,84,train,1.05,1.0671444803801515,gradientboosting
1,90,train,1.23,1.2105384220305109,gradientboosting
1,91,train,1.32,1.3297982944701703,gradientboosting
1,92,train,1.09,1.085846974474047,gradientboosting
1,94,train,0.98,0.9918231431006004,gradientboosting
1,95,train,0.95,0.9512781800714342,gradientboosting
1,96,train,1.2,1.1995703282308008,gradientboosting
1,97,train,1.25,1.2182575120659698,gradientboosting
1,98,train,1.38,1.3735994860839078,gradientboosting
1,99,train,1.15,1.1797888466617992,gradientboosting
1,100,train,1.15,1.1797888466617992,gradientboosting
1,101,train,1.2,1.1514097850537102,gradientboosting
1,102,train,1.2,1.1474849151228264,gradientboosting
1,103,train,1.15,1.1113590311366859,gradientboosting
1,104,train,1.1,1.1474849151228264,gradientboosting
1,105,train,1.08,1.1113590311366859,gradientboosting
1,106,train,1.2,1.2098164257453703,gradientboosting
1,107,train,1.17,1.190996120299202,gradientboosting
1,108,train,1.25,1.2485279046782967,gradientboosting
1,109,train,1.2,1.2012893640403435,gradientboosting
1,111,train,1.12,1.121751586201462,gradientboosting
1,112,train,0.85,0.8412177798319386,gradientboosting
1,115,train,1.23,1.2326591871643406,gradientboosting
1,116,train,1.18,1.1959471036242892,gradientboosting
1,117,train,1.42,1.4107127802936965,gradientboosting
1,118,train,0.98,1.0566138813795647,gradientboosting
1,119,train,1.3,1.314843713897317,gradientboosting
1,120,train,1.4,1.4033816837249102,gradientboosting
1,121,train,1.5,1.4849180122866488,gradientboosting
1,122,train,1.1,1.1474849151228264,gradientboosting
1,123,train,1.15,1.1474849151228264,gradientboosting
1,124,train,1.08,1.086184871576975,gradientboosting
1,126,train,1.25,1.256518275603054,gradientboosting
1,127,train,1.25,1.2577577449106496,gradientboosting
1,128,train,1.39,1.4154880924408066,gradientboosting
1,129,train,1.45,1.4154880924408066,gradientboosting
1,130,train,1.0,0.9918231431006004,gradientboosting
1,132,train,1.25,1.254903563380545,gradientboosting
1,133,train,1.04,1.0567400593822844,gradientboosting
1,134,train,1.25,1.2396636515605624,gradientboosting
1,137,train,1.3,1.287746896498495,gradientboosting
1,139,train,0.8,0.8311796807524476,gradientboosting
1,140,train,0.83,0.8311796807524476,gradientboosting
1,141,train,0.96,0.9031014777359008,gradientboosting
1,142,train,1.18,1.1474849151228264,gradientboosting
1,144,train,1.1,1.0980449596376252,gradientboosting
1,145,train,1.1,1.1178638344309855,gradientboosting
1,146,train,0.89,0.8786887290101554,gradientboosting
1,147,train,0.998,0.9987527742683601,gradientboosting
1,148,train,0.94,0.9524724880529896,gradientboosting
1,149,train,1.15,1.1051277788421956,gradientboosting
1,150,train,1.18,1.1896824023345303,gradientboosting
1,151,train,1.25,1.2428477409043928,gradientboosting
1,152,train,1.25,1.2452148445655968,gradientboosting
1,154,train,1.36,1.3494290822508417,gradientboosting
1,155,train,1.3,1.308163016626766,gradientboosting
1,156,train,1.35,1.3208173264292815,gradientboosting
1,157,train,1.3,1.2923332381539785,gradientboosting
1,158,train,0.86,0.8587990716747708,gradientboosting
1,159,train,0.77,0.7896950362405806,gradientboosting
1,160,train,1.29,1.3494290822508417,gradientboosting
1,161,train,1.1,1.1256145727989135,gradientboosting
1,162,train,1.4,1.3494290822508417,gradientboosting
1,163,train,1.08,1.0660439957842907,gradientboosting
1,164,train,1.1,1.0726808654794526,gradientboosting
1,165,train,1.2,1.1514097850537102,gradientboosting
1,166,train,1.3,1.3112574555088172,gradientboosting
1,167,train,1.01,0.9909397493375685,gradientboosting
1,168,train,1.4,1.3983634811975254,gradientboosting
1,169,train,1.4,1.3989149677652013,gradientboosting
1,170,train,1.28,1.3348116046827094,gradientboosting
1,171,train,1.3,1.3348116046827094,gradientboosting
1,172,train,0.94,0.9321499550170167,gradientboosting
1,176,train,1.35,1.3318309579235936,gradientboosting
1,177,train,1.25,1.251304572907464,gradientboosting
1,178,train,1.1,1.1046606445524887,gradientboosting
1,179,train,1.3,1.2955078534909812,gradientboosting
1,180,train,1.45,1.4035308519560867,gradientboosting
1,184,train,1.2,1.1945417418062385,gradientboosting
1,185,train,1.4,1.3997220320588661,gradientboosting
1,186,train,1.38,1.4027328065707731,gradientboosting
1,187,train,1.2,1.2014438965233472,gradientboosting
1,192,train,0.95,0.9427487107783818,gradientboosting
1,193,train,1.22,1.2680689082249001,gradientboosting
1,194,train,1.32,1.2680689082249001,gradientboosting
1,195,train,0.84,0.8311796807524476,gradientboosting
1,196,train,1.11,1.1514097850537102,gradientboosting
1,197,train,1.05,1.059982853789252,gradientboosting
1,198,train,1.17,1.1822239807763657,gradientboosting
1,199,train,1.12,1.1148186975711813,gradientboosting
1,8,test,1.0,1.080882155598055,gradientboosting
1,11,test,0.97,1.0179982154908245,gradientboosting
1,15,test,1.012,1.0179982154908245,gradientboosting
1,22,test,1.15,1.2025631380957218,gradientboosting
1,23,test,1.2,1.2025631380957218,gradientboosting
1,24,test,1.15,1.2025631380957218,gradientboosting
1,25,test,1.2,1.1474849151228264,gradientboosting
1,30,test,1.15,1.1569205637327153,gradientboosting
1,31,test,1.2,1.1582063187851077,gradientboosting
1,38,test,1.3,1.3394676635443474,gradientboosting
1,39,test,0.9,0.8311796807524476,gradientboosting
1,53,test,1.1,1.1113590311366859,gradientboosting
1,54,test,1.15,1.1113590311366859,gradientboosting
1,55,test,1.29,1.2182575120659698,gradientboosting
1,79,test,1.01,0.9546227479622091,gradientboosting
1,85,test,1.35,1.4035308519560867,gradientboosting
1,86,test,1.5,1.4035308519560867,gradientboosting
1,87,test,1.4,1.4035308519560867,gradientboosting
1,88,test,1.28,1.308408050684422,gradientboosting
1,89,test,1.22,1.2069328562858959,gradientboosting
1,93,test,1.05,1.1256145727989135,gradientboosting
1,110,test,1.25,1.308408050684422,gradientboosting
1,113,test,1.1,1.109036874037506,gradientboosting
1,114,test,1.14,1.1373392727922043,gradientboosting
1,125,test,1.04,1.0702994858014927,gradientboosting
1,131,test,1.15,1.135422037097209,gradientboosting
1,135,test,1.3,1.3494290822508417,gradientboosting
1,136,test,1.2,1.2478993739544528,gradientboosting
1,138,test,1.2,1.1825771473223954,gradientboosting
1,143,test,1.41,1.3373239042264826,gradientboosting
1,153,test,1.24,1.2069009245489173,gradientboosting
1,173,test,1.25,1.2122208173818645,gradientboosting
1,174,test,0.95,0.9111166843066028,gradientboosting
1,175,test,1.0,1.0566138813795647,gradientboosting
1,181,test,1.25,1.2951712124397416,gradientboosting
1,182,test,1.4,1.4332343429579473,gradientboosting
1,183,test,1.45,1.4681726128310173,gradientboosting
1,188,test,1.3,1.2478993739544528,gradientboosting
1,189,test,1.3,1.2902536792237445,gradientboosting
1,190,test,1.25,1.2509543974954147,gradientboosting
1,191,test,1.25,1.2249195607606678,gradientboosting
2,2,train,1.27,1.2818322285109198,gradientboosting
2,6,train,1.35,1.3305817586198858,gradientboosting
2,7,train,1.25,1.2466513057331006,gradientboosting
2,8,train,1.0,1.0035106051106877,gradientboosting
2,9,train,1.35,1.3636288740828082,gradientboosting
2,10,train,1.4,1.3943328704576738,gradientboosting
2,11,train,0.97,1.003580241424903,gradientboosting
2,12,train,1.25,1.2477192620686448,gradientboosting
2,13,train,0.98,0.9814849625211209,gradientboosting
2,14,train,1.25,1.2465700543262812,gradientboosting
2,15,train,1.012,1.003580241424903,gradientboosting
2,16,train,0.82,0.8417869551012023,gradientboosting
2,18,train,1.4,1.400538250919467,gradientboosting
2,19,train,0.95,0.9657974930389007,gradientboosting
2,22,train,1.15,1.1718057199897458,gradientboosting
2,23,train,1.2,1.1718057199897458,gradientboosting
2,24,train,1.15,1.1718057199897458,gradientboosting
2,25,train,1.2,1.1572250031578613,gradientboosting
2,26,train,1.5,1.494006509144629,gradientboosting
2,27,train,1.05,1.0555232026709407,gradientboosting
2,28,train,1.3,1.240759573906452,gradientboosting
2,29,train,1.05,1.0513238420202935,gradientboosting
2,30,train,1.15,1.1626056808967158,gradientboosting
2,31,train,1.2,1.172707312020635,gradientboosting
2,32,train,1.35,1.3519023235461982,gradientboosting
2,33,train,1.45,1.4363197619647228,gradientboosting
2,34,train,1.15,1.136024995789241,gradientboosting
2,35,train,1.21,1.2265954764192777,gradientboosting
2,37,train,0.84,0.9034236101012469,gradientboosting
2,38,train,1.3,1.3054896243190597,gradientboosting
2,39,train,0.9,0.8417869551012023,gradientboosting
2,40,train,1.15,1.1708526605834724,gradientboosting
2,41,train,1.4,1.393113552260092,gradientboosting
2,42,train,1.25,1.256098813474987,gradientboosting
2,46,train,1.0,0.9972260877440462,gradientboosting
2,47,train,1.0,1.0007820476816405,gradientboosting
2,48,train,0.92,0.926098170117906,gradientboosting
2,49,train,1.33,1.3250202517304002,gradientboosting
2,50,train,1.21,1.2136138540256682,gradientboosting
2,51,train,1.1,1.1104629028747943,gradientboosting
2,53,train,1.1,1.1184771628226216,gradientboosting
2,54,train,1.15,1.1184771628226216,gradientboosting
2,55,train,1.29,1.2460400076506397,gradientboosting
2,57,train,0.99,0.9937712044049963,gradientboosting
2,58,train,1.11,1.1236868955403916,gradientboosting
2,59,train,1.0,0.9997482867089144,gradientboosting
2,60,train,1.15,1.1572250031578613,gradientboosting
2,61,train,1.04,1.003580241424903,gradientboosting
2,62,train,1.1,1.095108057013011,gradientboosting
2,63,train,1.11,1.1236868955403916,gradientboosting
2,64,train,1.0,0.9987849154342575,gradientboosting
2,65,train,1.11,1.1120439980791357,gradientboosting
2,66,train,1.2,1.200445218690027,gradientboosting
2,67,train,1.03,1.0266413056811126,gradientboosting
2,68,train,1.38,1.3802457232857663,gradientboosting
2,70,train,1.34,1.3675433227471423,gradientboosting
2,71,train,1.4,1.4097806613020312,gradientboosting
2,73,train,1.25,1.2729514700770497,gradientboosting
2,74,train,1.18,1.168644065378807,gradientboosting
2,75,train,0.98,0.9740934049773606,gradientboosting
2,76,train,1.04,1.070767564238944,gradientboosting
2,79,train,1.01,1.0056908652833418,gradientboosting
2,80,train,1.2,1.2279696600315153,gradientboosting
2,81,train,1.25,1.2279696600315153,gradientboosting
2,82,train,1.25,1.2279696600315153,gradientboosting
2,83,train,1.17,1.1722996767253264,gradientboosting
2,84,train,1.05,1.066187036116782,gradientboosting
2,85,train,1.35,1.4097806613020312,gradientboosting
2,86,train,1.5,1.4097806613020312,gradientboosting
2,87,train,1.4,1.4097806613020312,gradientboosting
2,88,train,1.28,1.276875567081619,gradientboosting
2,89,train,1.22,1.216669042101902,gradientboosting
2,90,train,1.23,1.2023181055875876,gradientboosting
2,91,train,1.32,1.3217674881617063,gradientboosting
2,93,train,1.05,1.0913809974792903,gradientboosting
2,94,train,0.98,0.9884058428421566,gradientboosting
2,95,train,0.95,0.9519135296344077,gradientboosting
2,96,train,1.2,1.2173400151270386,gradientboosting
2,97,train,1.25,1.2265954764192777,gradientboosting
2,99,train,1.15,1.1708526605834724,gradientboosting
2,100,train,1.15,1.1708526605834724,gradientboosting
2,101,train,1.2,1.1612778882486918,gradientboosting
2,102,train,1.2,1.1572250031578613,gradientboosting
2,103,train,1.15,1.1184771628226216,gradientboosting
2,104,train,1.1,1.1572250031578613,gradientboosting
2,105,train,1.08,1.1184771628226216,gradientboosting
2,106,train,1.2,1.202459708847196,gradientboosting
2,108,train,1.25,1.2567474885983945,gradientboosting
2,109,train,1.2,1.2008173544386982,gradientboosting
2,110,train,1.25,1.276875567081619,gradientboosting
2,113,train,1.1,1.0968877262018275,gradientboosting
2,114,train,1.14,1.1542644954502983,gradientboosting
2,117,train,1.42,1.409398566702053,gradientboosting
2,122,train,1.1,1.1572250031578613,gradientboosting
2,123,train,1.15,1.1572250031578613,gradientboosting
2,125,train,1.04,1.0355050877757037,gradientboosting
2,126,train,1.25,1.2579162859782944,gradientboosting
2,127,train,1.25,1.2555937916415667,gradientboosting
2,128,train,1.39,1.4146132851767876,gradientboosting
2,129,train,1.45,1.4146132851767876,gradientboosting
2,131,train,1.15,1.1444594171227707,gradientboosting
2,133,train,1.04,1.05115302635243,gradientboosting
2,134,train,1.25,1.2502384367499448,gradientboosting
2,135,train,1.3,1.3388161426260499,gradientboosting
2,136,train,1.2,1.2265259661316303,gradientboosting
2,138,train,1.2,1.194010907065596,gradientboosting
2,139,train,0.8,0.8417869551012023,gradientboosting
2,140,train,0.83,0.8417869551012023,gradientboosting
2,141,train,0.96,0.9034236101012469,gradientboosting
2,142,train,1.18,1.1572250031578613,gradientboosting
2,143,train,1.41,1.40358430158803,gradientboosting
2,144,train,1.1,1.0977418678339417,gradientboosting
2,145,train,1.1,1.1180453266345813,gradientboosting
2,147,train,0.998,0.9986935061546567,gradientboosting
2,148,train,0.94,0.9411217110535589,gradientboosting
2,149,train,1.15,1.1152590460115102,gradientboosting
2,150,train,1.18,1.1881270600200073,gradientboosting
2,151,train,1.25,1.2505871750662663,gradientboosting
2,153,train,1.24,1.2306546442038633,gradientboosting
2,154,train,1.36,1.3388161426260499,gradientboosting
2,155,train,1.3,1.3141805157709405,gradientboosting
2,156,train,1.35,1.3205577887924158,gradientboosting
2,157,train,1.3,1.300724696047527,gradientboosting
2,158,train,0.86,0.8582252445246515,gradientboosting
2,159,train,0.77,0.7826620870792864,gradientboosting
2,160,train,1.29,1.3388161426260499,gradientboosting
2,161,train,1.1,1.0913809974792903,gradientboosting
2,162,train,1.4,1.3388161426260499,gradientboosting
2,163,train,1.08,1.075179792782767,gradientboosting
2,164,train,1.1,1.0790583116464836,gradientboosting
2,165,train,1.2,1.1612778882486918,gradientboosting
2,166,train,1.3,1.306611055394972,gradientboosting
2,167,train,1.01,1.0017540730980496,gradientboosting
2,168,train,1.4,1.3772582836431737,gradientboosting
2,169,train,1.4,1.4003652886958877,gradientboosting
2,170,train,1.28,1.292593704627373,gradientboosting
2,171,train,1.3,1.292593704627373,gradientboosting
2,172,train,0.94,0.9335356845520902,gradientboosting
2,173,train,1.25,1.242864029168981,gradientboosting
2,174,train,0.95,0.9352113955715426,gradientboosting
2,175,train,1.0,1.0672673961654253,gradientboosting
2,176,train,1.35,1.3228158409513064,gradientboosting
2,177,train,1.25,1.2509810470496225,gradientboosting
2,178,train,1.1,1.0981060265783409,gradientboosting
2,179,train,1.3,1.301333540010059,gradientboosting
2,180,train,1.45,1.4097806613020312,gradientboosting
2,181,train,1.25,1.2452871832981436,gradientboosting
2,182,train,1.4,1.4035808377627612,gradientboosting
2,183,train,1.45,1.4545827977142363,gradientboosting
2,185,train,1.4,1.3931249974425413,gradientboosting
2,186,train,1.38,1.393634964129841,gradientboosting
2,187,train,1.2,1.2043802811567068,gradientboosting
2,188,train,1.3,1.2698671495096696,gradientboosting
2,189,train,1.3,1.2765133394453414,gradientboosting
2,190,train,1.25,1.2620124066050296,gradientboosting
2,191,train,1.25,1.2519693695759229,gradientboosting
2,193,train,1.22,1.2684837250693621,gradientboosting
2,194,train,1.32,1.2684837250693621,gradientboosting
2,195,train,0.84,0.8417869551012023,gradientboosting
2,196,train,1.11,1.1612778882486918,gradientboosting
2,197,train,1.05,1.055574837226116,gradientboosting
2,198,train,1.17,1.1688084004722925,gradientboosting
2,199,train,1.12,1.1116807632481573,gradientboosting
2,0,test,1.3,1.347854248362077,gradientboosting
2,1,test,1.5,1.420320533014749,gradientboosting
2,3,test,1.1,1.1612778882486918,gradientboosting
2,4,test,1.4,1.3803005166219466,gradientboosting
2,5,test,1.24,1.1708526605834724,gradientboosting
2,17,test,1.35,1.2947807942620362,gradientboosting
2,20,test,1.4,1.292593704627373,gradientboosting
2,21,test,1.3,1.292593704627373,gradientboosting
2,36,test,1.0,0.9576642454901054,gradientboosting
2,43,test,1.35,1.3066181453837555,gradientboosting
2,44,test,1.1,1.0110601819758553,gradientboosting
2,45,test,1.3,1.3350643891573557,gradientboosting
2,52,test,1.1,0.960974973550587,gradientboosting
2,56,test,1.08,1.0289060421816707,gradientboosting
2,69,test,1.06,0.9923683718511971,gradientboosting
2,72,test,1.3,1.276875567081619,gradientboosting
2,77,test,1.29,1.377624085422025,gradientboosting
2,78,test,1.41,1.292593704627373,gradientboosting
2,92,test,1.09,0.9858039555445611,gradientboosting
2,98,test,1.38,1.3802457232857663,gradientboosting
2,107,test,1.17,1.207374430826051,gradientboosting
2,111,test,1.12,1.1373734195603078,gradientboosting
2,112,test,0.85,0.7870920741221616,gradientboosting
2,115,test,1.23,1.1967561336061696,gradientboosting
2,116,test,1.18,1.2719413009736509,gradientboosting
2,118,test,0.98,1.0672673961654253,gradientboosting
2,119,test,1.3,1.3319972600999688,gradientboosting
2,120,test,1.4,1.4128110166193073,gradientboosting
2,121,test,1.5,1.4278559045651238,gradientboosting
2,124,test,1.08,1.1286555457625695,gradientboosting
2,130,test,1.0,0.9884058428421566,gradientboosting
2,132,test,1.25,1.2785496408471282,gradientboosting
2,137,test,1.3,1.222327797442613,gradientboosting
2,146,test,0.89,0.8865955553425265,gradientboosting
2,152,test,1.25,1.240759573906452,gradientboosting
2,184,test,1.2,1.0887564334835629,gradientboosting
2,192,test,0.95,0.9527809504535308,gradientboosting
3,0,train,1.3,1.306855917671765,gradientboosting
3,1,train,1.5,1.456345434129025,gradientboosting
3,2,train,1.27,1.282799115103736,gradientboosting
3,3,train,1.1,1.1489958266962637,gradientboosting
3,4,train,1.4,1.398288829193551,gradientboosting
3,5,train,1.24,1.2568099467975893,gradientboosting
3,8,train,1.0,1.0068213622445872,gradientboosting
3,9,train,1.35,1.3726458799826595,gradientboosting
3,10,train,1.4,1.3957516282049012,gradientboosting
3,11,train,0.97,1.0078733789258643,gradientboosting
3,12,train,1.25,1.2485547923609193,gradientboosting
3,13,train,0.98,0.9957888699950235,gradientboosting
3,14,train,1.25,1.2413641532782043,gradientboosting
3,15,train,1.012,1.0078733789258643,gradientboosting
3,17,train,1.35,1.3531010021369922,gradientboosting
3,20,train,1.4,1.3340408942090567,gradientboosting
3,21,train,1.3,1.3340408942090567,gradientboosting
3,22,train,1.15,1.1736881835297486,gradientboosting
3,23,train,1.2,1.1736881835297486,gradientboosting
3,24,train,1.15,1.1736881835297486,gradientboosting
3,25,train,1.2,1.1621948056216977,gradientboosting
3,27,train,1.05,1.0459829368618694,gradientboosting
3,28,train,1.3,1.2507340731672925,gradientboosting
3,29,train,1.05,1.0461156958896058,gradientboosting
3,30,train,1.15,1.1603574702857844,gradientboosting
3,31,train,1.2,1.176713569607703,gradientboosting
3,32,train,1.35,1.3415451277517099,gradientboosting
3,33,train,1.45,1.442247741466554,gradientboosting
3,34,train,1.15,1.1289229448465925,gradientboosting
3,36,train,1.0,1.0047329505314138,gradientboosting
3,38,train,1.3,1.3161613731019854,gradientboosting
3,39,train,0.9,0.8496210477190652,gradientboosting
3,41,train,1.4,1.4066957170179437,gradientboosting
3,42,train,1.25,1.263663225172775,gradientboosting
3,43,train,1.35,1.3396197973044168,gradientboosting
3,44,train,1.1,1.0931092074994435,gradientboosting
3,45,train,1.3,1.3194053803448218,gradientboosting
3,46,train,1.0,0.9992711325478504,gradientboosting
3,47,train,1.0,1.0004034078350512,gradientboosting
3,48,train,0.92,0.92287651678834,gradientboosting
3,50,train,1.21,1.2091849677823352,gradientboosting
3,51,train,1.1,1.1106891127902438,gradientboosting
3,52,train,1.1,1.0931813250667253,gradientboosting
3,53,train,1.1,1.1207691545764746,gradientboosting
3,54,train,1.15,1.1207691545764746,gradientboosting
3,55,train,1.29,1.265745595466542,gradientboosting
3,56,train,1.08,1.0577128315071371,gradientboosting
3,57,train,0.99,0.9935746467226697,gradientboosting
3,58,train,1.11,1.1099220247342123,gradientboosting
3,60,train,1.15,1.1621948056216977,gradientboosting
3,61,train,1.04,1.0078733789258643,gradientboosting
3,62,train,1.1,1.0895239227047426,gradientboosting
3,63,train,1.11,1.1099220247342123,gradientboosting
3,64,train,1.0,0.995860132572582,gradientboosting
3,65,train,1.11,1.112698786828248,gradientboosting
3,66,train,1.2,1.1821820646738823,gradientboosting
3,67,train,1.03,1.0286541067260149,gradientboosting
3,68,train,1.38,1.3748048852760693,gradientboosting
3,69,train,1.06,1.0564875364171076,gradientboosting
3,71,train,1.4,1.4027650531652647,gradientboosting
3,72,train,1.3,1.2753674976463294,gradientboosting
3,75,train,0.98,0.9816168525064483,gradientboosting
3,76,train,1.04,1.0725345556870978,gradientboosting
3,77,train,1.29,1.305681512929297,gradientboosting
3,78,train,1.41,1.3340408942090567,gradientboosting
3,79,train,1.01,1.0044833094957255,gradientboosting
3,80,train,1.2,1.223482300245067,gradientboosting
3,81,train,1.25,1.223482300245067,gradientboosting
3,82,train,1.25,1.223482300245067,gradientboosting
3,84,train,1.05,1.067717982501606,gradientboosting
3,85,train,1.35,1.4027650531652647,gradientboosting
3,86,train,1.5,1.4027650531652647,gradientboosting
3,87,train,1.4,1.4027650531652647,gradientboosting
3,88,train,1.28,1.2753674976463294,gradientboosting
3,89,train,1.22,1.2161103457482572,gradientboosting
3,91,train,1.32,1.3042176272133044,gradientboosting
3,92,train,1.09,1.0836521389583436,gradientboosting
3,93,train,1.05,1.0931030073356738,gradientboosting
3,95,train,0.95,0.953603516595247,gradientboosting
3,96,train,1.2,1.2221355070324225,gradientboosting
3,97,train,1.25,1.2460272689844796,gradientboosting
3,98,train,1.38,1.3748048852760693,gradientboosting
3,102,train,1.2,1.1621948056216977,gradientboosting
3,103,train,1.15,1.1207691545764746,gradientboosting
3,104,train,1.1,1.1621948056216977,gradientboosting
3,105,train,1.08,1.1207691545764746,gradientboosting
3,106,train,1.2,1.2088882405145827,gradientboosting
3,107,train,1.17,1.1927255754064217,gradientboosting
3,108,train,1.25,1.2553467574612904,gradientboosting
3,109,train,1.2,1.2054941982603011,gradientboosting
3,110,train,1.25,1.2753674976463294,gradientboosting
3,111,train,1.12,1.1201513200335276,gradientboosting
3,112,train,0.85,0.8458589065867208,gradientboosting
3,113,train,1.1,1.0971268484065015,gradientboosting
3,114,train,1.14,1.1597796509535225,gradientboosting
3,115,train,1.23,1.229766666044687,gradientboosting
3,116,train,1.18,1.2012449046542057,gradientboosting
3,117,train,1.42,1.411408857260608,gradientboosting
3,118,train,0.98,1.0369120528819509,gradientboosting
3,119,train,1.3,1.3090542757191372,gradientboosting
3,120,train,1.4,1.3996301304928938,gradientboosting
3,121,train,1.5,1.4790024981630427,gradientboosting
3,124,train,1.08,1.0895310738419852,gradientboosting
3,125,train,1.04,1.048042328563301,gradientboosting
3,130,train,1.0,1.0113644050429602,gradientboosting
3,131,train,1.15,1.1370707978983512,gradientboosting
3,132,train,1.25,1.2599255277264676,gradientboosting
3,133,train,1.04,1.0477691974394396,gradientboosting
3,134,train,1.25,1.2380710818090144,gradientboosting
3,135,train,1.3,1.327932976808737,gradientboosting
3,136,train,1.2,1.2245977341945926,gradientboosting
3,137,train,1.3,1.2841536254760357,gradientboosting
3,138,train,1.2,1.2005669184026884,gradientboosting
3,139,train,0.8,0.8496210477190652,gradientboosting
3,140,train,0.83,0.8496210477190652,gradientboosting
3,141,train,0.96,0.9505803776119172,gradientboosting
3,142,train,1.18,1.1621948056216977,gradientboosting
3,143,train,1.41,1.4039404897976575,gradientboosting
3,144,train,1.1,1.1046187124201978,gradientboosting
3,145,train,1.1,1.1133274824084618,gradientboosting
3,146,train,0.89,0.903480755067984,gradientboosting
3,147,train,0.998,1.00035931789247,gradientboosting
3,149,train,1.15,1.107092331260361,gradientboosting
3,150,train,1.18,1.188386340450601,gradientboosting
3,151,train,1.25,1.2473872599016487,gradientboosting
3,152,train,1.25,1.2507340731672925,gradientboosting
3,153,train,1.24,1.2332948976396043,gradientboosting
3,154,train,1.36,1.327932976808737,gradientboosting
3,155,train,1.3,1.3158567426492165,gradientboosting
3,156,train,1.35,1.324293861615661,gradientboosting
3,157,train,1.3,1.3000443101752783,gradientboosting
3,161,train,1.1,1.0931030073356738,gradientboosting
3,163,train,1.08,1.0678225522684157,gradientboosting
3,164,train,1.1,1.0771837388672267,gradientboosting
3,165,train,1.2,1.1489958266962637,gradientboosting
3,166,train,1.3,1.3110764737803418,gradientboosting
3,167,train,1.01,1.0135590161055994,gradientboosting
3,168,train,1.4,1.396724270801712,gradientboosting
3,169,train,1.4,1.3929944733846071,gradientboosting
3,170,train,1.28,1.3340408942090567,gradientboosting
3,171,train,1.3,1.3340408942090567,gradientboosting
3,172,train,0.94,0.9505379984919871,gradientboosting
3,173,train,1.25,1.2530255439189402,gradientboosting
3,174,train,0.95,0.9386390515164459,gradientboosting
3,175,train,1.0,1.0369120528819509,gradientboosting
3,178,train,1.1,1.0949517291988493,gradientboosting
3,181,train,1.25,1.2468035933740587,gradientboosting
3,182,train,1.4,1.415869991308652,gradientboosting
3,183,train,1.45,1.4494330733097545,gradientboosting
3,184,train,1.2,1.1960569176654896,gradientboosting
3,185,train,1.4,1.4095687960924352,gradientboosting
3,187,train,1.2,1.201392615088357,gradientboosting
3,188,train,1.3,1.267975801530972,gradientboosting
3,189,train,1.3,1.2809804947754522,gradientboosting
3,190,train,1.25,1.2576534261343812,gradientboosting
3,191,train,1.25,1.243681796975216,gradientboosting
3,192,train,0.95,0.9429252815835956,gradientboosting
3,193,train,1.22,1.2685841260707769,gradientboosting
3,194,train,1.32,1.2685841260707769,gradientboosting
3,195,train,0.84,0.8496210477190652,gradientboosting
3,197,train,1.05,1.0577524260697233,gradientboosting
3,198,train,1.17,1.1875363153127307,gradientboosting
3,199,train,1.12,1.1133819023584801,gradientboosting
3,6,test,1.35,1.2277768644794549,gradientboosting
3,7,test,1.25,1.1821231180336753,gradientboosting
3,16,test,0.82,0.8496210477190652,gradientboosting
3,18,test,1.4,1.3775112426568692,gradientboosting
3,19,test,0.95,1.0052462405037907,gradientboosting
3,26,test,1.5,1.373748640519471,gradientboosting
3,35,test,1.21,1.2460272689844796,gradientboosting
3,37,test,0.84,0.9505803776119172,gradientboosting
3,40,test,1.15,1.2568099467975893,gradientboosting
3,49,test,1.33,1.3137483655609004,gradientboosting
3,59,test,1.0,1.0068029974127077,gradientboosting
3,70,test,1.34,1.3834519094742508,gradientboosting
3,73,test,1.25,1.2788091051663553,gradientboosting
3,74,test,1.18,1.128180866606672,gradientboosting
3,83,test,1.17,1.2380283937348666,gradientboosting
3,90,test,1.23,1.1915597415386712,gradientboosting
3,94,test,0.98,1.0113644050429602,gradientboosting
3,99,test,1.15,1.2568099467975893,gradientboosting
3,100,test,1.15,1.2568099467975893,gradientboosting
3,101,test,1.2,1.1489958266962637,gradientboosting
3,122,test,1.1,1.1621948056216977,gradientboosting
3,123,test,1.15,1.1621948056216977,gradientboosting
3,126,test,1.25,1.1963190192885675,gradientboosting
3,127,test,1.25,1.3529409303594666,gradientboosting
3,128,test,1.39,1.3731687390902871,gradientboosting
3,129,test,1.45,1.3731687390902871,gradientboosting
3,148,test,0.94,0.9805958811181589,gradientboosting
3,158,test,0.86,1.028312642133209,gradientboosting
3,159,test,0.77,0.8476257505524347,gradientboosting
3,160,test,1.29,1.327932976808737,gradientboosting
3,162,test,1.4,1.327932976808737,gradientboosting
3,176,test,1.35,1.306948479491384,gradientboosting
3,177,test,1.25,1.2404569199403506,gradientboosting
3,179,test,1.3,1.3085544148021633,gradientboosting
3,180,test,1.45,1.4027650531652647,gradientboosting
3,186,test,1.38,1.4256788656070687,gradientboosting
3,196,test,1.11,1.1489958266962637,gradientboosting
4,0,train,1.3,1.3071981361192904,gradientboosting
4,1,train,1.5,1.4741824588065193,gradientboosting
4,3,train,1.1,1.1260424982643729,gradientboosting
4,4,train,1.4,1.3684837295560686,gradientboosting
4,5,train,1.24,1.1924233187835973,gradientboosting
4,6,train,1.35,1.3399354191766337,gradientboosting
4,7,train,1.25,1.2431647336497185,gradientboosting
4,8,train,1.0,1.0090330781490682,gradientboosting
4,9,train,1.35,1.3587369467090338,gradientboosting
4,10,train,1.4,1.3956884502039293,gradientboosting
4,11,train,0.97,0.9932277887735931,gradientboosting
4,14,train,1.25,1.2468620563631307,gradientboosting
4,15,train,1.012,0.9932277887735931,gradientboosting
4,16,train,0.82,0.8455439782654521,gradientboosting
4,17,train,1.35,1.3430687838140436,gradientboosting
4,18,train,1.4,1.4079402044027263,gradientboosting
4,19,train,0.95,0.9746737740909054,gradientboosting
4,20,train,1.4,1.3637010710147495,gradientboosting
4,21,train,1.3,1.3637010710147495,gradientboosting
4,22,train,1.15,1.1678903661250293,gradientboosting
4,23,train,1.2,1.1678903661250293,gradientboosting
4,24,train,1.15,1.1678903661250293,gradientboosting
4,25,train,1.2,1.15705344800879,gradientboosting
4,26,train,1.5,1.4925248318287554,gradientboosting
4,27,train,1.05,1.0459376699826386,gradientboosting
4,28,train,1.3,1.2446342654612286,gradientboosting
4,29,train,1.05,1.0509948320352651,gradientboosting
4,30,train,1.15,1.1774704818624844,gradientboosting
4,31,train,1.2,1.176257404031786,gradientboosting
4,33,train,1.45,1.436898435824664,gradientboosting
4,34,train,1.15,1.1408323447135238,gradientboosting
4,35,train,1.21,1.2058585368420274,gradientboosting
4,36,train,1.0,0.9994903364704731,gradientboosting
4,37,train,0.84,0.9072472833979534,gradientboosting
4,38,train,1.3,1.3095359224738667,gradientboosting
4,39,train,0.9,0.8455439782654521,gradientboosting
4,40,train,1.15,1.1924233187835973,gradientboosting
4,43,train,1.35,1.338318955000616,gradientboosting
4,44,train,1.1,1.095611402913588,gradientboosting
4,45,train,1.3,1.3167629013876934,gradientboosting
4,47,train,1.0,1.001352681965397,gradientboosting
4,49,train,1.33,1.3254984347887258,gradientboosting
4,50,train,1.21,1.2134698748516566,gradientboosting
4,51,train,1.1,1.1058793590772618,gradientboosting
4,52,train,1.1,1.0956195452786395,gradientboosting
4,53,train,1.1,1.118747318315413,gradientboosting
4,54,train,1.15,1.118747318315413,gradientboosting
4,55,train,1.29,1.2285799876800845,gradientboosting
4,56,train,1.08,1.059841486846428,gradientboosting
4,59,train,1.0,0.9926278780594285,gradientboosting
4,60,train,1.15,1.15705344800879,gradientboosting
4,66,train,1.2,1.2035414377351068,gradientboosting
4,67,train,1.03,1.0262869009267623,gradientboosting
4,68,train,1.38,1.3689620689379536,gradientboosting
4,69,train,1.06,1.053669415458081,gradientboosting
4,70,train,1.34,1.3628368658479717,gradientboosting
4,72,train,1.3,1.280931484650629,gradientboosting
4,73,train,1.25,1.2713423830889488,gradientboosting
4,74,train,1.18,1.1492367973666848,gradientboosting
4,77,train,1.29,1.318331904348349,gradientboosting
4,78,train,1.41,1.3637010710147495,gradientboosting
4,79,train,1.01,1.005676666165305,gradientboosting
4,83,train,1.17,1.1901234337940345,gradientboosting
4,85,train,1.35,1.414418108958888,gradientboosting
4,86,train,1.5,1.414418108958888,gradientboosting
4,87,train,1.4,1.414418108958888,gradientboosting
4,88,train,1.28,1.280931484650629,gradientboosting
4,89,train,1.22,1.2166181371140556,gradientboosting
4,90,train,1.23,1.2062989488242073,gradientboosting
4,91,train,1.32,1.3236301075666317,gradientboosting
4,92,train,1.09,1.0816068521499804,gradientboosting
4,93,train,1.05,1.0788040341524086,gradientboosting
4,94,train,0.98,0.9958458727430123,gradientboosting
4,98,train,1.38,1.3689620689379536,gradientboosting
4,99,train,1.15,1.1924233187835973,gradientboosting
4,100,train,1.15,1.1924233187835973,gradientboosting
4,101,train,1.2,1.1260424982643729,gradientboosting
4,107,train,1.17,1.186362208721054,gradientboosting
4,108,train,1.25,1.25380165149392,gradientboosting
4,110,train,1.25,1.280931484650629,gradientboosting
4,111,train,1.12,1.1341685050433596,gradientboosting
4,112,train,0.85,0.8434228699726227,gradientboosting
4,113,train,1.1,1.103860913554727,gradientboosting
4,114,train,1.14,1.1455351416730244,gradientboosting
4,115,train,1.23,1.2349951734266438,gradientboosting
4,116,train,1.18,1.2018635372198998,gradientboosting
4,118,train,0.98,1.0264058014968345,gradientboosting
4,119,train,1.3,1.3154050384034395,gradientboosting
4,120,train,1.4,1.4048557764191318,gradientboosting
4,121,train,1.5,1.4771058626351206,gradientboosting
4,122,train,1.1,1.15705344800879,gradientboosting
4,123,train,1.15,1.15705344800879,gradientboosting
4,124,train,1.08,1.085680976326097,gradientboosting
4,125,train,1.04,1.0549036310770687,gradientboosting
4,126,train,1.25,1.2503916270817492,gradientboosting
4,127,train,1.25,1.2647383453348768,gradientboosting
4,128,train,1.39,1.4148741558926266,gradientboosting
4,129,train,1.45,1.4148741558926266,gradientboosting
4,130,train,1.0,0.9958458727430123,gradientboosting
4,131,train,1.15,1.1364796605903584,gradientboosting
4,132,train,1.25,1.2624264712776734,gradientboosting
4,133,train,1.04,1.0565582477558002,gradientboosting
4,134,train,1.25,1.2384209020014965,gradientboosting
4,135,train,1.3,1.3381598358075204,gradientboosting
4,136,train,1.2,1.2369467302351802,gradientboosting
4,137,train,1.3,1.2833849796297607,gradientboosting
4,138,train,1.2,1.1992416631193241,gradientboosting
4,139,train,0.8,0.8455439782654521,gradientboosting
4,140,train,0.83,0.8455439782654521,gradientboosting
4,141,train,0.96,0.9072472833979534,gradientboosting
4,142,train,1.18,1.15705344800879,gradientboosting
4,143,train,1.41,1.4059632050218462,gradientboosting
4,145,train,1.1,1.1179511715094206,gradientboosting
4,146,train,0.89,0.8912786391685444,gradientboosting
4,147,train,0.998,1.0058049641742177,gradientboosting
4,148,train,0.94,0.9310041821282659,gradientboosting
4,150,train,1.18,1.187854619726546,gradientboosting
4,151,train,1.25,1.251124821653682,gradientboosting
4,152,train,1.25,1.2446342654612286,gradientboosting
4,153,train,1.24,1.2388744036034536,gradientboosting
4,154,train,1.36,1.3381598358075204,gradientboosting
4,155,train,1.3,1.3093018220726482,gradientboosting
4,156,train,1.35,1.3241761475855767,gradientboosting
4,157,train,1.3,1.2984946461292033,gradientboosting
4,158,train,0.86,0.8591501967394642,gradientboosting
4,159,train,0.77,0.7949669908096496,gradientboosting
4,160,train,1.29,1.3381598358075204,gradientboosting
4,162,train,1.4,1.3381598358075204,gradientboosting
4,166,train,1.3,1.3180056027222273,gradientboosting
4,167,train,1.01,0.999688238960958,gradientboosting
4,168,train,1.4,1.385907323377532,gradientboosting
4,172,train,0.94,0.9237899069590076,gradientboosting
4,173,train,1.25,1.2411599044030914,gradientboosting
4,174,train,0.95,0.9390934239924503,gradientboosting
4,175,train,1.0,1.0264058014968345,gradientboosting
4,176,train,1.35,1.3236301075666317,gradientboosting
4,177,train,1.25,1.2571047299890976,gradientboosting
4,178,train,1.1,1.0946227942290163,gradientboosting
4,179,train,1.3,1.3016084412849924,gradientboosting
4,180,train,1.45,1.414418108958888,gradientboosting
4,181,train,1.25,1.2517425960046973,gradientboosting
4,182,train,1.4,1.4168224325363046,gradientboosting
4,183,train,1.45,1.449742728070097,gradientboosting
4,184,train,1.2,1.1923317420738884,gradientboosting
4,185,train,1.4,1.3942892568950127,gradientboosting
4,186,train,1.38,1.3887574764932085,gradientboosting
4,187,train,1.2,1.209454685252981,gradientboosting
4,188,train,1.3,1.2675315342647617,gradientboosting
4,189,train,1.3,1.2808698281649649,gradientboosting
4,190,train,1.25,1.2623473654363249,gradientboosting
4,191,train,1.25,1.2478462054549113,gradientboosting
4,192,train,0.95,0.9417894877021584,gradientboosting
4,193,train,1.22,1.2679999639244444,gradientboosting
4,194,train,1.32,1.2679999639244444,gradientboosting
4,196,train,1.11,1.1260424982643729,gradientboosting
4,2,test,1.27,1.2806222779697356,gradientboosting
4,12,test,1.25,1.3461695925581336,gradientboosting
4,13,test,0.98,1.016353177620163,gradientboosting
4,32,test,1.35,1.3561577845061557,gradientboosting
4,41,test,1.4,1.404529119002406,gradientboosting
4,42,test,1.25,1.2496434457841392,gradientboosting
4,46,test,1.0,0.9839916620123637,gradientboosting
4,48,test,0.92,0.992522293171923,gradientboosting
4,57,test,0.99,1.0163809626715319,gradientboosting
4,58,test,1.11,1.1382564449899042,gradientboosting
4,61,test,1.04,0.9932277887735931,gradientboosting
4,62,test,1.1,1.1365919212346323,gradientboosting
4,63,test,1.11,1.1382564449899042,gradientboosting
4,64,test,1.0,1.015477538956836,gradientboosting
4,65,test,1.11,1.0778922399936037,gradientboosting
4,71,test,1.4,1.414418108958888,gradientboosting
4,75,test,0.98,0.9653802518375271,gradientboosting
4,76,test,1.04,1.1193950486524615,gradientboosting
4,80,test,1.2,1.1710407905098543,gradientboosting
4,81,test,1.25,1.1710407905098543,gradientboosting
4,82,test,1.25,1.1710407905098543,gradientboosting
4,84,test,1.05,1.1136946524310993,gradientboosting
4,95,test,0.95,0.9619772917021601,gradientboosting
4,96,test,1.2,1.2000038482930406,gradientboosting
4,97,test,1.25,1.2058585368420274,gradientboosting
4,102,test,1.2,1.15705344800879,gradientboosting
4,103,test,1.15,1.118747318315413,gradientboosting
4,104,test,1.1,1.15705344800879,gradientboosting
4,105,test,1.08,1.118747318315413,gradientboosting
4,106,test,1.2,1.27284573733129,gradientboosting
4,109,test,1.2,1.2362720028628211,gradientboosting
4,117,test,1.42,1.376838191338238,gradientboosting
4,144,test,1.1,1.1064745322753313,gradientboosting
4,149,test,1.15,1.1222819832536477,gradientboosting
4,161,test,1.1,1.0788040341524086,gradientboosting
4,163,test,1.08,1.028218738678426,gradientboosting
4,164,test,1.1,1.0424838822004812,gradientboosting
4,165,test,1.2,1.1260424982643729,gradientboosting
4,169,test,1.4,1.4102160280122789,gradientboosting
4,170,test,1.28,1.3637010710147495,gradientboosting
4,171,test,1.3,1.3637010710147495,gradientboosting
4,195,test,0.84,0.8455439782654521,gradientboosting
4,197,test,1.05,1.1775117805582456,gradientboosting
4,198,test,1.17,1.2110183681157523,gradientboosting
4,199,test,1.12,1.0379814828299516,gradientboosting
0,0,train,1.3,1.2758197468331067,lasso
0,1,train,1.5,1.329821531004382,lasso
0,2,train,1.27,1.2204704475555543,lasso
0,3,train,1.1,1.1758208117064692,lasso
0,4,train,1.4,1.374518188866361,lasso
0,5,train,1.24,1.2252467384177912,lasso
0,6,train,1.35,1.1716905330730745,lasso
0,7,train,1.25,1.1415924787956844,lasso
0,8,train,1.0,0.9905472118335938,lasso
0,11,train,0.97,1.0234764734298385,lasso
0,12,train,1.25,1.263953370417857,lasso
0,13,train,0.98,1.1517061482452378,lasso
0,15,train,1.012,1.0234764734298385,lasso
0,16,train,0.82,1.0244005244319228,lasso
0,17,train,1.35,1.2933412565028657,lasso
0,18,train,1.4,1.3406757956810764,lasso
0,19,train,0.95,1.0472738052985713,lasso
0,20,train,1.4,1.2765491129189668,lasso
0,21,train,1.3,1.2765491129189668,lasso
0,22,train,1.15,1.175589798955948,lasso
0,23,train,1.2,1.175589798955948,lasso
0,24,train,1.15,1.175589798955948,lasso
0,25,train,1.2,1.1440283406811422,lasso
0,26,train,1.5,1.3739042376619175,lasso
0,30,train,1.15,1.189923455957031,lasso
0,31,train,1.2,1.190154468707552,lasso
0,32,train,1.35,1.3128536202709133,lasso
0,35,train,1.21,1.22501572566727,lasso
0,36,train,1.0,1.033502779883617,lasso
0,37,train,0.84,0.9940203490874054,lasso
0,38,train,1.3,1.3123915947698712,lasso
0,39,train,0.9,1.0244005244319228,lasso
0,40,train,1.15,1.2252467384177912,lasso
0,41,train,1.4,1.3409068084315976,lasso
0,42,train,1.25,1.3206824857694668,lasso
0,43,train,1.35,1.3123915947698712,lasso
0,44,train,1.1,1.0159254301332963,lasso
0,45,train,1.3,1.277011138420009,lasso
0,46,train,1.0,0.97421509865059,lasso
0,48,train,0.92,0.9897894802901973,lasso
0,49,train,1.33,1.3157926875626573,lasso
0,52,train,1.1,1.1013686290627271,lasso
0,53,train,1.1,1.080810989511829,lasso
0,54,train,1.15,1.080810989511829,lasso
0,55,train,1.29,1.22501572566727,lasso
0,56,train,1.08,1.0472738052985713,lasso
0,57,train,0.99,1.013589150462278,lasso
0,58,train,1.11,1.1309329572447848,lasso
0,59,train,1.0,1.0347559537385167,lasso
0,61,train,1.04,1.0234764734298385,lasso
0,62,train,1.1,1.1648680751789686,lasso
0,63,train,1.11,1.1309329572447848,lasso
0,64,train,1.0,1.126094280814962,lasso
0,65,train,1.11,1.0772343767581611,lasso
0,69,train,1.06,1.0239384989308806,lasso
0,70,train,1.34,1.374518188866361,lasso
0,71,train,1.4,1.3378140250690003,lasso
0,72,train,1.3,1.3150996493110942,lasso
0,73,train,1.25,1.1627254282701118,lasso
0,74,train,1.18,1.1309329572447848,lasso
0,75,train,0.98,1.0115361537460867,lasso
0,76,train,1.04,1.1657921261810529,lasso
0,77,train,1.29,1.3300011580381372,lasso
0,78,train,1.41,1.2765491129189668,lasso
0,79,train,1.01,1.0668513174911407,lasso
0,80,train,1.2,1.1759132168066777,lasso
0,81,train,1.25,1.1759132168066777,lasso
0,82,train,1.25,1.1759132168066777,lasso
0,83,train,1.17,1.2252467384177912,lasso
0,84,train,1.05,1.1650990879294896,lasso
0,85,train,1.35,1.3378140250690003,lasso
0,86,train,1.5,1.3378140250690003,lasso
0,87,train,1.4,1.3378140250690003,lasso
0,88,train,1.28,1.3150996493110942,lasso
0,89,train,1.22,1.1764293654586038,lasso
0,90,train,1.23,1.143797327930621,lasso
0,92,train,1.09,0.9656569707482606,lasso
0,93,train,1.05,1.1765138499580323,lasso
0,94,train,0.98,1.151937160995759,lasso
0,95,train,0.95,1.0590623644113606,lasso
0,96,train,1.2,1.22501572566727,lasso
0,97,train,1.25,1.22501572566727,lasso
0,98,train,1.38,1.3297701452876163,lasso
0,99,train,1.15,1.2252467384177912,lasso
0,100,train,1.15,1.2252467384177912,lasso
0,101,train,1.2,1.1758208117064692,lasso
0,102,train,1.2,1.1440283406811422,lasso
0,103,train,1.15,1.080810989511829,lasso
0,104,train,1.1,1.1440283406811422,lasso
0,105,train,1.08,1.080810989511829,lasso
0,106,train,1.2,1.1790191545050537,lasso
0,107,train,1.17,1.176967625167318,lasso
0,109,train,1.2,1.1376117610854437,lasso
0,110,train,1.25,1.3150996493110942,lasso
0,111,train,1.12,1.067212044383889,lasso
0,112,train,0.85,1.0234129449234453,lasso
0,113,train,1.1,1.1756078179504887,lasso
0,114,train,1.14,1.177353416460688,lasso
0,115,train,1.23,1.2587849976301342,lasso
0,116,train,1.18,1.3148176828642568,lasso
0,117,train,1.42,1.3759042653694873,lasso
0,118,train,0.98,1.131163969995306,lasso
0,119,train,1.3,1.2212789921823781,lasso
0,120,train,1.4,1.3770335070844755,lasso
0,121,train,1.5,1.3415998466831607,lasso
0,122,train,1.1,1.1440283406811422,lasso
0,123,train,1.15,1.1440283406811422,lasso
0,124,train,1.08,1.080579976761308,lasso
0,125,train,1.04,1.034409434612735,lasso
0,126,train,1.25,1.180092713018124,lasso
0,127,train,1.25,1.2926482182513026,lasso
0,128,train,1.39,1.3131046679342286,lasso
0,129,train,1.45,1.3131046679342286,lasso
0,130,train,1.0,1.151937160995759,lasso
0,131,train,1.15,1.067212044383889,lasso
0,132,train,1.25,1.2562973936996165,lasso
0,135,train,1.3,1.302143751154437,lasso
0,136,train,1.2,1.1627254282701118,lasso
0,137,train,1.3,1.2237825621773217,lasso
0,138,train,1.2,1.1511897359472956,lasso
0,143,train,1.41,1.3020282447791764,lasso
0,144,train,1.1,1.0360583466663271,lasso
0,146,train,0.89,1.0472738052985713,lasso
0,148,train,0.94,1.0234764734298385,lasso
0,149,train,1.15,1.1318570082468693,lasso
0,152,train,1.25,1.162956441020633,lasso
0,153,train,1.24,1.143797327930621,lasso
0,158,train,0.86,1.0086273040103295,lasso
0,159,train,0.77,1.0234764734298385,lasso
0,160,train,1.29,1.302143751154437,lasso
0,161,train,1.1,1.1765138499580323,lasso
0,162,train,1.4,1.302143751154437,lasso
0,163,train,1.08,1.1650990879294896,lasso
0,164,train,1.1,1.1657921261810529,lasso
0,165,train,1.2,1.1758208117064692,lasso
0,169,train,1.4,1.3131046679342286,lasso
0,170,train,1.28,1.2765491129189668,lasso
0,171,train,1.3,1.2765491129189668,lasso
0,173,train,1.25,1.2250157256672702,lasso
0,174,train,0.95,0.9811559784015692,lasso
0,175,train,1.0,1.131163969995306,lasso
0,176,train,1.35,1.3150996493110942,lasso
0,177,train,1.25,1.159784602865715,lasso
0,179,train,1.3,1.2786688001690651,lasso
0,180,train,1.45,1.3378140250690003,lasso
0,181,train,1.25,1.2287879618036248,lasso
0,182,train,1.4,1.3763404688329122,lasso
0,183,train,1.45,1.3768024943339543,lasso
0,184,train,1.2,1.0463417869072742,lasso
0,186,train,1.38,1.3385070633205636,lasso
0,188,train,1.3,1.1627254282701118,lasso
0,189,train,1.3,1.3204514730189456,lasso
0,190,train,1.25,1.3204514730189456,lasso
0,191,train,1.25,1.331094195315503,lasso
0,192,train,0.95,0.9818490166531324,lasso
0,195,train,0.84,1.0244005244319228,lasso
0,196,train,1.11,1.1758208117064692,lasso
0,197,train,1.05,1.081096974157287,lasso
0,198,train,1.17,1.162956441020633,lasso
0,199,train,1.12,1.1276538428386984,lasso
0,9,test,1.35,1.5199047095236957,lasso
0,10,test,1.4,1.5199047095236957,lasso
0,14,test,1.25,1.2609380596688105,lasso
0,27,test,1.05,1.0359042611617295,lasso
0,28,test,1.3,1.162956441020633,lasso
0,29,test,1.05,1.0814356711522084,lasso
0,33,test,1.45,1.3770335070844755,lasso
0,34,test,1.15,1.0815040277633923,lasso
0,47,test,1.0,0.9742150986505899,lasso
0,50,test,1.21,1.066432918388583,lasso
0,51,test,1.1,1.080810989511829,lasso
0,60,test,1.15,1.1440283406811422,lasso
0,66,test,1.2,1.1764293654586038,lasso
0,67,test,1.03,1.0038640376841743,lasso
0,68,test,1.38,1.3297701452876163,lasso
0,91,test,1.32,1.3150996493110942,lasso
0,108,test,1.25,1.3204514730189456,lasso
0,133,test,1.04,1.131163969995306,lasso
0,134,test,1.25,1.3206824857694668,lasso
0,139,test,0.8,1.0244005244319228,lasso
0,140,test,0.83,1.0244005244319228,lasso
0,141,test,0.96,0.9940203490874053,lasso
0,142,test,1.18,1.1440283406811422,lasso
0,145,test,1.1,1.1758208117064692,lasso
0,147,test,0.998,0.9947133873389686,lasso
0,150,test,1.18,1.2511636492763938,lasso
0,151,test,1.25,1.3204514730189456,lasso
0,154,test,1.36,1.302143751154437,lasso
0,155,test,1.3,1.2174931705682177,lasso
0,156,test,1.35,1.220585953930815,lasso
0,157,test,1.3,1.218186208819781,lasso
0,166,test,1.3,1.3153306620616152,lasso
0,167,test,1.01,1.0481978563006555,lasso
0,168,test,1.4,1.3292671004031313,lasso
0,172,test,0.94,0.9941358554626659,lasso
0,178,test,1.1,1.1765138499580323,lasso
0,185,test,1.4,1.3301911514052156,lasso
0,187,test,1.2,1.1713671152223448,lasso
0,193,test,1.22,1.1315415190856983,lasso
0,194,test,1.32,1.1315415190856983,lasso
1,0,train,1.3,1.2746475573116411,lasso
1,1,train,1.5,1.3201841620031496,lasso
1,2,train,1.27,1.223198964992748,lasso
1,3,train,1.1,1.1811864126906408,lasso
1,4,train,1.4,1.3675100757643035,lasso
1,5,train,1.24,1.2308819667134767,lasso
1,6,train,1.35,1.1768411107274974,lasso
1,7,train,1.25,1.1617503254417023,lasso
1,9,train,1.35,1.5025103969544051,lasso
1,10,train,1.4,1.5025103969544051,lasso
1,12,train,1.25,1.268305329829231,lasso
1,13,train,0.98,1.1400803005319,lasso
1,14,train,1.25,1.2359869344408354,lasso
1,16,train,0.82,1.0327624256124666,lasso
1,17,train,1.35,1.316791324248872,lasso
1,18,train,1.4,1.313797834743562,lasso
1,19,train,0.95,1.0365571426700924,lasso
1,20,train,1.4,1.275616918965354,lasso
1,21,train,1.3,1.275616918965354,lasso
1,26,train,1.5,1.3743038114543662,lasso
1,27,train,1.05,1.03323676524467,lasso
1,28,train,1.3,1.169842460774053,lasso
1,29,train,1.05,1.0883230855098298,lasso
1,32,train,1.35,1.3192307852144884,lasso
1,33,train,1.45,1.3682001402837107,lasso
1,34,train,1.15,1.0816134217067717,lasso
1,35,train,1.21,1.2308819667134767,lasso
1,36,train,1.0,1.0338908322359828,lasso
1,37,train,0.84,0.9953665380853639,lasso
1,40,train,1.15,1.2308819667134767,lasso
1,41,train,1.4,1.313797834743562,lasso
1,42,train,1.25,1.2960115626866207,lasso
1,43,train,1.35,1.3192307852144884,lasso
1,44,train,1.1,1.0149172469478542,lasso
1,45,train,1.3,1.275616918965354,lasso
1,46,train,1.0,0.9931951911228586,lasso
1,47,train,1.0,0.9931951911228586,lasso
1,48,train,0.92,1.0024092942445975,lasso
1,49,train,1.33,1.3070303954744595,lasso
1,50,train,1.21,1.0830383080808645,lasso
1,51,train,1.1,1.0816134217067717,lasso
1,52,train,1.1,1.1091804616340906,lasso
1,56,train,1.08,1.0365571426700924,lasso
1,57,train,0.99,1.0095599828907982,lasso
1,58,train,1.11,1.1120173434466927,lasso
1,59,train,1.0,1.0252131907535043,lasso
1,60,train,1.15,1.1233612953632806,lasso
1,61,train,1.04,1.0327624256124666,lasso
1,62,train,1.1,1.164338362182924,lasso
1,63,train,1.11,1.1120173434466927,lasso
1,64,train,1.0,1.1256981229683596,lasso
1,65,train,1.11,1.1112515526687254,lasso
1,66,train,1.2,1.17387249948741,lasso
1,67,train,1.03,1.0082723958293478,lasso
1,68,train,1.38,1.3266507930011258,lasso
1,69,train,1.06,1.0327624256124666,lasso
1,70,train,1.34,1.3675100757643035,lasso
1,71,train,1.4,1.3113432009773551,lasso
1,72,train,1.3,1.3070303954744595,lasso
1,73,train,1.25,1.169842460774053,lasso
1,74,train,1.18,1.1120173434466927,lasso
1,75,train,0.98,1.0214184736958787,lasso
1,76,train,1.04,1.164338362182924,lasso
1,77,train,1.29,1.3266507930011258,lasso
1,78,train,1.41,1.275616918965354,lasso
1,80,train,1.2,1.1811864126906408,lasso
1,81,train,1.25,1.1811864126906408,lasso
1,82,train,1.25,1.1811864126906408,lasso
1,83,train,1.17,1.2308819667134767,lasso
1,84,train,1.05,1.164338362182924,lasso
1,90,train,1.23,1.1233612953632806,lasso
1,91,train,1.32,1.3070303954744595,lasso
1,92,train,1.09,0.9965833313528816,lasso
1,94,train,0.98,1.1400803005319,lasso
1,95,train,0.95,1.0498386523717822,lasso
1,96,train,1.2,1.2308819667134767,lasso
1,97,train,1.25,1.2308819667134767,lasso
1,98,train,1.38,1.3266507930011258,lasso
1,99,train,1.15,1.2308819667134767,lasso
1,100,train,1.15,1.2308819667134767,lasso
1,101,train,1.2,1.1811864126906408,lasso
1,102,train,1.2,1.1233612953632806,lasso
1,103,train,1.15,1.0816134217067717,lasso
1,104,train,1.1,1.1233612953632806,lasso
1,105,train,1.08,1.0816134217067717,lasso
1,106,train,1.2,1.2101086733685382,lasso
1,107,train,1.17,1.17387249948741,lasso
1,108,train,1.25,1.2960115626866207,lasso
1,109,train,1.2,1.1726829228397784,lasso
1,111,train,1.12,1.0746677535523375,lasso
1,112,train,0.85,1.0327624256124666,lasso
1,115,train,1.23,1.2434953891212648,lasso
1,116,train,1.18,1.2900277904268147,lasso
1,117,train,1.42,1.3675100757643035,lasso
1,118,train,0.98,1.1120173434466927,lasso
1,119,train,1.3,1.223198964992748,lasso
1,120,train,1.4,1.3682001402837107,lasso
1,121,train,1.5,1.313797834743562,lasso
1,122,train,1.1,1.1233612953632806,lasso
1,123,train,1.15,1.1233612953632806,lasso
1,124,train,1.08,1.0816134217067717,lasso
1,126,train,1.25,1.1718130826077575,lasso
1,127,train,1.25,1.316791324248872,lasso
1,128,train,1.39,1.3173334266856755,lasso
1,129,train,1.45,1.3173334266856755,lasso
1,130,train,1.0,1.1400803005319,lasso
1,132,train,1.25,1.2571647537247226,lasso
1,133,train,1.04,1.1120173434466927,lasso
1,134,train,1.25,1.2960115626866207,lasso
1,137,train,1.3,1.2472220079002836,lasso
1,139,train,0.8,1.0327624256124666,lasso
1,140,train,0.83,1.0327624256124666,lasso
1,141,train,0.96,0.9953665380853639,lasso
1,142,train,1.18,1.1233612953632806,lasso
1,144,train,1.1,1.03323676524467,lasso
1,145,train,1.1,1.1811864126906408,lasso
1,146,train,0.89,1.0365571426700924,lasso
1,147,train,0.998,0.9953665380853639,lasso
1,148,train,0.94,1.0327624256124666,lasso
1,149,train,1.15,1.1120173434466927,lasso
1,150,train,1.18,1.2340085964772005,lasso
1,151,train,1.25,1.2960115626866207,lasso
1,152,train,1.25,1.169842460774053,lasso
1,154,train,1.36,1.301297858076849,lasso
1,155,train,1.3,1.220744331226541,lasso
1,156,train,1.35,1.223198964992748,lasso
1,157,train,1.3,1.220744331226541,lasso
1,158,train,0.86,1.0152118592209476,lasso
1,159,train,0.77,1.0327624256124666,lasso
1,160,train,1.29,1.301297858076849,lasso
1,161,train,1.1,1.1811864126906408,lasso
1,162,train,1.4,1.301297858076849,lasso
1,163,train,1.08,1.164338362182924,lasso
1,164,train,1.1,1.164338362182924,lasso
1,165,train,1.2,1.1811864126906408,lasso
1,166,train,1.3,1.3070303954744595,lasso
1,167,train,1.01,1.0365571426700924,lasso
1,168,train,1.4,1.3201841620031496,lasso
1,169,train,1.4,1.3173334266856755,lasso
1,170,train,1.28,1.275616918965354,lasso
1,171,train,1.3,1.275616918965354,lasso
1,172,train,0.94,0.9953665380853639,lasso
1,176,train,1.35,1.3070303954744595,lasso
1,177,train,1.25,1.1919953221509094,lasso
1,178,train,1.1,1.1811864126906408,lasso
1,179,train,1.3,1.275250997983665,lasso
1,180,train,1.45,1.3113432009773551,lasso
1,184,train,1.2,1.0499046473557303,lasso
1,185,train,1.4,1.3201841620031498,lasso
1,186,train,1.38,1.3113432009773551,lasso
1,187,train,1.2,1.1768411107274974,lasso
1,192,train,0.95,0.9840225861687759,lasso
1,193,train,1.22,1.1825085295068452,lasso
1,194,train,1.32,1.1825085295068452,lasso
1,195,train,0.84,1.0327624256124666,lasso
1,196,train,1.11,1.1811864126906408,lasso
1,197,train,1.05,1.090322790258301,lasso
1,198,train,1.17,1.169842460774053,lasso
1,199,train,1.12,1.1179218919891256,lasso
1,8,test,1.0,1.0020043557209184,lasso
1,11,test,0.97,1.0327624256124666,lasso
1,15,test,1.012,1.0327624256124666,lasso
1,22,test,1.15,1.1811864126906408,lasso
1,23,test,1.2,1.1811864126906408,lasso
1,24,test,1.15,1.1811864126906408,lasso
1,25,test,1.2,1.1233612953632806,lasso
1,30,test,1.15,1.1876357167990776,lasso
1,31,test,1.2,1.1876357167990776,lasso
1,38,test,1.3,1.3192307852144884,lasso
1,39,test,0.9,1.0327624256124666,lasso
1,53,test,1.1,1.0816134217067717,lasso
1,54,test,1.15,1.0816134217067717,lasso
1,55,test,1.29,1.2308819667134767,lasso
1,79,test,1.01,1.069038798021499,lasso
1,85,test,1.35,1.3113432009773551,lasso
1,86,test,1.5,1.3113432009773551,lasso
1,87,test,1.4,1.3113432009773551,lasso
1,88,test,1.28,1.3070303954744595,lasso
1,89,test,1.22,1.17387249948741,lasso
1,93,test,1.05,1.1811864126906408,lasso
1,110,test,1.25,1.3070303954744595,lasso
1,113,test,1.1,1.1811864126906408,lasso
1,114,test,1.14,1.17387249948741,lasso
1,125,test,1.04,1.0252131907535043,lasso
1,131,test,1.15,1.0746677535523375,lasso
1,135,test,1.3,1.301297858076849,lasso
1,136,test,1.2,1.169842460774053,lasso
1,138,test,1.2,1.1233612953632806,lasso
1,143,test,1.41,1.301297858076849,lasso
1,153,test,1.24,1.1233612953632806,lasso
1,173,test,1.25,1.2308819667134767,lasso
1,174,test,0.95,0.9840225861687759,lasso
1,175,test,1.0,1.1120173434466927,lasso
1,181,test,1.25,1.2312980842931822,lasso
1,182,test,1.4,1.3682001402837107,lasso
1,183,test,1.45,1.3682001402837107,lasso
1,188,test,1.3,1.169842460774053,lasso
1,189,test,1.3,1.2960115626866207,lasso
1,190,test,1.25,1.2960115626866207,lasso
1,191,test,1.25,1.3403524742932231,lasso
2,2,train,1.27,1.1996400443855584,lasso
2,6,train,1.35,1.173634368928307,lasso
2,7,train,1.25,1.1513216090285114,lasso
2,8,train,1.0,1.000926520174578,lasso
2,9,train,1.35,1.4651749113027324,lasso
2,10,train,1.4,1.4651749113027324,lasso
2,11,train,0.97,1.0134002264101514,lasso
2,12,train,1.25,1.2571665763017452,lasso
2,13,train,0.98,1.1763994297838756,lasso
2,14,train,1.25,1.2683120568282396,lasso
2,15,train,1.012,1.0134002264101516,lasso
2,16,train,0.82,1.0134002264101514,lasso
2,18,train,1.4,1.3293318513910488,lasso
2,19,train,0.95,1.0451396983767498,lasso
2,22,train,1.15,1.1796933632127182,lasso
2,23,train,1.2,1.1796933632127182,lasso
2,24,train,1.15,1.1796933632127182,lasso
2,25,train,1.2,1.1430920334156423,lasso
2,26,train,1.5,1.3727207430531958,lasso
2,27,train,1.05,1.03434623654539,lasso
2,28,train,1.3,1.175873402451654,lasso
2,29,train,1.05,1.0743921237819698,lasso
2,30,train,1.15,1.2048423278207592,lasso
2,31,train,1.2,1.2048423278207592,lasso
2,32,train,1.35,1.3139670093565374,lasso
2,33,train,1.45,1.3523892616758382,lasso
2,34,train,1.15,1.0799100211304233,lasso
2,35,train,1.21,1.218939827290336,lasso
2,37,train,0.84,0.9945778694424333,lasso
2,38,train,1.3,1.3139670093565374,lasso
2,39,train,0.9,1.0134002264101516,lasso
2,40,train,1.15,1.218939827290336,lasso
2,41,train,1.4,1.329331851391049,lasso
2,42,train,1.25,1.311776337542786,lasso
2,46,train,1.0,0.975551429431305,lasso
2,47,train,1.0,0.975551429431305,lasso
2,48,train,0.92,0.9772096183836533,lasso
2,49,train,1.33,1.2752761801657784,lasso
2,50,train,1.21,1.0859418934197897,lasso
2,51,train,1.1,1.0799100211304233,lasso
2,53,train,1.1,1.0799100211304233,lasso
2,54,train,1.15,1.0799100211304233,lasso
2,55,train,1.29,1.218939827290336,lasso
2,57,train,0.99,1.0218062739110823,lasso
2,58,train,1.11,1.1392720726545777,lasso
2,59,train,1.0,1.0413197376156855,lasso
2,60,train,1.15,1.1430920334156423,lasso
2,61,train,1.04,1.0134002264101514,lasso
2,62,train,1.1,1.1598290164808807,lasso
2,63,train,1.11,1.1392720726545777,lasso
2,64,train,1.0,1.1272792241142955,lasso
2,65,train,1.11,1.1448813658261203,lasso
2,66,train,1.2,1.1614746585823916,lasso
2,67,train,1.03,1.0207615040093743,lasso
2,68,train,1.38,1.3417373507204096,lasso
2,70,train,1.34,1.3589686019209366,lasso
2,71,train,1.4,1.3337912309430828,lasso
2,73,train,1.25,1.175873402451654,lasso
2,74,train,1.18,1.1392720726545777,lasso
2,75,train,0.98,1.009580265649087,lasso
2,76,train,1.04,1.1598290164808807,lasso
2,79,train,1.01,1.0085870337583331,lasso
2,80,train,1.2,1.1796933632127182,lasso
2,81,train,1.25,1.1796933632127182,lasso
2,82,train,1.25,1.1796933632127182,lasso
2,83,train,1.17,1.218939827290336,lasso
2,84,train,1.05,1.1598290164808807,lasso
2,85,train,1.35,1.3337912309430828,lasso
2,86,train,1.5,1.3337912309430828,lasso
2,87,train,1.4,1.3337912309430828,lasso
2,88,train,1.28,1.2752761801657784,lasso
2,89,train,1.22,1.1614746585823916,lasso
2,90,train,1.23,1.1430920334156423,lasso
2,91,train,1.32,1.2752761801657784,lasso
2,93,train,1.05,1.1796933632127182,lasso
2,94,train,0.98,1.1763994297838756,lasso
2,95,train,0.95,1.0447468603453154,lasso
2,96,train,1.2,1.218939827290336,lasso
2,97,train,1.25,1.218939827290336,lasso
2,99,train,1.15,1.218939827290336,lasso
2,100,train,1.15,1.218939827290336,lasso
2,101,train,1.2,1.1796933632127182,lasso
2,102,train,1.2,1.1430920334156423,lasso
2,103,train,1.15,1.0799100211304233,lasso
2,104,train,1.1,1.1430920334156423,lasso
2,105,train,1.08,1.0799100211304233,lasso
2,106,train,1.2,1.190639170088035,lasso
2,108,train,1.25,1.311776337542786,lasso
2,109,train,1.2,1.1881203519015662,lasso
2,110,train,1.25,1.2752761801657784,lasso
2,113,train,1.1,1.1796933632127182,lasso
2,114,train,1.14,1.1614746585823916,lasso
2,117,train,1.42,1.3589686019209366,lasso
2,122,train,1.1,1.1430920334156423,lasso
2,123,train,1.15,1.1430920334156423,lasso
2,125,train,1.04,1.0413197376156855,lasso
2,126,train,1.25,1.2031149356348103,lasso
2,127,train,1.25,1.2900209712528579,lasso
2,128,train,1.39,1.3200915473896926,lasso
2,129,train,1.45,1.3200915473896926,lasso
2,131,train,1.15,1.0596726329632002,lasso
2,133,train,1.04,1.1392720726545777,lasso
2,134,train,1.25,1.3117763375427862,lasso
2,135,train,1.3,1.3195290741314945,lasso
2,136,train,1.2,1.175873402451654,lasso
2,138,train,1.2,1.1430920334156423,lasso
2,139,train,0.8,1.0134002264101514,lasso
2,140,train,0.83,1.0134002264101514,lasso
2,141,train,0.96,0.9945778694424333,lasso
2,142,train,1.18,1.1430920334156423,lasso
2,143,train,1.41,1.3195290741314945,lasso
2,144,train,1.1,1.03434623654539,lasso
2,145,train,1.1,1.1796933632127182,lasso
2,147,train,0.998,0.9945778694424333,lasso
2,148,train,0.94,1.0134002264101514,lasso
2,149,train,1.15,1.1392720726545777,lasso
2,150,train,1.18,1.2472516039964714,lasso
2,151,train,1.25,1.311776337542786,lasso
2,153,train,1.24,1.1430920334156423,lasso
2,154,train,1.36,1.3195290741314945,lasso
2,155,train,1.3,1.2040994239375922,lasso
2,156,train,1.35,1.1996400443855584,lasso
2,157,train,1.3,1.2040994239375922,lasso
2,158,train,0.86,0.9872792624610216,lasso
2,159,train,0.77,1.0134002264101514,lasso
2,160,train,1.29,1.3195290741314945,lasso
2,161,train,1.1,1.1796933632127182,lasso
2,162,train,1.4,1.3195290741314945,lasso
2,163,train,1.08,1.1598290164808807,lasso
2,164,train,1.1,1.1598290164808807,lasso
2,165,train,1.2,1.1796933632127182,lasso
2,166,train,1.3,1.2752761801657784,lasso
2,167,train,1.01,1.0451396983767498,lasso
2,168,train,1.4,1.2812704595863962,lasso
2,169,train,1.4,1.3200915473896926,lasso
2,170,train,1.28,1.1948882871947444,lasso
2,171,train,1.3,1.1948882871947444,lasso
2,172,train,0.94,0.9945778694424333,lasso
2,173,train,1.25,1.218939827290336,lasso
2,174,train,0.95,0.9907579086813689,lasso
2,175,train,1.0,1.1392720726545777,lasso
2,176,train,1.35,1.2752761801657784,lasso
2,177,train,1.25,1.1918534886464374,lasso
2,178,train,1.1,1.1796933632127182,lasso
2,179,train,1.3,1.2774039644689683,lasso
2,180,train,1.45,1.3337912309430828,lasso
2,181,train,1.25,1.2160684306397944,lasso
2,182,train,1.4,1.3523892616758382,lasso
2,183,train,1.45,1.3523892616758382,lasso
2,185,train,1.4,1.2812704595863962,lasso
2,186,train,1.38,1.3337912309430828,lasso
2,187,train,1.2,1.173634368928307,lasso
2,188,train,1.3,1.175873402451654,lasso
2,189,train,1.3,1.311776337542786,lasso
2,190,train,1.25,1.311776337542786,lasso
2,191,train,1.25,1.3099478758066931,lasso
2,193,train,1.22,1.1691590473917555,lasso
2,194,train,1.32,1.1691590473917555,lasso
2,195,train,0.84,1.0134002264101514,lasso
2,196,train,1.11,1.1796933632127182,lasso
2,197,train,1.05,1.1063804837532263,lasso
2,198,train,1.17,1.175873402451654,lasso
2,199,train,1.12,1.121073640958514,lasso
2,0,test,1.3,1.1947046931308105,lasso
2,1,test,1.5,1.2812704595863962,lasso
2,3,test,1.1,1.1796933632127182,lasso
2,4,test,1.4,1.3589686019209366,lasso
2,5,test,1.24,1.218939827290336,lasso
2,17,test,1.35,1.2900209712528579,lasso
2,20,test,1.4,1.1948882871947444,lasso
2,21,test,1.3,1.1948882871947444,lasso
2,36,test,1.0,0.9497880232548057,lasso
2,43,test,1.35,1.3139670093565374,lasso
2,44,test,1.1,0.9530603699141176,lasso
2,45,test,1.3,1.1948882871947444,lasso
2,52,test,1.1,1.1028069258111295,lasso
2,56,test,1.08,1.0451396983767498,lasso
2,69,test,1.06,1.0134002264101514,lasso
2,72,test,1.3,1.2752761801657784,lasso
2,77,test,1.29,1.3417373507204096,lasso
2,78,test,1.41,1.1948882871947444,lasso
2,92,test,1.09,0.968352600293098,lasso
2,98,test,1.38,1.3417373507204096,lasso
2,107,test,1.17,1.1614746585823916,lasso
2,111,test,1.12,1.0596726329632002,lasso
2,112,test,0.85,1.0134002264101514,lasso
2,115,test,1.23,1.2423947065739134,lasso
2,116,test,1.18,1.311995795708691,lasso
2,118,test,0.98,1.1392720726545777,lasso
2,119,test,1.3,1.1996400443855584,lasso
2,120,test,1.4,1.3523892616758382,lasso
2,121,test,1.5,1.3293318513910488,lasso
2,124,test,1.08,1.0799100211304233,lasso
2,130,test,1.0,1.1763994297838756,lasso
2,132,test,1.25,1.1989906161105717,lasso
2,137,test,1.3,1.2627766866242582,lasso
2,146,test,0.89,1.0451396983767498,lasso
2,152,test,1.25,1.175873402451654,lasso
2,184,test,1.2,1.028987309980693,lasso
2,192,test,0.95,0.990757908681369,lasso
3,0,train,1.3,1.2642229307069814,lasso
3,1,train,1.5,1.317068681248772,lasso
3,2,train,1.27,1.2268855895600868,lasso
3,3,train,1.1,1.177502633011804,lasso
3,4,train,1.4,1.355516501242485,lasso
3,5,train,1.24,1.22767821778286,lasso
3,8,train,1.0,1.0145191256377342,lasso
3,9,train,1.35,1.4824337124174223,lasso
3,10,train,1.4,1.4824337124174223,lasso
3,11,train,0.97,1.053121259065878,lasso
3,12,train,1.25,1.2596810040670698,lasso
3,13,train,0.98,1.1340272670074,lasso
3,14,train,1.25,1.230717127519321,lasso
3,15,train,1.012,1.053121259065878,lasso
3,17,train,1.35,1.3052674583852601,lasso
3,20,train,1.4,1.2645941827171383,lasso
3,21,train,1.3,1.2645941827171383,lasso
3,22,train,1.15,1.177502633011804,lasso
3,23,train,1.2,1.177502633011804,lasso
3,24,train,1.15,1.177502633011804,lasso
3,25,train,1.2,1.1428651889530803,lasso
3,27,train,1.05,1.0551186915147475,lasso
3,28,train,1.3,1.1631705991308638,lasso
3,29,train,1.05,1.0754862147093227,lasso
3,30,train,1.15,1.1692647941733074,lasso
3,31,train,1.2,1.1692647941733074,lasso
3,32,train,1.35,1.3068900340660963,lasso
3,33,train,1.45,1.359933048742017,lasso
3,34,train,1.15,1.086074362144748,lasso
3,36,train,1.0,1.0545744554551113,lasso
3,38,train,1.3,1.3068900340660963,lasso
3,39,train,0.9,1.053121259065878,lasso
3,41,train,1.4,1.316629519447289,lasso
3,42,train,1.25,1.3005007275201306,lasso
3,43,train,1.35,1.3068900340660963,lasso
3,44,train,1.1,1.0425197775490147,lasso
3,45,train,1.3,1.2645941827171383,lasso
3,46,train,1.0,1.0049850159820788,lasso
3,47,train,1.0,1.0049850159820788,lasso
3,48,train,0.92,1.0222703770147425,lasso
3,50,train,1.21,1.0784983075799148,lasso
3,51,train,1.1,1.086074362144748,lasso
3,52,train,1.1,1.104485494560361,lasso
3,53,train,1.1,1.086074362144748,lasso
3,54,train,1.15,1.086074362144748,lasso
3,55,train,1.29,1.22767821778286,lasso
3,56,train,1.08,1.0560410142974623,lasso
3,57,train,0.99,1.0293681786235238,lasso
3,58,train,1.11,1.1285331550721402,lasso
3,60,train,1.15,1.1428651889530803,lasso
3,61,train,1.04,1.053121259065878,lasso
3,62,train,1.1,1.1707195710498122,lasso
3,63,train,1.11,1.1285331550721402,lasso
3,64,train,1.0,1.1272792717796454,lasso
3,65,train,1.11,1.0766398325005042,lasso
3,66,train,1.2,1.1840802020463557,lasso
3,67,train,1.03,1.0118061972299937,lasso
3,68,train,1.38,1.3054132734347126,lasso
3,69,train,1.06,1.053121259065878,lasso
3,71,train,1.4,1.3112658541354703,lasso
3,72,train,1.3,1.3017652444834351,lasso
3,75,train,0.98,1.038789225184938,lasso
3,76,train,1.04,1.1707195710498122,lasso
3,77,train,1.29,1.3054132734347126,lasso
3,78,train,1.41,1.2645941827171383,lasso
3,79,train,1.01,1.0745840488148846,lasso
3,80,train,1.2,1.177502633011804,lasso
3,81,train,1.25,1.177502633011804,lasso
3,82,train,1.25,1.177502633011804,lasso
3,84,train,1.05,1.1707195710498122,lasso
3,85,train,1.35,1.3112658541354703,lasso
3,86,train,1.5,1.3112658541354703,lasso
3,87,train,1.4,1.3112658541354703,lasso
3,88,train,1.28,1.3017652444834351,lasso
3,89,train,1.22,1.1840802020463557,lasso
3,91,train,1.32,1.3017652444834351,lasso
3,92,train,1.09,1.0103480467354709,lasso
3,93,train,1.05,1.177502633011804,lasso
3,95,train,0.95,1.0659633461452949,lasso
3,96,train,1.2,1.22767821778286,lasso
3,97,train,1.25,1.22767821778286,lasso
3,98,train,1.38,1.3054132734347126,lasso
3,102,train,1.2,1.1428651889530803,lasso
3,103,train,1.15,1.086074362144748,lasso
3,104,train,1.1,1.1428651889530803,lasso
3,105,train,1.08,1.086074362144748,lasso
3,106,train,1.2,1.1955359381656294,lasso
3,107,train,1.17,1.1840802020463557,lasso
3,108,train,1.25,1.3005007275201306,lasso
3,109,train,1.2,1.1685028341668724,lasso
3,110,train,1.25,1.3017652444834351,lasso
3,111,train,1.12,1.0882447048709405,lasso
3,112,train,0.85,1.053121259065878,lasso
3,113,train,1.1,1.177502633011804,lasso
3,114,train,1.14,1.1840802020463557,lasso
3,115,train,1.23,1.2453588316126316,lasso
3,116,train,1.18,1.2932428265837386,lasso
3,117,train,1.42,1.355516501242485,lasso
3,118,train,0.98,1.1285331550721402,lasso
3,119,train,1.3,1.2268855895600868,lasso
3,120,train,1.4,1.359933048742017,lasso
3,121,train,1.5,1.316629519447289,lasso
3,124,train,1.08,1.086074362144748,lasso
3,125,train,1.04,1.0417089804165223,lasso
3,130,train,1.0,1.1340272670074,lasso
3,131,train,1.15,1.0882447048709405,lasso
3,132,train,1.25,1.2524248651108685,lasso
3,133,train,1.04,1.1285331550721402,lasso
3,134,train,1.25,1.3005007275201306,lasso
3,135,train,1.3,1.3096952802675546,lasso
3,136,train,1.2,1.1631705991308638,lasso
3,137,train,1.3,1.2403247278802512,lasso
3,138,train,1.2,1.1428651889530803,lasso
3,139,train,0.8,1.053121259065878,lasso
3,140,train,0.83,1.053121259065878,lasso
3,141,train,0.96,1.0215466908425965,lasso
3,142,train,1.18,1.1428651889530803,lasso
3,143,train,1.41,1.3096952802675546,lasso
3,144,train,1.1,1.0551186915147475,lasso
3,145,train,1.1,1.177502633011804,lasso
3,146,train,0.89,1.0560410142974623,lasso
3,147,train,0.998,1.0215466908425965,lasso
3,149,train,1.15,1.1285331550721402,lasso
3,150,train,1.18,1.2393314926595833,lasso
3,151,train,1.25,1.3005007275201306,lasso
3,152,train,1.25,1.1631705991308638,lasso
3,153,train,1.24,1.1428651889530803,lasso
3,154,train,1.36,1.3096952802675546,lasso
3,155,train,1.3,1.221521924248268,lasso
3,156,train,1.35,1.2268855895600868,lasso
3,157,train,1.3,1.221521924248268,lasso
3,161,train,1.1,1.177502633011804,lasso
3,163,train,1.08,1.1707195710498122,lasso
3,164,train,1.1,1.1707195710498122,lasso
3,165,train,1.2,1.177502633011804,lasso
3,166,train,1.3,1.3017652444834351,lasso
3,167,train,1.01,1.0560410142974623,lasso
3,168,train,1.4,1.317068681248772,lasso
3,169,train,1.4,1.3056845662754866,lasso
3,170,train,1.28,1.2645941827171383,lasso
3,171,train,1.3,1.2645941827171383,lasso
3,172,train,0.94,1.0215466908425965,lasso
3,173,train,1.25,1.22767821778286,lasso
3,174,train,0.95,1.0072146569616565,lasso
3,175,train,1.0,1.1285331550721402,lasso
3,178,train,1.1,1.177502633011804,lasso
3,181,train,1.25,1.2372459532084517,lasso
3,182,train,1.4,1.359933048742017,lasso
3,183,train,1.45,1.359933048742017,lasso
3,184,train,1.2,1.0782969402720939,lasso
3,185,train,1.4,1.317068681248772,lasso
3,187,train,1.2,1.1651525187184424,lasso
3,188,train,1.3,1.1631705991308638,lasso
3,189,train,1.3,1.3005007275201306,lasso
3,190,train,1.25,1.3005007275201306,lasso
3,191,train,1.25,1.3262213816517847,lasso
3,192,train,0.95,1.0072146569616565,lasso
3,193,train,1.22,1.1772819617562245,lasso
3,194,train,1.32,1.1772819617562245,lasso
3,195,train,0.84,1.053121259065878,lasso
3,197,train,1.05,1.0765992576944963,lasso
3,198,train,1.17,1.1631705991308638,lasso
3,199,train,1.12,1.1344938827707234,lasso
3,6,test,1.35,1.1651525187184424,lasso
3,7,test,1.25,1.1440264869049315,lasso
3,16,test,0.82,1.053121259065878,lasso
3,18,test,1.4,1.316629519447289,lasso
3,19,test,0.95,1.0560410142974623,lasso
3,26,test,1.5,1.286439711354397,lasso
3,35,test,1.21,1.22767821778286,lasso
3,37,test,0.84,1.0215466908425965,lasso
3,40,test,1.15,1.22767821778286,lasso
3,49,test,1.33,1.3017652444834351,lasso
3,59,test,1.0,1.0417089804165223,lasso
3,70,test,1.34,1.355516501242485,lasso
3,73,test,1.25,1.1631705991308638,lasso
3,74,test,1.18,1.1285331550721402,lasso
3,83,test,1.17,1.22767821778286,lasso
3,90,test,1.23,1.1428651889530803,lasso
3,94,test,0.98,1.1340272670074,lasso
3,99,test,1.15,1.22767821778286,lasso
3,100,test,1.15,1.22767821778286,lasso
3,101,test,1.2,1.177502633011804,lasso
3,122,test,1.1,1.1428651889530803,lasso
3,123,test,1.15,1.1428651889530803,lasso
3,126,test,1.25,1.1443181170038361,lasso
3,127,test,1.25,1.3052674583852601,lasso
3,128,test,1.39,1.3056845662754866,lasso
3,129,test,1.45,1.3056845662754866,lasso
3,148,test,0.94,1.053121259065878,lasso
3,158,test,0.86,1.0393205796570872,lasso
3,159,test,0.77,1.053121259065878,lasso
3,160,test,1.29,1.3096952802675546,lasso
3,162,test,1.4,1.3096952802675546,lasso
3,176,test,1.35,1.3017652444834351,lasso
3,177,test,1.25,1.183733317084577,lasso
3,179,test,1.3,1.2575106613408773,lasso
3,180,test,1.45,1.3112658541354703,lasso
3,186,test,1.38,1.3112658541354703,lasso
3,196,test,1.11,1.177502633011804,lasso
4,0,train,1.3,1.2630903198928787,lasso
4,1,train,1.5,1.315408154984452,lasso
4,3,train,1.1,1.1860302748844493,lasso
4,4,train,1.4,1.380454834483862,lasso
4,5,train,1.24,1.2342542087289021,lasso
4,6,train,1.35,1.174440811626444,lasso
4,7,train,1.25,1.1807427051130706,lasso
4,8,train,1.0,1.0299492688250762,lasso
4,9,train,1.35,1.4965184581848006,lasso
4,10,train,1.4,1.4965184581848006,lasso
4,11,train,0.97,1.0300086158048452,lasso
4,14,train,1.25,1.2398903198398936,lasso
4,15,train,1.012,1.0300086158048452,lasso
4,16,train,0.82,1.0300086158048452,lasso
4,17,train,1.35,1.298142639215729,lasso
4,18,train,1.4,1.322146467635457,lasso
4,19,train,0.95,1.0442634462251745,lasso
4,20,train,1.4,1.2641425761821365,lasso
4,21,train,1.3,1.2641425761821365,lasso
4,22,train,1.15,1.1860302748844493,lasso
4,23,train,1.2,1.1860302748844493,lasso
4,24,train,1.15,1.1860302748844493,lasso
4,25,train,1.2,1.1354338914629205,lasso
4,26,train,1.5,1.3759047517532104,lasso
4,27,train,1.05,1.0298159086492464,lasso
4,28,train,1.3,1.1770506734629778,lasso
4,29,train,1.05,1.0744118624742938,lasso
4,30,train,1.15,1.219391331291517,lasso
4,31,train,1.2,1.219391331291517,lasso
4,33,train,1.45,1.3828147298339222,lasso
4,34,train,1.15,1.09515180441761,lasso
4,35,train,1.21,1.2342542087289021,lasso
4,36,train,1.0,1.0391582485445914,lasso
4,37,train,0.84,0.9924929217662439,lasso
4,38,train,1.3,1.3072683912767997,lasso
4,39,train,0.9,1.0300086158048452,lasso
4,40,train,1.15,1.2342542087289021,lasso
4,43,train,1.35,1.3072683912767997,lasso
4,44,train,1.1,1.023310368952134,lasso
4,45,train,1.3,1.2641425761821365,lasso
4,47,train,1.0,1.0110530670379632,lasso
4,49,train,1.33,1.3056377297527055,lasso
4,50,train,1.21,1.085880228225232,lasso
4,51,train,1.1,1.09515180441761,lasso
4,52,train,1.1,1.1085980783648184,lasso
4,53,train,1.1,1.09515180441761,lasso
4,54,train,1.15,1.09515180441761,lasso
4,55,train,1.29,1.2342542087289021,lasso
4,56,train,1.08,1.0442634462251745,lasso
4,59,train,1.0,1.035283844803703,lasso
4,60,train,1.15,1.1354338914629205,lasso
4,66,train,1.2,1.1944018824692941,lasso
4,67,train,1.03,1.0339663484299608,lasso
4,68,train,1.38,1.3162047796614258,lasso
4,69,train,1.06,1.0300086158048452,lasso
4,70,train,1.34,1.380454834483862,lasso
4,72,train,1.3,1.3056377297527055,lasso
4,73,train,1.25,1.1770506734629778,lasso
4,74,train,1.18,1.126454290041449,lasso
4,77,train,1.29,1.3162047796614258,lasso
4,78,train,1.41,1.2641425761821365,lasso
4,79,train,1.01,1.113519534241535,lasso
4,83,train,1.17,1.2342542087289021,lasso
4,85,train,1.35,1.3190155190703787,lasso
4,86,train,1.5,1.3190155190703787,lasso
4,87,train,1.4,1.3190155190703787,lasso
4,88,train,1.28,1.3056377297527055,lasso
4,89,train,1.22,1.1944018824692941,lasso
4,90,train,1.23,1.1354338914629205,lasso
4,91,train,1.32,1.3056377297527055,lasso
4,92,train,1.09,1.0140162817686096,lasso
4,93,train,1.05,1.1860302748844493,lasso
4,94,train,0.98,1.1623657731939974,lasso
4,98,train,1.38,1.3162047796614258,lasso
4,99,train,1.15,1.2342542087289021,lasso
4,100,train,1.15,1.2342542087289021,lasso
4,101,train,1.2,1.1860302748844493,lasso
4,107,train,1.17,1.1944018824692941,lasso
4,108,train,1.25,1.3043767719374668,lasso
4,110,train,1.25,1.3056377297527055,lasso
4,111,train,1.12,1.0904354928810016,lasso
4,112,train,0.85,1.0300086158048452,lasso
4,113,train,1.1,1.1860302748844493,lasso
4,114,train,1.14,1.1944018824692941,lasso
4,115,train,1.23,1.2448568479491375,lasso
4,116,train,1.18,1.2997037169423518,lasso
4,118,train,0.98,1.126454290041449,lasso
4,119,train,1.3,1.2167211919773817,lasso
4,120,train,1.4,1.3828147298339222,lasso
4,121,train,1.5,1.322146467635457,lasso
4,122,train,1.1,1.1354338914629205,lasso
4,123,train,1.15,1.1354338914629205,lasso
4,124,train,1.08,1.09515180441761,lasso
4,125,train,1.04,1.0352838448037032,lasso
4,126,train,1.25,1.1990146151382848,lasso
4,127,train,1.25,1.298142639215729,lasso
4,128,train,1.39,1.3090411563637838,lasso
4,129,train,1.45,1.3090411563637838,lasso
4,130,train,1.0,1.1623657731939974,lasso
4,131,train,1.15,1.0904354928810016,lasso
4,132,train,1.25,1.2450501360544028,lasso
4,133,train,1.04,1.126454290041449,lasso
4,134,train,1.25,1.3043767719374668,lasso
4,135,train,1.3,1.3227560705065007,lasso
4,136,train,1.2,1.1770506734629778,lasso
4,137,train,1.3,1.2660130180434566,lasso
4,138,train,1.2,1.1354338914629205,lasso
4,139,train,0.8,1.0300086158048452,lasso
4,140,train,0.83,1.0300086158048452,lasso
4,141,train,0.96,0.9924929217662438,lasso
4,142,train,1.18,1.1354338914629205,lasso
4,143,train,1.41,1.3227560705065007,lasso
4,145,train,1.1,1.1860302748844493,lasso
4,146,train,0.89,1.0442634462251745,lasso
4,147,train,0.998,0.9924929217662439,lasso
4,148,train,0.94,1.0300086158048452,lasso
4,150,train,1.18,1.2387982154008144,lasso
4,151,train,1.25,1.3043767719374668,lasso
4,152,train,1.25,1.1770506734629778,lasso
4,153,train,1.24,1.1354338914629205,lasso
4,154,train,1.36,1.3227560705065007,lasso
4,155,train,1.3,1.2135902434123031,lasso
4,156,train,1.35,1.2167211919773817,lasso
4,157,train,1.3,1.2135902434123031,lasso
4,158,train,0.86,1.0019537564172212,lasso
4,159,train,0.77,1.0300086158048452,lasso
4,160,train,1.29,1.3227560705065007,lasso
4,162,train,1.4,1.3227560705065005,lasso
4,166,train,1.3,1.3056377297527055,lasso
4,167,train,1.01,1.0442634462251745,lasso
4,168,train,1.4,1.315408154984452,lasso
4,172,train,0.94,0.9924929217662439,lasso
4,173,train,1.25,1.2342542087289021,lasso
4,174,train,0.95,0.9835133203447722,lasso
4,175,train,1.0,1.126454290041449,lasso
4,176,train,1.35,1.3056377297527055,lasso
4,177,train,1.25,1.203632212936875,lasso
4,178,train,1.1,1.1860302748844493,lasso
4,179,train,1.3,1.281204756432178,lasso
4,180,train,1.45,1.3190155190703787,lasso
4,181,train,1.25,1.2256621560712428,lasso
4,182,train,1.4,1.3828147298339222,lasso
4,183,train,1.45,1.3828147298339222,lasso
4,184,train,1.2,1.0609735681540142,lasso
4,185,train,1.4,1.315408154984452,lasso
4,186,train,1.38,1.3190155190703785,lasso
4,187,train,1.2,1.174440811626444,lasso
4,188,train,1.3,1.1770506734629778,lasso
4,189,train,1.3,1.3043767719374668,lasso
4,190,train,1.25,1.3043767719374668,lasso
4,191,train,1.25,1.3343747869282676,lasso
4,192,train,0.95,0.9835133203447722,lasso
4,193,train,1.22,1.1872984021772326,lasso
4,194,train,1.32,1.1872984021772326,lasso
4,196,train,1.11,1.1860302748844493,lasso
4,2,test,1.27,1.2167211919773817,lasso
4,12,test,1.25,1.2764884448955693,lasso
4,13,test,0.98,1.1623657731939974,lasso
4,32,test,1.35,1.3072683912767997,lasso
4,41,test,1.4,1.322146467635457,lasso
4,42,test,1.25,1.3043767719374668,lasso
4,46,test,1.0,1.0110530670379632,lasso
4,48,test,0.92,1.0360327931426538,lasso
4,57,test,0.99,1.0130560150019898,lasso
4,58,test,1.11,1.126454290041449,lasso
4,61,test,1.04,1.0300086158048452,lasso
4,62,test,1.1,1.1862131048580977,lasso
4,63,test,1.11,1.126454290041449,lasso
4,64,test,1.0,1.2550896441723487,lasso
4,65,test,1.11,1.0236201703782,lasso
4,71,test,1.4,1.3190155190703787,lasso
4,75,test,0.98,1.0210290143833736,lasso
4,76,test,1.04,1.1862131048580977,lasso
4,80,test,1.2,1.1860302748844493,lasso
4,81,test,1.25,1.1860302748844493,lasso
4,82,test,1.25,1.1860302748844493,lasso
4,84,test,1.05,1.1862131048580977,lasso
4,95,test,0.95,1.0542377775911516,lasso
4,96,test,1.2,1.2342542087289021,lasso
4,97,test,1.25,1.2342542087289021,lasso
4,102,test,1.2,1.1354338914629205,lasso
4,103,test,1.15,1.09515180441761,lasso
4,104,test,1.1,1.1354338914629205,lasso
4,105,test,1.08,1.09515180441761,lasso
4,106,test,1.2,1.2224389904901032,lasso
4,109,test,1.2,1.1833417003317233,lasso
4,117,test,1.42,1.380454834483862,lasso
4,144,test,1.1,1.0298159086492464,lasso
4,149,test,1.15,1.126454290041449,lasso
4,161,test,1.1,1.1860302748844493,lasso
4,163,test,1.08,1.1862131048580977,lasso
4,164,test,1.1,1.1862131048580977,lasso
4,165,test,1.2,1.1860302748844493,lasso
4,169,test,1.4,1.3090411563637838,lasso
4,170,test,1.28,1.2641425761821365,lasso
4,171,test,1.3,1.2641425761821365,lasso
4,195,test,0.84,1.0300086158048452,lasso
4,197,test,1.05,1.0909461557277025,lasso
4,198,test,1.17,1.1770506734629778,lasso
4,199,test,1.12,1.1125031766103235,lasso
0,0,train,1.3,1.3062288326118299,rf
0,1,train,1.5,1.439962116883116,rf
0,2,train,1.27,1.2617651936507879,rf
0,3,train,1.1,1.1512290052516392,rf
0,4,train,1.4,1.3941491700521627,rf
0,5,train,1.24,1.1752125899643107,rf
0,6,train,1.35,1.299137857142865,rf
0,7,train,1.25,1.2420749743589743,rf
0,8,train,1.0,1.0174485999999985,rf
0,11,train,0.97,1.0069309740259758,rf
0,12,train,1.25,1.2888336666666653,rf
0,13,train,0.98,1.0072128571428633,rf
0,15,train,1.012,1.0069309740259758,rf
0,16,train,0.82,0.8553462095238092,rf
0,17,train,1.35,1.3376658333333407,rf
0,18,train,1.4,1.3974619803921466,rf
0,19,train,0.95,0.9644851666666606,rf
0,20,train,1.4,1.3353916016206024,rf
0,21,train,1.3,1.3353916016206024,rf
0,22,train,1.15,1.1697262121525795,rf
0,23,train,1.2,1.1697262121525795,rf
0,24,train,1.15,1.1697262121525795,rf
0,25,train,1.2,1.1495235535921875,rf
0,26,train,1.5,1.4475705555555545,rf
0,30,train,1.15,1.17117888819875,rf
0,31,train,1.2,1.1921085292243967,rf
0,32,train,1.35,1.3461487229437292,rf
0,35,train,1.21,1.2296284358178076,rf
0,36,train,1.0,1.0083187666666673,rf
0,37,train,0.84,0.8715433333333257,rf
0,38,train,1.3,1.3223719775224774,rf
0,39,train,0.9,0.8553462095238092,rf
0,40,train,1.15,1.1752125899643107,rf
0,41,train,1.4,1.4053950518207177,rf
0,42,train,1.25,1.2441228553113544,rf
0,43,train,1.35,1.3440801709956782,rf
0,44,train,1.1,1.0446479047619095,rf
0,45,train,1.3,1.3197053614718603,rf
0,46,train,1.0,0.9800710349206347,rf
0,48,train,0.92,0.9482560444444468,rf
0,49,train,1.33,1.3328692307692354,rf
0,52,train,1.1,1.0666493333333416,rf
0,53,train,1.1,1.1186473924963922,rf
0,54,train,1.15,1.1186473924963922,rf
0,55,train,1.29,1.2537477135955828,rf
0,56,train,1.08,1.052847399999999,rf
0,57,train,0.99,0.9943382476190519,rf
0,58,train,1.11,1.114798095238104,rf
0,59,train,1.0,0.9894819047619037,rf
0,61,train,1.04,1.0069309740259758,rf
0,62,train,1.1,1.0912000000000084,rf
0,63,train,1.11,1.114798095238104,rf
0,64,train,1.0,0.9849354666666651,rf
0,65,train,1.11,1.0765333333333418,rf
0,69,train,1.06,1.0267680666666683,rf
0,70,train,1.34,1.3672010324675292,rf
0,71,train,1.4,1.4195582853372086,rf
0,72,train,1.3,1.2815494133089094,rf
0,73,train,1.25,1.2533553246753233,rf
0,74,train,1.18,1.1373393333333366,rf
0,75,train,0.98,0.9922775930735972,rf
0,76,train,1.04,1.0593533333333398,rf
0,77,train,1.29,1.3144497148798893,rf
0,78,train,1.41,1.3353916016206024,rf
0,79,train,1.01,0.9904049333333289,rf
0,80,train,1.2,1.2281802922077945,rf
0,81,train,1.25,1.2281802922077945,rf
0,82,train,1.25,1.2281802922077945,rf
0,83,train,1.17,1.1767941375833588,rf
0,84,train,1.05,1.06339333333334,rf
0,85,train,1.35,1.4195582853372086,rf
0,86,train,1.5,1.4195582853372086,rf
0,87,train,1.4,1.4195582853372086,rf
0,88,train,1.28,1.2815494133089094,rf
0,89,train,1.22,1.2039601421670225,rf
0,90,train,1.23,1.2103496133069893,rf
0,92,train,1.09,1.0535978978354918,rf
0,93,train,1.05,1.0919812619047649,rf
0,94,train,0.98,0.9984672063492104,rf
0,95,train,0.95,0.9584735999999938,rf
0,96,train,1.2,1.208537578674948,rf
0,97,train,1.25,1.2296284358178076,rf
0,98,train,1.38,1.3492098692810428,rf
0,99,train,1.15,1.1752125899643107,rf
0,100,train,1.15,1.1752125899643107,rf
0,101,train,1.2,1.1512290052516392,rf
0,102,train,1.2,1.1495235535921875,rf
0,103,train,1.15,1.1186473924963922,rf
0,104,train,1.1,1.1495235535921875,rf
0,105,train,1.08,1.1186473924963922,rf
0,106,train,1.2,1.2153197777777778,rf
0,107,train,1.17,1.1794067727272732,rf
0,109,train,1.2,1.2425341666666703,rf
0,110,train,1.25,1.2815494133089094,rf
0,111,train,1.12,1.123811944444445,rf
0,112,train,0.85,0.8366746666666699,rf
0,113,train,1.1,1.1208154126984198,rf
0,114,train,1.14,1.1404421887360945,rf
0,115,train,1.23,1.2392763076923137,rf
0,116,train,1.18,1.1845469047619035,rf
0,117,train,1.42,1.4031605555555506,rf
0,118,train,0.98,1.009325857142861,rf
0,119,train,1.3,1.285919733333331,rf
0,120,train,1.4,1.4126584285714214,rf
0,121,train,1.5,1.4660030042016792,rf
0,122,train,1.1,1.1495235535921875,rf
0,123,train,1.15,1.1495235535921875,rf
0,124,train,1.08,1.1049141111111116,rf
0,125,train,1.04,1.0346508000000054,rf
0,126,train,1.25,1.2597373333333348,rf
0,127,train,1.25,1.287247888888889,rf
0,128,train,1.39,1.41503812662337,rf
0,129,train,1.45,1.41503812662337,rf
0,130,train,1.0,0.9984672063492104,rf
0,131,train,1.15,1.136514414565821,rf
0,132,train,1.25,1.270630256854256,rf
0,135,train,1.3,1.3305762723942718,rf
0,136,train,1.2,1.2210218391367091,rf
0,137,train,1.3,1.2581384834368503,rf
0,138,train,1.2,1.176565523809524,rf
0,143,train,1.41,1.3811301684981687,rf
0,144,train,1.1,1.108836723809531,rf
0,146,train,0.89,0.9090983333333255,rf
0,148,train,0.94,0.9504889952380938,rf
0,149,train,1.15,1.1198596666666627,rf
0,152,train,1.25,1.2362681248509937,rf
0,153,train,1.24,1.2206523881673939,rf
0,158,train,0.86,0.8903340666666714,rf
0,159,train,0.77,0.8031593333333323,rf
0,160,train,1.29,1.3305762723942718,rf
0,161,train,1.1,1.0919812619047649,rf
0,162,train,1.4,1.3305762723942718,rf
0,163,train,1.08,1.0601929047619043,rf
0,164,train,1.1,1.086132666666674,rf
0,165,train,1.2,1.1512290052516392,rf
0,169,train,1.4,1.4001626935956106,rf
0,170,train,1.28,1.3353916016206024,rf
0,171,train,1.3,1.3353916016206024,rf
0,173,train,1.25,1.246812095238095,rf
0,174,train,0.95,0.9374053333333257,rf
0,175,train,1.0,1.009325857142861,rf
0,176,train,1.35,1.3298491190476258,rf
0,177,train,1.25,1.2451207857142867,rf
0,179,train,1.3,1.2918331269841232,rf
0,180,train,1.45,1.4195582853372086,rf
0,181,train,1.25,1.2553633333333343,rf
0,182,train,1.4,1.4122492017981945,rf
0,183,train,1.45,1.4400713850593876,rf
0,184,train,1.2,1.1519431428571432,rf
0,186,train,1.38,1.4083698014599746,rf
0,188,train,1.3,1.2736468716042395,rf
0,189,train,1.3,1.273007999999999,rf
0,190,train,1.25,1.2554992838827839,rf
0,191,train,1.25,1.2479477619047636,rf
0,192,train,0.95,0.9383801904761832,rf
0,195,train,0.84,0.8553462095238092,rf
0,196,train,1.11,1.1512290052516392,rf
0,197,train,1.05,1.0835607142857187,rf
0,198,train,1.17,1.1762870303030306,rf
0,199,train,1.12,1.1053408571428598,rf
0,9,test,1.35,1.398144801459976,rf
0,10,test,1.4,1.3997991708683475,rf
0,14,test,1.25,1.24074866666667,rf
0,27,test,1.05,1.0969565324675343,rf
0,28,test,1.3,1.236268124850994,rf
0,29,test,1.05,1.0926340761904791,rf
0,33,test,1.45,1.435971761904761,rf
0,34,test,1.15,1.122143312409811,rf
0,47,test,1.0,0.9824155111111105,rf
0,50,test,1.21,1.1272436666666683,rf
0,51,test,1.1,1.1178543621933623,rf
0,60,test,1.15,1.1495235535921873,rf
0,66,test,1.2,1.2004069278813068,rf
0,67,test,1.03,0.9905594999999964,rf
0,68,test,1.38,1.3492098692810426,rf
0,91,test,1.32,1.281717413308909,rf
0,108,test,1.25,1.2603597142857144,rf
0,133,test,1.04,1.0793977619047672,rf
0,134,test,1.25,1.2460339029304028,rf
0,139,test,0.8,0.8553462095238092,rf
0,140,test,0.83,0.8553462095238092,rf
0,141,test,0.96,0.8715433333333259,rf
0,142,test,1.18,1.1495235535921873,rf
0,145,test,1.1,1.1302761300398987,rf
0,147,test,0.998,0.9902479333333352,rf
0,150,test,1.18,1.249257142857146,rf
0,151,test,1.25,1.2518544267399272,rf
0,154,test,1.36,1.3305762723942716,rf
0,155,test,1.3,1.2766703269841246,rf
0,156,test,1.35,1.2782033555555528,rf
0,157,test,1.3,1.278628799999998,rf
0,166,test,1.3,1.3399376507936571,rf
0,167,test,1.01,0.9967700190476158,rf
0,168,test,1.4,1.3967738462093438,rf
0,172,test,0.94,0.8724833333333258,rf
0,178,test,1.1,1.1067383113912237,rf
0,185,test,1.4,1.4369928744588738,rf
0,187,test,1.2,1.2849513968254032,rf
0,193,test,1.22,1.2598725000000033,rf
0,194,test,1.32,1.2598725000000033,rf
1,0,train,1.3,1.3061403419913387,rf
1,1,train,1.5,1.4595876492951472,rf
1,2,train,1.27,1.2846833333333285,rf
1,3,train,1.1,1.1511916954585617,rf
1,4,train,1.4,1.389455262265508,rf
1,5,train,1.24,1.1735587344032754,rf
1,6,train,1.35,1.2988701801242317,rf
1,7,train,1.25,1.238583523809525,rf
1,9,train,1.35,1.3720039768564813,rf
1,10,train,1.4,1.3852440223110163,rf
1,12,train,1.25,1.2727387619047599,rf
1,13,train,0.98,1.0084573333333404,rf
1,14,train,1.25,1.235683333333334,rf
1,16,train,0.82,0.8246798001442969,rf
1,17,train,1.35,1.3347295000000072,rf
1,18,train,1.4,1.4074634848484737,rf
1,19,train,0.95,0.9755399999999935,rf
1,20,train,1.4,1.338680930069931,rf
1,21,train,1.3,1.338680930069931,rf
1,26,train,1.5,1.4556359491341972,rf
1,27,train,1.05,1.0633952965368008,rf
1,28,train,1.3,1.2637532418300623,rf
1,29,train,1.05,1.070981000000005,rf
1,32,train,1.35,1.3615606926407013,rf
1,33,train,1.45,1.441037904761907,rf
1,34,train,1.15,1.1347931313131254,rf
1,35,train,1.21,1.2234039285714318,rf
1,36,train,1.0,0.9997866666666662,rf
1,37,train,0.84,0.9023074285714225,rf
1,40,train,1.15,1.1735587344032754,rf
1,41,train,1.4,1.4107901515151404,rf
1,42,train,1.25,1.245140241830065,rf
1,43,train,1.35,1.357633008658017,rf
1,44,train,1.1,1.040966190476195,rf
1,45,train,1.3,1.3167485159285133,rf
1,46,train,1.0,0.9906957292929286,rf
1,47,train,1.0,0.9943213959595957,rf
1,48,train,0.92,0.9492585333333353,rf
1,49,train,1.33,1.325470000000003,rf
1,50,train,1.21,1.1793139999999984,rf
1,51,train,1.1,1.1031090000000068,rf
1,52,train,1.1,1.067426666666675,rf
1,56,train,1.08,1.0475379999999959,rf
1,57,train,0.99,0.9955311111111143,rf
1,58,train,1.11,1.112562710622719,rf
1,59,train,1.0,1.0051021002330989,rf
1,60,train,1.15,1.1465921068086495,rf
1,61,train,1.04,1.0149150000000042,rf
1,62,train,1.1,1.0921160439560527,rf
1,63,train,1.11,1.112562710622719,rf
1,64,train,1.0,0.9905226666666646,rf
1,65,train,1.11,1.078627333333342,rf
1,66,train,1.2,1.1939676666666676,rf
1,67,train,1.03,1.027394666666656,rf
1,68,train,1.38,1.3637286158008624,rf
1,69,train,1.06,1.019356000000001,rf
1,70,train,1.34,1.3655251829004298,rf
1,71,train,1.4,1.4163076240426213,rf
1,72,train,1.3,1.3113933333333345,rf
1,73,train,1.25,1.2395429084967318,rf
1,74,train,1.18,1.150551282051285,rf
1,75,train,0.98,0.9935841515151564,rf
1,76,train,1.04,1.0571616666666739,rf
1,77,train,1.29,1.3251227904040384,rf
1,78,train,1.41,1.338680930069931,rf
1,80,train,1.2,1.2275768902082598,rf
1,81,train,1.25,1.2275768902082598,rf
1,82,train,1.25,1.2275768902082598,rf
1,83,train,1.17,1.1749967039337457,rf
1,84,train,1.05,1.0630477106227176,rf
1,90,train,1.23,1.2113205216450267,rf
1,91,train,1.32,1.3183300000000042,rf
1,92,train,1.09,1.0610836666666599,rf
1,94,train,0.98,0.9974452380952428,rf
1,95,train,0.95,0.9632364999999936,rf
1,96,train,1.2,1.2067697142857152,rf
1,97,train,1.25,1.2234039285714318,rf
1,98,train,1.38,1.3637286158008624,rf
1,99,train,1.15,1.1735587344032754,rf
1,100,train,1.15,1.1735587344032754,rf
1,101,train,1.2,1.1511916954585617,rf
1,102,train,1.2,1.1465921068086495,rf
1,103,train,1.15,1.1135897200577196,rf
1,104,train,1.1,1.1465921068086495,rf
1,105,train,1.08,1.1135897200577196,rf
1,106,train,1.2,1.2173921493506508,rf
1,107,train,1.17,1.1738915610766039,rf
1,108,train,1.25,1.2480172418300661,rf
1,109,train,1.2,1.2212500000000013,rf
1,111,train,1.12,1.1228802380952398,rf
1,112,train,0.85,0.829143333333336,rf
1,115,train,1.23,1.2259332418300704,rf
1,116,train,1.18,1.199910333333332,rf
1,117,train,1.42,1.396988002164498,rf
1,118,train,0.98,1.0355216587301637,rf
1,119,train,1.3,1.3089199999999994,rf
1,120,train,1.4,1.4129113333333259,rf
1,121,train,1.5,1.4690516753246747,rf
1,122,train,1.1,1.1465921068086495,rf
1,123,train,1.15,1.1465921068086495,rf
1,124,train,1.08,1.1077093333333323,rf
1,126,train,1.25,1.2417708571428587,rf
1,127,train,1.25,1.2908396190476188,rf
1,128,train,1.39,1.4131540656565633,rf
1,129,train,1.45,1.4131540656565633,rf
1,130,train,1.0,0.9974452380952428,rf
1,132,train,1.25,1.275053873015873,rf
1,133,train,1.04,1.0579313296703365,rf
1,134,train,1.25,1.2456179084967316,rf
1,137,train,1.3,1.2628453333333314,rf
1,139,train,0.8,0.8246798001442969,rf
1,140,train,0.83,0.8246798001442969,rf
1,141,train,0.96,0.9023074285714225,rf
1,142,train,1.18,1.1465921068086495,rf
1,144,train,1.1,1.094525045454552,rf
1,145,train,1.1,1.1198348529411828,rf
1,146,train,0.89,0.9174538095238014,rf
1,147,train,0.998,0.9982697292929256,rf
1,148,train,0.94,0.9586779999999987,rf
1,149,train,1.15,1.1213816666666623,rf
1,150,train,1.18,1.201316,rf
1,151,train,1.25,1.2454685751633985,rf
1,152,train,1.25,1.2637532418300623,rf
1,154,train,1.36,1.348142354617606,rf
1,155,train,1.3,1.3061764285714266,rf
1,156,train,1.35,1.329235111111117,rf
1,157,train,1.3,1.3004399999999972,rf
1,158,train,0.86,0.8966410000000051,rf
1,159,train,0.77,0.7971339523809512,rf
1,160,train,1.29,1.348142354617606,rf
1,161,train,1.1,1.1206894285714373,rf
1,162,train,1.4,1.348142354617606,rf
1,163,train,1.08,1.068469690476191,rf
1,164,train,1.1,1.084046666666675,rf
1,165,train,1.2,1.1511916954585617,rf
1,166,train,1.3,1.3148499999999996,rf
1,167,train,1.01,1.007417040404035,rf
1,168,train,1.4,1.4162604523254447,rf
1,169,train,1.4,1.4009490230325157,rf
1,170,train,1.28,1.338680930069931,rf
1,171,train,1.3,1.338680930069931,rf
1,172,train,0.94,0.9249399999999962,rf
1,176,train,1.35,1.3339860000000077,rf
1,177,train,1.25,1.2506000555555568,rf
1,178,train,1.1,1.1105970079365166,rf
1,179,train,1.3,1.2996583333333311,rf
1,180,train,1.45,1.4163076240426213,rf
1,184,train,1.2,1.1539321428571432,rf
1,185,train,1.4,1.4211856889776824,rf
1,186,train,1.38,1.3993326161061135,rf
1,187,train,1.2,1.2270089896480356,rf
1,192,train,0.95,0.9419849999999939,rf
1,193,train,1.22,1.2634853333333371,rf
1,194,train,1.32,1.2634853333333371,rf
1,195,train,0.84,0.8246798001442969,rf
1,196,train,1.11,1.1511916954585617,rf
1,197,train,1.05,1.0816316666666717,rf
1,198,train,1.17,1.1655479084967326,rf
1,199,train,1.12,1.108048880952384,rf
1,8,test,1.0,1.043866333333328,rf
1,11,test,0.97,1.0149150000000042,rf
1,15,test,1.012,1.0149150000000042,rf
1,22,test,1.15,1.2337462815126068,rf
1,23,test,1.2,1.2337462815126068,rf
1,24,test,1.15,1.2337462815126068,rf
1,25,test,1.2,1.1465921068086495,rf
1,30,test,1.15,1.2122513333333356,rf
1,31,test,1.2,1.202317809523808,rf
1,38,test,1.3,1.3562723737373819,rf
1,39,test,0.9,0.8246798001442969,rf
1,53,test,1.1,1.1135897200577198,rf
1,54,test,1.15,1.1135897200577198,rf
1,55,test,1.29,1.1967357582417588,rf
1,79,test,1.01,0.9625431428571398,rf
1,85,test,1.35,1.4163076240426213,rf
1,86,test,1.5,1.4163076240426213,rf
1,87,test,1.4,1.4163076240426213,rf
1,88,test,1.28,1.3113933333333345,rf
1,89,test,1.22,1.193967666666668,rf
1,93,test,1.05,1.1206894285714373,rf
1,110,test,1.25,1.3113933333333345,rf
1,113,test,1.1,1.12433671008404,rf
1,114,test,1.14,1.1278550154290188,rf
1,125,test,1.04,1.0430706153846143,rf
1,131,test,1.15,1.1250206168831176,rf
1,135,test,1.3,1.3481423546176061,rf
1,136,test,1.2,1.2618132418300632,rf
1,138,test,1.2,1.134905088744593,rf
1,143,test,1.41,1.3507191284271305,rf
1,153,test,1.24,1.171319458152961,rf
1,173,test,1.25,1.201930091575092,rf
1,174,test,0.95,0.9221964285714216,rf
1,175,test,1.0,1.0355216587301632,rf
1,181,test,1.25,1.2381493333333347,rf
1,182,test,1.4,1.4237024047619011,rf
1,183,test,1.45,1.4521949047619065,rf
1,188,test,1.3,1.2624665751633963,rf
1,189,test,1.3,1.2411483529411764,rf
1,190,test,1.25,1.2439512418300656,rf
1,191,test,1.25,1.2378528571428622,rf
2,2,train,1.27,1.281903466666663,rf
2,6,train,1.35,1.2985416666666745,rf
2,7,train,1.25,1.249721984126985,rf
2,8,train,1.0,1.0010902919191893,rf
2,9,train,1.35,1.3672893053467041,rf
2,10,train,1.4,1.3848606228070108,rf
2,11,train,0.97,1.003119491919194,rf
2,12,train,1.25,1.27798849206349,rf
2,13,train,0.98,1.014134333333339,rf
2,14,train,1.25,1.2258733333333343,rf
2,15,train,1.012,1.003119491919194,rf
2,16,train,0.82,0.837969593795093,rf
2,18,train,1.4,1.396645559037443,rf
2,19,train,0.95,0.9706968666666614,rf
2,22,train,1.15,1.1705340816617138,rf
2,23,train,1.2,1.1705340816617138,rf
2,24,train,1.15,1.1705340816617138,rf
2,25,train,1.2,1.1549994442751943,rf
2,26,train,1.5,1.4492739971139945,rf
2,27,train,1.05,1.0672818371040778,rf
2,28,train,1.3,1.2672733986013962,rf
2,29,train,1.05,1.0730250952380989,rf
2,30,train,1.15,1.1787965039616313,rf
2,31,train,1.2,1.1891389626309334,rf
2,32,train,1.35,1.3463993571428652,rf
2,33,train,1.45,1.4362964733044774,rf
2,34,train,1.15,1.1376102773109174,rf
2,35,train,1.21,1.22955209868563,rf
2,37,train,0.84,0.9018555238095186,rf
2,38,train,1.3,1.325491842490841,rf
2,39,train,0.9,0.837969593795093,rf
2,40,train,1.15,1.1561574203807792,rf
2,41,train,1.4,1.4002484558628399,rf
2,42,train,1.25,1.2410099393939382,rf
2,46,train,1.0,0.9792428871572872,rf
2,47,train,1.0,0.9878282681096681,rf
2,48,train,0.92,0.9403477619047639,rf
2,49,train,1.33,1.319730666666669,rf
2,50,train,1.21,1.1822188333333314,rf
2,51,train,1.1,1.106619993895001,rf
2,53,train,1.1,1.1209491918408387,rf
2,54,train,1.15,1.1209491918408387,rf
2,55,train,1.29,1.2573202222222224,rf
2,57,train,0.99,0.9886520000000043,rf
2,58,train,1.11,1.1130026666666755,rf
2,59,train,1.0,1.0039116666666674,rf
2,60,train,1.15,1.1549994442751943,rf
2,61,train,1.04,1.003119491919194,rf
2,62,train,1.1,1.0946310000000095,rf
2,63,train,1.11,1.1130026666666755,rf
2,64,train,1.0,0.9911597999999983,rf
2,65,train,1.11,1.086834444444453,rf
2,66,train,1.2,1.2029373014828335,rf
2,67,train,1.03,1.0056110761904669,rf
2,68,train,1.38,1.3491405196324104,rf
2,70,train,1.34,1.3695275793650774,rf
2,71,train,1.4,1.4211653581827506,rf
2,73,train,1.25,1.2497306103896095,rf
2,74,train,1.18,1.1600738461538485,rf
2,75,train,0.98,0.9883764333333381,rf
2,76,train,1.04,1.0587807619047684,rf
2,79,train,1.01,0.9712855238095185,rf
2,80,train,1.2,1.2290878454323477,rf
2,81,train,1.25,1.2290878454323477,rf
2,82,train,1.25,1.2290878454323477,rf
2,83,train,1.17,1.1693449118337775,rf
2,84,train,1.05,1.0619803333333402,rf
2,85,train,1.35,1.4211653581827506,rf
2,86,train,1.5,1.4211653581827506,rf
2,87,train,1.4,1.4211653581827506,rf
2,88,train,1.28,1.2758219206349137,rf
2,89,train,1.22,1.2104317459272842,rf
2,90,train,1.23,1.2117998332288678,rf
2,91,train,1.32,1.3037284444444444,rf
2,93,train,1.05,1.088706000000001,rf
2,94,train,0.98,1.0137650000000058,rf
2,95,train,0.95,0.9587522666666605,rf
2,96,train,1.2,1.2120002165122457,rf
2,97,train,1.25,1.22955209868563,rf
2,99,train,1.15,1.1561574203807792,rf
2,100,train,1.15,1.1561574203807792,rf
2,101,train,1.2,1.169690335179954,rf
2,102,train,1.2,1.1549994442751943,rf
2,103,train,1.15,1.1209491918408387,rf
2,104,train,1.1,1.1549994442751943,rf
2,105,train,1.08,1.1209491918408387,rf
2,106,train,1.2,1.2033987229437222,rf
2,108,train,1.25,1.2541788917748917,rf
2,109,train,1.2,1.217835385129491,rf
2,110,train,1.25,1.2758219206349137,rf
2,113,train,1.1,1.1126351719070484,rf
2,114,train,1.14,1.1369472235868647,rf
2,117,train,1.42,1.399814999999994,rf
2,122,train,1.1,1.1549994442751943,rf
2,123,train,1.15,1.1549994442751943,rf
2,125,train,1.04,1.0348019333333398,rf
2,126,train,1.25,1.2531547619047634,rf
2,127,train,1.25,1.294459382783881,rf
2,128,train,1.39,1.4144358363858316,rf
2,129,train,1.45,1.4144358363858316,rf
2,131,train,1.15,1.143708568797207,rf
2,133,train,1.04,1.0600493333333396,rf
2,134,train,1.25,1.2445504761904758,rf
2,135,train,1.3,1.3385965764644718,rf
2,136,train,1.2,1.2209105204860502,rf
2,138,train,1.2,1.164619091908091,rf
2,139,train,0.8,0.837969593795093,rf
2,140,train,0.83,0.837969593795093,rf
2,141,train,0.96,0.9018555238095186,rf
2,142,train,1.18,1.1549994442751943,rf
2,143,train,1.41,1.3831543542422495,rf
2,144,train,1.1,1.0971636666666742,rf
2,145,train,1.1,1.115478063681941,rf
2,147,train,0.998,0.9892384585858547,rf
2,148,train,0.94,0.9563077666666652,rf
2,149,train,1.15,1.1186443333333287,rf
2,150,train,1.18,1.204886666666665,rf
2,151,train,1.25,1.2491271428571427,rf
2,153,train,1.24,1.2207992285492335,rf
2,154,train,1.36,1.3385965764644718,rf
2,155,train,1.3,1.3018946666666655,rf
2,156,train,1.35,1.3230901333333394,rf
2,157,train,1.3,1.3025613333333321,rf
2,158,train,0.86,0.8981251777777827,rf
2,159,train,0.77,0.7992568037518012,rf
2,160,train,1.29,1.3385965764644718,rf
2,161,train,1.1,1.088706000000001,rf
2,162,train,1.4,1.3385965764644718,rf
2,163,train,1.08,1.0725844720834707,rf
2,164,train,1.1,1.0871713636363705,rf
2,165,train,1.2,1.169690335179954,rf
2,166,train,1.3,1.3142063333333338,rf
2,167,train,1.01,1.0003149460317418,rf
2,168,train,1.4,1.3827847737817642,rf
2,169,train,1.4,1.4008367141601008,rf
2,170,train,1.28,1.2962674285714233,rf
2,171,train,1.3,1.2962674285714233,rf
2,172,train,0.94,0.9229303809523774,rf
2,173,train,1.25,1.250327582417583,rf
2,174,train,0.95,0.9341377142857077,rf
2,175,train,1.0,1.0488494033189038,rf
2,176,train,1.35,1.3313674444444512,rf
2,177,train,1.25,1.2418047619047627,rf
2,178,train,1.1,1.1036791190476252,rf
2,179,train,1.3,1.2980406666666642,rf
2,180,train,1.45,1.4211653581827506,rf
2,181,train,1.25,1.248073,rf
2,182,train,1.4,1.4118756254301186,rf
2,183,train,1.45,1.4393795685425739,rf
2,185,train,1.4,1.388992272005762,rf
2,186,train,1.38,1.3972475072003985,rf
2,187,train,1.2,1.2330810000000025,rf
2,188,train,1.3,1.277558043290041,rf
2,189,train,1.3,1.274377939393937,rf
2,190,train,1.25,1.2541887727272725,rf
2,191,train,1.25,1.2465100000000011,rf
2,193,train,1.22,1.2614300000000036,rf
2,194,train,1.32,1.2614300000000036,rf
2,195,train,0.84,0.837969593795093,rf
2,196,train,1.11,1.169690335179954,rf
2,197,train,1.05,1.0772505000000039,rf
2,198,train,1.17,1.1686611325341325,rf
2,199,train,1.12,1.1122252857142891,rf
2,0,test,1.3,1.3038114285714257,rf
2,1,test,1.5,1.3891292176157093,rf
2,3,test,1.1,1.1696903351799535,rf
2,4,test,1.4,1.3910552286047253,rf
2,5,test,1.24,1.1561574203807792,rf
2,17,test,1.35,1.3262146208791186,rf
2,20,test,1.4,1.2962674285714235,rf
2,21,test,1.3,1.2962674285714235,rf
2,36,test,1.0,0.9406615714285672,rf
2,43,test,1.35,1.327548080586079,rf
2,44,test,1.1,0.9489329264069237,rf
2,45,test,1.3,1.3062547619047586,rf
2,52,test,1.1,1.0172293333333389,rf
2,56,test,1.08,1.0105380888888886,rf
2,69,test,1.06,0.9757114966810967,rf
2,72,test,1.3,1.275821920634914,rf
2,77,test,1.29,1.364067668983059,rf
2,78,test,1.41,1.2962674285714235,rf
2,92,test,1.09,0.9995988585858566,rf
2,98,test,1.38,1.3491405196324107,rf
2,107,test,1.17,1.1974656884226902,rf
2,111,test,1.12,1.1393044365079295,rf
2,112,test,0.85,0.7992568037518012,rf
2,115,test,1.23,1.2296113333333325,rf
2,116,test,1.18,1.2407033737373745,rf
2,118,test,0.98,1.0488494033189038,rf
2,119,test,1.3,1.325159466666673,rf
2,120,test,1.4,1.4206900793650798,rf
2,121,test,1.5,1.4099811690940611,rf
2,124,test,1.08,1.1488198412698418,rf
2,130,test,1.0,1.0137650000000056,rf
2,132,test,1.25,1.3017161904761874,rf
2,137,test,1.3,1.2034635408860137,rf
2,146,test,0.89,0.9168929999999951,rf
2,152,test,1.25,1.2672733986013962,rf
2,184,test,1.2,1.0829247476190489,rf
2,192,test,0.95,0.9400994920634874,rf
3,0,train,1.3,1.3083594285714262,rf
3,1,train,1.5,1.4609108181818158,rf
3,2,train,1.27,1.297441777777774,rf
3,3,train,1.1,1.1495763354978366,rf
3,4,train,1.4,1.4027567222222115,rf
3,5,train,1.24,1.2508941803751845,rf
3,8,train,1.0,1.0166573174603153,rf
3,9,train,1.35,1.3761475800865843,rf
3,10,train,1.4,1.3896041515151443,rf
3,11,train,0.97,1.006989679365081,rf
3,12,train,1.25,1.2784668095238072,rf
3,13,train,0.98,1.0189000000000052,rf
3,14,train,1.25,1.227674261904762,rf
3,15,train,1.012,1.006989679365081,rf
3,17,train,1.35,1.3539247777777839,rf
3,20,train,1.4,1.338239747363748,rf
3,21,train,1.3,1.338239747363748,rf
3,22,train,1.15,1.1696654466089456,rf
3,23,train,1.2,1.1696654466089456,rf
3,24,train,1.15,1.1696654466089456,rf
3,25,train,1.2,1.1658385140415135,rf
3,27,train,1.05,1.0730949566544608,rf
3,28,train,1.3,1.267287214285712,rf
3,29,train,1.05,1.0753858666666707,rf
3,30,train,1.15,1.1552434285714202,rf
3,31,train,1.2,1.1717950952380924,rf
3,32,train,1.35,1.340589873015879,rf
3,33,train,1.45,1.4416466666666694,rf
3,34,train,1.15,1.140111186147179,rf
3,36,train,1.0,1.0032382282051284,rf
3,38,train,1.3,1.3215571984126984,rf
3,39,train,0.9,0.8421926043956037,rf
3,41,train,1.4,1.4130677619047518,rf
3,42,train,1.25,1.2504258439893443,rf
3,43,train,1.35,1.343519126984133,rf
3,44,train,1.1,1.0316026996337042,rf
3,45,train,1.3,1.3164307150072136,rf
3,46,train,1.0,0.9933576507936507,rf
3,47,train,1.0,0.9944283174603173,rf
3,48,train,0.92,0.9498306666666687,rf
3,50,train,1.21,1.1961892857142844,rf
3,51,train,1.1,1.1062874163059242,rf
3,52,train,1.1,1.0691000000000077,rf
3,53,train,1.1,1.1200909480519476,rf
3,54,train,1.15,1.1200909480519476,rf
3,55,train,1.29,1.2696312539682542,rf
3,56,train,1.08,1.055580990476187,rf
3,57,train,0.99,0.993970600000004,rf
3,58,train,1.11,1.1028500000000088,rf
3,60,train,1.15,1.1658385140415135,rf
3,61,train,1.04,1.006989679365081,rf
3,62,train,1.1,1.089940000000009,rf
3,63,train,1.11,1.1028500000000088,rf
3,64,train,1.0,1.0012227555555546,rf
3,65,train,1.11,1.0912400000000073,rf
3,66,train,1.2,1.1982540974025997,rf
3,67,train,1.03,1.03353159999999,rf
3,68,train,1.38,1.3689412748917713,rf
3,69,train,1.06,1.0394272666666677,rf
3,71,train,1.4,1.4128091594516565,rf
3,72,train,1.3,1.2785858809523776,rf
3,75,train,0.98,0.9891852444444492,rf
3,76,train,1.04,1.0580351428571493,rf
3,77,train,1.29,1.3226840367965353,rf
3,78,train,1.41,1.338239747363748,rf
3,79,train,1.01,0.9909192222222177,rf
3,80,train,1.2,1.2301460714285737,rf
3,81,train,1.25,1.2301460714285737,rf
3,82,train,1.25,1.2301460714285737,rf
3,84,train,1.05,1.0652666666666737,rf
3,85,train,1.35,1.4128091594516565,rf
3,86,train,1.5,1.4128091594516565,rf
3,87,train,1.4,1.4128091594516565,rf
3,88,train,1.28,1.2785858809523776,rf
3,89,train,1.22,1.207586865079373,rf
3,91,train,1.32,1.3040263333333353,rf
3,92,train,1.09,1.056221799999993,rf
3,93,train,1.05,1.091048333333335,rf
3,95,train,0.95,0.9784359999999952,rf
3,96,train,1.2,1.2235953333333334,rf
3,97,train,1.25,1.255936492063492,rf
3,98,train,1.38,1.3689412748917713,rf
3,102,train,1.2,1.1658385140415135,rf
3,103,train,1.15,1.1200909480519476,rf
3,104,train,1.1,1.1658385140415135,rf
3,105,train,1.08,1.1200909480519476,rf
3,106,train,1.2,1.2222466666666678,rf
3,107,train,1.17,1.1811676428571427,rf
3,108,train,1.25,1.2525268095238091,rf
3,109,train,1.2,1.2200953333333342,rf
3,110,train,1.25,1.2785858809523776,rf
3,111,train,1.12,1.1286189999999996,rf
3,112,train,0.85,0.8512178158730198,rf
3,113,train,1.1,1.1064319047619136,rf
3,114,train,1.14,1.1420510231990162,rf
3,115,train,1.23,1.2301621794871853,rf
3,116,train,1.18,1.1965449999999989,rf
3,117,train,1.42,1.4159067142857071,rf
3,118,train,0.98,1.0094779285714326,rf
3,119,train,1.3,1.3124211904761895,rf
3,120,train,1.4,1.4162633333333265,rf
3,121,train,1.5,1.4724742857142854,rf
3,124,train,1.08,1.103094452380951,rf
3,125,train,1.04,1.040228000000005,rf
3,130,train,1.0,1.0170200000000016,rf
3,131,train,1.15,1.1425451501831432,rf
3,132,train,1.25,1.2737337142857144,rf
3,133,train,1.04,1.0544600000000068,rf
3,134,train,1.25,1.2463542249417245,rf
3,135,train,1.3,1.3375609047619075,rf
3,136,train,1.2,1.2200081904761906,rf
3,137,train,1.3,1.2750719999999975,rf
3,138,train,1.2,1.1723101349206344,rf
3,139,train,0.8,0.8421926043956037,rf
3,140,train,0.83,0.8421926043956037,rf
3,141,train,0.96,0.9531655555555494,rf
3,142,train,1.18,1.1658385140415135,rf
3,143,train,1.41,1.3816774285714284,rf
3,144,train,1.1,1.0975548666666737,rf
3,145,train,1.1,1.1076530952381034,rf
3,146,train,0.89,0.9314265805860733,rf
3,147,train,0.998,0.9994181396825361,rf
3,149,train,1.15,1.120003333333329,rf
3,150,train,1.18,1.2035983333333327,rf
3,151,train,1.25,1.249251965201465,rf
3,152,train,1.25,1.267287214285712,rf
3,153,train,1.24,1.2122807323232363,rf
3,154,train,1.36,1.3375609047619075,rf
3,155,train,1.3,1.309941182539682,rf
3,156,train,1.35,1.3298201111111172,rf
3,157,train,1.3,1.3033571428571407,rf
3,161,train,1.1,1.091048333333335,rf
3,163,train,1.08,1.0610155021645022,rf
3,164,train,1.1,1.0842313333333404,rf
3,165,train,1.2,1.1495763354978366,rf
3,166,train,1.3,1.30372395238095,rf
3,167,train,1.01,1.0132297238095185,rf
3,168,train,1.4,1.4024161991341897,rf
3,169,train,1.4,1.3730771666666588,rf
3,170,train,1.28,1.338239747363748,rf
3,171,train,1.3,1.338239747363748,rf
3,172,train,0.94,0.9451055555555521,rf
3,173,train,1.25,1.258278801587302,rf
3,174,train,0.95,0.9494143174603108,rf
3,175,train,1.0,1.0094779285714326,rf
3,178,train,1.1,1.0994667857142932,rf
3,181,train,1.25,1.239530512820512,rf
3,182,train,1.4,1.4088278571428463,rf
3,183,train,1.45,1.4509733333333372,rf
3,184,train,1.2,1.1616049777777775,rf
3,185,train,1.4,1.4187301515151431,rf
3,187,train,1.2,1.212192000000001,rf
3,188,train,1.3,1.2802658333333303,rf
3,189,train,1.3,1.2690566666666645,rf
3,190,train,1.25,1.2533142509157504,rf
3,191,train,1.25,1.2320573916083926,rf
3,192,train,0.95,0.9464523174603117,rf
3,193,train,1.22,1.2633647619047648,rf
3,194,train,1.32,1.2633647619047648,rf
3,195,train,0.84,0.8421926043956037,rf
3,197,train,1.05,1.0824126666666702,rf
3,198,train,1.17,1.1852424285714274,rf
3,199,train,1.12,1.1077054761904792,rf
3,6,test,1.35,1.2124600000000014,rf
3,7,test,1.25,1.1815533333333315,rf
3,16,test,0.82,0.8421926043956037,rf
3,18,test,1.4,1.4085379523809425,rf
3,19,test,0.95,1.046765657142853,rf
3,26,test,1.5,1.3819856839826792,rf
3,35,test,1.21,1.2559364920634921,rf
3,37,test,0.84,0.9531655555555493,rf
3,40,test,1.15,1.2508941803751847,rf
3,49,test,1.33,1.3002649761904732,rf
3,59,test,1.0,1.014878000000001,rf
3,70,test,1.34,1.4027192460317353,rf
3,73,test,1.25,1.2596941666666643,rf
3,74,test,1.18,1.0820845714285783,rf
3,83,test,1.17,1.2270670000000017,rf
3,90,test,1.23,1.1846635064380067,rf
3,94,test,0.98,1.0170200000000016,rf
3,99,test,1.15,1.2508941803751847,rf
3,100,test,1.15,1.2508941803751847,rf
3,101,test,1.2,1.1495763354978368,rf
3,122,test,1.1,1.1658385140415135,rf
3,123,test,1.15,1.1658385140415135,rf
3,126,test,1.25,1.182796666666665,rf
3,127,test,1.25,1.3564331796536802,rf
3,128,test,1.39,1.3749324999999923,rf
3,129,test,1.45,1.3749324999999923,rf
3,148,test,0.94,1.0096602793650804,rf
3,158,test,0.86,1.0208222825396815,rf
3,159,test,0.77,0.8520779964590981,rf
3,160,test,1.29,1.3375609047619077,rf
3,162,test,1.4,1.3375609047619077,rf
3,176,test,1.35,1.303709285714286,rf
3,177,test,1.25,1.2354200000000022,rf
3,179,test,1.3,1.2990526672771656,rf
3,180,test,1.45,1.4128091594516565,rf
3,186,test,1.38,1.4336790079365076,rf
3,196,test,1.11,1.1495763354978368,rf
4,0,train,1.3,1.3111750219780187,rf
4,1,train,1.5,1.4518325916028394,rf
4,3,train,1.1,1.134985148047354,rf
4,4,train,1.4,1.3883658335553273,rf
4,5,train,1.24,1.1739197299099344,rf
4,6,train,1.35,1.2980083809523892,rf
4,7,train,1.25,1.2491110000000007,rf
4,8,train,1.0,1.0162474285714267,rf
4,9,train,1.35,1.3685083278388328,rf
4,10,train,1.4,1.3843943174603117,rf
4,11,train,0.97,0.9902848000000017,rf
4,14,train,1.25,1.2324865000000005,rf
4,15,train,1.012,0.9902848000000017,rf
4,16,train,0.82,0.8396347773448762,rf
4,17,train,1.35,1.3284257698412771,rf
4,18,train,1.4,1.411295711399702,rf
4,19,train,0.95,0.9730719999999939,rf
4,20,train,1.4,1.3646544005994004,rf
4,21,train,1.3,1.3646544005994004,rf
4,22,train,1.15,1.1674753511220552,rf
4,23,train,1.2,1.1674753511220552,rf
4,24,train,1.15,1.1674753511220552,rf
4,25,train,1.2,1.1563145051624601,rf
4,26,train,1.5,1.4435021717171714,rf
4,27,train,1.05,1.0474792777777813,rf
4,28,train,1.3,1.2631971017315995,rf
4,29,train,1.05,1.0917283333333356,rf
4,30,train,1.15,1.1781886363636296,rf
4,31,train,1.2,1.1911877554112538,rf
4,33,train,1.45,1.4379048809523833,rf
4,34,train,1.15,1.1389471735209173,rf
4,35,train,1.21,1.2239540177887231,rf
4,36,train,1.0,1.0130006666666662,rf
4,37,train,0.84,0.9052669206349145,rf
4,38,train,1.3,1.3201031025641023,rf
4,39,train,0.9,0.8396347773448762,rf
4,40,train,1.15,1.1739197299099344,rf
4,43,train,1.35,1.3473535177045235,rf
4,44,train,1.1,1.0575743888888938,rf
4,45,train,1.3,1.3331171691641654,rf
4,47,train,1.0,0.9934935714285703,rf
4,49,train,1.33,1.3198812500000034,rf
4,50,train,1.21,1.1869289999999986,rf
4,51,train,1.1,1.106784240981248,rf
4,52,train,1.1,1.0686043809523889,rf
4,53,train,1.1,1.1223622586580095,rf
4,54,train,1.15,1.1223622586580095,rf
4,55,train,1.29,1.2522184110066161,rf
4,56,train,1.08,1.0519631999999983,rf
4,59,train,1.0,1.002441333333333,rf
4,60,train,1.15,1.1563145051624601,rf
4,66,train,1.2,1.201924000000002,rf
4,67,train,1.03,1.0169422666666565,rf
4,68,train,1.38,1.3685354484126955,rf
4,69,train,1.06,1.022497800000001,rf
4,70,train,1.34,1.3654787925962903,rf
4,72,train,1.3,1.2793866150793618,rf
4,73,train,1.25,1.2560733636363626,rf
4,74,train,1.18,1.155680285714287,rf
4,77,train,1.29,1.3188148690476182,rf
4,78,train,1.41,1.3646544005994004,rf
4,79,train,1.01,1.0049891030302982,rf
4,83,train,1.17,1.1776593056675095,rf
4,85,train,1.35,1.421819177267177,rf
4,86,train,1.5,1.421819177267177,rf
4,87,train,1.4,1.421819177267177,rf
4,88,train,1.28,1.2793866150793618,rf
4,89,train,1.22,1.2106373333333413,rf
4,90,train,1.23,1.2121892717569838,rf
4,91,train,1.32,1.3029421150793672,rf
4,92,train,1.09,1.0561699333333268,rf
4,93,train,1.05,1.0975269622331718,rf
4,94,train,0.98,1.0140302380952415,rf
4,98,train,1.38,1.3685354484126955,rf
4,99,train,1.15,1.1739197299099344,rf
4,100,train,1.15,1.1739197299099344,rf
4,101,train,1.2,1.134985148047354,rf
4,107,train,1.17,1.1784643059163056,rf
4,108,train,1.25,1.2507386984126982,rf
4,110,train,1.25,1.2793866150793618,rf
4,111,train,1.12,1.129898388888888,rf
4,112,train,0.85,0.8301944682539701,rf
4,113,train,1.1,1.110692142857151,rf
4,114,train,1.14,1.1419627139249573,rf
4,115,train,1.23,1.232013880952387,rf
4,116,train,1.18,1.2052035238095218,rf
4,118,train,0.98,1.0090206587301633,rf
4,119,train,1.3,1.3134286666666661,rf
4,120,train,1.4,1.4107031349206272,rf
4,121,train,1.5,1.463673838383838,rf
4,122,train,1.1,1.1563145051624601,rf
4,123,train,1.15,1.1563145051624601,rf
4,124,train,1.08,1.1092699999999989,rf
4,125,train,1.04,1.051985666666671,rf
4,126,train,1.25,1.250521000000001,rf
4,127,train,1.25,1.28431284920635,rf
4,128,train,1.39,1.4098283840048815,rf
4,129,train,1.45,1.4098283840048815,rf
4,130,train,1.0,1.0140302380952415,rf
4,131,train,1.15,1.1409884592352018,rf
4,132,train,1.25,1.2757135299700302,rf
4,133,train,1.04,1.0634993333333391,rf
4,134,train,1.25,1.2404272207792202,rf
4,135,train,1.3,1.3398883119935638,rf
4,136,train,1.2,1.2297533333333335,rf
4,137,train,1.3,1.2640804285714264,rf
4,138,train,1.2,1.183683597153804,rf
4,139,train,0.8,0.8396347773448762,rf
4,140,train,0.83,0.8396347773448762,rf
4,141,train,0.96,0.9052669206349145,rf
4,142,train,1.18,1.1563145051624601,rf
4,143,train,1.41,1.3831101587301589,rf
4,145,train,1.1,1.1067668095238175,rf
4,146,train,0.89,0.9218666666666588,rf
4,147,train,0.998,0.9991134952380908,rf
4,148,train,0.94,0.9537491999999987,rf
4,150,train,1.18,1.2038528571428568,rf
4,151,train,1.25,1.2469071652236647,rf
4,152,train,1.25,1.2631971017315995,rf
4,153,train,1.24,1.22760397810619,rf
4,154,train,1.36,1.3398883119935638,rf
4,155,train,1.3,1.309212644688644,rf
4,156,train,1.35,1.3320067399267463,rf
4,157,train,1.3,1.3002542857142836,rf
4,158,train,0.86,0.8927023015873067,rf
4,159,train,0.77,0.7990511777777756,rf
4,160,train,1.29,1.3398883119935638,rf
4,162,train,1.4,1.3398883119935638,rf
4,166,train,1.3,1.314128878205129,rf
4,167,train,1.01,1.008004199999995,rf
4,168,train,1.4,1.4013377860750276,rf
4,172,train,0.94,0.9275303492063459,rf
4,173,train,1.25,1.2491383871970931,rf
4,174,train,0.95,0.940357682539676,rf
4,175,train,1.0,1.0090206587301633,rf
4,176,train,1.35,1.3319412500000078,rf
4,177,train,1.25,1.255243333333334,rf
4,178,train,1.1,1.1017143333333403,rf
4,179,train,1.3,1.2960659780219754,rf
4,180,train,1.45,1.421819177267177,rf
4,181,train,1.25,1.2456300000000002,rf
4,182,train,1.4,1.413760769841262,rf
4,183,train,1.45,1.446785880952385,rf
4,184,train,1.2,1.1396466666666665,rf
4,185,train,1.4,1.4125045100732523,rf
4,186,train,1.38,1.397381598457096,rf
4,187,train,1.2,1.2357151428571458,rf
4,188,train,1.3,1.2784650303030278,rf
4,189,train,1.3,1.2721214761904749,rf
4,190,train,1.25,1.253470276334776,rf
4,191,train,1.25,1.238198309523811,rf
4,192,train,0.95,0.949012111111105,rf
4,193,train,1.22,1.2692590000000041,rf
4,194,train,1.32,1.2692590000000041,rf
4,196,train,1.11,1.134985148047354,rf
4,2,test,1.27,1.324894000000004,rf
4,12,test,1.25,1.338397996336992,rf
4,13,test,0.98,1.017713238095242,rf
4,32,test,1.35,1.3281585634920643,rf
4,41,test,1.4,1.4229194110334034,rf
4,42,test,1.25,1.2349348160173157,rf
4,46,test,1.0,0.9858569047619034,rf
4,48,test,0.92,1.0003957714285696,rf
4,57,test,0.99,1.0105736666666651,rf
4,58,test,1.11,1.1497666666666688,rf
4,61,test,1.04,0.9902848000000017,rf
4,62,test,1.1,1.1585575757575775,rf
4,63,test,1.11,1.1497666666666688,rf
4,64,test,1.0,0.9935695999999956,rf
4,65,test,1.11,1.0470963809523848,rf
4,71,test,1.4,1.4218191772671775,rf
4,75,test,0.98,1.0056899333333347,rf
4,76,test,1.04,1.115300333333336,rf
4,80,test,1.2,1.1558270116837162,rf
4,81,test,1.25,1.1558270116837162,rf
4,82,test,1.25,1.1558270116837162,rf
4,84,test,1.05,1.123738242424245,rf
4,95,test,0.95,0.9875559999999945,rf
4,96,test,1.2,1.208686224137927,rf
4,97,test,1.25,1.2239540177887236,rf
4,102,test,1.2,1.1563145051624608,rf
4,103,test,1.15,1.1223622586580095,rf
4,104,test,1.1,1.1563145051624608,rf
4,105,test,1.08,1.1223622586580095,rf
4,106,test,1.2,1.242070452380954,rf
4,109,test,1.2,1.258745333333336,rf
4,117,test,1.42,1.3678440360195347,rf
4,144,test,1.1,1.0976496000000007,rf
4,149,test,1.15,1.109596000000003,rf
4,161,test,1.1,1.097526962233172,rf
4,163,test,1.08,1.0260488694083734,rf
4,164,test,1.1,1.0370925238095288,rf
4,165,test,1.2,1.1349851480473543,rf
4,169,test,1.4,1.4012764316239301,rf
4,170,test,1.28,1.3646544005994008,rf
4,171,test,1.3,1.3646544005994008,rf
4,195,test,0.84,0.8396347773448763,rf
4,197,test,1.05,1.1443283333333327,rf
4,198,test,1.17,1.2281872922077917,rf
4,199,test,1.12,1.115564428571432,rf
0,0,train,1.3,1.297190623080683,ridge
0,1,train,1.5,1.3647401827360308,ridge
0,2,train,1.27,1.2465472955688266,ridge
0,3,train,1.1,1.1757193288473382,ridge
0,4,train,1.4,1.3859101714247934,ridge
0,5,train,1.24,1.2153960452940276,ridge
0,6,train,1.35,1.204497315690765,ridge
0,7,train,1.25,1.167569295182707,ridge
0,8,train,1.0,1.0709362627292236,ridge
0,11,train,0.97,0.9845092242137373,ridge
0,12,train,1.25,1.26182040233511,ridge
0,13,train,0.98,1.0299050318052347,ridge
0,15,train,1.012,0.9845092242137372,ridge
0,16,train,0.82,0.9665465155075267,ridge
0,17,train,1.35,1.303872167686679,ridge
0,18,train,1.4,1.414313753655659,ridge
0,19,train,0.95,1.0489749868058098,ridge
0,20,train,1.4,1.3154957391871573,ridge
0,21,train,1.3,1.3154957391871573,ridge
0,22,train,1.15,1.176464150477243,ridge
0,23,train,1.2,1.176464150477243,ridge
0,24,train,1.15,1.176464150477243,ridge
0,25,train,1.2,1.1322857225757224,ridge
0,26,train,1.5,1.4870325001539602,ridge
0,30,train,1.15,1.175205662867807,ridge
0,31,train,1.2,1.177872299189306,ridge
0,32,train,1.35,1.320773976559676,ridge
0,35,train,1.21,1.2127294089725285,ridge
0,36,train,1.0,1.0116636142841526,ridge
0,37,train,0.84,0.9358946903814769,ridge
0,38,train,1.3,1.3154407039166778,ridge
0,39,train,0.9,0.9665465155075267,ridge
0,40,train,1.15,1.2153960452940276,ridge
0,41,train,1.4,1.416980389977158,ridge
0,42,train,1.25,1.2981743292572316,ridge
0,43,train,1.35,1.3324979936736974,ridge
0,44,train,1.1,1.0736119304387461,ridge
0,45,train,1.3,1.3208290118301556,ridge
0,46,train,1.0,0.9997043432551357,ridge
0,48,train,0.92,0.9213284591074706,ridge
0,49,train,1.33,1.3150960602037738,ridge
0,52,train,1.1,1.0279097973729916,ridge
0,53,train,1.1,1.0720485499584302,ridge
0,54,train,1.15,1.0720485499584302,ridge
0,55,train,1.29,1.2156224000313254,ridge
0,56,train,1.08,1.0605469510409973,ridge
0,57,train,0.99,0.908600167363492,ridge
0,58,train,1.11,1.123220213736153,ridge
0,59,train,1.0,0.9933814891118846,ridge
0,61,train,1.04,0.9845092242137373,ridge
0,62,train,1.1,1.1414754922952457,ridge
0,63,train,1.11,1.123220213736153,ridge
0,64,train,1.0,1.0080076096597461,ridge
0,65,train,1.11,1.0949951629479993,ridge
0,69,train,1.06,0.9657116731959526,ridge
0,70,train,1.34,1.402967461181813,ridge
0,71,train,1.4,1.3660311222884158,ridge
0,72,train,1.3,1.3225480017236686,ridge
0,73,train,1.25,1.1608678378901753,ridge
0,74,train,1.18,1.1174342316185595,ridge
0,75,train,0.98,0.9507335112121904,ridge
0,76,train,1.04,1.1405700733460549,ridge
0,77,train,1.29,1.4092918403571846,ridge
0,78,train,1.41,1.3154957391871573,ridge
0,79,train,1.01,1.0130414221845225,ridge
0,80,train,1.2,1.1801974413273417,ridge
0,81,train,1.25,1.1801974413273417,ridge
0,82,train,1.25,1.1801974413273417,ridge
0,83,train,1.17,1.198338755537008,ridge
0,84,train,1.05,1.141249137557948,ridge
0,85,train,1.35,1.3660311222884158,ridge
0,86,train,1.5,1.3660311222884158,ridge
0,87,train,1.4,1.3660311222884158,ridge
0,88,train,1.28,1.3225480017236686,ridge
0,89,train,1.22,1.15450165887305,ridge
0,90,train,1.23,1.133030544205627,ridge
0,92,train,1.09,1.0021961608303223,ridge
0,93,train,1.05,1.2007765275688551,ridge
0,94,train,0.98,1.032571668126734,ridge
0,95,train,0.95,0.9960437422925842,ridge
0,96,train,1.2,1.1956721192155089,ridge
0,97,train,1.25,1.2127294089725285,ridge
0,98,train,1.38,1.423682493792705,ridge
0,99,train,1.15,1.2153960452940276,ridge
0,100,train,1.15,1.2153960452940276,ridge
0,101,train,1.2,1.1757193288473382,ridge
0,102,train,1.2,1.1322857225757224,ridge
0,103,train,1.15,1.0720485499584302,ridge
0,104,train,1.1,1.1322857225757224,ridge
0,105,train,1.08,1.0720485499584302,ridge
0,106,train,1.2,1.2560413136821496,ridge
0,107,train,1.17,1.1703807898689413,ridge
0,109,train,1.2,1.1999855631357672,ridge
0,110,train,1.25,1.3225480017236686,ridge
0,111,train,1.12,1.0863437450573514,ridge
0,112,train,0.85,0.9430325580476826,ridge
0,113,train,1.1,1.163538034997415,ridge
0,114,train,1.14,1.1577767827688252,ridge
0,115,train,1.23,1.2206789345573341,ridge
0,116,train,1.18,1.254640341187728,ridge
0,117,train,1.42,1.4102883059344173,ridge
0,118,train,0.98,1.0972575960654452,ridge
0,119,train,1.3,1.2558805226940735,ridge
0,120,train,1.4,1.4441143239308083,ridge
0,121,train,1.5,1.4079230091846358,ridge
0,122,train,1.1,1.1322857225757224,ridge
0,123,train,1.15,1.1322857225757224,ridge
0,124,train,1.08,1.0796162874911428,ridge
0,125,train,1.04,1.0276766569886413,ridge
0,126,train,1.25,1.2951256948374008,ridge
0,127,train,1.25,1.2958722587221814,ridge
0,128,train,1.39,1.364643408919048,ridge
0,129,train,1.45,1.364643408919048,ridge
0,130,train,1.0,1.032571668126734,ridge
0,131,train,1.15,1.045155631639549,ridge
0,132,train,1.25,1.2404749562924224,ridge
0,135,train,1.3,1.349171031144363,ridge
0,136,train,1.2,1.1550818557725815,ridge
0,137,train,1.3,1.2384530676919399,ridge
0,138,train,1.2,1.2320087382992146,ridge
0,143,train,1.41,1.3410147970808055,ridge
0,144,train,1.1,1.0958825017828229,ridge
0,146,train,0.89,1.0319176970487902,ridge
0,148,train,0.94,0.9729372599785497,ridge
0,149,train,1.15,1.122314794786962,ridge
0,152,train,1.25,1.1577484920940806,ridge
0,153,train,1.24,1.1553553491876334,ridge
0,158,train,0.86,0.9365552742614849,ridge
0,159,train,0.77,0.9558799702215303,ridge
0,160,train,1.29,1.349171031144363,ridge
0,161,train,1.1,1.2007765275688551,ridge
0,162,train,1.4,1.349171031144363,ridge
0,163,train,1.08,1.115512874624538,ridge
0,164,train,1.1,1.1235127835890353,ridge
0,165,train,1.2,1.1757193288473382,ridge
0,169,train,1.4,1.3731720537975578,ridge
0,170,train,1.28,1.3154957391871573,ridge
0,171,train,1.3,1.3154957391871573,ridge
0,173,train,1.25,1.224301373207716,ridge
0,174,train,0.95,0.9030243963296738,ridge
0,175,train,1.0,1.0972575960654452,ridge
0,176,train,1.35,1.3396052914806882,ridge
0,177,train,1.25,1.246118360910964,ridge
0,179,train,1.3,1.3158167192798496,ridge
0,180,train,1.45,1.3660311222884158,ridge
0,181,train,1.25,1.1850609663103044,ridge
0,182,train,1.4,1.4190571252092912,ridge
0,183,train,1.45,1.4243903978522896,ridge
0,184,train,1.2,1.08853105944169,ridge
0,186,train,1.38,1.3740310312529131,ridge
0,188,train,1.3,1.1579748468313784,ridge
0,189,train,1.3,1.281861861130117,ridge
0,190,train,1.25,1.277022157495475,ridge
0,191,train,1.25,1.3392615265801535,ridge
0,192,train,0.95,0.9110243052941711,ridge
0,195,train,0.84,0.9665465155075267,ridge
0,196,train,1.11,1.1757193288473382,ridge
0,197,train,1.05,1.1245588364408048,ridge
0,198,train,1.17,1.1664274652704714,ridge
0,199,train,1.12,1.1253585149183902,ridge
0,9,test,1.35,1.6003643026553507,ridge
0,10,test,1.4,1.6515361719264092,ridge
0,14,test,1.25,1.2881772621961833,ridge
0,27,test,1.05,1.0746367040473856,ridge
0,28,test,1.3,1.1577484920940806,ridge
0,29,test,1.05,1.0386876444061337,ridge
0,33,test,1.45,1.4270570341737887,ridge
0,34,test,1.15,1.0800484589229276,ridge
0,47,test,1.0,1.023534510320157,ridge
0,50,test,1.21,1.080811756083876,ridge
0,51,test,1.1,1.0560146550841394,ridge
0,60,test,1.15,1.1322857225757224,ridge
0,66,test,1.2,1.1641675272398484,ridge
0,67,test,1.03,1.102811893898442,ridge
0,68,test,1.38,1.423682493792705,ridge
0,91,test,1.32,1.3293709176264765,ridge
0,108,test,1.25,1.2955076929357325,ridge
0,133,test,1.04,1.0962707008750374,ridge
0,134,test,1.25,1.280130144309804,ridge
0,139,test,0.8,0.9665465155075267,ridge
0,140,test,0.83,0.9665465155075267,ridge
0,141,test,0.96,0.9358946903814769,ridge
0,142,test,1.18,1.1322857225757224,ridge
0,145,test,1.1,1.1671906839688284,ridge
0,147,test,0.998,0.9609518891029938,ridge
0,150,test,1.18,1.2865931214504782,ridge
0,151,test,1.25,1.30707965717092,ridge
0,154,test,1.36,1.349171031144363,ridge
0,155,test,1.3,1.2160925224445063,ridge
0,156,test,1.35,1.2478806137295761,ridge
0,157,test,1.3,1.210446599603388,ridge
0,166,test,1.3,1.3422719278021873,ridge
0,167,test,1.01,1.0329183739679881,ridge
0,168,test,1.4,1.3583402555644328,ridge
0,172,test,0.94,0.9372280085422264,ridge
0,178,test,1.1,1.2638887121832898,ridge
0,185,test,1.4,1.3690068008504293,ridge
0,187,test,1.2,1.2007640248406661,ridge
0,193,test,1.22,1.1349944743462335,ridge
0,194,test,1.32,1.1349944743462335,ridge
1,0,train,1.3,1.2957888735033212,ridge
1,1,train,1.5,1.3382785104585535,ridge
1,2,train,1.27,1.240092705656011,ridge
1,3,train,1.1,1.1927668121573674,ridge
1,4,train,1.4,1.3855044280063742,ridge
1,5,train,1.24,1.2073356753065834,ridge
1,6,train,1.35,1.211352233679304,ridge
1,7,train,1.25,1.1937494285087935,ridge
1,9,train,1.35,1.562380323197178,ridge
1,10,train,1.4,1.5650013190539076,ridge
1,12,train,1.25,1.2881794984373107,ridge
1,13,train,0.98,1.0247105122973803,ridge
1,14,train,1.25,1.2387598975711505,ridge
1,16,train,0.82,0.9732390402050047,ridge
1,17,train,1.35,1.3129334423138757,ridge
1,18,train,1.4,1.3854733834881061,ridge
1,19,train,0.95,1.0325461534871012,ridge
1,20,train,1.4,1.3077699038197612,ridge
1,21,train,1.3,1.3077699038197612,ridge
1,26,train,1.5,1.4852434076124714,ridge
1,27,train,1.05,1.070829601614765,ridge
1,28,train,1.3,1.1643606944306064,ridge
1,29,train,1.05,1.0485330198499043,ridge
1,32,train,1.35,1.33406593111822,ridge
1,33,train,1.45,1.4239692184904607,ridge
1,34,train,1.15,1.0726125087158331,ridge
1,35,train,1.21,1.2058709318031302,ridge
1,36,train,1.0,1.0215378015638903,ridge
1,37,train,0.84,0.9433808572333754,ridge
1,40,train,1.15,1.2073356753065834,ridge
1,41,train,1.4,1.3869381269915593,ridge
1,42,train,1.25,1.253198937680123,ridge
1,43,train,1.35,1.3320101093968901,ridge
1,44,train,1.1,1.0637153071615135,ridge
1,45,train,1.3,1.3106993908266675,ridge
1,46,train,1.0,1.0014642335887614,ridge
1,47,train,1.0,1.0009021186319813,ridge
1,48,train,0.92,0.9216500351038092,ridge
1,49,train,1.33,1.308314329695918,ridge
1,50,train,1.21,1.0923574166023362,ridge
1,51,train,1.1,1.068129962061186,ridge
1,52,train,1.1,1.0251677561878172,ridge
1,56,train,1.08,1.0353833876094738,ridge
1,57,train,0.99,0.9884196792773157,ridge
1,58,train,1.11,1.0996305476292316,ridge
1,59,train,1.0,1.010761090041159,ridge
1,60,train,1.15,1.1266641747370731,ridge
1,61,train,1.04,0.9710909655991413,ridge
1,62,train,1.1,1.132139310624961,ridge
1,63,train,1.11,1.0996305476292316,ridge
1,64,train,1.0,1.0074430312661269,ridge
1,65,train,1.11,1.0922467078717142,ridge
1,66,train,1.2,1.157710761011979,ridge
1,67,train,1.03,1.0884201414741055,ridge
1,68,train,1.38,1.3958109866831734,ridge
1,69,train,1.06,0.9712003816648452,ridge
1,70,train,1.34,1.3863780932919507,ridge
1,71,train,1.4,1.3511445806918823,ridge
1,72,train,1.3,1.3046122445349817,ridge
1,73,train,1.25,1.1643145679883395,ridge
1,74,train,1.18,1.0982119305680453,ridge
1,75,train,0.98,0.9502777203632725,ridge
1,76,train,1.04,1.1351610505164011,ridge
1,77,train,1.29,1.39640206490105,ridge
1,78,train,1.41,1.3077699038197612,ridge
1,80,train,1.2,1.1935274426158637,ridge
1,81,train,1.25,1.1935274426158637,ridge
1,82,train,1.25,1.1935274426158637,ridge
1,83,train,1.17,1.2064620100210068,ridge
1,84,train,1.05,1.132894745597821,ridge
1,90,train,1.23,1.1253741642907353,ridge
1,91,train,1.32,1.3049617106492122,ridge
1,92,train,1.09,1.0072377883187285,ridge
1,94,train,0.98,1.0261752558008332,ridge
1,95,train,0.95,0.9964283093170379,ridge
1,96,train,1.2,1.204997266517554,ridge
1,97,train,1.25,1.2058709318031302,ridge
1,98,train,1.38,1.3958109866831734,ridge
1,99,train,1.15,1.2073356753065834,ridge
1,100,train,1.15,1.2073356753065834,ridge
1,101,train,1.2,1.1927668121573674,ridge
1,102,train,1.2,1.1266641747370731,ridge
1,103,train,1.15,1.0682182782054739,ridge
1,104,train,1.1,1.1266641747370731,ridge
1,105,train,1.08,1.0682182782054739,ridge
1,106,train,1.2,1.305099420624106,ridge
1,107,train,1.17,1.161123613375025,ridge
1,108,train,1.25,1.2517341941766698,ridge
1,109,train,1.2,1.2031419761447308,ridge
1,111,train,1.12,1.0539652266131814,ridge
1,112,train,0.85,0.9663567846419263,ridge
1,115,train,1.23,1.2054167464884056,ridge
1,116,train,1.18,1.2170792399186188,ridge
1,117,train,1.42,1.3930386287208898,ridge
1,118,train,0.98,1.0973843917247357,ridge
1,119,train,1.3,1.2452193079180969,ridge
1,120,train,1.4,1.424842883776037,ridge
1,121,train,1.5,1.390458692216342,ridge
1,122,train,1.1,1.1266641747370731,ridge
1,123,train,1.15,1.1266641747370731,ridge
1,124,train,1.08,1.0672777338733666,ridge
1,126,train,1.25,1.2877174572967114,ridge
1,127,train,1.25,1.3085392118035164,ridge
1,128,train,1.39,1.3722698471314316,ridge
1,129,train,1.45,1.3722698471314316,ridge
1,130,train,1.0,1.0261752558008332,ridge
1,132,train,1.25,1.2399746903869202,ridge
1,133,train,1.04,1.1002387890282785,ridge
1,134,train,1.25,1.2551796696980895,ridge
1,137,train,1.3,1.2818175760892356,ridge
1,139,train,0.8,0.9732390402050047,ridge
1,140,train,0.83,0.9732390402050047,ridge
1,141,train,0.96,0.9433808572333755,ridge
1,142,train,1.18,1.1266641747370731,ridge
1,144,train,1.1,1.0732711048231287,ridge
1,145,train,1.1,1.192329979514579,ridge
1,146,train,0.89,1.0316724882015247,ridge
1,147,train,0.998,0.9486487530293113,ridge
1,148,train,0.94,0.9682537314767687,ridge
1,149,train,1.15,1.1026522875206715,ridge
1,150,train,1.18,1.2480828112665627,ridge
1,151,train,1.25,1.2545714282990423,ridge
1,152,train,1.25,1.1643606944306064,ridge
1,154,train,1.36,1.3472376494395835,ridge
1,155,train,1.3,1.2112138743333334,ridge
1,156,train,1.35,1.2408250774077376,ridge
1,157,train,1.3,1.2149091726152315,ridge
1,158,train,0.86,0.9427872454421823,ridge
1,159,train,0.77,0.9673800661911922,ridge
1,160,train,1.29,1.3472376494395832,ridge
1,161,train,1.1,1.1980347079533031,ridge
1,162,train,1.4,1.3472376494395835,ridge
1,163,train,1.08,1.1298931547204654,ridge
1,164,train,1.1,1.1342873852308246,ridge
1,165,train,1.2,1.1927668121573674,ridge
1,166,train,1.3,1.3069506533240112,ridge
1,167,train,1.01,1.0382579339271005,ridge
1,168,train,1.4,1.3347631260502661,ridge
1,169,train,1.4,1.3727066797742198,ridge
1,170,train,1.28,1.3077699038197612,ridge
1,171,train,1.3,1.3077699038197612,ridge
1,172,train,0.94,0.944113228985102,ridge
1,176,train,1.35,1.305485909820558,ridge
1,177,train,1.25,1.24789077314267,ridge
1,178,train,1.1,1.197602623389166,ridge
1,179,train,1.3,1.3139335042630886,ridge
1,180,train,1.45,1.3511445806918823,ridge
1,184,train,1.2,1.087477559692469,ridge
1,185,train,1.4,1.3406221000640786,ridge
1,186,train,1.38,1.3555388112022415,ridge
1,187,train,1.2,1.2093015927744695,ridge
1,192,train,0.95,0.9239401026219444,ridge
1,193,train,1.22,1.211580581767147,ridge
1,194,train,1.32,1.211580581767147,ridge
1,195,train,0.84,0.9732390402050047,ridge
1,196,train,1.11,1.1927668121573674,ridge
1,197,train,1.05,1.1170198415001216,ridge
1,198,train,1.17,1.1664886200223856,ridge
1,199,train,1.12,1.1254873139199502,ridge
1,8,test,1.0,1.0679308285847242,ridge
1,11,test,0.97,0.9710909655991413,ridge
1,15,test,1.012,0.9710909655991413,ridge
1,22,test,1.15,1.1914768017110295,ridge
1,23,test,1.2,1.1914768017110295,ridge
1,24,test,1.15,1.1914768017110295,ridge
1,25,test,1.2,1.1266641747370731,ridge
1,30,test,1.15,1.1731805724004432,ridge
1,31,test,1.2,1.1746453159038963,ridge
1,38,test,1.3,1.3311364441113136,ridge
1,39,test,0.9,0.9732390402050047,ridge
1,53,test,1.1,1.0682182782054739,ridge
1,54,test,1.15,1.0682182782054739,ridge
1,55,test,1.29,1.2065802403337234,ridge
1,79,test,1.01,1.07984177592982,ridge
1,85,test,1.35,1.3511445806918823,ridge
1,86,test,1.5,1.3511445806918823,ridge
1,87,test,1.4,1.3511445806918823,ridge
1,88,test,1.28,1.3046122445349817,ridge
1,89,test,1.22,1.1584372327237424,ridge
1,93,test,1.05,1.1980347079533031,ridge
1,110,test,1.25,1.3046122445349817,ridge
1,113,test,1.1,1.190918329434405,ridge
1,114,test,1.14,1.1626960697402149,ridge
1,125,test,1.04,1.011548402482165,ridge
1,131,test,1.15,1.0502714903864028,ridge
1,135,test,1.3,1.3472376494395835,ridge
1,136,test,1.2,1.1628959509271533,ridge
1,138,test,1.2,1.1729448886296958,ridge
1,143,test,1.41,1.3461558115736263,ridge
1,153,test,1.24,1.128201022110976,ridge
1,173,test,1.25,1.2087081659255028,ridge
1,174,test,0.95,0.919545872111585,ridge
1,175,test,1.0,1.0973843917247357,ridge
1,181,test,1.25,1.182074132532762,ridge
1,182,test,1.4,1.4195749879801012,ridge
1,183,test,1.45,1.4225044749870075,ridge
1,188,test,1.3,1.1636052594577464,ridge
1,189,test,1.3,1.2510352619482086,ridge
1,190,test,1.25,1.2523257478482124,ridge
1,191,test,1.25,1.4304178713471343,ridge
2,2,train,1.27,1.2183029280975535,ridge
2,6,train,1.35,1.220758293657786,ridge
2,7,train,1.25,1.1544424200271137,ridge
2,8,train,1.0,0.9933493793110084,ridge
2,9,train,1.35,1.5315066641217865,ridge
2,10,train,1.4,1.5289004755976876,ridge
2,11,train,0.97,0.9597175015264531,ridge
2,12,train,1.25,1.298137725974673,ridge
2,13,train,0.98,1.0230334129251968,ridge
2,14,train,1.25,1.2798005128091523,ridge
2,15,train,1.012,0.9597175015264531,ridge
2,16,train,0.82,0.9617268696369822,ridge
2,18,train,1.4,1.390700240701179,ridge
2,19,train,0.95,1.047085791913901,ridge
2,22,train,1.15,1.1837480991355416,ridge
2,23,train,1.2,1.1837480991355416,ridge
2,24,train,1.15,1.1837480991355416,ridge
2,25,train,1.2,1.1454083370692432,ridge
2,26,train,1.5,1.4866914030720828,ridge
2,27,train,1.05,1.0729744102639927,ridge
2,28,train,1.3,1.1674640639151845,ridge
2,29,train,1.05,1.0475903208375597,ridge
2,30,train,1.15,1.1777852761864667,ridge
2,31,train,1.2,1.1771834119208748,ridge
2,32,train,1.35,1.3123096356684096,ridge
2,33,train,1.45,1.4055469322396852,ridge
2,34,train,1.15,1.0883948945442046,ridge
2,35,train,1.21,1.2079606404852181,ridge
2,37,train,0.84,0.9433989152172334,ridge
2,38,train,1.3,1.3135133641995933,ridge
2,39,train,0.9,0.9617268696369821,ridge
2,40,train,1.15,1.2073587762196263,ridge
2,41,train,1.4,1.3900983764355872,ridge
2,42,train,1.25,1.2657602867056628,ridge
2,46,train,1.0,0.9992650013470358,ridge
2,47,train,1.0,0.9938401294583321,ridge
2,48,train,0.92,0.9207397525723507,ridge
2,49,train,1.33,1.2959072012982125,ridge
2,50,train,1.21,1.0942405267017188,ridge
2,51,train,1.1,1.0939876248239317,ridge
2,53,train,1.1,1.0902004873409799,ridge
2,54,train,1.15,1.0902004873409799,ridge
2,55,train,1.29,1.2070736165690024,ridge
2,57,train,0.99,0.9271095711046948,ridge
2,58,train,1.11,1.1266061888135996,ridge
2,59,train,1.0,1.042056305906803,ridge
2,60,train,1.15,1.1454083370692432,ridge
2,61,train,1.04,0.9597175015264531,ridge
2,62,train,1.1,1.1418509119931517,ridge
2,63,train,1.11,1.1266061888135996,ridge
2,64,train,1.0,1.006617787524343,ridge
2,65,train,1.11,1.1005810330158439,ridge
2,66,train,1.2,1.1593942855165378,ridge
2,67,train,1.03,1.0366471824742842,ridge
2,68,train,1.38,1.4300071309850795,ridge
2,70,train,1.34,1.3924312999426265,ridge
2,71,train,1.4,1.375947498605248,ridge
2,73,train,1.25,1.1662918803483446,ridge
2,74,train,1.18,1.1283802366460314,ridge
2,75,train,0.98,0.9504195547153196,ridge
2,76,train,1.04,1.1429915505956478,ridge
2,79,train,1.01,1.0121136598807188,ridge
2,80,train,1.2,1.182905489163713,ridge
2,81,train,1.25,1.182905489163713,ridge
2,82,train,1.25,1.182905489163713,ridge
2,83,train,1.17,1.2082275057276592,ridge
2,84,train,1.05,1.1421360716437758,ridge
2,85,train,1.35,1.375947498605248,ridge
2,86,train,1.5,1.375947498605248,ridge
2,87,train,1.4,1.375947498605248,ridge
2,88,train,1.28,1.2904955799656697,ridge
2,89,train,1.22,1.1648374518134244,ridge
2,90,train,1.23,1.1458364554332283,ridge
2,91,train,1.32,1.2901480881624563,ridge
2,93,train,1.05,1.180645658466748,ridge
2,94,train,0.98,1.022431548659605,ridge
2,95,train,0.95,0.9783066344172634,ridge
2,96,train,1.2,1.208829369993251,ridge
2,97,train,1.25,1.2079606404852181,ridge
2,99,train,1.15,1.2073587762196263,ridge
2,100,train,1.15,1.2073587762196263,ridge
2,101,train,1.2,1.1833199807715564,ridge
2,102,train,1.2,1.1454083370692432,ridge
2,103,train,1.15,1.0902004873409799,ridge
2,104,train,1.1,1.1454083370692432,ridge
2,105,train,1.08,1.0902004873409799,ridge
2,106,train,1.2,1.2869312170715437,ridge
2,108,train,1.25,1.2663621509712546,ridge
2,109,train,1.2,1.2034539045334605,ridge
2,110,train,1.25,1.2904955799656697,ridge
2,113,train,1.1,1.1843700754440107,ridge
2,114,train,1.14,1.1578555579622034,ridge
2,117,train,1.42,1.391481186097723,ridge
2,122,train,1.1,1.1454083370692432,ridge
2,123,train,1.15,1.1454083370692432,ridge
2,125,train,1.04,1.033099110835408,ridge
2,126,train,1.25,1.277940793923678,ridge
2,127,train,1.25,1.3042467449203232,ridge
2,128,train,1.39,1.3867316162565742,ridge
2,129,train,1.45,1.3867316162565742,ridge
2,131,train,1.15,1.0454143321330744,ridge
2,133,train,1.04,1.1332032442691433,ridge
2,134,train,1.25,1.2694111107619348,ridge
2,135,train,1.3,1.349747144869073,ridge
2,136,train,1.2,1.1680659281807764,ridge
2,138,train,1.2,1.1258818153278638,ridge
2,139,train,0.8,0.9617268696369822,ridge
2,140,train,0.83,0.9617268696369822,ridge
2,141,train,0.96,0.9433989152172334,ridge
2,142,train,1.18,1.1454083370692432,ridge
2,143,train,1.41,1.350395568805082,ridge
2,144,train,1.1,1.0709653463686022,ridge
2,145,train,1.1,1.1837543455255728,ridge
2,147,train,0.998,0.940724592912425,ridge
2,148,train,0.94,0.9632655971913164,ridge
2,149,train,1.15,1.1277468274160958,ridge
2,150,train,1.18,1.249684049835443,ridge
2,151,train,1.25,1.2628140553063911,ridge
2,153,train,1.24,1.1424804000781543,ridge
2,154,train,1.36,1.349747144869073,ridge
2,155,train,1.3,1.207417275514284,ridge
2,156,train,1.35,1.2180019959647574,ridge
2,157,train,1.3,1.2063066663239348,ridge
2,158,train,0.86,0.869025291021967,ridge
2,159,train,0.77,0.9641343266993494,ridge
2,160,train,1.29,1.349747144869073,ridge
2,161,train,1.1,1.180645658466748,ridge
2,162,train,1.4,1.349747144869073,ridge
2,163,train,1.08,1.1456658729004563,ridge
2,164,train,1.1,1.1438602801036808,ridge
2,165,train,1.2,1.1833199807715564,ridge
2,166,train,1.3,1.2890249861920449,ridge
2,167,train,1.01,1.0509902306564531,ridge
2,168,train,1.4,1.3064746768038247,ridge
2,169,train,1.4,1.3862972515025578,ridge
2,170,train,1.28,1.2344764247849003,ridge
2,171,train,1.3,1.2344764247849003,ridge
2,172,train,0.94,0.9430979830844375,ridge
2,173,train,1.25,1.2044125448203549,ridge
2,174,train,0.95,0.9329603298083954,ridge
2,175,train,1.0,1.1304211497209042,ridge
2,176,train,1.35,1.2896268504576367,ridge
2,177,train,1.25,1.2474356743246162,ridge
2,178,train,1.1,1.162578700560022,ridge
2,179,train,1.3,1.3392910720197704,ridge
2,180,train,1.45,1.375947498605248,ridge
2,181,train,1.25,1.1700680906450824,ridge
2,182,train,1.4,1.4073525250364607,ridge
2,183,train,1.45,1.406148796505277,ridge
2,185,train,1.4,1.3040672197414573,ridge
2,186,train,1.38,1.3741419058084725,ridge
2,187,train,1.2,1.2216009036296147,ridge
2,188,train,1.3,1.1671789042645606,ridge
2,189,train,1.3,1.2670571345776809,ridge
2,190,train,1.25,1.2705246436989743,ridge
2,191,train,1.25,1.317464119876473,ridge
2,193,train,1.22,1.2105050465133513,ridge
2,194,train,1.32,1.2105050465133513,ridge
2,195,train,0.84,0.9617268696369822,ridge
2,196,train,1.11,1.1833199807715564,ridge
2,197,train,1.05,1.1347023291281122,ridge
2,198,train,1.17,1.164802992166537,ridge
2,199,train,1.12,1.1154793191799968,ridge
2,0,test,1.3,1.1436900125792717,ridge
2,1,test,1.5,1.3050302025664042,ridge
2,3,test,1.1,1.1833199807715564,ridge
2,4,test,1.4,1.3933000294506594,ridge
2,5,test,1.24,1.2073587762196263,ridge
2,17,test,1.35,1.3024411521235477,ridge
2,20,test,1.4,1.2344764247849003,ridge
2,21,test,1.3,1.2344764247849003,ridge
2,36,test,1.0,0.7944316401465867,ridge
2,43,test,1.35,1.3126446346915603,ridge
2,44,test,1.1,0.864344026363526,ridge
2,45,test,1.3,1.2332726962537166,ridge
2,52,test,1.1,0.9005869415100178,ridge
2,56,test,1.08,1.0435376962490375,ridge
2,69,test,1.06,0.9683920588732353,ridge
2,72,test,1.3,1.2904955799656697,ridge
2,77,test,1.29,1.4302739962275206,ridge
2,78,test,1.41,1.2344764247849003,ridge
2,92,test,1.09,0.9071396798590611,ridge
2,98,test,1.38,1.4300071309850795,ridge
2,107,test,1.17,1.157991941777709,ridge
2,111,test,1.12,1.0346673167470755,ridge
2,112,test,0.85,0.9649168110689922,ridge
2,115,test,1.23,1.1803024665277222,ridge
2,116,test,1.18,1.2467289539709103,ridge
2,118,test,0.98,1.1304211497209042,ridge
2,119,test,1.3,1.216196403167982,ridge
2,120,test,1.4,1.4046782027316522,ridge
2,121,test,1.5,1.3891615131468447,ridge
2,124,test,1.08,1.090281113901752,ridge
2,130,test,1.0,1.022431548659605,ridge
2,132,test,1.25,1.1672012088480397,ridge
2,137,test,1.3,1.3008987754520895,ridge
2,146,test,0.89,1.047954521421934,ridge
2,152,test,1.25,1.1674640639151845,ridge
2,184,test,1.2,0.9749717344706031,ridge
2,192,test,0.95,0.9311547370116199,ridge
3,0,train,1.3,1.2973939985881011,ridge
3,1,train,1.5,1.3299441206973448,ridge
3,2,train,1.27,1.2640895521646303,ridge
3,3,train,1.1,1.183977144148794,ridge
3,4,train,1.4,1.381253438184201,ridge
3,5,train,1.24,1.2389436182601226,ridge
3,8,train,1.0,1.0466784670580018,ridge
3,9,train,1.35,1.537300901183451,ridge
3,10,train,1.4,1.5664530183674341,ridge
3,11,train,0.97,1.0044678835286176,ridge
3,12,train,1.25,1.2922228642458524,ridge
3,13,train,0.98,1.0157874025615794,ridge
3,14,train,1.25,1.2251698379348201,ridge
3,15,train,1.012,1.0044678835286176,ridge
3,17,train,1.35,1.3105665083950364,ridge
3,20,train,1.4,1.3072520782408552,ridge
3,21,train,1.3,1.3072520782408552,ridge
3,22,train,1.15,1.1854299642740314,ridge
3,23,train,1.2,1.1854299642740314,ridge
3,24,train,1.15,1.1854299642740314,ridge
3,25,train,1.2,1.1368969115219112,ridge
3,27,train,1.05,1.068274126013221,ridge
3,28,train,1.3,1.157203354264389,ridge
3,29,train,1.05,1.048068794437023,ridge
3,30,train,1.15,1.1653399392089452,ridge
3,31,train,1.2,1.16583059356264,ridge
3,32,train,1.35,1.3202949957863241,ridge
3,33,train,1.45,1.4194897307438556,ridge
3,34,train,1.15,1.09299453697455,ridge
3,36,train,1.0,1.0250331552468395,ridge
3,38,train,1.3,1.3193136870789341,ridge
3,39,train,0.9,0.9999939688630841,ridge
3,41,train,1.4,1.3945080665437337,ridge
3,42,train,1.25,1.2748151751202532,ridge
3,43,train,1.35,1.3290310594735952,ridge
3,44,train,1.1,1.0636430805362953,ridge
3,45,train,1.3,1.3082333869482452,ridge
3,46,train,1.0,1.001830182654998,ridge
3,47,train,1.0,0.9983418279932552,ridge
3,48,train,0.92,0.9219532395164622,ridge
3,50,train,1.21,1.1001939719114342,ridge
3,51,train,1.1,1.0941077127576628,ridge
3,52,train,1.1,1.0947232139504122,ridge
3,53,train,1.1,1.091522573913465,ridge
3,54,train,1.15,1.091522573913465,ridge
3,55,train,1.29,1.2376327538278407,ridge
3,56,train,1.08,1.0510643086683484,ridge
3,57,train,0.99,0.9245988805322083,ridge
3,58,train,1.11,1.1063516269694633,ridge
3,60,train,1.15,1.1368969115219112,ridge
3,61,train,1.04,1.0044678835286176,ridge
3,62,train,1.1,1.1383003157349527,ridge
3,63,train,1.11,1.1063516269694633,ridge
3,64,train,1.0,1.008222923581117,ridge
3,65,train,1.11,1.0965646316195081,ridge
3,66,train,1.2,1.1769606793994893,ridge
3,67,train,1.03,1.062554111442471,ridge
3,68,train,1.38,1.3819249244770948,ridge
3,69,train,1.06,1.0235761797639327,ridge
3,71,train,1.4,1.3469425166948472,ridge
3,72,train,1.3,1.2911637490405334,ridge
3,75,train,0.98,0.9770349317751567,ridge
3,76,train,1.04,1.1435437734640803,ridge
3,77,train,1.29,1.3726982064361288,ridge
3,78,train,1.41,1.3072520782408552,ridge
3,79,train,1.01,1.015989420201733,ridge
3,80,train,1.2,1.1861168803692044,ridge
3,81,train,1.25,1.1861168803692044,ridge
3,82,train,1.25,1.1861168803692044,ridge
3,84,train,1.05,1.1396111801672346,ridge
3,85,train,1.35,1.3469425166948472,ridge
3,86,train,1.5,1.3469425166948472,ridge
3,87,train,1.4,1.3469425166948472,ridge
3,88,train,1.28,1.2911637490405334,ridge
3,89,train,1.22,1.1909866165344798,ridge
3,91,train,1.32,1.2950506979983978,ridge
3,92,train,1.09,1.0012544144390725,ridge
3,93,train,1.05,1.19516647960454,ridge
3,95,train,0.95,1.0200900898333032,ridge
3,96,train,1.2,1.2287355915117666,ridge
3,97,train,1.25,1.2384529639064275,ridge
3,98,train,1.38,1.3819249244770948,ridge
3,102,train,1.2,1.1368969115219112,ridge
3,103,train,1.15,1.091522573913465,ridge
3,104,train,1.1,1.1368969115219112,ridge
3,105,train,1.08,1.091522573913465,ridge
3,106,train,1.2,1.3150099234430923,ridge
3,107,train,1.17,1.1781039040435985,ridge
3,108,train,1.25,1.2743245207665583,ridge
3,109,train,1.2,1.2023587786939822,ridge
3,110,train,1.25,1.2911637490405334,ridge
3,111,train,1.12,1.0680520755600806,ridge
3,112,train,0.85,0.99099514362635,ridge
3,113,train,1.1,1.1779858585697307,ridge
3,114,train,1.14,1.1692059244196082,ridge
3,115,train,1.23,1.2107643512740678,ridge
3,116,train,1.18,1.2213104346920136,ridge
3,117,train,1.42,1.3963753669367924,ridge
3,118,train,0.98,1.1004057492428452,ridge
3,119,train,1.3,1.2658068424025628,ridge
3,120,train,1.4,1.4292071031385167,ridge
3,121,train,1.5,1.3862626572101575,ridge
3,124,train,1.08,1.0968623429965665,ridge
3,125,train,1.04,1.0183878991857598,ridge
3,130,train,1.0,1.0162780569152743,ridge
3,131,train,1.15,1.0764616906933449,ridge
3,132,train,1.25,1.216449077088233,ridge
3,133,train,1.04,1.1119710561420748,ridge
3,134,train,1.25,1.2766631096248222,ridge
3,135,train,1.3,1.3563421619642562,ridge
3,136,train,1.2,1.156712699910694,ridge
3,137,train,1.3,1.2984799542234546,ridge
3,138,train,1.2,1.1618245688811162,ridge
3,139,train,0.8,0.9999939688630841,ridge
3,140,train,0.83,0.9999939688630841,ridge
3,141,train,0.96,0.9718760774781271,ridge
3,142,train,1.18,1.1368969115219112,ridge
3,143,train,1.41,1.3522098858295444,ridge
3,144,train,1.1,1.0776355298663334,ridge
3,145,train,1.1,1.1791184579514637,ridge
3,146,train,0.89,1.044627776588035,ridge
3,147,train,0.998,0.983065412933873,ridge
3,149,train,1.15,1.111595084698591,ridge
3,150,train,1.18,1.245176859884734,ridge
3,151,train,1.25,1.2710436804522107,ridge
3,152,train,1.25,1.157203354264389,ridge
3,153,train,1.24,1.1436629993271163,ridge
3,154,train,1.36,1.3563421619642562,ridge
3,155,train,1.3,1.230206085865437,ridge
3,156,train,1.35,1.264334879341478,ridge
3,157,train,1.3,1.2239041510107929,ridge
3,161,train,1.1,1.19516647960454,ridge
3,163,train,1.08,1.1323544380083346,ridge
3,164,train,1.1,1.1338264010694195,ridge
3,165,train,1.2,1.183977144148794,ridge
3,166,train,1.3,1.3013717757888894,ridge
3,167,train,1.01,1.0606163311378054,ridge
3,168,train,1.4,1.328766550248477,ridge
3,169,train,1.4,1.35558244373685,ridge
3,170,train,1.28,1.3072520782408552,ridge
3,171,train,1.3,1.3072520782408552,ridge
3,172,train,0.94,0.9721214046549745,ridge
3,173,train,1.25,1.2351721235920798,ridge
3,174,train,0.95,0.9391996680005189,ridge
3,175,train,1.0,1.1004057492428452,ridge
3,178,train,1.1,1.1725234129888902,ridge
3,181,train,1.25,1.1928342840485606,ridge
3,182,train,1.4,1.4180177676827708,ridge
3,183,train,1.45,1.4189990763901608,ridge
3,184,train,1.2,1.1019683065724235,ridge
3,185,train,1.4,1.3307291676632567,ridge
3,187,train,1.2,1.1776302902264837,ridge
3,188,train,1.3,1.155892489832107,ridge
3,189,train,1.3,1.2665506228508296,ridge
3,190,train,1.25,1.276951162480235,ridge
3,191,train,1.25,1.3221372047536581,ridge
3,192,train,0.95,0.9406716310616039,ridge
3,193,train,1.22,1.1988971778254647,ridge
3,194,train,1.32,1.1988971778254647,ridge
3,195,train,0.84,0.9999939688630841,ridge
3,197,train,1.05,1.1143494617358694,ridge
3,198,train,1.17,1.154742724028628,ridge
3,199,train,1.12,1.121280309513793,ridge
3,6,test,1.35,1.1783172063216567,ridge
3,7,test,1.25,1.103519355544408,ridge
3,16,test,0.82,0.9999939688630841,ridge
3,18,test,1.4,1.3940174121900386,ridge
3,19,test,0.95,1.054345148982696,ridge
3,26,test,1.5,1.302821741456613,ridge
3,35,test,1.21,1.2384529639064275,ridge
3,37,test,0.84,0.9718760774781271,ridge
3,40,test,1.15,1.2389436182601226,ridge
3,49,test,1.33,1.3083020693937826,ridge
3,59,test,1.0,1.0267132857709798,ridge
3,70,test,1.34,1.3909708105788618,ridge
3,73,test,1.25,1.1550722797535202,ridge
3,74,test,1.18,1.1079920471266371,ridge
3,83,test,1.17,1.2292262458654615,ridge
3,90,test,1.23,1.1383497316471485,ridge
3,94,test,0.98,1.0162780569152743,ridge
3,99,test,1.15,1.2389436182601226,ridge
3,100,test,1.15,1.2389436182601226,ridge
3,101,test,1.2,1.183977144148794,ridge
3,122,test,1.1,1.1368969115219112,ridge
3,123,test,1.15,1.1368969115219112,ridge
3,126,test,1.25,1.1710456982813748,ridge
3,127,test,1.25,1.3090945453339515,ridge
3,128,test,1.39,1.3507237575395195,ridge
3,129,test,1.45,1.3507237575395195,ridge
3,148,test,0.94,1.0077487238429652,ridge
3,158,test,0.86,1.1751368038133028,ridge
3,159,test,0.77,0.9980313514483042,ridge
3,160,test,1.29,1.3563421619642562,ridge
3,162,test,1.4,1.3563421619642562,ridge
3,176,test,1.35,1.3008811214351943,ridge
3,177,test,1.25,1.2353024216227857,ridge
3,179,test,1.3,1.317753538116071,ridge
3,180,test,1.45,1.3469425166948472,ridge
3,186,test,1.38,1.348414479755932,ridge
3,196,test,1.11,1.183977144148794,ridge
4,0,train,1.3,1.2949337484395362,ridge
4,1,train,1.5,1.3067757571240741,ridge
4,3,train,1.1,1.1716048852674712,ridge
4,4,train,1.4,1.4147913225477415,ridge
4,5,train,1.24,1.2183079326097757,ridge
4,6,train,1.35,1.2064567124244927,ridge
4,7,train,1.25,1.1987660272586906,ridge
4,8,train,1.0,1.0474090472712534,ridge
4,9,train,1.35,1.538760051510315,ridge
4,10,train,1.4,1.5632616578945087,ridge
4,11,train,0.97,0.9761177790820187,ridge
4,14,train,1.25,1.2657138736598768,ridge
4,15,train,1.012,0.9761177790820187,ridge
4,16,train,0.82,0.9681402891514801,ridge
4,17,train,1.35,1.3038174572292545,ridge
4,18,train,1.4,1.3837714489795896,ridge
4,19,train,0.95,1.030859982490455,ridge
4,20,train,1.4,1.3395914515957206,ridge
4,21,train,1.3,1.3395914515957206,ridge
4,22,train,1.15,1.171372164589152,ridge
4,23,train,1.2,1.171372164589152,ridge
4,24,train,1.15,1.171372164589152,ridge
4,25,train,1.2,1.12350191456505,ridge
4,26,train,1.5,1.4840424066737996,ridge
4,27,train,1.05,1.0461639912081635,ridge
4,28,train,1.3,1.1798676962636094,ridge
4,29,train,1.05,1.0486316490314072,ridge
4,30,train,1.15,1.177519890055184,ridge
4,31,train,1.2,1.179386051159116,ridge
4,33,train,1.45,1.4431186400853981,ridge
4,34,train,1.15,1.0930518213963072,ridge
4,35,train,1.21,1.2164417715058438,ridge
4,36,train,1.0,1.023747050139076,ridge
4,37,train,0.84,0.9373203117136801,ridge
4,38,train,1.3,1.3288395241357327,ridge
4,39,train,0.9,0.9681402891514801,ridge
4,40,train,1.15,1.2183079326097757,ridge
4,43,train,1.35,1.3370067262637972,ridge
4,44,train,1.1,1.0566140638247425,ridge
4,45,train,1.3,1.3433237738035846,ridge
4,47,train,1.0,1.0009298525963264,ridge
4,49,train,1.33,1.306678561983533,ridge
4,50,train,1.21,1.111407190790612,ridge
4,51,train,1.1,1.0842759798575627,ridge
4,52,train,1.1,1.0300792721533478,ridge
4,53,train,1.1,1.087453338084511,ridge
4,54,train,1.15,1.087453338084511,ridge
4,55,train,1.29,1.2182605045603943,ridge
4,56,train,1.08,1.0381349147086572,ridge
4,59,train,1.0,1.033559484007465,ridge
4,60,train,1.15,1.12350191456505,ridge
4,66,train,1.2,1.1886774291705267,ridge
4,67,train,1.03,1.0656755816844716,ridge
4,68,train,1.38,1.3886746050541603,ridge
4,69,train,1.06,0.9736280411002808,ridge
4,70,train,1.34,1.422958524675806,ridge
4,72,train,1.3,1.3018459396976874,ridge
4,73,train,1.25,1.1816390012687785,ridge
4,74,train,1.18,1.133536030566357,ridge
4,77,train,1.29,1.3823735640300279,ridge
4,78,train,1.41,1.3395914515957206,ridge
4,79,train,1.01,1.0185267989493239,ridge
4,83,train,1.17,1.2101407304817113,ridge
4,85,train,1.35,1.3542086000756983,ridge
4,86,train,1.5,1.3542086000756983,ridge
4,87,train,1.4,1.3542086000756983,ridge
4,88,train,1.28,1.3018459396976874,ridge
4,89,train,1.22,1.1915490342536776,ridge
4,90,train,1.23,1.1232691938867307,ridge
4,91,train,1.32,1.305112820548913,ridge
4,92,train,1.09,0.990205720865583,ridge
4,93,train,1.05,1.1853705707073319,ridge
4,94,train,0.98,1.0370660923248962,ridge
4,98,train,1.38,1.3886746050541603,ridge
4,99,train,1.15,1.2183079326097757,ridge
4,100,train,1.15,1.2183079326097757,ridge
4,101,train,1.2,1.1716048852674712,ridge
4,107,train,1.17,1.1930255845426883,ridge
4,108,train,1.25,1.259634156328064,ridge
4,110,train,1.25,1.3018459396976874,ridge
4,111,train,1.12,1.0869288446325887,ridge
4,112,train,0.85,0.9543621034808192,ridge
4,113,train,1.1,1.165228979516649,ridge
4,114,train,1.14,1.1879748714581904,ridge
4,115,train,1.23,1.2288646665042409,ridge
4,116,train,1.18,1.2344141312306471,ridge
4,118,train,0.98,1.1235975234331237,ridge
4,119,train,1.3,1.2412415179567629,ridge
4,120,train,1.4,1.4512858422134627,ridge
4,121,train,1.5,1.383068891267253,ridge
4,122,train,1.1,1.12350191456505,ridge
4,123,train,1.15,1.12350191456505,ridge
4,124,train,1.08,1.0904874982574178,ridge
4,125,train,1.04,1.043330771614683,ridge
4,126,train,1.25,1.292090488459932,ridge
4,127,train,1.25,1.2982189739174583,ridge
4,128,train,1.39,1.3564493213924085,ridge
4,129,train,1.45,1.3564493213924085,ridge
4,130,train,1.0,1.037066092324896,ridge
4,131,train,1.15,1.0725395823149224,ridge
4,132,train,1.25,1.2108226930412467,ridge
4,133,train,1.04,1.1319253276799262,ridge
4,134,train,1.25,1.261660919550734,ridge
4,135,train,1.3,1.3502413104782898,ridge
4,136,train,1.2,1.1780015351596773,ridge
4,137,train,1.3,1.3174160903678607,ridge
4,138,train,1.2,1.1895201109150078,ridge
4,139,train,0.8,0.9681402891514801,ridge
4,140,train,0.83,0.9681402891514801,ridge
4,141,train,0.96,0.9373203117136801,ridge
4,142,train,1.18,1.12350191456505,ridge
4,143,train,1.41,1.3460413490750978,ridge
4,145,train,1.1,1.167521284203439,ridge
4,146,train,0.89,1.0226927803623904,ridge
4,147,train,0.998,0.9510859971535408,ridge
4,148,train,0.94,0.9688428468638164,ridge
4,150,train,1.18,1.2648770609473095,ridge
4,151,train,1.25,1.2669090885462662,ridge
4,152,train,1.25,1.1798676962636092,ridge
4,153,train,1.24,1.1352591547528341,ridge
4,154,train,1.36,1.3502413104782898,ridge
4,155,train,1.3,1.2173539686038253,ridge
4,156,train,1.35,1.2356430346449667,ridge
4,157,train,1.3,1.2164186902131697,ridge
4,158,train,0.86,0.9384359133962092,ridge
4,159,train,0.77,0.9606756447357518,ridge
4,160,train,1.29,1.3502413104782898,ridge
4,162,train,1.4,1.3502413104782898,ridge
4,166,train,1.3,1.3118793029296838,ridge
4,167,train,1.01,1.0330290298612694,ridge
4,168,train,1.4,1.3022969704746372,ridge
4,172,train,0.94,0.9382533922656462,ridge
4,173,train,1.25,1.223716703724046,ridge
4,174,train,0.95,0.9425161686246719,ridge
4,175,train,1.0,1.1235975234331237,ridge
4,176,train,1.35,1.3100131418257517,ridge
4,177,train,1.25,1.2505061156646833,ridge
4,178,train,1.1,1.1930901597140082,ridge
4,179,train,1.3,1.3372323943639801,ridge
4,180,train,1.45,1.3542086000756983,ridge
4,181,train,1.25,1.1898070681421988,ridge
4,182,train,1.4,1.4375201567736022,ridge
4,183,train,1.45,1.4412524789814662,ridge
4,184,train,1.2,1.1055106373606955,ridge
4,185,train,1.4,1.3097616148903655,ridge
4,186,train,1.38,1.3598070833874947,ridge
4,187,train,1.2,1.203844086878988,ridge
4,188,train,1.3,1.1798202682142278,ridge
4,189,train,1.3,1.2531003946256123,ridge
4,190,train,1.25,1.2572164117466835,ridge
4,191,train,1.25,1.2588717716050775,ridge
4,192,train,0.95,0.948114651936468,ridge
4,193,train,1.22,1.2462037964536916,ridge
4,194,train,1.32,1.2462037964536916,ridge
4,196,train,1.11,1.1716048852674712,ridge
4,2,test,1.27,1.2347099540930007,ridge
4,12,test,1.25,1.3064929357205928,ridge
4,13,test,0.98,1.035199931220964,ridge
4,32,test,1.35,1.3325718463435967,ridge
4,41,test,1.4,1.3856376100835215,ridge
4,42,test,1.25,1.2615003174319959,ridge
4,46,test,1.0,0.9974529886059634,ridge
4,48,test,0.92,1.0069606029606109,ridge
4,57,test,0.99,0.8455040900504206,ridge
4,58,test,1.11,1.1371734966754583,ridge
4,61,test,1.04,0.9761177790820187,ridge
4,62,test,1.1,1.1965946099018263,ridge
4,63,test,1.11,1.1371734966754583,ridge
4,64,test,1.0,1.2556653868869208,ridge
4,65,test,1.11,0.3097365025315436,ridge
4,71,test,1.4,1.3542086000756983,ridge
4,75,test,0.98,0.9815033481855702,ridge
4,76,test,1.04,1.1967843220993521,ridge
4,80,test,1.2,1.173984790134657,ridge
4,81,test,1.25,1.173984790134657,ridge
4,82,test,1.25,1.173984790134657,ridge
4,84,test,1.05,1.1966420379512077,ridge
4,95,test,0.95,1.004554110781733,ridge
4,96,test,1.2,1.2082745693777792,ridge
4,97,test,1.25,1.2164417715058438,ridge
4,102,test,1.2,1.12350191456505,ridge
4,103,test,1.15,1.087453338084511,ridge
4,104,test,1.1,1.12350191456505,ridge
4,105,test,1.08,1.087453338084511,ridge
4,106,test,1.2,1.419368734121926,ridge
4,109,test,1.2,1.283890211883754,ridge
4,117,test,1.42,1.4286992921357466,ridge
4,144,test,1.1,1.0570909274269913,ridge
4,149,test,1.15,1.1373632088729844,ridge
4,161,test,1.1,1.1853705707073319,ridge
4,163,test,1.08,1.1830186366594915,ridge
4,164,test,1.1,1.1886171199712876,ridge
4,165,test,1.2,1.1716048852674712,ridge
4,169,test,1.4,1.3605329224564406,ridge
4,170,test,1.28,1.3395914515957206,ridge
4,171,test,1.3,1.3395914515957206,ridge
4,195,test,0.84,0.9681402891514801,ridge
4,197,test,1.05,1.1375654008252152,ridge
4,198,test,1.17,1.1853238954272611,ridge
4,199,test,1.12,0.9478725203321257,ridge
0,0,train,1.3,1.2498948365938745,svm
0,1,train,1.5,1.4337653756960287,svm
0,2,train,1.27,1.221892789665406,svm
0,3,train,1.1,1.159914125682765,svm
0,4,train,1.4,1.3715257071356723,svm
0,5,train,1.24,1.1999267161687497,svm
0,6,train,1.35,1.3002310764457008,svm
0,7,train,1.25,1.1998902118920105,svm
0,8,train,1.0,1.050353563776117,svm
0,11,train,0.97,0.9899792206798408,svm
0,12,train,1.25,1.2048139581450372,svm
0,13,train,0.98,1.029989548907833,svm
0,15,train,1.012,0.9899792206798408,svm
0,16,train,0.82,0.8704595056274428,svm
0,17,train,1.35,1.3031093292063167,svm
0,18,train,1.4,1.4488748084098177,svm
0,19,train,0.95,0.9997318888545234,svm
0,20,train,1.4,1.3497759265970557,svm
0,21,train,1.3,1.3497759265970557,svm
0,22,train,1.15,1.174439718227493,svm
0,23,train,1.2,1.174439718227493,svm
0,24,train,1.15,1.174439718227493,svm
0,25,train,1.2,1.1498233323317246,svm
0,26,train,1.5,1.4498432081438852,svm
0,30,train,1.15,1.1785045697343852,svm
0,31,train,1.2,1.1775963378389873,svm
0,32,train,1.35,1.3065057778771954,svm
0,35,train,1.21,1.2046148397935237,svm
0,36,train,1.0,1.0497367287701587,svm
0,37,train,0.84,0.8899595438643801,svm
0,38,train,1.3,1.3062300102236633,svm
0,39,train,0.9,0.8704595056274428,svm
0,40,train,1.15,1.1999267161687497,svm
0,41,train,1.4,1.4500955366775408,svm
0,42,train,1.25,1.2739993929274622,svm
0,43,train,1.35,1.2996335940606434,svm
0,44,train,1.1,1.0834411962703967,svm
0,45,train,1.3,1.3497713772949123,svm
0,46,train,1.0,1.0497608604044677,svm
0,48,train,0.92,0.9703895047287516,svm
0,49,train,1.33,1.311227488472703,svm
0,52,train,1.1,1.123747234139456,svm
0,53,train,1.1,1.0998655352671594,svm
0,54,train,1.15,1.0998655352671594,svm
0,55,train,1.29,1.204605596348181,svm
0,56,train,1.08,1.0297045953055621,svm
0,57,train,0.99,1.0397234059863747,svm
0,58,train,1.11,1.1289778285297236,svm
0,59,train,1.0,0.9501088569084568,svm
0,61,train,1.04,0.9899792206798408,svm
0,62,train,1.1,1.1042491082707613,svm
0,63,train,1.11,1.1289778285297236,svm
0,64,train,1.0,1.0501521187292486,svm
0,65,train,1.11,1.1603424848558428,svm
0,69,train,1.06,1.0216365757808534,svm
0,70,train,1.34,1.3812219553177676,svm
0,71,train,1.4,1.4000956012093022,svm
0,72,train,1.3,1.2999622459956401,svm
0,73,train,1.25,1.204177765421986,svm
0,74,train,1.18,1.1298456223276836,svm
0,75,train,0.98,0.9560935817595392,svm
0,76,train,1.04,1.089414656475568,svm
0,77,train,1.29,1.3399355903550352,svm
0,78,train,1.41,1.3497759265970557,svm
0,79,train,1.01,1.0602963865104051,svm
0,80,train,1.2,1.1616564326967493,svm
0,81,train,1.25,1.1616564326967493,svm
0,82,train,1.25,1.1616564326967493,svm
0,83,train,1.17,1.1953705250282283,svm
0,84,train,1.05,1.1001817197964543,svm
0,85,train,1.35,1.4000956012093022,svm
0,86,train,1.5,1.4000956012093022,svm
0,87,train,1.4,1.4000956012093022,svm
0,88,train,1.28,1.2999622459956401,svm
0,89,train,1.22,1.1698119898336086,svm
0,90,train,1.23,1.1619235933727694,svm
0,92,train,1.09,1.0616314002833411,svm
0,93,train,1.05,1.1504503756365603,svm
0,94,train,0.98,1.0299166702290683,svm
0,95,train,0.95,0.9997752603708204,svm
0,96,train,1.2,1.1982420239564242,svm
0,97,train,1.25,1.2046148397935237,svm
0,98,train,1.38,1.3295845999246754,svm
0,99,train,1.15,1.1999267161687497,svm
0,100,train,1.15,1.1999267161687497,svm
0,101,train,1.2,1.159914125682765,svm
0,102,train,1.2,1.1498233323317246,svm
0,103,train,1.15,1.0998655352671594,svm
0,104,train,1.1,1.1498233323317246,svm
0,105,train,1.08,1.0998655352671594,svm
0,106,train,1.2,1.2330106176747664,svm
0,107,train,1.17,1.1516165923583364,svm
0,109,train,1.2,1.1624271406030366,svm
0,110,train,1.25,1.2999622459956401,svm
0,111,train,1.12,1.151376524294934,svm
0,112,train,0.85,0.8002810719231203,svm
0,113,train,1.1,1.150362491100958,svm
0,114,train,1.14,1.1346462913663764,svm
0,115,train,1.23,1.2082324510087779,svm
0,116,train,1.18,1.230233577972373,svm
0,117,train,1.42,1.369979535094868,svm
0,118,train,0.98,1.0503582054779899,svm
0,119,train,1.3,1.249574198118727,svm
0,120,train,1.4,1.39707656271948,svm
0,121,train,1.5,1.4503284147003468,svm
0,122,train,1.1,1.1498233323317246,svm
0,123,train,1.15,1.1498233323317246,svm
0,124,train,1.08,1.1172458861595365,svm
0,125,train,1.04,1.0054520349094829,svm
0,126,train,1.25,1.274903175023665,svm
0,127,train,1.25,1.3000224562360725,svm
0,128,train,1.39,1.3999622465342225,svm
0,129,train,1.45,1.3999622465342225,svm
0,130,train,1.0,1.0299166702290683,svm
0,131,train,1.15,1.100265726068644,svm
0,132,train,1.25,1.1998927047815466,svm
0,135,train,1.3,1.349914025595072,svm
0,136,train,1.2,1.2106100122741885,svm
0,137,train,1.3,1.249788186256144,svm
0,138,train,1.2,1.1570174376431286,svm
0,143,train,1.41,1.3600710611126565,svm
0,144,train,1.1,1.150198718358275,svm
0,146,train,0.89,0.9398758195108422,svm
0,148,train,0.94,0.9551400405427195,svm
0,149,train,1.15,1.1095640797379025,svm
0,152,train,1.25,1.2002166521081807,svm
0,153,train,1.24,1.1923513427606847,svm
0,158,train,0.86,0.909635913369379,svm
0,159,train,0.77,0.84023060890496,svm
0,160,train,1.29,1.349914025595072,svm
0,161,train,1.1,1.1504503756365603,svm
0,162,train,1.4,1.349914025595072,svm
0,163,train,1.08,1.058156704785396,svm
0,164,train,1.1,1.0500962931163247,svm
0,165,train,1.2,1.159914125682765,svm
0,169,train,1.4,1.401430857441895,svm
0,170,train,1.28,1.3497759265970557,svm
0,171,train,1.3,1.3497759265970557,svm
0,173,train,1.25,1.2038986251704327,svm
0,174,train,0.95,0.8998682277151618,svm
0,175,train,1.0,1.0503582054779899,svm
0,176,train,1.35,1.3391795351673614,svm
0,177,train,1.25,1.1998437849568826,svm
0,179,train,1.3,1.2501853666527643,svm
0,180,train,1.45,1.4000956012093022,svm
0,181,train,1.25,1.1999601005684102,svm
0,182,train,1.4,1.4128952458613047,svm
0,183,train,1.45,1.4139452507218189,svm
0,184,train,1.2,1.1503328458806528,svm
0,186,train,1.38,1.4006950189202394,svm
0,188,train,1.3,1.2074703513649923,svm
0,189,train,1.3,1.2737738754373213,svm
0,190,train,1.25,1.27459051318307,svm
0,191,train,1.25,1.2135921500014404,svm
0,192,train,0.95,0.9125348212277886,svm
0,195,train,0.84,0.8704595056274428,svm
0,196,train,1.11,1.159914125682765,svm
0,197,train,1.05,1.1000375080566955,svm
0,198,train,1.17,1.1899789418954752,svm
0,199,train,1.12,1.1573097733178688,svm
0,9,test,1.35,1.5239144636878499,svm
0,10,test,1.4,1.3798011088430677,svm
0,14,test,1.25,1.2478490869818075,svm
0,27,test,1.05,1.1413437257146584,svm
0,28,test,1.3,1.2002166521081807,svm
0,29,test,1.05,1.0935266195218645,svm
0,33,test,1.45,1.4126093404942317,svm
0,34,test,1.15,1.1176463326783495,svm
0,47,test,1.0,1.0542761343207827,svm
0,50,test,1.21,1.0692560299030183,svm
0,51,test,1.1,1.08959151785161,svm
0,60,test,1.15,1.1498233323317246,svm
0,66,test,1.2,1.1646036768194419,svm
0,67,test,1.03,1.0813985105314918,svm
0,68,test,1.38,1.3295845999246754,svm
0,91,test,1.32,1.3190335054292024,svm
0,108,test,1.25,1.2751011201757647,svm
0,133,test,1.04,1.0849380095493992,svm
0,134,test,1.25,1.2713688198194955,svm
0,139,test,0.8,0.8704595056274428,svm
0,140,test,0.83,0.8704595056274428,svm
0,141,test,0.96,0.8899595438643801,svm
0,142,test,1.18,1.1498233323317246,svm
0,145,test,1.1,1.146073475058429,svm
0,147,test,0.998,0.9617923459332482,svm
0,150,test,1.18,1.2468877435018164,svm
0,151,test,1.25,1.2725846894825592,svm
0,154,test,1.36,1.349914025595072,svm
0,155,test,1.3,1.2089134515137976,svm
0,156,test,1.35,1.226031754166839,svm
0,157,test,1.3,1.1617646094936518,svm
0,166,test,1.3,1.3370140223833396,svm
0,167,test,1.01,0.9962263438538757,svm
0,168,test,1.4,1.4354570836232319,svm
0,172,test,0.94,0.8917014459380823,svm
0,178,test,1.1,1.158268038674803,svm
0,185,test,1.4,1.4281851942589372,svm
0,187,test,1.2,1.294043881973215,svm
0,193,test,1.22,1.0939473852001997,svm
0,194,test,1.32,1.0939473852001997,svm
1,0,train,1.3,1.2502571697639808,svm
1,1,train,1.5,1.3803696651757094,svm
1,2,train,1.27,1.2956739700863622,svm
1,3,train,1.1,1.167513133471553,svm
1,4,train,1.4,1.3698150194208498,svm
1,5,train,1.24,1.2000267063296457,svm
1,6,train,1.35,1.2672004366358491,svm
1,7,train,1.25,1.2000750654176044,svm
1,9,train,1.35,1.39963873307867,svm
1,10,train,1.4,1.3500478818089159,svm
1,12,train,1.25,1.2360765263034674,svm
1,13,train,0.98,1.0300472746586025,svm
1,14,train,1.25,1.2454030139117098,svm
1,16,train,0.82,0.8690963369350609,svm
1,17,train,1.35,1.3024355804205008,svm
1,18,train,1.4,1.4439070464466046,svm
1,19,train,0.95,1.0003930029488686,svm
1,20,train,1.4,1.350223745984142,svm
1,21,train,1.3,1.350223745984142,svm
1,26,train,1.5,1.4498226592815344,svm
1,27,train,1.05,1.0971606541474255,svm
1,28,train,1.3,1.238956668598647,svm
1,29,train,1.05,1.1002588727050453,svm
1,32,train,1.35,1.304789922710908,svm
1,33,train,1.45,1.4079671259893272,svm
1,34,train,1.15,1.1147762922221487,svm
1,35,train,1.21,1.2024046637374317,svm
1,36,train,1.0,1.0500152087112256,svm
1,37,train,0.84,0.9104933238439503,svm
1,40,train,1.15,1.2000267063296457,svm
1,41,train,1.4,1.4501416084241068,svm
1,42,train,1.25,1.2896854967409583,svm
1,43,train,1.35,1.30034227622652,svm
1,44,train,1.1,1.0848114662987387,svm
1,45,train,1.3,1.3470047795482434,svm
1,46,train,1.0,1.0498586535326937,svm
1,47,train,1.0,1.0498643363386444,svm
1,48,train,0.92,0.9699868741298238,svm
1,49,train,1.33,1.2904855022919879,svm
1,50,train,1.21,1.1596861128124407,svm
1,51,train,1.1,1.089748786080831,svm
1,52,train,1.1,1.1326095815044528,svm
1,56,train,1.08,1.0302297500811002,svm
1,57,train,0.99,1.0395899619245799,svm
1,58,train,1.11,1.1182606157763306,svm
1,59,train,1.0,0.9885408470285509,svm
1,60,train,1.15,1.1500448559619323,svm
1,61,train,1.04,0.9898838833426394,svm
1,62,train,1.1,1.1047930075650791,svm
1,63,train,1.11,1.1182606157763306,svm
1,64,train,1.0,1.050284325970079,svm
1,65,train,1.11,1.1597675370511908,svm
1,66,train,1.2,1.175482341549888,svm
1,67,train,1.03,1.080185926565066,svm
1,68,train,1.38,1.3296186647694834,svm
1,69,train,1.06,1.010000435800133,svm
1,70,train,1.34,1.3853885957927927,svm
1,71,train,1.4,1.399901469220268,svm
1,72,train,1.3,1.2879243076227365,svm
1,73,train,1.25,1.2359461494469544,svm
1,74,train,1.18,1.129989979523704,svm
1,75,train,0.98,0.9688692302760369,svm
1,76,train,1.04,1.090143049180069,svm
1,77,train,1.29,1.3402954175246777,svm
1,78,train,1.41,1.350223745984142,svm
1,80,train,1.2,1.169171458048495,svm
1,81,train,1.25,1.169171458048495,svm
1,82,train,1.25,1.169171458048495,svm
1,83,train,1.17,1.1923890645115713,svm
1,84,train,1.05,1.100013617903944,svm
1,90,train,1.23,1.1624195849685672,svm
1,91,train,1.32,1.3039864680234643,svm
1,92,train,1.09,1.064595296750593,svm
1,94,train,0.98,1.0299012599080015,svm
1,95,train,0.95,1.0000304044003494,svm
1,96,train,1.2,1.192765971371863,svm
1,97,train,1.25,1.2024046637374317,svm
1,98,train,1.38,1.3296186647694834,svm
1,99,train,1.15,1.2000267063296457,svm
1,100,train,1.15,1.2000267063296457,svm
1,101,train,1.2,1.167513133471553,svm
1,102,train,1.2,1.1500448559619323,svm
1,103,train,1.15,1.09971737780042,svm
1,104,train,1.1,1.1500448559619323,svm
1,105,train,1.08,1.09971737780042,svm
1,106,train,1.2,1.2498426277005765,svm
1,107,train,1.17,1.1541576462288787,svm
1,108,train,1.25,1.289660438731499,svm
1,109,train,1.2,1.1824453385771667,svm
1,111,train,1.12,1.1200270202590616,svm
1,112,train,0.85,0.8000973607656579,svm
1,115,train,1.23,1.2100766000072944,svm
1,116,train,1.18,1.229861747941203,svm
1,117,train,1.42,1.36986174235761,svm
1,118,train,0.98,1.0773524663496747,svm
1,119,train,1.3,1.3154632152154202,svm
1,120,train,1.4,1.4042033708577348,svm
1,121,train,1.5,1.449662987397919,svm
1,122,train,1.1,1.1500448559619323,svm
1,123,train,1.15,1.1500448559619323,svm
1,124,train,1.08,1.1198517878321894,svm
1,126,train,1.25,1.24570928972604,svm
1,127,train,1.25,1.2996691293864522,svm
1,128,train,1.39,1.4002647194629527,svm
1,129,train,1.45,1.4002647194629527,svm
1,130,train,1.0,1.0299012599080015,svm
1,132,train,1.25,1.2004581648310493,svm
1,133,train,1.04,1.0901071079437417,svm
1,134,train,1.25,1.2756440569621639,svm
1,137,train,1.3,1.2652266177779303,svm
1,139,train,0.8,0.8690963369350609,svm
1,140,train,0.83,0.8690963369350609,svm
1,141,train,0.96,0.9104933238439503,svm
1,142,train,1.18,1.1500448559619323,svm
1,144,train,1.1,1.1225045038818833,svm
1,145,train,1.1,1.1483956741880679,svm
1,146,train,0.89,0.9397961369406046,svm
1,147,train,0.998,0.9940158323085064,svm
1,148,train,0.94,0.9468276399761033,svm
1,149,train,1.15,1.1006727900265283,svm
1,150,train,1.18,1.2297201546633305,svm
1,151,train,1.25,1.2732814776187995,svm
1,152,train,1.25,1.238956668598647,svm
1,154,train,1.36,1.3400175229580056,svm
1,155,train,1.3,1.3032900252714275,svm
1,156,train,1.35,1.299832003360294,svm
1,157,train,1.3,1.2501858314945788,svm
1,158,train,0.86,0.9100802658996942,svm
1,159,train,0.77,0.8414375367298159,svm
1,160,train,1.29,1.3400175229580056,svm
1,161,train,1.1,1.1497845616559321,svm
1,162,train,1.4,1.3400175229580056,svm
1,163,train,1.08,1.0836157603978824,svm
1,164,train,1.1,1.0589934152524172,svm
1,165,train,1.2,1.167513133471553,svm
1,166,train,1.3,1.313995321264653,svm
1,167,train,1.01,0.9975257163802841,svm
1,168,train,1.4,1.390461837986963,svm
1,169,train,1.4,1.402582496792819,svm
1,170,train,1.28,1.350223745984142,svm
1,171,train,1.3,1.350223745984142,svm
1,172,train,0.94,0.9123135415780721,svm
1,176,train,1.35,1.3224981198369714,svm
1,177,train,1.25,1.2003922124372663,svm
1,178,train,1.1,1.1498648848599224,svm
1,179,train,1.3,1.306627448709989,svm
1,180,train,1.45,1.399901469220268,svm
1,184,train,1.2,1.1500887508857254,svm
1,185,train,1.4,1.363939770216412,svm
1,186,train,1.38,1.3941405152883657,svm
1,187,train,1.2,1.2497328938107377,svm
1,192,train,0.95,0.9386633425496365,svm
1,193,train,1.22,1.2698533480630119,svm
1,194,train,1.32,1.2698533480630119,svm
1,195,train,0.84,0.8690963369350609,svm
1,196,train,1.11,1.167513133471553,svm
1,197,train,1.05,1.1000485808372091,svm
1,198,train,1.17,1.2034935252081267,svm
1,199,train,1.12,1.162099415719517,svm
1,8,test,1.0,1.086577565431372,svm
1,11,test,0.97,0.9898838833426394,svm
1,15,test,1.012,0.9898838833426394,svm
1,22,test,1.15,1.1900457374336837,svm
1,23,test,1.2,1.1900457374336837,svm
1,24,test,1.15,1.1900457374336837,svm
1,25,test,1.2,1.1500448559619323,svm
1,30,test,1.15,1.1678034197220146,svm
1,31,test,1.2,1.1675071823237002,svm
1,38,test,1.3,1.3053931684781184,svm
1,39,test,0.9,0.8690963369350609,svm
1,53,test,1.1,1.09971737780042,svm
1,54,test,1.15,1.09971737780042,svm
1,55,test,1.29,1.2007209992106038,svm
1,79,test,1.01,1.1809770732343865,svm
1,85,test,1.35,1.399901469220268,svm
1,86,test,1.5,1.399901469220268,svm
1,87,test,1.4,1.399901469220268,svm
1,88,test,1.28,1.2879243076227365,svm
1,89,test,1.22,1.1865102438086523,svm
1,93,test,1.05,1.1497845616559321,svm
1,110,test,1.25,1.2879243076227365,svm
1,113,test,1.1,1.1567150816317775,svm
1,114,test,1.14,1.1279745736095712,svm
1,125,test,1.04,1.0381335601155293,svm
1,131,test,1.15,1.0697708893974656,svm
1,135,test,1.3,1.3400175229580056,svm
1,136,test,1.2,1.257396471556813,svm
1,138,test,1.2,1.1723902951078011,svm
1,143,test,1.41,1.3376120706478754,svm
1,153,test,1.24,1.1773826973585166,svm
1,173,test,1.25,1.194052184792765,svm
1,174,test,0.95,0.9233633953230196,svm
1,175,test,1.0,1.0773524663496747,svm
1,181,test,1.25,1.2172012555141354,svm
1,182,test,1.4,1.4078755285741085,svm
1,183,test,1.45,1.4109921526235372,svm
1,188,test,1.3,1.2470807538043651,svm
1,189,test,1.3,1.285089123916863,svm
1,190,test,1.25,1.2859578518655745,svm
1,191,test,1.25,1.1577304920593052,svm
2,2,train,1.27,1.2989948872352408,svm
2,6,train,1.35,1.2564871362917671,svm
2,7,train,1.25,1.2001268425171714,svm
2,8,train,1.0,1.050283324620839,svm
2,9,train,1.35,1.3998633179776265,svm
2,10,train,1.4,1.3496258844365445,svm
2,11,train,0.97,0.9898441711739052,svm
2,12,train,1.25,1.2518730553972712,svm
2,13,train,0.98,1.030420681402702,svm
2,14,train,1.25,1.2590311605313074,svm
2,15,train,1.012,0.9898441711739052,svm
2,16,train,0.82,0.8499617175330718,svm
2,18,train,1.4,1.4499669207469303,svm
2,19,train,0.95,1.0001898363386443,svm
2,22,train,1.15,1.183094358352776,svm
2,23,train,1.2,1.183094358352776,svm
2,24,train,1.15,1.183094358352776,svm
2,25,train,1.2,1.150050705328741,svm
2,26,train,1.5,1.4503921540141111,svm
2,27,train,1.05,1.0964414017533923,svm
2,28,train,1.3,1.2369901815165885,svm
2,29,train,1.05,1.0999769274306508,svm
2,30,train,1.15,1.1522099270337505,svm
2,31,train,1.2,1.149600810347192,svm
2,32,train,1.35,1.2999554311318011,svm
2,33,train,1.45,1.3999458937518021,svm
2,34,train,1.15,1.1080353947084591,svm
2,35,train,1.21,1.2064881647238277,svm
2,37,train,0.84,0.9097934121594716,svm
2,38,train,1.3,1.2995766827699187,svm
2,39,train,0.9,0.8499617175330718,svm
2,40,train,1.15,1.2000489375594374,svm
2,41,train,1.4,1.4458498094617247,svm
2,42,train,1.25,1.2961715272266494,svm
2,46,train,1.0,1.0495839564709875,svm
2,47,train,1.0,1.049564233958842,svm
2,48,train,0.92,0.9700053081798117,svm
2,49,train,1.33,1.2796290570214406,svm
2,50,train,1.21,1.1599436452243346,svm
2,51,train,1.1,1.0875952928165358,svm
2,53,train,1.1,1.1000337405762137,svm
2,54,train,1.15,1.1000337405762137,svm
2,55,train,1.29,1.2051276356215128,svm
2,57,train,0.99,1.040082803264902,svm
2,58,train,1.11,1.1247016991401622,svm
2,59,train,1.0,0.9939803810434499,svm
2,60,train,1.15,1.150050705328741,svm
2,61,train,1.04,0.9898441711739052,svm
2,62,train,1.1,1.1038880583826918,svm
2,63,train,1.11,1.1247016991401622,svm
2,64,train,1.0,1.050362777461234,svm
2,65,train,1.11,1.1578462788966946,svm
2,66,train,1.2,1.1750338824387718,svm
2,67,train,1.03,1.0656960840378777,svm
2,68,train,1.38,1.3299498860278671,svm
2,70,train,1.34,1.3900799199591507,svm
2,71,train,1.4,1.3995644321219514,svm
2,73,train,1.25,1.2386317681639414,svm
2,74,train,1.18,1.131969851900006,svm
2,75,train,0.98,0.988442275021068,svm
2,76,train,1.04,1.0895941537219618,svm
2,79,train,1.01,1.0605425085541436,svm
2,80,train,1.2,1.1657044638092702,svm
2,81,train,1.25,1.1657044638092702,svm
2,82,train,1.25,1.1657044638092702,svm
2,83,train,1.17,1.1881882564258393,svm
2,84,train,1.05,1.0999811537797646,svm
2,85,train,1.35,1.3995644321219514,svm
2,86,train,1.5,1.3995644321219514,svm
2,87,train,1.4,1.3995644321219514,svm
2,88,train,1.28,1.2733504675587772,svm
2,89,train,1.22,1.1788476872234477,svm
2,90,train,1.23,1.1674348077215835,svm
2,91,train,1.32,1.2900724219817168,svm
2,93,train,1.05,1.1499878468893001,svm
2,94,train,0.98,1.02926262473894,svm
2,95,train,0.95,1.0000806713289618,svm
2,96,train,1.2,1.1929905016860414,svm
2,97,train,1.25,1.2064881647238277,svm
2,99,train,1.15,1.2000489375594374,svm
2,100,train,1.15,1.2000489375594374,svm
2,101,train,1.2,1.1633898274414827,svm
2,102,train,1.2,1.150050705328741,svm
2,103,train,1.15,1.1000337405762137,svm
2,104,train,1.1,1.150050705328741,svm
2,105,train,1.08,1.1000337405762137,svm
2,106,train,1.2,1.2187822806359292,svm
2,108,train,1.25,1.3000509676123773,svm
2,109,train,1.2,1.170456112397356,svm
2,110,train,1.25,1.2733504675587772,svm
2,113,train,1.1,1.1497780524983305,svm
2,114,train,1.14,1.1324233289385004,svm
2,117,train,1.42,1.3696238760134303,svm
2,122,train,1.1,1.150050705328741,svm
2,123,train,1.15,1.150050705328741,svm
2,125,train,1.04,1.038485626720458,svm
2,126,train,1.25,1.2368851611149216,svm
2,127,train,1.25,1.3003307644553865,svm
2,128,train,1.39,1.4000806639267411,svm
2,129,train,1.45,1.4000806639267411,svm
2,131,train,1.15,1.100341890561678,svm
2,133,train,1.04,1.0900137150288993,svm
2,134,train,1.25,1.2885055712687294,svm
2,135,train,1.3,1.3503593807030096,svm
2,136,train,1.2,1.2496838540795876,svm
2,138,train,1.2,1.150109008465312,svm
2,139,train,0.8,0.8499617175330718,svm
2,140,train,0.83,0.8499617175330718,svm
2,141,train,0.96,0.9097934121594716,svm
2,142,train,1.18,1.150050705328741,svm
2,143,train,1.41,1.3603169368977264,svm
2,144,train,1.1,1.1202635733682875,svm
2,145,train,1.1,1.1435525655044032,svm
2,147,train,0.998,0.9829651656375564,svm
2,148,train,0.94,0.9678094822032851,svm
2,149,train,1.15,1.1024170089597234,svm
2,150,train,1.18,1.2296238303011728,svm
2,151,train,1.25,1.2921891556973977,svm
2,153,train,1.24,1.1898257598742223,svm
2,154,train,1.36,1.3503593807030096,svm
2,155,train,1.3,1.3184146355733044,svm
2,156,train,1.35,1.3000199872959304,svm
2,157,train,1.3,1.2496288550184507,svm
2,158,train,0.86,0.9097765259444235,svm
2,159,train,0.77,0.8420244442675677,svm
2,160,train,1.29,1.3503593807030096,svm
2,161,train,1.1,1.1499878468893001,svm
2,162,train,1.4,1.3503593807030096,svm
2,163,train,1.08,1.0782569232973638,svm
2,164,train,1.1,1.0625281479293398,svm
2,165,train,1.2,1.1633898274414827,svm
2,166,train,1.3,1.3033281924759996,svm
2,167,train,1.01,0.9780991591619672,svm
2,168,train,1.4,1.3678088654695153,svm
2,169,train,1.4,1.4013856863596161,svm
2,170,train,1.28,1.250456606590352,svm
2,171,train,1.3,1.250456606590352,svm
2,172,train,0.94,0.9103817974894981,svm
2,173,train,1.25,1.2000606171914643,svm
2,174,train,0.95,0.9298428634387732,svm
2,175,train,1.0,1.0730153283578956,svm
2,176,train,1.35,1.3081162965869866,svm
2,177,train,1.25,1.200395642826995,svm
2,178,train,1.1,1.1499433871837554,svm
2,179,train,1.3,1.3027320305624694,svm
2,180,train,1.45,1.3995644321219514,svm
2,181,train,1.25,1.2128266163513344,svm
2,182,train,1.4,1.4100737519628792,svm
2,183,train,1.45,1.4046560436752957,svm
2,185,train,1.4,1.3499153720057446,svm
2,186,train,1.38,1.383176146589694,svm
2,187,train,1.2,1.250286353833661,svm
2,188,train,1.3,1.2443256796068314,svm
2,189,train,1.3,1.2976055998613454,svm
2,190,train,1.25,1.2979446831592902,svm
2,191,train,1.25,1.2061668693679206,svm
2,193,train,1.22,1.2698641706395282,svm
2,194,train,1.32,1.2698641706395282,svm
2,195,train,0.84,0.8499617175330718,svm
2,196,train,1.11,1.1633898274414827,svm
2,197,train,1.05,1.10027090711899,svm
2,198,train,1.17,1.218975079338674,svm
2,199,train,1.12,1.1557421921245687,svm
2,0,test,1.3,1.1714515759640913,svm
2,1,test,1.5,1.3592500454631053,svm
2,3,test,1.1,1.1633898274414827,svm
2,4,test,1.4,1.3791712913193603,svm
2,5,test,1.24,1.2000489375594374,svm
2,17,test,1.35,1.301794801930921,svm
2,20,test,1.4,1.250456606590352,svm
2,21,test,1.3,1.250456606590352,svm
2,36,test,1.0,1.1099267632955825,svm
2,43,test,1.35,1.2914525867274909,svm
2,44,test,1.1,1.1041818108118804,svm
2,45,test,1.3,1.249993666267903,svm
2,52,test,1.1,1.1249675174953817,svm
2,56,test,1.08,1.0171066727080305,svm
2,69,test,1.06,1.0315923705961485,svm
2,72,test,1.3,1.2733504675587772,svm
2,77,test,1.29,1.342716219886486,svm
2,78,test,1.41,1.250456606590352,svm
2,92,test,1.09,1.049439699217661,svm
2,98,test,1.38,1.3299498860278671,svm
2,107,test,1.17,1.1563121372828327,svm
2,111,test,1.12,1.135738043275859,svm
2,112,test,0.85,0.7831294378090403,svm
2,115,test,1.23,1.1692367524029432,svm
2,116,test,1.18,1.2850223529205902,svm
2,118,test,0.98,1.0730153283578956,svm
2,119,test,1.3,1.3013141293541213,svm
2,120,test,1.4,1.3971820391546004,svm
2,121,test,1.5,1.4104982403087463,svm
2,124,test,1.08,1.1248223970408988,svm
2,130,test,1.0,1.02926262473894,svm
2,132,test,1.25,1.0983459789294796,svm
2,137,test,1.3,1.2497062948549875,svm
2,146,test,0.89,0.9370103286294149,svm
2,152,test,1.25,1.2369901815165885,svm
2,184,test,1.2,0.9958563625973265,svm
2,192,test,0.95,0.9366949114164597,svm
3,0,train,1.3,1.2502148576960719,svm
3,1,train,1.5,1.386579849563316,svm
3,2,train,1.27,1.3000736860257343,svm
3,3,train,1.1,1.1618951815827077,svm
3,4,train,1.4,1.3724614008982225,svm
3,5,train,1.24,1.2448633329354675,svm
3,8,train,1.0,1.04996328854374,svm
3,9,train,1.35,1.39992268639729,svm
3,10,train,1.4,1.3499251448534888,svm
3,11,train,0.97,0.9899226935303944,svm
3,12,train,1.25,1.2464722259934597,svm
3,13,train,0.98,1.0303879012729569,svm
3,14,train,1.25,1.2347914791990342,svm
3,15,train,1.012,0.9899226935303944,svm
3,17,train,1.35,1.3064193031081746,svm
3,20,train,1.4,1.3497975344922832,svm
3,21,train,1.3,1.3497975344922832,svm
3,22,train,1.15,1.1796730008893077,svm
3,23,train,1.2,1.1796730008893077,svm
3,24,train,1.15,1.1796730008893077,svm
3,25,train,1.2,1.149945889578602,svm
3,27,train,1.05,1.1002486582783593,svm
3,28,train,1.3,1.2372976920606922,svm
3,29,train,1.05,1.0999987228734753,svm
3,30,train,1.15,1.1649589959732123,svm
3,31,train,1.2,1.1632751868460685,svm
3,32,train,1.35,1.3000967805223933,svm
3,33,train,1.45,1.4093620858945755,svm
3,34,train,1.15,1.0998831253574377,svm
3,36,train,1.0,1.050212723840199,svm
3,38,train,1.3,1.3034869791911092,svm
3,39,train,0.9,0.8801293852301441,svm
3,41,train,1.4,1.4499433941165152,svm
3,42,train,1.25,1.2773382959563497,svm
3,43,train,1.35,1.3053019580758665,svm
3,44,train,1.1,1.0884300941627763,svm
3,45,train,1.3,1.3468460509867306,svm
3,46,train,1.0,1.0504499729944619,svm
3,47,train,1.0,1.0503629534053647,svm
3,48,train,0.92,0.9703273649252387,svm
3,50,train,1.21,1.1598318842374913,svm
3,51,train,1.1,1.0895669268847477,svm
3,52,train,1.1,1.1500320328065803,svm
3,53,train,1.1,1.100078174526513,svm
3,54,train,1.15,1.100078174526513,svm
3,55,train,1.29,1.2478333227137437,svm
3,56,train,1.08,1.0298315467068833,svm
3,57,train,0.99,1.0400473922439089,svm
3,58,train,1.11,1.1157570647748425,svm
3,60,train,1.15,1.149945889578602,svm
3,61,train,1.04,0.9899226935303944,svm
3,62,train,1.1,1.1038502895146862,svm
3,63,train,1.11,1.1157570647748425,svm
3,64,train,1.0,1.05014608004082,svm
3,65,train,1.11,1.1601060025909131,svm
3,66,train,1.2,1.171925193071461,svm
3,67,train,1.03,1.0637280285505262,svm
3,68,train,1.38,1.3301111143500612,svm
3,69,train,1.06,1.041336659516149,svm
3,71,train,1.4,1.3996218403643397,svm
3,72,train,1.3,1.2678718870757273,svm
3,75,train,0.98,0.966526941959804,svm
3,76,train,1.04,1.0896777761178476,svm
3,77,train,1.29,1.3240890346471899,svm
3,78,train,1.41,1.3497975344922832,svm
3,79,train,1.01,1.060416850590351,svm
3,80,train,1.2,1.163998120932538,svm
3,81,train,1.25,1.163998120932538,svm
3,82,train,1.25,1.163998120932538,svm
3,84,train,1.05,1.0999882444993208,svm
3,85,train,1.35,1.3996218403643397,svm
3,86,train,1.5,1.3996218403643397,svm
3,87,train,1.4,1.3996218403643397,svm
3,88,train,1.28,1.2678718870757273,svm
3,89,train,1.22,1.1806997386874476,svm
3,91,train,1.32,1.2888159785574953,svm
3,92,train,1.09,1.0449173725310468,svm
3,93,train,1.05,1.1500333018444897,svm
3,95,train,0.95,1.0003176356333459,svm
3,96,train,1.2,1.2300030794242471,svm
3,97,train,1.25,1.2489637132373854,svm
3,98,train,1.38,1.3301111143500612,svm
3,102,train,1.2,1.149945889578602,svm
3,103,train,1.15,1.100078174526513,svm
3,104,train,1.1,1.149945889578602,svm
3,105,train,1.08,1.100078174526513,svm
3,106,train,1.2,1.2505047565482919,svm
3,107,train,1.17,1.157468326532517,svm
3,108,train,1.25,1.2799825129195572,svm
3,109,train,1.2,1.1747192990581379,svm
3,110,train,1.25,1.2678718870757273,svm
3,111,train,1.12,1.1370734624487344,svm
3,112,train,0.85,0.8447078028332541,svm
3,113,train,1.1,1.1498013619642413,svm
3,114,train,1.14,1.1333663832436103,svm
3,115,train,1.23,1.206752098117035,svm
3,116,train,1.18,1.229813493424005,svm
3,117,train,1.42,1.369936536527641,svm
3,118,train,0.98,1.049984269219808,svm
3,119,train,1.3,1.2987579058743417,svm
3,120,train,1.4,1.3991554171479494,svm
3,121,train,1.5,1.449628627160166,svm
3,124,train,1.08,1.1271197311401115,svm
3,125,train,1.04,1.0269713676800187,svm
3,130,train,1.0,1.0293259659847613,svm
3,131,train,1.15,1.1000585745048819,svm
3,132,train,1.25,1.199975772373409,svm
3,133,train,1.04,1.082816486318642,svm
3,134,train,1.25,1.2706872025723557,svm
3,135,train,1.3,1.3495259318936317,svm
3,136,train,1.2,1.2497708109543677,svm
3,137,train,1.3,1.2592902070541085,svm
3,138,train,1.2,1.1543946841649084,svm
3,139,train,0.8,0.8801293852301441,svm
3,140,train,0.83,0.8801293852301441,svm
3,141,train,0.96,0.99019597367466,svm
3,142,train,1.18,1.149945889578602,svm
3,143,train,1.41,1.3595453833943083,svm
3,144,train,1.1,1.1213189440901645,svm
3,145,train,1.1,1.1442931126518265,svm
3,146,train,0.89,0.9397080880667512,svm
3,147,train,0.998,1.0477660284107193,svm
3,149,train,1.15,1.0995446306814367,svm
3,150,train,1.18,1.229661190201946,svm
3,151,train,1.25,1.2714997245213175,svm
3,152,train,1.25,1.2372976920606922,svm
3,153,train,1.24,1.1897013969389822,svm
3,154,train,1.36,1.3495259318936317,svm
3,155,train,1.3,1.3058982244264372,svm
3,156,train,1.35,1.300305377322248,svm
3,157,train,1.3,1.249863735220357,svm
3,161,train,1.1,1.1500333018444897,svm
3,163,train,1.08,1.0631250248056585,svm
3,164,train,1.1,1.0495236370866574,svm
3,165,train,1.2,1.1618951815827077,svm
3,166,train,1.3,1.3080035377461958,svm
3,167,train,1.01,0.9912550054882181,svm
3,168,train,1.4,1.3958530642769005,svm
3,169,train,1.4,1.3502198268975365,svm
3,170,train,1.28,1.3497975344922832,svm
3,171,train,1.3,1.3497975344922832,svm
3,172,train,0.94,0.9896972645066724,svm
3,173,train,1.25,1.2428926912506484,svm
3,174,train,0.95,0.9845973623616956,svm
3,175,train,1.0,1.049984269219808,svm
3,178,train,1.1,1.149874673909762,svm
3,181,train,1.25,1.2238565675493005,svm
3,182,train,1.4,1.413180706160909,svm
3,183,train,1.45,1.412004102524918,svm
3,184,train,1.2,1.1501490509947496,svm
3,185,train,1.4,1.3761938643143814,svm
3,187,train,1.2,1.1504582803510304,svm
3,188,train,1.3,1.2445955261648927,svm
3,189,train,1.3,1.2772766914118292,svm
3,190,train,1.25,1.2784945705802824,svm
3,191,train,1.25,1.2005065308712868,svm
3,192,train,0.95,0.9824966080578238,svm
3,193,train,1.22,1.270075967475204,svm
3,194,train,1.32,1.270075967475204,svm
3,195,train,0.84,0.8801293852301441,svm
3,197,train,1.05,1.100425682887678,svm
3,198,train,1.17,1.2199282425010312,svm
3,199,train,1.12,1.1571366609783842,svm
3,6,test,1.35,1.1480990424458772,svm
3,7,test,1.25,1.1604479266684131,svm
3,16,test,0.82,0.8801293852301441,svm
3,18,test,1.4,1.448741709648617,svm
3,19,test,0.95,1.0190777843754097,svm
3,26,test,1.5,1.2481631296972349,svm
3,35,test,1.21,1.2489637132373854,svm
3,37,test,0.84,0.99019597367466,svm
3,40,test,1.15,1.2448633329354675,svm
3,49,test,1.33,1.2806576059364514,svm
3,59,test,1.0,0.9822751513891081,svm
3,70,test,1.34,1.3856640878023092,svm
3,73,test,1.25,1.23910845956486,svm
3,74,test,1.18,1.1192088724164917,svm
3,83,test,1.17,1.2271248837882722,svm
3,90,test,1.23,1.161809441619021,svm
3,94,test,0.98,1.0293259659847613,svm
3,99,test,1.15,1.2448633329354675,svm
3,100,test,1.15,1.2448633329354675,svm
3,101,test,1.2,1.1618951815827077,svm
3,122,test,1.1,1.149945889578602,svm
3,123,test,1.15,1.149945889578602,svm
3,126,test,1.25,1.1699582948724518,svm
3,127,test,1.25,1.3124417545441964,svm
3,128,test,1.39,1.3385878168848144,svm
3,129,test,1.45,1.3385878168848144,svm
3,148,test,0.94,0.9853122103921488,svm
3,158,test,0.86,1.1569420856382548,svm
3,159,test,0.77,0.8863382944295106,svm
3,160,test,1.29,1.3495259318936317,svm
3,162,test,1.4,1.3495259318936317,svm
3,176,test,1.35,1.3137419391743899,svm
3,177,test,1.25,1.245776317078344,svm
3,179,test,1.3,1.2979027461825474,svm
3,180,test,1.45,1.3996218403643397,svm
3,186,test,1.38,1.3953652530626117,svm
3,196,test,1.11,1.1618951815827077,svm
4,0,train,1.3,1.2501578802479485,svm
4,1,train,1.5,1.4110285144483994,svm
4,3,train,1.1,1.149921327818922,svm
4,4,train,1.4,1.3763340503508392,svm
4,5,train,1.24,1.2001866449612955,svm
4,6,train,1.35,1.2586124580556952,svm
4,7,train,1.25,1.200430080798736,svm
4,8,train,1.0,1.0497531830854732,svm
4,9,train,1.35,1.4003597543088318,svm
4,10,train,1.4,1.350023385238412,svm
4,11,train,0.97,0.9614971329757909,svm
4,14,train,1.25,1.26424567586118,svm
4,15,train,1.012,0.9614971329757909,svm
4,16,train,0.82,0.8497091630080014,svm
4,17,train,1.35,1.3021583589164456,svm
4,18,train,1.4,1.4501826165468483,svm
4,19,train,0.95,0.9997225516864773,svm
4,20,train,1.4,1.349968833638608,svm
4,21,train,1.3,1.349968833638608,svm
4,22,train,1.15,1.162618072842581,svm
4,23,train,1.2,1.162618072842581,svm
4,24,train,1.15,1.162618072842581,svm
4,25,train,1.2,1.1495248966015892,svm
4,26,train,1.5,1.4502123916737126,svm
4,27,train,1.05,1.099828766040369,svm
4,28,train,1.3,1.2418683275368394,svm
4,29,train,1.05,1.1002201441492252,svm
4,30,train,1.15,1.1960627505288648,svm
4,31,train,1.2,1.1934879760878347,svm
4,33,train,1.45,1.4075671792625712,svm
4,34,train,1.15,1.1157403162431878,svm
4,35,train,1.21,1.2045877773951545,svm
4,36,train,1.0,1.0496741940676562,svm
4,37,train,0.84,0.9099201936922918,svm
4,38,train,1.3,1.304557384861278,svm
4,39,train,0.9,0.8497091630080014,svm
4,40,train,1.15,1.2001866449612955,svm
4,43,train,1.35,1.299956773077648,svm
4,44,train,1.1,1.100153020018741,svm
4,45,train,1.3,1.3501918335674656,svm
4,47,train,1.0,1.0500362197682611,svm
4,49,train,1.33,1.2986816660411369,svm
4,50,train,1.21,1.160320015606844,svm
4,51,train,1.1,1.0913104656384924,svm
4,52,train,1.1,1.1503341904665045,svm
4,53,train,1.1,1.0999977918946324,svm
4,54,train,1.15,1.0999977918946324,svm
4,55,train,1.29,1.2055664781645785,svm
4,56,train,1.08,1.0295721983194652,svm
4,59,train,1.0,0.9911444629108708,svm
4,60,train,1.15,1.1495248966015892,svm
4,66,train,1.2,1.2220238481667833,svm
4,67,train,1.03,1.079544130037055,svm
4,68,train,1.38,1.3297216852172529,svm
4,69,train,1.06,1.0098065702721983,svm
4,70,train,1.34,1.3869776707877617,svm
4,72,train,1.3,1.290267529911747,svm
4,73,train,1.25,1.2480113865043665,svm
4,74,train,1.18,1.1299638819427815,svm
4,77,train,1.29,1.3400144766934594,svm
4,78,train,1.41,1.349968833638608,svm
4,79,train,1.01,1.0602656543799758,svm
4,83,train,1.17,1.1969859944093577,svm
4,85,train,1.35,1.4000424485201024,svm
4,86,train,1.5,1.4000424485201024,svm
4,87,train,1.4,1.4000424485201024,svm
4,88,train,1.28,1.290267529911747,svm
4,89,train,1.22,1.2328240156598418,svm
4,90,train,1.23,1.1606078336139096,svm
4,91,train,1.32,1.309319048770736,svm
4,92,train,1.09,1.0575828039808457,svm
4,93,train,1.05,1.1406790628284624,svm
4,94,train,0.98,1.0299567437043455,svm
4,98,train,1.38,1.3297216852172529,svm
4,99,train,1.15,1.2001866449612955,svm
4,100,train,1.15,1.2001866449612955,svm
4,101,train,1.2,1.149921327818922,svm
4,107,train,1.17,1.2093469635359344,svm
4,108,train,1.25,1.2753561637302033,svm
4,110,train,1.25,1.290267529911747,svm
4,111,train,1.12,1.150378356966077,svm
4,112,train,0.85,0.7996871387159246,svm
4,113,train,1.1,1.1501689438666525,svm
4,114,train,1.14,1.1822954040580198,svm
4,115,train,1.23,1.2340947794305173,svm
4,116,train,1.18,1.2301475192815112,svm
4,118,train,0.98,1.0503139383652424,svm
4,119,train,1.3,1.3072541230367127,svm
4,120,train,1.4,1.3953138932245763,svm
4,121,train,1.5,1.4496792538372623,svm
4,122,train,1.1,1.1495248966015892,svm
4,123,train,1.15,1.1495248966015892,svm
4,124,train,1.08,1.1224366193412965,svm
4,125,train,1.04,1.0427717595380155,svm
4,126,train,1.25,1.264702918566345,svm
4,127,train,1.25,1.3003670798214113,svm
4,128,train,1.39,1.3999615034991695,svm
4,129,train,1.45,1.3999615034991695,svm
4,130,train,1.0,1.0299567437043455,svm
4,131,train,1.15,1.0997531734420427,svm
4,132,train,1.25,1.1999599327534756,svm
4,133,train,1.04,1.0899968226495236,svm
4,134,train,1.25,1.2734322063269476,svm
4,135,train,1.3,1.3501049967908487,svm
4,136,train,1.2,1.2504937459302554,svm
4,137,train,1.3,1.2699214922025166,svm
4,138,train,1.2,1.1863623213025993,svm
4,139,train,0.8,0.8497091630080014,svm
4,140,train,0.83,0.8497091630080014,svm
4,141,train,0.96,0.9099201936922918,svm
4,142,train,1.18,1.1495248966015892,svm
4,143,train,1.41,1.3599588668972238,svm
4,145,train,1.1,1.1434064570778475,svm
4,146,train,0.89,0.9398967535534501,svm
4,147,train,0.998,0.9910148206735826,svm
4,148,train,0.94,0.9350791297617045,svm
4,150,train,1.18,1.2301756121428395,svm
4,151,train,1.25,1.2720612200732315,svm
4,152,train,1.25,1.2418683275368394,svm
4,153,train,1.24,1.1899937728548504,svm
4,154,train,1.36,1.3501049967908487,svm
4,155,train,1.3,1.3014276246723935,svm
4,156,train,1.35,1.3000448933711197,svm
4,157,train,1.3,1.2497965534041995,svm
4,158,train,0.86,0.9101814598913016,svm
4,159,train,0.77,0.8307281349166041,svm
4,160,train,1.29,1.3501049967908487,svm
4,162,train,1.4,1.3501049967908487,svm
4,166,train,1.3,1.3299716774475423,svm
4,167,train,1.01,0.9978867033604761,svm
4,168,train,1.4,1.419874204610921,svm
4,172,train,0.94,0.9115481329646475,svm
4,173,train,1.25,1.2083400542060823,svm
4,174,train,0.95,0.9312855006609078,svm
4,175,train,1.0,1.0503139383652424,svm
4,176,train,1.35,1.3340063189076918,svm
4,177,train,1.25,1.2104462775655582,svm
4,178,train,1.1,1.1504459204331106,svm
4,179,train,1.3,1.300126509056848,svm
4,180,train,1.45,1.4000424485201024,svm
4,181,train,1.25,1.2149104244534885,svm
4,182,train,1.4,1.4179833368749224,svm
4,183,train,1.45,1.4122094178841913,svm
4,184,train,1.2,1.149570146955902,svm
4,185,train,1.4,1.4013414527132684,svm
4,186,train,1.38,1.3885449940642376,svm
4,187,train,1.2,1.2498050009928747,svm
4,188,train,1.3,1.249339933293616,svm
4,189,train,1.3,1.2796050137062693,svm
4,190,train,1.25,1.2781125802076956,svm
4,191,train,1.25,1.2215683799402002,svm
4,192,train,0.95,0.9425326451733014,svm
4,193,train,1.22,1.2704788882704872,svm
4,194,train,1.32,1.2704788882704872,svm
4,196,train,1.11,1.149921327818922,svm
4,2,test,1.27,1.2983739462575528,svm
4,12,test,1.25,1.251243913981925,svm
4,13,test,0.98,1.0323977473252746,svm
4,32,test,1.35,1.3044260098823124,svm
4,41,test,1.4,1.4493574767094262,svm
4,42,test,1.25,1.272548007036764,svm
4,46,test,1.0,1.055315793196434,svm
4,48,test,0.92,1.1040802084938173,svm
4,57,test,0.99,1.1741579659690067,svm
4,58,test,1.11,1.1318370048559756,svm
4,61,test,1.04,0.9614971329757909,svm
4,62,test,1.1,1.1950181080067115,svm
4,63,test,1.11,1.1318370048559756,svm
4,64,test,1.0,1.2329521662386036,svm
4,65,test,1.11,1.1998422572657164,svm
4,71,test,1.4,1.4000424485201024,svm
4,75,test,0.98,0.9675746768797641,svm
4,76,test,1.04,1.1733306974870281,svm
4,80,test,1.2,1.1495816162210655,svm
4,81,test,1.25,1.1495816162210655,svm
4,82,test,1.25,1.1495816162210655,svm
4,84,test,1.05,1.1895251221336316,svm
4,95,test,0.95,1.0783187718554454,svm
4,96,test,1.2,1.2007064405262857,svm
4,97,test,1.25,1.2045877773951545,svm
4,102,test,1.2,1.1495248966015892,svm
4,103,test,1.15,1.0999977918946324,svm
4,104,test,1.1,1.1495248966015892,svm
4,105,test,1.08,1.0999977918946324,svm
4,106,test,1.2,1.28548634672921,svm
4,109,test,1.2,1.2353946782593208,svm
4,117,test,1.42,1.3588962668631819,svm
4,144,test,1.1,1.1124489397655666,svm
4,149,test,1.15,1.108569963705384,svm
4,161,test,1.1,1.1406790628284624,svm
4,163,test,1.08,1.132990591447058,svm
4,164,test,1.1,1.1202222114275777,svm
4,165,test,1.2,1.149921327818922,svm
4,169,test,1.4,1.398611942812066,svm
4,170,test,1.28,1.349968833638608,svm
4,171,test,1.3,1.349968833638608,svm
4,195,test,0.84,0.8497091630080014,svm
4,197,test,1.05,1.1810968893230849,svm
4,198,test,1.17,1.2373416038562255,svm
4,199,test,1.12,1.1792798757781953,svm
0,0,train,1.3,1.306692123413086,xgboost
0,1,train,1.5,1.481033444404602,xgboost
0,2,train,1.27,1.268287181854248,xgboost
0,3,train,1.1,1.144783616065979,xgboost
0,4,train,1.4,1.3887649774551392,xgboost
0,5,train,1.24,1.185529351234436,xgboost
0,6,train,1.35,1.3374202251434326,xgboost
0,7,train,1.25,1.2491066455841064,xgboost
0,8,train,1.0,1.0055968761444092,xgboost
0,11,train,0.97,1.0050400495529175,xgboost
0,12,train,1.25,1.258474588394165,xgboost
0,13,train,0.98,0.9909374117851257,xgboost
0,15,train,1.012,1.0050400495529175,xgboost
0,16,train,0.82,0.8589374423027039,xgboost
0,17,train,1.35,1.3411681652069092,xgboost
0,18,train,1.4,1.4027019739151,xgboost
0,19,train,0.95,0.9747774600982666,xgboost
0,20,train,1.4,1.3328206539154053,xgboost
0,21,train,1.3,1.3328206539154053,xgboost
0,22,train,1.15,1.1717342138290405,xgboost
0,23,train,1.2,1.1717342138290405,xgboost
0,24,train,1.15,1.1717342138290405,xgboost
0,25,train,1.2,1.1511273384094238,xgboost
0,26,train,1.5,1.4890389442443848,xgboost
0,30,train,1.15,1.1651891469955444,xgboost
0,31,train,1.2,1.177101492881775,xgboost
0,32,train,1.35,1.3527394533157349,xgboost
0,35,train,1.21,1.231329321861267,xgboost
0,36,train,1.0,1.005629301071167,xgboost
0,37,train,0.84,0.8543339967727661,xgboost
0,38,train,1.3,1.3132193088531494,xgboost
0,39,train,0.9,0.8589374423027039,xgboost
0,40,train,1.15,1.185529351234436,xgboost
0,41,train,1.4,1.4112577438354492,xgboost
0,42,train,1.25,1.2536959648132324,xgboost
0,43,train,1.35,1.3379582166671753,xgboost
0,44,train,1.1,1.0971699953079224,xgboost
0,45,train,1.3,1.317117691040039,xgboost
0,46,train,1.0,1.0003139972686768,xgboost
0,48,train,0.92,0.9204574823379517,xgboost
0,49,train,1.33,1.3427965641021729,xgboost
0,52,train,1.1,1.089926838874817,xgboost
0,53,train,1.1,1.1178479194641113,xgboost
0,54,train,1.15,1.1178479194641113,xgboost
0,55,train,1.29,1.2391645908355713,xgboost
0,56,train,1.08,1.0560492277145386,xgboost
0,57,train,0.99,0.9958851337432861,xgboost
0,58,train,1.11,1.1272025108337402,xgboost
0,59,train,1.0,0.9975412487983704,xgboost
0,61,train,1.04,1.0050400495529175,xgboost
0,62,train,1.1,1.0988844633102417,xgboost
0,63,train,1.11,1.1272025108337402,xgboost
0,64,train,1.0,1.0022056102752686,xgboost
0,65,train,1.11,1.1128616333007812,xgboost
0,69,train,1.06,1.0447038412094116,xgboost
0,70,train,1.34,1.3687597513198853,xgboost
0,71,train,1.4,1.4146697521209717,xgboost
0,72,train,1.3,1.279378890991211,xgboost
0,73,train,1.25,1.2620793581008911,xgboost
0,74,train,1.18,1.1565159559249878,xgboost
0,75,train,0.98,0.9879489541053772,xgboost
0,76,train,1.04,1.0657025575637817,xgboost
0,77,train,1.29,1.3179755210876465,xgboost
0,78,train,1.41,1.3328206539154053,xgboost
0,79,train,1.01,1.0054486989974976,xgboost
0,80,train,1.2,1.2267751693725586,xgboost
0,81,train,1.25,1.2267751693725586,xgboost
0,82,train,1.25,1.2267751693725586,xgboost
0,83,train,1.17,1.1806665658950806,xgboost
0,84,train,1.05,1.0588066577911377,xgboost
0,85,train,1.35,1.4146697521209717,xgboost
0,86,train,1.5,1.4146697521209717,xgboost
0,87,train,1.4,1.4146697521209717,xgboost
0,88,train,1.28,1.279378890991211,xgboost
0,89,train,1.22,1.2047004699707031,xgboost
0,90,train,1.23,1.201515793800354,xgboost
0,92,train,1.09,1.0794343948364258,xgboost
0,93,train,1.05,1.0876001119613647,xgboost
0,94,train,0.98,0.9954681396484375,xgboost
0,95,train,0.95,0.9493386149406433,xgboost
0,96,train,1.2,1.202161431312561,xgboost
0,97,train,1.25,1.231329321861267,xgboost
0,98,train,1.38,1.3618923425674438,xgboost
0,99,train,1.15,1.185529351234436,xgboost
0,100,train,1.15,1.185529351234436,xgboost
0,101,train,1.2,1.144783616065979,xgboost
0,102,train,1.2,1.1511273384094238,xgboost
0,103,train,1.15,1.1178479194641113,xgboost
0,104,train,1.1,1.1511273384094238,xgboost
0,105,train,1.08,1.1178479194641113,xgboost
0,106,train,1.2,1.2132116556167603,xgboost
0,107,train,1.17,1.1868716478347778,xgboost
0,109,train,1.2,1.2044098377227783,xgboost
0,110,train,1.25,1.279378890991211,xgboost
0,111,train,1.12,1.1264417171478271,xgboost
0,112,train,0.85,0.8268352746963501,xgboost
0,113,train,1.1,1.112401008605957,xgboost
0,114,train,1.14,1.1639480590820312,xgboost
0,115,train,1.23,1.2321630716323853,xgboost
0,116,train,1.18,1.1868051290512085,xgboost
0,117,train,1.42,1.401088833808899,xgboost
0,118,train,0.98,1.0342966318130493,xgboost
0,119,train,1.3,1.3126097917556763,xgboost
0,120,train,1.4,1.403050422668457,xgboost
0,121,train,1.5,1.46468985080719,xgboost
0,122,train,1.1,1.1511273384094238,xgboost
0,123,train,1.15,1.1511273384094238,xgboost
0,124,train,1.08,1.0842279195785522,xgboost
0,125,train,1.04,1.0357725620269775,xgboost
0,126,train,1.25,1.2564101219177246,xgboost
0,127,train,1.25,1.260140061378479,xgboost
0,128,train,1.39,1.4214396476745605,xgboost
0,129,train,1.45,1.4214396476745605,xgboost
0,130,train,1.0,0.9954681396484375,xgboost
0,131,train,1.15,1.1432507038116455,xgboost
0,132,train,1.25,1.2596676349639893,xgboost
0,135,train,1.3,1.3296029567718506,xgboost
0,136,train,1.2,1.230411171913147,xgboost
0,137,train,1.3,1.2714377641677856,xgboost
0,138,train,1.2,1.19670569896698,xgboost
0,143,train,1.41,1.4048373699188232,xgboost
0,144,train,1.1,1.1012529134750366,xgboost
0,146,train,0.89,0.8868388533592224,xgboost
0,148,train,0.94,0.9431713223457336,xgboost
0,149,train,1.15,1.1128817796707153,xgboost
0,152,train,1.25,1.2250274419784546,xgboost
0,153,train,1.24,1.2374920845031738,xgboost
0,158,train,0.86,0.8630889058113098,xgboost
0,159,train,0.77,0.7971913814544678,xgboost
0,160,train,1.29,1.3296029567718506,xgboost
0,161,train,1.1,1.0876001119613647,xgboost
0,162,train,1.4,1.3296029567718506,xgboost
0,163,train,1.08,1.0605963468551636,xgboost
0,164,train,1.1,1.073603630065918,xgboost
0,165,train,1.2,1.144783616065979,xgboost
0,169,train,1.4,1.4023741483688354,xgboost
0,170,train,1.28,1.3328206539154053,xgboost
0,171,train,1.3,1.3328206539154053,xgboost
0,173,train,1.25,1.2538576126098633,xgboost
0,174,train,0.95,0.9184129238128662,xgboost
0,175,train,1.0,1.0342966318130493,xgboost
0,176,train,1.35,1.3314448595046997,xgboost
0,177,train,1.25,1.2496510744094849,xgboost
0,179,train,1.3,1.2935315370559692,xgboost
0,180,train,1.45,1.4146697521209717,xgboost
0,181,train,1.25,1.2463191747665405,xgboost
0,182,train,1.4,1.4015828371047974,xgboost
0,183,train,1.45,1.4537750482559204,xgboost
0,184,train,1.2,1.1939808130264282,xgboost
0,186,train,1.38,1.4076601266860962,xgboost
0,188,train,1.3,1.2651842832565308,xgboost
0,189,train,1.3,1.2760515213012695,xgboost
0,190,train,1.25,1.2724170684814453,xgboost
0,191,train,1.25,1.2464638948440552,xgboost
0,192,train,0.95,0.9468066692352295,xgboost
0,195,train,0.84,0.8589374423027039,xgboost
0,196,train,1.11,1.144783616065979,xgboost
0,197,train,1.05,1.0593721866607666,xgboost
0,198,train,1.17,1.1669902801513672,xgboost
0,199,train,1.12,1.1120742559432983,xgboost
0,9,test,1.35,1.4166114330291748,xgboost
0,10,test,1.4,1.4260566234588623,xgboost
0,14,test,1.25,1.2040834426879883,xgboost
0,27,test,1.05,1.048178791999817,xgboost
0,28,test,1.3,1.2250274419784546,xgboost
0,29,test,1.05,1.0778383016586304,xgboost
0,33,test,1.45,1.4399936199188232,xgboost
0,34,test,1.15,1.1327483654022217,xgboost
0,47,test,1.0,0.992161750793457,xgboost
0,50,test,1.21,1.1457476615905762,xgboost
0,51,test,1.1,1.119751214981079,xgboost
0,60,test,1.15,1.1511273384094238,xgboost
0,66,test,1.2,1.1700618267059326,xgboost
0,67,test,1.03,1.0253559350967407,xgboost
0,68,test,1.38,1.3618923425674438,xgboost
0,91,test,1.32,1.3275232315063477,xgboost
0,108,test,1.25,1.2611281871795654,xgboost
0,133,test,1.04,1.0683183670043945,xgboost
0,134,test,1.25,1.242800235748291,xgboost
0,139,test,0.8,0.8589374423027039,xgboost
0,140,test,0.83,0.8589374423027039,xgboost
0,141,test,0.96,0.8543339967727661,xgboost
0,142,test,1.18,1.1511273384094238,xgboost
0,145,test,1.1,1.1492573022842407,xgboost
0,147,test,0.998,0.98882657289505,xgboost
0,150,test,1.18,1.2437841892242432,xgboost
0,151,test,1.25,1.2527709007263184,xgboost
0,154,test,1.36,1.3296029567718506,xgboost
0,155,test,1.3,1.3048824071884155,xgboost
0,156,test,1.35,1.2882225513458252,xgboost
0,157,test,1.3,1.2848408222198486,xgboost
0,166,test,1.3,1.31977117061615,xgboost
0,167,test,1.01,0.9960258603096008,xgboost
0,168,test,1.4,1.3803149461746216,xgboost
0,172,test,0.94,0.893811047077179,xgboost
0,178,test,1.1,1.0840940475463867,xgboost
0,185,test,1.4,1.4240927696228027,xgboost
0,187,test,1.2,1.2206852436065674,xgboost
0,193,test,1.22,1.2444853782653809,xgboost
0,194,test,1.32,1.2444853782653809,xgboost
1,0,train,1.3,1.306136131286621,xgboost
1,1,train,1.5,1.4702608585357666,xgboost
1,2,train,1.27,1.284356713294983,xgboost
1,3,train,1.1,1.1440258026123047,xgboost
1,4,train,1.4,1.3876291513442993,xgboost
1,5,train,1.24,1.1831135749816895,xgboost
1,6,train,1.35,1.3225581645965576,xgboost
1,7,train,1.25,1.2470479011535645,xgboost
1,9,train,1.35,1.3704860210418701,xgboost
1,10,train,1.4,1.3929325342178345,xgboost
1,12,train,1.25,1.25067138671875,xgboost
1,13,train,0.98,0.9941532611846924,xgboost
1,14,train,1.25,1.2393524646759033,xgboost
1,16,train,0.82,0.8346673250198364,xgboost
1,17,train,1.35,1.327631950378418,xgboost
1,18,train,1.4,1.4118291139602661,xgboost
1,19,train,0.95,0.9798434972763062,xgboost
1,20,train,1.4,1.3402900695800781,xgboost
1,21,train,1.3,1.3402900695800781,xgboost
1,26,train,1.5,1.4923930168151855,xgboost
1,27,train,1.05,1.0470991134643555,xgboost
1,28,train,1.3,1.2488394975662231,xgboost
1,29,train,1.05,1.0511678457260132,xgboost
1,32,train,1.35,1.3599069118499756,xgboost
1,33,train,1.45,1.4501099586486816,xgboost
1,34,train,1.15,1.1377966403961182,xgboost
1,35,train,1.21,1.2154055833816528,xgboost
1,36,train,1.0,1.000083327293396,xgboost
1,37,train,0.84,0.9073876738548279,xgboost
1,40,train,1.15,1.1831135749816895,xgboost
1,41,train,1.4,1.4149155616760254,xgboost
1,42,train,1.25,1.2499260902404785,xgboost
1,43,train,1.35,1.3476662635803223,xgboost
1,44,train,1.1,1.096699595451355,xgboost
1,45,train,1.3,1.3117585182189941,xgboost
1,46,train,1.0,0.9974725246429443,xgboost
1,47,train,1.0,1.0012638568878174,xgboost
1,48,train,0.92,0.922443151473999,xgboost
1,49,train,1.33,1.3333150148391724,xgboost
1,50,train,1.21,1.2021418809890747,xgboost
1,51,train,1.1,1.1096217632293701,xgboost
1,52,train,1.1,1.085161566734314,xgboost
1,56,train,1.08,1.0511490106582642,xgboost
1,57,train,0.99,0.9952150583267212,xgboost
1,58,train,1.11,1.1180893182754517,xgboost
1,59,train,1.0,1.0070706605911255,xgboost
1,60,train,1.15,1.149153470993042,xgboost
1,61,train,1.04,1.01216721534729,xgboost
1,62,train,1.1,1.0875319242477417,xgboost
1,63,train,1.11,1.1180893182754517,xgboost
1,64,train,1.0,0.9963522553443909,xgboost
1,65,train,1.11,1.1099364757537842,xgboost
1,66,train,1.2,1.1887965202331543,xgboost
1,67,train,1.03,1.0303999185562134,xgboost
1,68,train,1.38,1.3699361085891724,xgboost
1,69,train,1.06,1.0345404148101807,xgboost
1,70,train,1.34,1.3728018999099731,xgboost
1,71,train,1.4,1.3950185775756836,xgboost
1,72,train,1.3,1.3064326047897339,xgboost
1,73,train,1.25,1.2621750831604004,xgboost
1,74,train,1.18,1.1488431692123413,xgboost
1,75,train,0.98,0.9770014882087708,xgboost
1,76,train,1.04,1.0747841596603394,xgboost
1,77,train,1.29,1.3266123533248901,xgboost
1,78,train,1.41,1.3402900695800781,xgboost
1,80,train,1.2,1.229588270187378,xgboost
1,81,train,1.25,1.229588270187378,xgboost
1,82,train,1.25,1.229588270187378,xgboost
1,83,train,1.17,1.1810818910598755,xgboost
1,84,train,1.05,1.0622478723526,xgboost
1,90,train,1.23,1.2116440534591675,xgboost
1,91,train,1.32,1.3242133855819702,xgboost
1,92,train,1.09,1.0858935117721558,xgboost
1,94,train,0.98,0.9900334477424622,xgboost
1,95,train,0.95,0.9468135237693787,xgboost
1,96,train,1.2,1.2032438516616821,xgboost
1,97,train,1.25,1.2154055833816528,xgboost
1,98,train,1.38,1.3699361085891724,xgboost
1,99,train,1.15,1.1831135749816895,xgboost
1,100,train,1.15,1.1831135749816895,xgboost
1,101,train,1.2,1.1440258026123047,xgboost
1,102,train,1.2,1.149153470993042,xgboost
1,103,train,1.15,1.1101901531219482,xgboost
1,104,train,1.1,1.149153470993042,xgboost
1,105,train,1.08,1.1101901531219482,xgboost
1,106,train,1.2,1.20816171169281,xgboost
1,107,train,1.17,1.1947191953659058,xgboost
1,108,train,1.25,1.2509617805480957,xgboost
1,109,train,1.2,1.2046923637390137,xgboost
1,111,train,1.12,1.128689169883728,xgboost
1,112,train,0.85,0.8324010968208313,xgboost
1,115,train,1.23,1.225566029548645,xgboost
1,116,train,1.18,1.2025539875030518,xgboost
1,117,train,1.42,1.3986165523529053,xgboost
1,118,train,0.98,1.0500630140304565,xgboost
1,119,train,1.3,1.323049783706665,xgboost
1,120,train,1.4,1.4055591821670532,xgboost
1,121,train,1.5,1.4576606750488281,xgboost
1,122,train,1.1,1.149153470993042,xgboost
1,123,train,1.15,1.149153470993042,xgboost
1,124,train,1.08,1.0846202373504639,xgboost
1,126,train,1.25,1.2576045989990234,xgboost
1,127,train,1.25,1.2661972045898438,xgboost
1,128,train,1.39,1.4145634174346924,xgboost
1,129,train,1.45,1.4145634174346924,xgboost
1,130,train,1.0,0.9900334477424622,xgboost
1,132,train,1.25,1.2546563148498535,xgboost
1,133,train,1.04,1.0591976642608643,xgboost
1,134,train,1.25,1.2388609647750854,xgboost
1,137,train,1.3,1.2725036144256592,xgboost
1,139,train,0.8,0.8346673250198364,xgboost
1,140,train,0.83,0.8346673250198364,xgboost
1,141,train,0.96,0.9073876738548279,xgboost
1,142,train,1.18,1.149153470993042,xgboost
1,144,train,1.1,1.104964256286621,xgboost
1,145,train,1.1,1.1279289722442627,xgboost
1,146,train,0.89,0.8937532305717468,xgboost
1,147,train,0.998,1.0043950080871582,xgboost
1,148,train,0.94,0.947674036026001,xgboost
1,149,train,1.15,1.1186561584472656,xgboost
1,150,train,1.18,1.193100929260254,xgboost
1,151,train,1.25,1.2410658597946167,xgboost
1,152,train,1.25,1.2488394975662231,xgboost
1,154,train,1.36,1.349061131477356,xgboost
1,155,train,1.3,1.3108532428741455,xgboost
1,156,train,1.35,1.319764494895935,xgboost
1,157,train,1.3,1.2996597290039062,xgboost
1,158,train,0.86,0.8624117970466614,xgboost
1,159,train,0.77,0.7934035658836365,xgboost
1,160,train,1.29,1.349061131477356,xgboost
1,161,train,1.1,1.121856451034546,xgboost
1,162,train,1.4,1.349061131477356,xgboost
1,163,train,1.08,1.0615663528442383,xgboost
1,164,train,1.1,1.06527841091156,xgboost
1,165,train,1.2,1.1440258026123047,xgboost
1,166,train,1.3,1.3122522830963135,xgboost
1,167,train,1.01,0.9978864789009094,xgboost
1,168,train,1.4,1.3995753526687622,xgboost
1,169,train,1.4,1.401137113571167,xgboost
1,170,train,1.28,1.3402900695800781,xgboost
1,171,train,1.3,1.3402900695800781,xgboost
1,172,train,0.94,0.935907781124115,xgboost
1,176,train,1.35,1.3293969631195068,xgboost
1,177,train,1.25,1.249772071838379,xgboost
1,178,train,1.1,1.104806661605835,xgboost
1,179,train,1.3,1.294442892074585,xgboost
1,180,train,1.45,1.3950185775756836,xgboost
1,184,train,1.2,1.189996600151062,xgboost
1,185,train,1.4,1.4083664417266846,xgboost
1,186,train,1.38,1.4035934209823608,xgboost
1,187,train,1.2,1.2124582529067993,xgboost
1,192,train,0.95,0.937703549861908,xgboost
1,193,train,1.22,1.2723708152770996,xgboost
1,194,train,1.32,1.2723708152770996,xgboost
1,195,train,0.84,0.8346673250198364,xgboost
1,196,train,1.11,1.1440258026123047,xgboost
1,197,train,1.05,1.0603728294372559,xgboost
1,198,train,1.17,1.1807458400726318,xgboost
1,199,train,1.12,1.1166021823883057,xgboost
1,8,test,1.0,1.0768921375274658,xgboost
1,11,test,0.97,1.01216721534729,xgboost
1,15,test,1.012,1.01216721534729,xgboost
1,22,test,1.15,1.2119684219360352,xgboost
1,23,test,1.2,1.2119684219360352,xgboost
1,24,test,1.15,1.2119684219360352,xgboost
1,25,test,1.2,1.149153470993042,xgboost
1,30,test,1.15,1.1597442626953125,xgboost
1,31,test,1.2,1.1508381366729736,xgboost
1,38,test,1.3,1.3254384994506836,xgboost
1,39,test,0.9,0.8346673250198364,xgboost
1,53,test,1.1,1.1101901531219482,xgboost
1,54,test,1.15,1.1101901531219482,xgboost
1,55,test,1.29,1.2027117013931274,xgboost
1,79,test,1.01,0.9425760507583618,xgboost
1,85,test,1.35,1.3950185775756836,xgboost
1,86,test,1.5,1.3950185775756836,xgboost
1,87,test,1.4,1.3950185775756836,xgboost
1,88,test,1.28,1.3064326047897339,xgboost
1,89,test,1.22,1.1976784467697144,xgboost
1,93,test,1.05,1.121856451034546,xgboost
1,110,test,1.25,1.3064326047897339,xgboost
1,113,test,1.1,1.141255497932434,xgboost
1,114,test,1.14,1.1472949981689453,xgboost
1,125,test,1.04,1.0425993204116821,xgboost
1,131,test,1.15,1.1318870782852173,xgboost
1,135,test,1.3,1.349061131477356,xgboost
1,136,test,1.2,1.2620950937271118,xgboost
1,138,test,1.2,1.1843920946121216,xgboost
1,143,test,1.41,1.3517870903015137,xgboost
1,153,test,1.24,1.1982637643814087,xgboost
1,173,test,1.25,1.200882077217102,xgboost
1,174,test,0.95,0.9210888147354126,xgboost
1,175,test,1.0,1.0500630140304565,xgboost
1,181,test,1.25,1.2441238164901733,xgboost
1,182,test,1.4,1.4182190895080566,xgboost
1,183,test,1.45,1.4563733339309692,xgboost
1,188,test,1.3,1.2657017707824707,xgboost
1,189,test,1.3,1.2500433921813965,xgboost
1,190,test,1.25,1.2503700256347656,xgboost
1,191,test,1.25,1.2251530885696411,xgboost
2,2,train,1.27,1.2767140865325928,xgboost
2,6,train,1.35,1.332518219947815,xgboost
2,7,train,1.25,1.2488839626312256,xgboost
2,8,train,1.0,1.0020637512207031,xgboost
2,9,train,1.35,1.367410659790039,xgboost
2,10,train,1.4,1.389832854270935,xgboost
2,11,train,0.97,1.003419041633606,xgboost
2,12,train,1.25,1.2545210123062134,xgboost
2,13,train,0.98,0.9809315204620361,xgboost
2,14,train,1.25,1.2464361190795898,xgboost
2,15,train,1.012,1.003419041633606,xgboost
2,16,train,0.82,0.8367457985877991,xgboost
2,18,train,1.4,1.4050941467285156,xgboost
2,19,train,0.95,0.965285062789917,xgboost
2,22,train,1.15,1.1722898483276367,xgboost
2,23,train,1.2,1.1722898483276367,xgboost
2,24,train,1.15,1.1722898483276367,xgboost
2,25,train,1.2,1.1550134420394897,xgboost
2,26,train,1.5,1.4923818111419678,xgboost
2,27,train,1.05,1.052393913269043,xgboost
2,28,train,1.3,1.2439240217208862,xgboost
2,29,train,1.05,1.0550471544265747,xgboost
2,30,train,1.15,1.166595697402954,xgboost
2,31,train,1.2,1.173245906829834,xgboost
2,32,train,1.35,1.3498327732086182,xgboost
2,33,train,1.45,1.4385343790054321,xgboost
2,34,train,1.15,1.141533613204956,xgboost
2,35,train,1.21,1.227947473526001,xgboost
2,37,train,0.84,0.9010898470878601,xgboost
2,38,train,1.3,1.3129689693450928,xgboost
2,39,train,0.9,0.8367457985877991,xgboost
2,40,train,1.15,1.1729826927185059,xgboost
2,41,train,1.4,1.407016634941101,xgboost
2,42,train,1.25,1.2538684606552124,xgboost
2,46,train,1.0,0.9959427714347839,xgboost
2,47,train,1.0,1.000893473625183,xgboost
2,48,train,0.92,0.9226812720298767,xgboost
2,49,train,1.33,1.3300907611846924,xgboost
2,50,train,1.21,1.2090122699737549,xgboost
2,51,train,1.1,1.1081222295761108,xgboost
2,53,train,1.1,1.1187248229980469,xgboost
2,54,train,1.15,1.1187248229980469,xgboost
2,55,train,1.29,1.2304402589797974,xgboost
2,57,train,0.99,0.9965525269508362,xgboost
2,58,train,1.11,1.1190415620803833,xgboost
2,59,train,1.0,1.0037965774536133,xgboost
2,60,train,1.15,1.1550134420394897,xgboost
2,61,train,1.04,1.003419041633606,xgboost
2,62,train,1.1,1.0959292650222778,xgboost
2,63,train,1.11,1.1190415620803833,xgboost
2,64,train,1.0,0.9994411468505859,xgboost
2,65,train,1.11,1.111127495765686,xgboost
2,66,train,1.2,1.2086491584777832,xgboost
2,67,train,1.03,1.02549409866333,xgboost
2,68,train,1.38,1.374771237373352,xgboost
2,70,train,1.34,1.3649760484695435,xgboost
2,71,train,1.4,1.4089834690093994,xgboost
2,73,train,1.25,1.2694932222366333,xgboost
2,74,train,1.18,1.1617919206619263,xgboost
2,75,train,0.98,0.9786244630813599,xgboost
2,76,train,1.04,1.0793262720108032,xgboost
2,79,train,1.01,1.0048999786376953,xgboost
2,80,train,1.2,1.227184772491455,xgboost
2,81,train,1.25,1.227184772491455,xgboost
2,82,train,1.25,1.227184772491455,xgboost
2,83,train,1.17,1.1726129055023193,xgboost
2,84,train,1.05,1.0545225143432617,xgboost
2,85,train,1.35,1.4089834690093994,xgboost
2,86,train,1.5,1.4089834690093994,xgboost
2,87,train,1.4,1.4089834690093994,xgboost
2,88,train,1.28,1.2760064601898193,xgboost
2,89,train,1.22,1.2091411352157593,xgboost
2,90,train,1.23,1.2117030620574951,xgboost
2,91,train,1.32,1.3235355615615845,xgboost
2,93,train,1.05,1.0930136442184448,xgboost
2,94,train,0.98,0.9888165593147278,xgboost
2,95,train,0.95,0.9565853476524353,xgboost
2,96,train,1.2,1.210640788078308,xgboost
2,97,train,1.25,1.227947473526001,xgboost
2,99,train,1.15,1.1729826927185059,xgboost
2,100,train,1.15,1.1729826927185059,xgboost
2,101,train,1.2,1.1553939580917358,xgboost
2,102,train,1.2,1.1550134420394897,xgboost
2,103,train,1.15,1.1187248229980469,xgboost
2,104,train,1.1,1.1550134420394897,xgboost
2,105,train,1.08,1.1187248229980469,xgboost
2,106,train,1.2,1.1983281373977661,xgboost
2,108,train,1.25,1.257151484489441,xgboost
2,109,train,1.2,1.1958420276641846,xgboost
2,110,train,1.25,1.2760064601898193,xgboost
2,113,train,1.1,1.0945314168930054,xgboost
2,114,train,1.14,1.1656466722488403,xgboost
2,117,train,1.42,1.4059518575668335,xgboost
2,122,train,1.1,1.1550134420394897,xgboost
2,123,train,1.15,1.1550134420394897,xgboost
2,125,train,1.04,1.032812237739563,xgboost
2,126,train,1.25,1.258043885231018,xgboost
2,127,train,1.25,1.2583513259887695,xgboost
2,128,train,1.39,1.4146887063980103,xgboost
2,129,train,1.45,1.4146887063980103,xgboost
2,131,train,1.15,1.148752212524414,xgboost
2,133,train,1.04,1.0514181852340698,xgboost
2,134,train,1.25,1.2430204153060913,xgboost
2,135,train,1.3,1.3380396366119385,xgboost
2,136,train,1.2,1.234950065612793,xgboost
2,138,train,1.2,1.189805507659912,xgboost
2,139,train,0.8,0.8367457985877991,xgboost
2,140,train,0.83,0.8367457985877991,xgboost
2,141,train,0.96,0.9010898470878601,xgboost
2,142,train,1.18,1.1550134420394897,xgboost
2,143,train,1.41,1.409176230430603,xgboost
2,144,train,1.1,1.1034612655639648,xgboost
2,145,train,1.1,1.119734764099121,xgboost
2,147,train,0.998,1.0020482540130615,xgboost
2,148,train,0.94,0.9379398822784424,xgboost
2,149,train,1.15,1.1163932085037231,xgboost
2,150,train,1.18,1.1950665712356567,xgboost
2,151,train,1.25,1.2495882511138916,xgboost
2,153,train,1.24,1.2402875423431396,xgboost
2,154,train,1.36,1.3380396366119385,xgboost
2,155,train,1.3,1.3080052137374878,xgboost
2,156,train,1.35,1.3226157426834106,xgboost
2,157,train,1.3,1.3024075031280518,xgboost
2,158,train,0.86,0.8528784513473511,xgboost
2,159,train,0.77,0.7826876044273376,xgboost
2,160,train,1.29,1.3380396366119385,xgboost
2,161,train,1.1,1.0930136442184448,xgboost
2,162,train,1.4,1.3380396366119385,xgboost
2,163,train,1.08,1.0635311603546143,xgboost
2,164,train,1.1,1.0704364776611328,xgboost
2,165,train,1.2,1.1553939580917358,xgboost
2,166,train,1.3,1.3093799352645874,xgboost
2,167,train,1.01,0.9972632527351379,xgboost
2,168,train,1.4,1.375856637954712,xgboost
2,169,train,1.4,1.3997056484222412,xgboost
2,170,train,1.28,1.2953376770019531,xgboost
2,171,train,1.3,1.2953376770019531,xgboost
2,172,train,0.94,0.9338330626487732,xgboost
2,173,train,1.25,1.2512513399124146,xgboost
2,174,train,0.95,0.9351039528846741,xgboost
2,175,train,1.0,1.062867283821106,xgboost
2,176,train,1.35,1.323072075843811,xgboost
2,177,train,1.25,1.2504857778549194,xgboost
2,178,train,1.1,1.095723032951355,xgboost
2,179,train,1.3,1.2936897277832031,xgboost
2,180,train,1.45,1.4089834690093994,xgboost
2,181,train,1.25,1.2456533908843994,xgboost
2,182,train,1.4,1.4057806730270386,xgboost
2,183,train,1.45,1.4573193788528442,xgboost
2,185,train,1.4,1.3932037353515625,xgboost
2,186,train,1.38,1.3936115503311157,xgboost
2,187,train,1.2,1.2146575450897217,xgboost
2,188,train,1.3,1.2747260332107544,xgboost
2,189,train,1.3,1.2718377113342285,xgboost
2,190,train,1.25,1.2664538621902466,xgboost
2,191,train,1.25,1.2505409717559814,xgboost
2,193,train,1.22,1.273004174232483,xgboost
2,194,train,1.32,1.273004174232483,xgboost
2,195,train,0.84,0.8367457985877991,xgboost
2,196,train,1.11,1.1553939580917358,xgboost
2,197,train,1.05,1.0580413341522217,xgboost
2,198,train,1.17,1.1729410886764526,xgboost
2,199,train,1.12,1.1120338439941406,xgboost
2,0,test,1.3,1.3433552980422974,xgboost
2,1,test,1.5,1.4255409240722656,xgboost
2,3,test,1.1,1.1553939580917358,xgboost
2,4,test,1.4,1.3803725242614746,xgboost
2,5,test,1.24,1.1729826927185059,xgboost
2,17,test,1.35,1.3461532592773438,xgboost
2,20,test,1.4,1.2953376770019531,xgboost
2,21,test,1.3,1.2953376770019531,xgboost
2,36,test,1.0,0.9623562097549438,xgboost
2,43,test,1.35,1.3233256340026855,xgboost
2,44,test,1.1,1.0259475708007812,xgboost
2,45,test,1.3,1.3326914310455322,xgboost
2,52,test,1.1,0.9888140559196472,xgboost
2,56,test,1.08,1.0334711074829102,xgboost
2,69,test,1.06,0.976879358291626,xgboost
2,72,test,1.3,1.2760064601898193,xgboost
2,77,test,1.29,1.3870689868927002,xgboost
2,78,test,1.41,1.2953376770019531,xgboost
2,92,test,1.09,0.9827263951301575,xgboost
2,98,test,1.38,1.374771237373352,xgboost
2,107,test,1.17,1.212777018547058,xgboost
2,111,test,1.12,1.134263515472412,xgboost
2,112,test,0.85,0.8120771050453186,xgboost
2,115,test,1.23,1.2143558263778687,xgboost
2,116,test,1.18,1.260429859161377,xgboost
2,118,test,0.98,1.062867283821106,xgboost
2,119,test,1.3,1.3333302736282349,xgboost
2,120,test,1.4,1.4182270765304565,xgboost
2,121,test,1.5,1.431410551071167,xgboost
2,124,test,1.08,1.1282674074172974,xgboost
2,130,test,1.0,0.9888165593147278,xgboost
2,132,test,1.25,1.2845208644866943,xgboost
2,137,test,1.3,1.218583106994629,xgboost
2,146,test,0.89,0.8842875957489014,xgboost
2,152,test,1.25,1.2439240217208862,xgboost
2,184,test,1.2,1.036338210105896,xgboost
2,192,test,0.95,0.923328697681427,xgboost
3,0,train,1.3,1.3051849603652954,xgboost
3,1,train,1.5,1.4634361267089844,xgboost
3,2,train,1.27,1.2785325050354004,xgboost
3,3,train,1.1,1.1393280029296875,xgboost
3,4,train,1.4,1.3975931406021118,xgboost
3,5,train,1.24,1.2583906650543213,xgboost
3,8,train,1.0,1.0120313167572021,xgboost
3,9,train,1.35,1.3696352243423462,xgboost
3,10,train,1.4,1.399048089981079,xgboost
3,11,train,0.97,1.00689697265625,xgboost
3,12,train,1.25,1.2516299486160278,xgboost
3,13,train,0.98,0.9929855465888977,xgboost
3,14,train,1.25,1.2387762069702148,xgboost
3,15,train,1.012,1.00689697265625,xgboost
3,17,train,1.35,1.3484694957733154,xgboost
3,20,train,1.4,1.3382771015167236,xgboost
3,21,train,1.3,1.3382771015167236,xgboost
3,22,train,1.15,1.1700705289840698,xgboost
3,23,train,1.2,1.1700705289840698,xgboost
3,24,train,1.15,1.1700705289840698,xgboost
3,25,train,1.2,1.1652588844299316,xgboost
3,27,train,1.05,1.0414340496063232,xgboost
3,28,train,1.3,1.2613335847854614,xgboost
3,29,train,1.05,1.0465258359909058,xgboost
3,30,train,1.15,1.157164454460144,xgboost
3,31,train,1.2,1.1747812032699585,xgboost
3,32,train,1.35,1.345072627067566,xgboost
3,33,train,1.45,1.4505419731140137,xgboost
3,34,train,1.15,1.130172610282898,xgboost
3,36,train,1.0,1.0016554594039917,xgboost
3,38,train,1.3,1.313814640045166,xgboost
3,39,train,0.9,0.8481348156929016,xgboost
3,41,train,1.4,1.4135562181472778,xgboost
3,42,train,1.25,1.261419415473938,xgboost
3,43,train,1.35,1.3413771390914917,xgboost
3,44,train,1.1,1.0950709581375122,xgboost
3,45,train,1.3,1.304416298866272,xgboost
3,46,train,1.0,0.9974676370620728,xgboost
3,47,train,1.0,0.9996281862258911,xgboost
3,48,train,0.92,0.9241793751716614,xgboost
3,50,train,1.21,1.2061959505081177,xgboost
3,51,train,1.1,1.1086323261260986,xgboost
3,52,train,1.1,1.0900812149047852,xgboost
3,53,train,1.1,1.119185447692871,xgboost
3,54,train,1.15,1.119185447692871,xgboost
3,55,train,1.29,1.2691118717193604,xgboost
3,56,train,1.08,1.0594629049301147,xgboost
3,57,train,0.99,0.9974578619003296,xgboost
3,58,train,1.11,1.1059527397155762,xgboost
3,60,train,1.15,1.1652588844299316,xgboost
3,61,train,1.04,1.00689697265625,xgboost
3,62,train,1.1,1.0853313207626343,xgboost
3,63,train,1.11,1.1059527397155762,xgboost
3,64,train,1.0,1.0010931491851807,xgboost
3,65,train,1.11,1.1099109649658203,xgboost
3,66,train,1.2,1.1923259496688843,xgboost
3,67,train,1.03,1.0268537998199463,xgboost
3,68,train,1.38,1.3748793601989746,xgboost
3,69,train,1.06,1.0497839450836182,xgboost
3,71,train,1.4,1.4097719192504883,xgboost
3,72,train,1.3,1.27554190158844,xgboost
3,75,train,0.98,0.9810039401054382,xgboost
3,76,train,1.04,1.0719465017318726,xgboost
3,77,train,1.29,1.3180209398269653,xgboost
3,78,train,1.41,1.3382771015167236,xgboost
3,79,train,1.01,1.0046484470367432,xgboost
3,80,train,1.2,1.226820707321167,xgboost
3,81,train,1.25,1.226820707321167,xgboost
3,82,train,1.25,1.226820707321167,xgboost
3,84,train,1.05,1.0649710893630981,xgboost
3,85,train,1.35,1.4097719192504883,xgboost
3,86,train,1.5,1.4097719192504883,xgboost
3,87,train,1.4,1.4097719192504883,xgboost
3,88,train,1.28,1.27554190158844,xgboost
3,89,train,1.22,1.2086386680603027,xgboost
3,91,train,1.32,1.3083548545837402,xgboost
3,92,train,1.09,1.0833741426467896,xgboost
3,93,train,1.05,1.0899393558502197,xgboost
3,95,train,0.95,0.949049711227417,xgboost
3,96,train,1.2,1.2188842296600342,xgboost
3,97,train,1.25,1.2457064390182495,xgboost
3,98,train,1.38,1.3748793601989746,xgboost
3,102,train,1.2,1.1652588844299316,xgboost
3,103,train,1.15,1.119185447692871,xgboost
3,104,train,1.1,1.1652588844299316,xgboost
3,105,train,1.08,1.119185447692871,xgboost
3,106,train,1.2,1.2083325386047363,xgboost
3,107,train,1.17,1.1892359256744385,xgboost
3,108,train,1.25,1.2566022872924805,xgboost
3,109,train,1.2,1.2020163536071777,xgboost
3,110,train,1.25,1.27554190158844,xgboost
3,111,train,1.12,1.1283116340637207,xgboost
3,112,train,0.85,0.8384464979171753,xgboost
3,113,train,1.1,1.0971091985702515,xgboost
3,114,train,1.14,1.1608037948608398,xgboost
3,115,train,1.23,1.229231595993042,xgboost
3,116,train,1.18,1.2012088298797607,xgboost
3,117,train,1.42,1.4099324941635132,xgboost
3,118,train,0.98,1.0312234163284302,xgboost
3,119,train,1.3,1.3194302320480347,xgboost
3,120,train,1.4,1.408977746963501,xgboost
3,121,train,1.5,1.4670188426971436,xgboost
3,124,train,1.08,1.0852515697479248,xgboost
3,125,train,1.04,1.0433952808380127,xgboost
3,130,train,1.0,1.0076062679290771,xgboost
3,131,train,1.15,1.1433420181274414,xgboost
3,132,train,1.25,1.2599868774414062,xgboost
3,133,train,1.04,1.042531967163086,xgboost
3,134,train,1.25,1.2397966384887695,xgboost
3,135,train,1.3,1.3350670337677002,xgboost
3,136,train,1.2,1.2351648807525635,xgboost
3,137,train,1.3,1.2815477848052979,xgboost
3,138,train,1.2,1.2000735998153687,xgboost
3,139,train,0.8,0.8481348156929016,xgboost
3,140,train,0.83,0.8481348156929016,xgboost
3,141,train,0.96,0.953584611415863,xgboost
3,142,train,1.18,1.1652588844299316,xgboost
3,143,train,1.41,1.398234248161316,xgboost
3,144,train,1.1,1.106184720993042,xgboost
3,145,train,1.1,1.1124118566513062,xgboost
3,146,train,0.89,0.9082953929901123,xgboost
3,147,train,0.998,1.0028010606765747,xgboost
3,149,train,1.15,1.116865634918213,xgboost
3,150,train,1.18,1.1939349174499512,xgboost
3,151,train,1.25,1.2459137439727783,xgboost
3,152,train,1.25,1.2613335847854614,xgboost
3,153,train,1.24,1.2339833974838257,xgboost
3,154,train,1.36,1.3350670337677002,xgboost
3,155,train,1.3,1.3132268190383911,xgboost
3,156,train,1.35,1.320155143737793,xgboost
3,157,train,1.3,1.3010064363479614,xgboost
3,161,train,1.1,1.0899393558502197,xgboost
3,163,train,1.08,1.0597212314605713,xgboost
3,164,train,1.1,1.0752227306365967,xgboost
3,165,train,1.2,1.1393280029296875,xgboost
3,166,train,1.3,1.3072383403778076,xgboost
3,167,train,1.01,1.0109500885009766,xgboost
3,168,train,1.4,1.4034897089004517,xgboost
3,169,train,1.4,1.382944107055664,xgboost
3,170,train,1.28,1.3382771015167236,xgboost
3,171,train,1.3,1.3382771015167236,xgboost
3,172,train,0.94,0.9550639986991882,xgboost
3,173,train,1.25,1.2540427446365356,xgboost
3,174,train,0.95,0.9329192042350769,xgboost
3,175,train,1.0,1.0312234163284302,xgboost
3,178,train,1.1,1.0893118381500244,xgboost
3,181,train,1.25,1.2465065717697144,xgboost
3,182,train,1.4,1.4085041284561157,xgboost
3,183,train,1.45,1.456063151359558,xgboost
3,184,train,1.2,1.1929388046264648,xgboost
3,185,train,1.4,1.415772557258606,xgboost
3,187,train,1.2,1.2006641626358032,xgboost
3,188,train,1.3,1.273599624633789,xgboost
3,189,train,1.3,1.2683414220809937,xgboost
3,190,train,1.25,1.2659752368927002,xgboost
3,191,train,1.25,1.2450650930404663,xgboost
3,192,train,0.95,0.9445496201515198,xgboost
3,193,train,1.22,1.2646055221557617,xgboost
3,194,train,1.32,1.2646055221557617,xgboost
3,195,train,0.84,0.8481348156929016,xgboost
3,197,train,1.05,1.0541468858718872,xgboost
3,198,train,1.17,1.1799918413162231,xgboost
3,199,train,1.12,1.1148701906204224,xgboost
3,6,test,1.35,1.2422797679901123,xgboost
3,7,test,1.25,1.1677621603012085,xgboost
3,16,test,0.82,0.8481348156929016,xgboost
3,18,test,1.4,1.3899974822998047,xgboost
3,19,test,0.95,1.0075429677963257,xgboost
3,26,test,1.5,1.3727017641067505,xgboost
3,35,test,1.21,1.2457064390182495,xgboost
3,37,test,0.84,0.953584611415863,xgboost
3,40,test,1.15,1.2583906650543213,xgboost
3,49,test,1.33,1.3301670551300049,xgboost
3,59,test,1.0,1.0159884691238403,xgboost
3,70,test,1.34,1.393432378768921,xgboost
3,73,test,1.25,1.250496745109558,xgboost
3,74,test,1.18,1.116179347038269,xgboost
3,83,test,1.17,1.2390167713165283,xgboost
3,90,test,1.23,1.2046222686767578,xgboost
3,94,test,0.98,1.0076062679290771,xgboost
3,99,test,1.15,1.2583906650543213,xgboost
3,100,test,1.15,1.2583906650543213,xgboost
3,101,test,1.2,1.1393280029296875,xgboost
3,122,test,1.1,1.1652588844299316,xgboost
3,123,test,1.15,1.1652588844299316,xgboost
3,126,test,1.25,1.198036551475525,xgboost
3,127,test,1.25,1.3428045511245728,xgboost
3,128,test,1.39,1.363133430480957,xgboost
3,129,test,1.45,1.363133430480957,xgboost
3,148,test,0.94,0.9727883338928223,xgboost
3,158,test,0.86,0.9893149733543396,xgboost
3,159,test,0.77,0.8358995914459229,xgboost
3,160,test,1.29,1.3350670337677002,xgboost
3,162,test,1.4,1.3350670337677002,xgboost
3,176,test,1.35,1.3043713569641113,xgboost
3,177,test,1.25,1.2238340377807617,xgboost
3,179,test,1.3,1.2977510690689087,xgboost
3,180,test,1.45,1.4097719192504883,xgboost
3,186,test,1.38,1.4233720302581787,xgboost
3,196,test,1.11,1.1393280029296875,xgboost
4,0,train,1.3,1.3067864179611206,xgboost
4,1,train,1.5,1.4672008752822876,xgboost
4,3,train,1.1,1.1263608932495117,xgboost
4,4,train,1.4,1.375942349433899,xgboost
4,5,train,1.24,1.1822261810302734,xgboost
4,6,train,1.35,1.3289297819137573,xgboost
4,7,train,1.25,1.2469958066940308,xgboost
4,8,train,1.0,1.0106793642044067,xgboost
4,9,train,1.35,1.366097331047058,xgboost
4,10,train,1.4,1.3900525569915771,xgboost
4,11,train,0.97,0.9923476576805115,xgboost
4,14,train,1.25,1.2397429943084717,xgboost
4,15,train,1.012,0.9923476576805115,xgboost
4,16,train,0.82,0.8438097238540649,xgboost
4,17,train,1.35,1.3395015001296997,xgboost
4,18,train,1.4,1.4188681840896606,xgboost
4,19,train,0.95,0.9747777581214905,xgboost
4,20,train,1.4,1.3667984008789062,xgboost
4,21,train,1.3,1.3667984008789062,xgboost
4,22,train,1.15,1.1656404733657837,xgboost
4,23,train,1.2,1.1656404733657837,xgboost
4,24,train,1.15,1.1656404733657837,xgboost
4,25,train,1.2,1.160452127456665,xgboost
4,26,train,1.5,1.4906196594238281,xgboost
4,27,train,1.05,1.0504099130630493,xgboost
4,28,train,1.3,1.249522089958191,xgboost
4,29,train,1.05,1.053235650062561,xgboost
4,30,train,1.15,1.1683183908462524,xgboost
4,31,train,1.2,1.178247332572937,xgboost
4,33,train,1.45,1.4414626359939575,xgboost
4,34,train,1.15,1.1417944431304932,xgboost
4,35,train,1.21,1.2158182859420776,xgboost
4,36,train,1.0,0.9972307682037354,xgboost
4,37,train,0.84,0.8982262015342712,xgboost
4,38,train,1.3,1.308281660079956,xgboost
4,39,train,0.9,0.8438097238540649,xgboost
4,40,train,1.15,1.1822261810302734,xgboost
4,43,train,1.35,1.342469334602356,xgboost
4,44,train,1.1,1.1001439094543457,xgboost
4,45,train,1.3,1.3272550106048584,xgboost
4,47,train,1.0,1.0008502006530762,xgboost
4,49,train,1.33,1.3308038711547852,xgboost
4,50,train,1.21,1.2106503248214722,xgboost
4,51,train,1.1,1.1122095584869385,xgboost
4,52,train,1.1,1.0896131992340088,xgboost
4,53,train,1.1,1.1143730878829956,xgboost
4,54,train,1.15,1.1143730878829956,xgboost
4,55,train,1.29,1.2308127880096436,xgboost
4,56,train,1.08,1.0561054944992065,xgboost
4,59,train,1.0,0.9981736540794373,xgboost
4,60,train,1.15,1.160452127456665,xgboost
4,66,train,1.2,1.1996088027954102,xgboost
4,67,train,1.03,1.0256876945495605,xgboost
4,68,train,1.38,1.3703198432922363,xgboost
4,69,train,1.06,1.0443278551101685,xgboost
4,70,train,1.34,1.3608373403549194,xgboost
4,72,train,1.3,1.2821747064590454,xgboost
4,73,train,1.25,1.2686996459960938,xgboost
4,74,train,1.18,1.152884840965271,xgboost
4,77,train,1.29,1.3220397233963013,xgboost
4,78,train,1.41,1.3667984008789062,xgboost
4,79,train,1.01,1.0070327520370483,xgboost
4,83,train,1.17,1.1824040412902832,xgboost
4,85,train,1.35,1.4159772396087646,xgboost
4,86,train,1.5,1.4159772396087646,xgboost
4,87,train,1.4,1.4159772396087646,xgboost
4,88,train,1.28,1.2821747064590454,xgboost
4,89,train,1.22,1.2140597105026245,xgboost
4,90,train,1.23,1.2067034244537354,xgboost
4,91,train,1.32,1.321106195449829,xgboost
4,92,train,1.09,1.0786681175231934,xgboost
4,93,train,1.05,1.0923446416854858,xgboost
4,94,train,0.98,0.9973739385604858,xgboost
4,98,train,1.38,1.3703198432922363,xgboost
4,99,train,1.15,1.1822261810302734,xgboost
4,100,train,1.15,1.1822261810302734,xgboost
4,101,train,1.2,1.1263608932495117,xgboost
4,107,train,1.17,1.194272756576538,xgboost
4,108,train,1.25,1.2516220808029175,xgboost
4,110,train,1.25,1.2821747064590454,xgboost
4,111,train,1.12,1.136407732963562,xgboost
4,112,train,0.85,0.8381983637809753,xgboost
4,113,train,1.1,1.104796290397644,xgboost
4,114,train,1.14,1.1439309120178223,xgboost
4,115,train,1.23,1.2268483638763428,xgboost
4,116,train,1.18,1.2013598680496216,xgboost
4,118,train,0.98,1.0190982818603516,xgboost
4,119,train,1.3,1.3213897943496704,xgboost
4,120,train,1.4,1.4032288789749146,xgboost
4,121,train,1.5,1.4632158279418945,xgboost
4,122,train,1.1,1.160452127456665,xgboost
4,123,train,1.15,1.160452127456665,xgboost
4,124,train,1.08,1.0804290771484375,xgboost
4,125,train,1.04,1.0493191480636597,xgboost
4,126,train,1.25,1.25471830368042,xgboost
4,127,train,1.25,1.2601428031921387,xgboost
4,128,train,1.39,1.415385127067566,xgboost
4,129,train,1.45,1.415385127067566,xgboost
4,130,train,1.0,0.9973739385604858,xgboost
4,131,train,1.15,1.1427289247512817,xgboost
4,132,train,1.25,1.2608379125595093,xgboost
4,133,train,1.04,1.0464649200439453,xgboost
4,134,train,1.25,1.2406247854232788,xgboost
4,135,train,1.3,1.3379521369934082,xgboost
4,136,train,1.2,1.2391226291656494,xgboost
4,137,train,1.3,1.2848680019378662,xgboost
4,138,train,1.2,1.1971908807754517,xgboost
4,139,train,0.8,0.8438097238540649,xgboost
4,140,train,0.83,0.8438097238540649,xgboost
4,141,train,0.96,0.8982262015342712,xgboost
4,142,train,1.18,1.160452127456665,xgboost
4,143,train,1.41,1.4037729501724243,xgboost
4,145,train,1.1,1.1167919635772705,xgboost
4,146,train,0.89,0.8915123343467712,xgboost
4,147,train,0.998,1.0039548873901367,xgboost
4,148,train,0.94,0.9327828288078308,xgboost
4,150,train,1.18,1.1938831806182861,xgboost
4,151,train,1.25,1.24570894241333,xgboost
4,152,train,1.25,1.249522089958191,xgboost
4,153,train,1.24,1.2454195022583008,xgboost
4,154,train,1.36,1.3379521369934082,xgboost
4,155,train,1.3,1.3120895624160767,xgboost
4,156,train,1.35,1.3283873796463013,xgboost
4,157,train,1.3,1.2965790033340454,xgboost
4,158,train,0.86,0.8596644997596741,xgboost
4,159,train,0.77,0.7903945446014404,xgboost
4,160,train,1.29,1.3379521369934082,xgboost
4,162,train,1.4,1.3379521369934082,xgboost
4,166,train,1.3,1.3167160749435425,xgboost
4,167,train,1.01,0.9959542155265808,xgboost
4,168,train,1.4,1.3943672180175781,xgboost
4,172,train,0.94,0.9333645105361938,xgboost
4,173,train,1.25,1.250685453414917,xgboost
4,174,train,0.95,0.9419708251953125,xgboost
4,175,train,1.0,1.0190982818603516,xgboost
4,176,train,1.35,1.3250608444213867,xgboost
4,177,train,1.25,1.25456964969635,xgboost
4,178,train,1.1,1.084561824798584,xgboost
4,179,train,1.3,1.303000807762146,xgboost
4,180,train,1.45,1.4159772396087646,xgboost
4,181,train,1.25,1.2462495565414429,xgboost
4,182,train,1.4,1.4149155616760254,xgboost
4,183,train,1.45,1.453636884689331,xgboost
4,184,train,1.2,1.1920934915542603,xgboost
4,185,train,1.4,1.4060935974121094,xgboost
4,186,train,1.38,1.396735668182373,xgboost
4,187,train,1.2,1.2142369747161865,xgboost
4,188,train,1.3,1.2757813930511475,xgboost
4,189,train,1.3,1.275038242340088,xgboost
4,190,train,1.25,1.2687749862670898,xgboost
4,191,train,1.25,1.24602472782135,xgboost
4,192,train,0.95,0.9428626298904419,xgboost
4,193,train,1.22,1.274816632270813,xgboost
4,194,train,1.32,1.274816632270813,xgboost
4,196,train,1.11,1.1263608932495117,xgboost
4,2,test,1.27,1.3151508569717407,xgboost
4,12,test,1.25,1.3234336376190186,xgboost
4,13,test,0.98,1.0128076076507568,xgboost
4,32,test,1.35,1.3482205867767334,xgboost
4,41,test,1.4,1.4216398000717163,xgboost
4,42,test,1.25,1.2526386976242065,xgboost
4,46,test,1.0,0.9793890714645386,xgboost
4,48,test,0.92,1.011513590812683,xgboost
4,57,test,0.99,1.0060310363769531,xgboost
4,58,test,1.11,1.1345572471618652,xgboost
4,61,test,1.04,0.9923476576805115,xgboost
4,62,test,1.1,1.1236032247543335,xgboost
4,63,test,1.11,1.1345572471618652,xgboost
4,64,test,1.0,1.0747852325439453,xgboost
4,65,test,1.11,1.0641753673553467,xgboost
4,71,test,1.4,1.4159772396087646,xgboost
4,75,test,0.98,0.9735497832298279,xgboost
4,76,test,1.04,1.0992082357406616,xgboost
4,80,test,1.2,1.1624910831451416,xgboost
4,81,test,1.25,1.1624910831451416,xgboost
4,82,test,1.25,1.1624910831451416,xgboost
4,84,test,1.05,1.0933719873428345,xgboost
4,95,test,0.95,0.9516071677207947,xgboost
4,96,test,1.2,1.2081656455993652,xgboost
4,97,test,1.25,1.2158182859420776,xgboost
4,102,test,1.2,1.160452127456665,xgboost
4,103,test,1.15,1.1143730878829956,xgboost
4,104,test,1.1,1.160452127456665,xgboost
4,105,test,1.08,1.1143730878829956,xgboost
4,106,test,1.2,1.2678062915802002,xgboost
4,109,test,1.2,1.2390350103378296,xgboost
4,117,test,1.42,1.367501974105835,xgboost
4,144,test,1.1,1.124758005142212,xgboost
4,149,test,1.15,1.102665662765503,xgboost
4,161,test,1.1,1.0923446416854858,xgboost
4,163,test,1.08,1.0280539989471436,xgboost
4,164,test,1.1,1.0395792722702026,xgboost
4,165,test,1.2,1.1263608932495117,xgboost
4,169,test,1.4,1.4040064811706543,xgboost
4,170,test,1.28,1.3667984008789062,xgboost
4,171,test,1.3,1.3667984008789062,xgboost
4,195,test,0.84,0.8438097238540649,xgboost
4,197,test,1.05,1.1710716485977173,xgboost
4,198,test,1.17,1.2161571979522705,xgboost
4,199,test,1.12,1.0341132879257202,xgboost
