fold,sample_idx,set_type,y_true,y_pred,model
0,0,train,1.3,1.28187820470331,elasticnet
0,1,train,1.5,1.3408904503048509,elasticnet
0,2,train,1.27,1.226391679366928,elasticnet
0,3,train,1.1,1.177730515148824,elasticnet
0,4,train,1.4,1.3814833863579754,elasticnet
0,5,train,1.24,1.2264441931796983,elasticnet
0,6,train,1.35,1.1786963282247265,elasticnet
0,7,train,1.25,1.128255473533369,elasticnet
0,8,train,1.0,0.9935602901056864,elasticnet
0,11,train,0.97,1.0164727779483298,elasticnet
0,12,train,1.25,1.2722544451588935,elasticnet
0,13,train,0.98,1.1435623697334865,elasticnet
0,15,train,1.012,1.0164727779483298,elasticnet
0,16,train,0.82,1.0164727779483298,elasticnet
0,17,train,1.35,1.2948971133621299,elasticnet
0,18,train,1.4,1.353132065312915,elasticnet
0,19,train,0.95,1.0462161103964585,elasticnet
0,20,train,1.4,1.282839144054023,elasticnet
0,21,train,1.3,1.282839144054023,elasticnet
0,22,train,1.15,1.177730515148824,elasticnet
0,23,train,1.2,1.177730515148824,elasticnet
0,24,train,1.15,1.177730515148824,elasticnet
0,25,train,1.2,1.1432131638943168,elasticnet
0,26,train,1.5,1.3989415820314157,elasticnet
0,30,train,1.15,1.1841534697241338,elasticnet
0,31,train,1.2,1.1841534697241338,elasticnet
0,32,train,1.35,1.3188570847721588,elasticnet
0,35,train,1.21,1.2264441931796983,elasticnet
0,36,train,1.0,1.0192569082096585,elasticnet
0,37,train,0.84,0.9842084469224142,elasticnet
0,38,train,1.3,1.3188570847721588,elasticnet
0,39,train,0.9,1.0164727779483298,elasticnet
0,40,train,1.15,1.2264441931796983,elasticnet
0,41,train,1.4,1.353132065312915,elasticnet
0,42,train,1.25,1.313068830206177,elasticnet
0,43,train,1.35,1.3188570847721588,elasticnet
0,44,train,1.1,1.0055577447480606,elasticnet
0,45,train,1.3,1.282839144054023,elasticnet
0,46,train,1.0,0.972255939189952,elasticnet
0,48,train,0.92,0.9858465548001374,elasticnet
0,49,train,1.33,1.3200031944263206,elasticnet
0,52,train,1.1,1.084893372176032,elasticnet
0,53,train,1.1,1.0867328088573744,elasticnet
0,54,train,1.15,1.0867328088573744,elasticnet
0,55,train,1.29,1.2264441931796983,elasticnet
0,56,train,1.08,1.0462161103964585,elasticnet
0,57,train,0.99,1.003946834953496,elasticnet
0,58,train,1.11,1.123808989701141,elasticnet
0,59,train,1.0,1.0268119362032826,elasticnet
0,61,train,1.04,1.0164727779483298,elasticnet
0,62,train,1.1,1.1573486287502566,elasticnet
0,63,train,1.11,1.123808989701141,elasticnet
0,64,train,1.0,1.1009593237915598,elasticnet
0,65,train,1.11,1.0738007345800216,elasticnet
0,69,train,1.06,1.0164727779483298,elasticnet
0,70,train,1.34,1.3814833863579754,elasticnet
0,71,train,1.4,1.3447921987274816,elasticnet
0,72,train,1.3,1.3200031944263206,elasticnet
0,73,train,1.25,1.1583263409556481,elasticnet
0,74,train,1.18,1.123808989701141,elasticnet
0,75,train,0.98,0.9970686037551538,elasticnet
0,76,train,1.04,1.1573486287502566,elasticnet
0,77,train,1.29,1.34447819992453,elasticnet
0,78,train,1.41,1.282839144054023,elasticnet
0,79,train,1.01,1.0578292118873294,elasticnet
0,80,train,1.2,1.177730515148824,elasticnet
0,81,train,1.25,1.177730515148824,elasticnet
0,82,train,1.25,1.177730515148824,elasticnet
0,83,train,1.17,1.2264441931796983,elasticnet
0,84,train,1.05,1.1573486287502566,elasticnet
0,85,train,1.35,1.3447921987274816,elasticnet
0,86,train,1.5,1.3447921987274816,elasticnet
0,87,train,1.4,1.3447921987274816,elasticnet
0,88,train,1.28,1.3200031944263206,elasticnet
0,89,train,1.22,1.175269721258078,elasticnet
0,90,train,1.23,1.1432131638943168,elasticnet
0,92,train,1.09,0.962184901377245,elasticnet
0,93,train,1.05,1.177730515148824,elasticnet
0,94,train,0.98,1.1435623697334865,elasticnet
0,95,train,0.95,1.0551042525662786,elasticnet
0,96,train,1.2,1.2264441931796983,elasticnet
0,97,train,1.25,1.2264441931796983,elasticnet
0,98,train,1.38,1.34447819992453,elasticnet
0,99,train,1.15,1.2264441931796983,elasticnet
0,100,train,1.15,1.2264441931796983,elasticnet
0,101,train,1.2,1.177730515148824,elasticnet
0,102,train,1.2,1.1432131638943168,elasticnet
0,103,train,1.15,1.0867328088573744,elasticnet
0,104,train,1.1,1.1432131638943168,elasticnet
0,105,train,1.08,1.0867328088573744,elasticnet
0,106,train,1.2,1.1888153983975163,elasticnet
0,107,train,1.17,1.175269721258078,elasticnet
0,109,train,1.2,1.1513321937927083,elasticnet
0,110,train,1.25,1.3200031944263206,elasticnet
0,111,train,1.12,1.066040780058996,elasticnet
0,112,train,0.85,1.0164727779483298,elasticnet
0,113,train,1.1,1.177730515148824,elasticnet
0,114,train,1.14,1.175269721258078,elasticnet
0,115,train,1.23,1.2482850833980195,elasticnet
0,116,train,1.18,1.3018369543343022,elasticnet
0,117,train,1.42,1.3814833863579754,elasticnet
0,118,train,0.98,1.123808989701141,elasticnet
0,119,train,1.3,1.226391679366928,elasticnet
0,120,train,1.4,1.3883772483001884,elasticnet
0,121,train,1.5,1.353132065312915,elasticnet
0,122,train,1.1,1.1432131638943168,elasticnet
0,123,train,1.15,1.1432131638943168,elasticnet
0,124,train,1.08,1.0867328088573744,elasticnet
0,125,train,1.04,1.0268119362032826,elasticnet
0,126,train,1.25,1.1780363163020853,elasticnet
0,127,train,1.25,1.2948971133621299,elasticnet
0,128,train,1.39,1.3213763332496336,elasticnet
0,129,train,1.45,1.3213763332496336,elasticnet
0,130,train,1.0,1.1435623697334865,elasticnet
0,131,train,1.15,1.066040780058996,elasticnet
0,132,train,1.25,1.2649967289707675,elasticnet
0,135,train,1.3,1.3053730817042999,elasticnet
0,136,train,1.2,1.1583263409556481,elasticnet
0,137,train,1.3,1.238604294211845,elasticnet
0,138,train,1.2,1.1432131638943168,elasticnet
0,143,train,1.41,1.3053730817042999,elasticnet
0,144,train,1.1,1.0307722852486734,elasticnet
0,146,train,0.89,1.0462161103964585,elasticnet
0,148,train,0.94,1.0164727779483298,elasticnet
0,149,train,1.15,1.123808989701141,elasticnet
0,152,train,1.25,1.1583263409556481,elasticnet
0,153,train,1.24,1.1432131638943168,elasticnet
0,158,train,0.86,1.0011808543563556,elasticnet
0,159,train,0.77,1.0164727779483298,elasticnet
0,160,train,1.29,1.3053730817042999,elasticnet
0,161,train,1.1,1.177730515148824,elasticnet
0,162,train,1.4,1.3053730817042999,elasticnet
0,163,train,1.08,1.1573486287502566,elasticnet
0,164,train,1.1,1.1573486287502566,elasticnet
0,165,train,1.2,1.177730515148824,elasticnet
0,169,train,1.4,1.3213763332496336,elasticnet
0,170,train,1.28,1.282839144054023,elasticnet
0,171,train,1.3,1.282839144054023,elasticnet
0,173,train,1.25,1.2264441931796983,elasticnet
0,174,train,0.95,0.9648042727292383,elasticnet
0,175,train,1.0,1.123808989701141,elasticnet
0,176,train,1.35,1.3200031944263206,elasticnet
0,177,train,1.25,1.1712814239965839,elasticnet
0,179,train,1.3,1.292946473957272,elasticnet
0,180,train,1.45,1.3447921987274816,elasticnet
0,181,train,1.25,1.2149408538635413,elasticnet
0,182,train,1.4,1.3883772483001884,elasticnet
0,183,train,1.45,1.3883772483001884,elasticnet
0,184,train,1.2,1.046784714418327,elasticnet
0,186,train,1.38,1.3447921987274816,elasticnet
0,188,train,1.3,1.1583263409556481,elasticnet
0,189,train,1.3,1.313068830206177,elasticnet
0,190,train,1.25,1.313068830206177,elasticnet
0,191,train,1.25,1.3417451392150963,elasticnet
0,192,train,0.95,0.9648042727292383,elasticnet
0,195,train,0.84,1.0164727779483298,elasticnet
0,196,train,1.11,1.177730515148824,elasticnet
0,197,train,1.05,1.083228497040764,elasticnet
0,198,train,1.17,1.1583263409556481,elasticnet
0,199,train,1.12,1.1230779279462628,elasticnet
0,9,test,1.35,1.537834854871283,elasticnet
0,10,test,1.4,1.537834854871283,elasticnet
0,14,test,1.25,1.2540890893793306,elasticnet
0,27,test,1.05,1.0307722852486734,elasticnet
0,28,test,1.3,1.1583263409556481,elasticnet
0,29,test,1.05,1.079212305215077,elasticnet
0,33,test,1.45,1.3883772483001884,elasticnet
0,34,test,1.15,1.0867328088573744,elasticnet
0,47,test,1.0,0.972255939189952,elasticnet
0,50,test,1.21,1.062192205688597,elasticnet
0,51,test,1.1,1.0867328088573744,elasticnet
0,60,test,1.15,1.1432131638943168,elasticnet
0,66,test,1.2,1.175269721258078,elasticnet
0,67,test,1.03,1.0135637937964883,elasticnet
0,68,test,1.38,1.34447819992453,elasticnet
0,91,test,1.32,1.3200031944263206,elasticnet
0,108,test,1.25,1.313068830206177,elasticnet
0,133,test,1.04,1.123808989701141,elasticnet
0,134,test,1.25,1.313068830206177,elasticnet
0,139,test,0.8,1.0164727779483298,elasticnet
0,140,test,0.83,1.0164727779483298,elasticnet
0,141,test,0.96,0.9842084469224142,elasticnet
0,142,test,1.18,1.1432131638943168,elasticnet
0,145,test,1.1,1.177730515148824,elasticnet
0,147,test,0.998,0.9842084469224142,elasticnet
0,150,test,1.18,1.243596148791462,elasticnet
0,151,test,1.25,1.313068830206177,elasticnet
0,154,test,1.36,1.3053730817042999,elasticnet
0,155,test,1.3,1.2180518127814945,elasticnet
0,156,test,1.35,1.226391679366928,elasticnet
0,157,test,1.3,1.2180518127814945,elasticnet
0,166,test,1.3,1.3200031944263206,elasticnet
0,167,test,1.01,1.0462161103964585,elasticnet
0,168,test,1.4,1.3408904503048509,elasticnet
0,172,test,0.94,0.9842084469224142,elasticnet
0,178,test,1.1,1.177730515148824,elasticnet
0,185,test,1.4,1.3408904503048509,elasticnet
0,187,test,1.2,1.1786963282247265,elasticnet
0,193,test,1.22,1.1405613344436731,elasticnet
0,194,test,1.32,1.1405613344436731,elasticnet
1,0,train,1.3,1.2777510711782116,elasticnet
1,1,train,1.5,1.323851701110992,elasticnet
1,2,train,1.27,1.2282447979314595,elasticnet
1,3,train,1.1,1.183650563188268,elasticnet
1,4,train,1.4,1.3766096064328455,elasticnet
1,5,train,1.24,1.2304908292885641,elasticnet
1,6,train,1.35,1.1827249682298173,elasticnet
1,7,train,1.25,1.1553342606954102,elasticnet
1,9,train,1.35,1.5162877814732645,elasticnet
1,10,train,1.4,1.5162877814732645,elasticnet
1,12,train,1.25,1.2761760912221454,elasticnet
1,13,train,0.98,1.1261766560865603,elasticnet
1,14,train,1.25,1.231255044305273,elasticnet
1,16,train,0.82,1.0249113609199356,elasticnet
1,17,train,1.35,1.318527271474761,elasticnet
1,18,train,1.4,1.3247446505654659,elasticnet
1,19,train,0.95,1.0335318877445796,elasticnet
1,20,train,1.4,1.2838087657451367,elasticnet
1,21,train,1.3,1.2838087657451367,elasticnet
1,26,train,1.5,1.3993083963904014,elasticnet
1,27,train,1.05,1.0301703834786478,elasticnet
1,28,train,1.3,1.1694618194731834,elasticnet
1,29,train,1.05,1.0871260165640018,elasticnet
1,32,train,1.35,1.3257757557418817,elasticnet
1,33,train,1.45,1.3794248547857673,elasticnet
1,34,train,1.15,1.085395777852584,elasticnet
1,35,train,1.21,1.2304908292885641,elasticnet
1,36,train,1.0,1.0232904181584823,elasticnet
1,37,train,0.84,0.984895741898212,elasticnet
1,40,train,1.15,1.2304908292885641,elasticnet
1,41,train,1.4,1.3247446505654659,elasticnet
1,42,train,1.25,1.2876020480502985,elasticnet
1,43,train,1.35,1.3257757557418817,elasticnet
1,44,train,1.1,1.0040818223531571,elasticnet
1,45,train,1.3,1.2838087657451367,elasticnet
1,46,train,1.0,0.9898505578397571,elasticnet
1,47,train,1.0,0.9898505578397571,elasticnet
1,48,train,0.92,0.9974676380888401,elasticnet
1,49,train,1.33,1.3076917114699735,elasticnet
1,50,train,1.21,1.0815824936638208,elasticnet
1,51,train,1.1,1.085395777852584,elasticnet
1,52,train,1.1,1.092371097015829,elasticnet
1,56,train,1.08,1.0335318877445796,elasticnet
1,57,train,0.99,1.0034960524901018,elasticnet
1,58,train,1.11,1.1072224698388577,elasticnet
1,59,train,1.0,1.019343144029495,elasticnet
1,60,train,1.15,1.1214112135539422,elasticnet
1,61,train,1.04,1.0249113609199356,elasticnet
1,62,train,1.1,1.1596357412443352,elasticnet
1,63,train,1.11,1.1072224698388577,elasticnet
1,64,train,1.0,1.1006483836169134,elasticnet
1,65,train,1.11,1.0983621874918597,elasticnet
1,66,train,1.2,1.1718532390334857,elasticnet
1,67,train,1.03,1.0120588672146948,elasticnet
1,68,train,1.38,1.3402320246668131,elasticnet
1,69,train,1.06,1.0249113609199356,elasticnet
1,70,train,1.34,1.3766096064328455,elasticnet
1,71,train,1.4,1.3200074374347583,elasticnet
1,72,train,1.3,1.3076917114699735,elasticnet
1,73,train,1.25,1.1694618194731834,elasticnet
1,74,train,1.18,1.1072224698388577,elasticnet
1,75,train,0.98,1.0107226172048511,elasticnet
1,76,train,1.04,1.1596357412443352,elasticnet
1,77,train,1.29,1.3402320246668131,elasticnet
1,78,train,1.41,1.2838087657451367,elasticnet
1,80,train,1.2,1.183650563188268,elasticnet
1,81,train,1.25,1.183650563188268,elasticnet
1,82,train,1.25,1.183650563188268,elasticnet
1,83,train,1.17,1.2304908292885641,elasticnet
1,84,train,1.05,1.1596357412443352,elasticnet
1,90,train,1.23,1.1214112135539422,elasticnet
1,91,train,1.32,1.3076917114699735,elasticnet
1,92,train,1.09,0.9885018565699862,elasticnet
1,94,train,0.98,1.1261766560865603,elasticnet
1,95,train,0.95,1.0469779048083072,elasticnet
1,96,train,1.2,1.2304908292885641,elasticnet
1,97,train,1.25,1.2304908292885641,elasticnet
1,98,train,1.38,1.3402320246668131,elasticnet
1,99,train,1.15,1.2304908292885641,elasticnet
1,100,train,1.15,1.2304908292885641,elasticnet
1,101,train,1.2,1.183650563188268,elasticnet
1,102,train,1.2,1.1214112135539422,elasticnet
1,103,train,1.15,1.085395777852584,elasticnet
1,104,train,1.1,1.1214112135539422,elasticnet
1,105,train,1.08,1.085395777852584,elasticnet
1,106,train,1.2,1.2261252355771364,elasticnet
1,107,train,1.17,1.1718532390334857,elasticnet
1,108,train,1.25,1.2876020480502985,elasticnet
1,109,train,1.2,1.1831595962128365,elasticnet
1,111,train,1.12,1.0714197238227856,elasticnet
1,112,train,0.85,1.0249113609199356,elasticnet
1,115,train,1.23,1.2344353989462735,elasticnet
1,116,train,1.18,1.2790209053640198,elasticnet
1,117,train,1.42,1.3766096064328455,elasticnet
1,118,train,0.98,1.1072224698388577,elasticnet
1,119,train,1.3,1.2282447979314595,elasticnet
1,120,train,1.4,1.3794248547857673,elasticnet
1,121,train,1.5,1.3247446505654659,elasticnet
1,122,train,1.1,1.1214112135539422,elasticnet
1,123,train,1.15,1.1214112135539422,elasticnet
1,124,train,1.08,1.085395777852584,elasticnet
1,126,train,1.25,1.177244820271091,elasticnet
1,127,train,1.25,1.318527271474761,elasticnet
1,128,train,1.39,1.323854896161349,elasticnet
1,129,train,1.45,1.323854896161349,elasticnet
1,130,train,1.0,1.1261766560865603,elasticnet
1,132,train,1.25,1.260051722186162,elasticnet
1,133,train,1.04,1.1072224698388577,elasticnet
1,134,train,1.25,1.2876020480502985,elasticnet
1,137,train,1.3,1.258621936876614,elasticnet
1,139,train,0.8,1.0249113609199356,elasticnet
1,140,train,0.83,1.0249113609199356,elasticnet
1,141,train,0.96,0.984895741898212,elasticnet
1,142,train,1.18,1.1214112135539422,elasticnet
1,144,train,1.1,1.0301703834786478,elasticnet
1,145,train,1.1,1.183650563188268,elasticnet
1,146,train,0.89,1.0335318877445796,elasticnet
1,147,train,0.998,0.984895741898212,elasticnet
1,148,train,0.94,1.0249113609199356,elasticnet
1,149,train,1.15,1.1072224698388577,elasticnet
1,150,train,1.18,1.2248311010436108,elasticnet
1,151,train,1.25,1.2876020480502985,elasticnet
1,152,train,1.25,1.1694618194731834,elasticnet
1,154,train,1.36,1.3034286316065515,elasticnet
1,155,train,1.3,1.223507584800752,elasticnet
1,156,train,1.35,1.2282447979314595,elasticnet
1,157,train,1.3,1.223507584800752,elasticnet
1,158,train,0.86,1.009399228704387,elasticnet
1,159,train,0.77,1.0249113609199356,elasticnet
1,160,train,1.29,1.3034286316065515,elasticnet
1,161,train,1.1,1.183650563188268,elasticnet
1,162,train,1.4,1.3034286316065515,elasticnet
1,163,train,1.08,1.1596357412443352,elasticnet
1,164,train,1.1,1.1596357412443352,elasticnet
1,165,train,1.2,1.183650563188268,elasticnet
1,166,train,1.3,1.3076917114699735,elasticnet
1,167,train,1.01,1.0335318877445796,elasticnet
1,168,train,1.4,1.323851701110992,elasticnet
1,169,train,1.4,1.323854896161349,elasticnet
1,170,train,1.28,1.2838087657451367,elasticnet
1,171,train,1.3,1.2838087657451367,elasticnet
1,172,train,0.94,0.984895741898212,elasticnet
1,176,train,1.35,1.3076917114699735,elasticnet
1,177,train,1.25,1.2027112026575426,elasticnet
1,178,train,1.1,1.183650563188268,elasticnet
1,179,train,1.3,1.2901521452519438,elasticnet
1,180,train,1.45,1.3200074374347583,elasticnet
1,184,train,1.2,1.0451591548888501,elasticnet
1,185,train,1.4,1.323851701110992,elasticnet
1,186,train,1.38,1.3200074374347583,elasticnet
1,187,train,1.2,1.1827249682298173,elasticnet
1,192,train,0.95,0.9707069981831274,elasticnet
1,193,train,1.22,1.188328097091301,elasticnet
1,194,train,1.32,1.188328097091301,elasticnet
1,195,train,0.84,1.0249113609199356,elasticnet
1,196,train,1.11,1.183650563188268,elasticnet
1,197,train,1.05,1.095901558333,elasticnet
1,198,train,1.17,1.1694618194731834,elasticnet
1,199,train,1.12,1.102569150377833,elasticnet
1,8,test,1.0,0.998768834463658,elasticnet
1,11,test,0.97,1.0249113609199356,elasticnet
1,15,test,1.012,1.0249113609199356,elasticnet
1,22,test,1.15,1.183650563188268,elasticnet
1,23,test,1.2,1.183650563188268,elasticnet
1,24,test,1.15,1.183650563188268,elasticnet
1,25,test,1.2,1.1214112135539422,elasticnet
1,30,test,1.15,1.186319081207683,elasticnet
1,31,test,1.2,1.186319081207683,elasticnet
1,38,test,1.3,1.3257757557418817,elasticnet
1,39,test,0.9,1.0249113609199356,elasticnet
1,53,test,1.1,1.085395777852584,elasticnet
1,54,test,1.15,1.085395777852584,elasticnet
1,55,test,1.29,1.2304908292885641,elasticnet
1,79,test,1.01,1.0725766988741612,elasticnet
1,85,test,1.35,1.3200074374347583,elasticnet
1,86,test,1.5,1.3200074374347583,elasticnet
1,87,test,1.4,1.3200074374347583,elasticnet
1,88,test,1.28,1.3076917114699735,elasticnet
1,89,test,1.22,1.1718532390334857,elasticnet
1,93,test,1.05,1.183650563188268,elasticnet
1,110,test,1.25,1.3076917114699735,elasticnet
1,113,test,1.1,1.183650563188268,elasticnet
1,114,test,1.14,1.1718532390334857,elasticnet
1,125,test,1.04,1.019343144029495,elasticnet
1,131,test,1.15,1.0714197238227856,elasticnet
1,135,test,1.3,1.3034286316065515,elasticnet
1,136,test,1.2,1.1694618194731834,elasticnet
1,138,test,1.2,1.1214112135539422,elasticnet
1,143,test,1.41,1.3034286316065515,elasticnet
1,153,test,1.24,1.1214112135539422,elasticnet
1,173,test,1.25,1.2304908292885641,elasticnet
1,174,test,0.95,0.9707069981831274,elasticnet
1,175,test,1.0,1.1072224698388577,elasticnet
1,181,test,1.25,1.2173082082649855,elasticnet
1,182,test,1.4,1.3794248547857673,elasticnet
1,183,test,1.45,1.3794248547857673,elasticnet
1,188,test,1.3,1.1694618194731834,elasticnet
1,189,test,1.3,1.2876020480502985,elasticnet
1,190,test,1.25,1.2876020480502985,elasticnet
1,191,test,1.25,1.3512576107123175,elasticnet
2,2,train,1.27,1.2020088468140504,elasticnet
2,6,train,1.35,1.180675834246759,elasticnet
2,7,train,1.25,1.1372386276555666,elasticnet
2,8,train,1.0,0.9967877661186595,elasticnet
2,9,train,1.35,1.4827838513322198,elasticnet
2,10,train,1.4,1.4827838513322198,elasticnet
2,11,train,0.97,1.0037729911730964,elasticnet
2,12,train,1.25,1.2630231761423798,elasticnet
2,13,train,0.98,1.1630892260828034,elasticnet
2,14,train,1.25,1.268785876327562,elasticnet
2,15,train,1.012,1.0037729911730964,elasticnet
2,16,train,0.82,1.0037729911730964,elasticnet
2,18,train,1.4,1.3402877736739265,elasticnet
2,19,train,0.95,1.0401730010202295,elasticnet
2,22,train,1.15,1.179326214667626,elasticnet
2,23,train,1.2,1.179326214667626,elasticnet
2,24,train,1.15,1.179326214667626,elasticnet
2,25,train,1.2,1.1420519180329725,elasticnet
2,26,train,1.5,1.3980788048697805,elasticnet
2,27,train,1.05,1.0346429209621157,elasticnet
2,28,train,1.3,1.1742740189036798,elasticnet
2,29,train,1.05,1.0720412518631317,elasticnet
2,30,train,1.15,1.19427477326037,elasticnet
2,31,train,1.2,1.19427477326037,elasticnet
2,32,train,1.35,1.324902791030663,elasticnet
2,33,train,1.45,1.3628664483235742,elasticnet
2,34,train,1.15,1.0849511605409674,elasticnet
2,35,train,1.21,1.2171185503630075,elasticnet
2,37,train,0.84,0.9836503862543218,elasticnet
2,38,train,1.3,1.324902791030663,elasticnet
2,39,train,0.9,1.0037729911730964,elasticnet
2,40,train,1.15,1.2171185503630075,elasticnet
2,41,train,1.4,1.3402877736739265,elasticnet
2,42,train,1.25,1.30353125193976,elasticnet
2,46,train,1.0,0.9750276732249246,elasticnet
2,47,train,1.0,0.9750276732249246,elasticnet
2,48,train,0.92,0.9763869484796839,elasticnet
2,49,train,1.33,1.2803031627105657,elasticnet
2,50,train,1.21,1.0812947690048762,elasticnet
2,51,train,1.1,1.0849511605409674,elasticnet
2,53,train,1.1,1.0849511605409674,elasticnet
2,54,train,1.15,1.0849511605409674,elasticnet
2,55,train,1.29,1.2171185503630075,elasticnet
2,57,train,0.99,1.016825583235546,elasticnet
2,58,train,1.11,1.1369997222690262,elasticnet
2,59,train,1.0,1.0351208052562835,elasticnet
2,60,train,1.15,1.1420519180329725,elasticnet
2,61,train,1.04,1.0037729911730964,elasticnet
2,62,train,1.1,1.157044779203534,elasticnet
2,63,train,1.11,1.1369997222690262,elasticnet
2,64,train,1.0,1.1018795917417994,elasticnet
2,65,train,1.11,1.1311742608787516,elasticnet
2,66,train,1.2,1.1598938291282281,elasticnet
2,67,train,1.03,1.0272788259110794,elasticnet
2,68,train,1.38,1.3621945841707992,elasticnet
2,70,train,1.34,1.3688888376420096,elasticnet
2,71,train,1.4,1.3441620957990912,elasticnet
2,73,train,1.25,1.1742740189036798,elasticnet
2,74,train,1.18,1.1369997222690262,elasticnet
2,75,train,0.98,0.9987207954091504,elasticnet
2,76,train,1.04,1.157044779203534,elasticnet
2,79,train,1.01,1.0077823484043975,elasticnet
2,80,train,1.2,1.179326214667626,elasticnet
2,81,train,1.25,1.179326214667626,elasticnet
2,82,train,1.25,1.179326214667626,elasticnet
2,83,train,1.17,1.2171185503630075,elasticnet
2,84,train,1.05,1.157044779203534,elasticnet
2,85,train,1.35,1.3441620957990912,elasticnet
2,86,train,1.5,1.3441620957990912,elasticnet
2,87,train,1.4,1.3441620957990912,elasticnet
2,88,train,1.28,1.2803031627105657,elasticnet
2,89,train,1.22,1.1598938291282281,elasticnet
2,90,train,1.23,1.1420519180329725,elasticnet
2,91,train,1.32,1.2803031627105657,elasticnet
2,93,train,1.05,1.179326214667626,elasticnet
2,94,train,0.98,1.1630892260828034,elasticnet
2,95,train,0.95,1.0415211274493918,elasticnet
2,96,train,1.2,1.2171185503630075,elasticnet
2,97,train,1.25,1.2171185503630075,elasticnet
2,99,train,1.15,1.2171185503630075,elasticnet
2,100,train,1.15,1.2171185503630075,elasticnet
2,101,train,1.2,1.179326214667626,elasticnet
2,102,train,1.2,1.1420519180329725,elasticnet
2,103,train,1.15,1.0849511605409674,elasticnet
2,104,train,1.1,1.1420519180329725,elasticnet
2,105,train,1.08,1.0849511605409674,elasticnet
2,106,train,1.2,1.2024981298010795,elasticnet
2,108,train,1.25,1.30353125193976,elasticnet
2,109,train,1.2,1.2028517729534218,elasticnet
2,110,train,1.25,1.2803031627105657,elasticnet
2,113,train,1.1,1.179326214667626,elasticnet
2,114,train,1.14,1.1598938291282281,elasticnet
2,117,train,1.42,1.3688888376420096,elasticnet
2,122,train,1.1,1.1420519180329725,elasticnet
2,123,train,1.15,1.1420519180329725,elasticnet
2,125,train,1.04,1.0351208052562835,elasticnet
2,126,train,1.25,1.2043533814819365,elasticnet
2,127,train,1.25,1.2951646734430509,elasticnet
2,128,train,1.39,1.329759825338608,elasticnet
2,129,train,1.45,1.329759825338608,elasticnet
2,131,train,1.15,1.0540281676285983,elasticnet
2,133,train,1.04,1.1369997222690262,elasticnet
2,134,train,1.25,1.30353125193976,elasticnet
2,135,train,1.3,1.3227841248362344,elasticnet
2,136,train,1.2,1.1742740189036798,elasticnet
2,138,train,1.2,1.1420519180329725,elasticnet
2,139,train,0.8,1.0037729911730964,elasticnet
2,140,train,0.83,1.0037729911730964,elasticnet
2,141,train,0.96,0.9836503862543218,elasticnet
2,142,train,1.18,1.1420519180329725,elasticnet
2,143,train,1.41,1.3227841248362344,elasticnet
2,144,train,1.1,1.0346429209621157,elasticnet
2,145,train,1.1,1.179326214667626,elasticnet
2,147,train,0.998,0.9836503862543218,elasticnet
2,148,train,0.94,1.0037729911730964,elasticnet
2,149,train,1.15,1.1369997222690262,elasticnet
2,150,train,1.18,1.2376367959966459,elasticnet
2,151,train,1.25,1.30353125193976,elasticnet
2,153,train,1.24,1.1420519180329725,elasticnet
2,154,train,1.36,1.3227841248362344,elasticnet
2,155,train,1.3,1.2058831689392153,elasticnet
2,156,train,1.35,1.2020088468140504,elasticnet
2,157,train,1.3,1.2058831689392153,elasticnet
2,158,train,0.86,0.9619423960631552,elasticnet
2,159,train,0.77,1.0037729911730964,elasticnet
2,160,train,1.29,1.3227841248362344,elasticnet
2,161,train,1.1,1.179326214667626,elasticnet
2,162,train,1.4,1.3227841248362344,elasticnet
2,163,train,1.08,1.157044779203534,elasticnet
2,164,train,1.1,1.157044779203534,elasticnet
2,165,train,1.2,1.179326214667626,elasticnet
2,166,train,1.3,1.2803031627105657,elasticnet
2,167,train,1.01,1.0401730010202295,elasticnet
2,168,train,1.4,1.2875585043137638,elasticnet
2,169,train,1.4,1.329759825338608,elasticnet
2,170,train,1.28,1.1974827801767651,elasticnet
2,171,train,1.3,1.1974827801767651,elasticnet
2,172,train,0.94,0.9836503862543218,elasticnet
2,173,train,1.25,1.2171185503630075,elasticnet
2,174,train,0.95,0.9785981904903758,elasticnet
2,175,train,1.0,1.1369997222690262,elasticnet
2,176,train,1.35,1.2803031627105657,elasticnet
2,177,train,1.25,1.2049164110948072,elasticnet
2,178,train,1.1,1.179326214667626,elasticnet
2,179,train,1.3,1.2939461690547491,elasticnet
2,180,train,1.45,1.3441620957990912,elasticnet
2,181,train,1.25,1.2018384054667048,elasticnet
2,182,train,1.4,1.3628664483235742,elasticnet
2,183,train,1.45,1.3628664483235742,elasticnet
2,185,train,1.4,1.2875585043137638,elasticnet
2,186,train,1.38,1.3441620957990912,elasticnet
2,187,train,1.2,1.180675834246759,elasticnet
2,188,train,1.3,1.1742740189036798,elasticnet
2,189,train,1.3,1.30353125193976,elasticnet
2,190,train,1.25,1.30353125193976,elasticnet
2,191,train,1.25,1.3194813597009245,elasticnet
2,193,train,1.22,1.17713759894303,elasticnet
2,194,train,1.32,1.17713759894303,elasticnet
2,195,train,0.84,1.0037729911730964,elasticnet
2,196,train,1.11,1.179326214667626,elasticnet
2,197,train,1.05,1.1124337284772199,elasticnet
2,198,train,1.17,1.1742740189036798,elasticnet
2,199,train,1.12,1.1141754285097405,elasticnet
2,0,test,1.3,1.1973315180765083,elasticnet
2,1,test,1.5,1.2875585043137638,elasticnet
2,3,test,1.1,1.179326214667626,elasticnet
2,4,test,1.4,1.3688888376420096,elasticnet
2,5,test,1.24,1.2171185503630075,elasticnet
2,17,test,1.35,1.2951646734430509,elasticnet
2,20,test,1.4,1.1974827801767651,elasticnet
2,21,test,1.3,1.1974827801767651,elasticnet
2,36,test,1.0,0.9347149528112848,elasticnet
2,43,test,1.35,1.324902791030663,elasticnet
2,44,test,1.1,0.9361359559175044,elasticnet
2,45,test,1.3,1.1974827801767651,elasticnet
2,52,test,1.1,1.070787261396162,elasticnet
2,56,test,1.08,1.0401730010202295,elasticnet
2,69,test,1.06,1.0037729911730964,elasticnet
2,72,test,1.3,1.2803031627105657,elasticnet
2,77,test,1.29,1.3621945841707992,elasticnet
2,78,test,1.41,1.1974827801767651,elasticnet
2,92,test,1.09,0.9594853272957384,elasticnet
2,98,test,1.38,1.3621945841707992,elasticnet
2,107,test,1.17,1.1598938291282281,elasticnet
2,111,test,1.12,1.0540281676285983,elasticnet
2,112,test,0.85,1.0037729911730964,elasticnet
2,115,test,1.23,1.2343068866672453,elasticnet
2,116,test,1.18,1.303109439678383,elasticnet
2,118,test,0.98,1.1369997222690262,elasticnet
2,119,test,1.3,1.2020088468140504,elasticnet
2,120,test,1.4,1.3628664483235742,elasticnet
2,121,test,1.5,1.3402877736739265,elasticnet
2,124,test,1.08,1.0849511605409674,elasticnet
2,130,test,1.0,1.1630892260828034,elasticnet
2,132,test,1.25,1.203737491890216,elasticnet
2,137,test,1.3,1.2762548289843643,elasticnet
2,146,test,0.89,1.0401730010202295,elasticnet
2,152,test,1.25,1.1742740189036798,elasticnet
2,184,test,1.2,1.0214108712585925,elasticnet
2,192,test,0.95,0.9785981904903758,elasticnet
3,0,train,1.3,1.256573102280357,elasticnet
3,1,train,1.5,1.3227560754637275,elasticnet
3,2,train,1.27,1.235542604816927,elasticnet
3,3,train,1.1,1.1802133005699602,elasticnet
3,4,train,1.4,1.3652488877030042,elasticnet
3,5,train,1.24,1.23168456350976,elasticnet
3,8,train,1.0,1.0138954756962657,elasticnet
3,9,train,1.35,1.4969614937472988,elasticnet
3,10,train,1.4,1.4969614937472988,elasticnet
3,11,train,0.97,1.0479805915701235,elasticnet
3,12,train,1.25,1.2706005397432683,elasticnet
3,13,train,0.98,1.1221551174749191,elasticnet
3,14,train,1.25,1.219624577397821,elasticnet
3,15,train,1.012,1.0479805915701235,elasticnet
3,17,train,1.35,1.314502250279379,elasticnet
3,20,train,1.4,1.274491201671022,elasticnet
3,21,train,1.3,1.274491201671022,elasticnet
3,22,train,1.15,1.1802133005699602,elasticnet
3,23,train,1.2,1.1802133005699602,elasticnet
3,24,train,1.15,1.1802133005699602,elasticnet
3,25,train,1.2,1.140123604298286,elasticnet
3,27,train,1.05,1.0523851965264435,elasticnet
3,28,train,1.3,1.1604645863313625,elasticnet
3,29,train,1.05,1.0714376681521611,elasticnet
3,30,train,1.15,1.1590454853907324,elasticnet
3,31,train,1.2,1.1590454853907324,elasticnet
3,32,train,1.35,1.3149449631514536,elasticnet
3,33,train,1.45,1.37364240513549,elasticnet
3,34,train,1.15,1.0873940087013694,elasticnet
3,36,train,1.0,1.0350525980839864,elasticnet
3,38,train,1.3,1.3149449631514536,elasticnet
3,39,train,0.9,1.0479805915701235,elasticnet
3,41,train,1.4,1.3276856175450895,elasticnet
3,42,train,1.25,1.2948773070635655,elasticnet
3,43,train,1.35,1.3149449631514536,elasticnet
3,44,train,1.1,1.0330608797449097,elasticnet
3,45,train,1.3,1.274491201671022,elasticnet
3,46,train,1.0,1.0028613643295587,elasticnet
3,47,train,1.0,1.0028613643295587,elasticnet
3,48,train,0.92,1.0151778468164012,elasticnet
3,50,train,1.21,1.0755515285926314,elasticnet
3,51,train,1.1,1.0873940087013694,elasticnet
3,52,train,1.1,1.09346691750674,elasticnet
3,53,train,1.1,1.0873940087013694,elasticnet
3,54,train,1.15,1.0873940087013694,elasticnet
3,55,train,1.29,1.23168456350976,elasticnet
3,56,train,1.08,1.0496853788372917,elasticnet
3,57,train,0.99,1.0221423250220025,elasticnet
3,58,train,1.11,1.1203748900596884,elasticnet
3,60,train,1.15,1.140123604298286,elasticnet
3,61,train,1.04,1.0479805915701235,elasticnet
3,62,train,1.1,1.1649395949280505,elasticnet
3,63,train,1.11,1.1203748900596884,elasticnet
3,64,train,1.0,1.1018986398336637,elasticnet
3,65,train,1.11,1.0801951363711981,elasticnet
3,66,train,1.2,1.183477802451832,elasticnet
3,67,train,1.03,1.0121011684578574,elasticnet
3,68,train,1.38,1.3145663605937052,elasticnet
3,69,train,1.06,1.0479805915701235,elasticnet
3,71,train,1.4,1.3181118560656577,elasticnet
3,72,train,1.3,1.3017968545103138,elasticnet
3,75,train,0.98,1.0282318773315258,elasticnet
3,76,train,1.04,1.1649395949280505,elasticnet
3,77,train,1.29,1.3145663605937052,elasticnet
3,78,train,1.41,1.274491201671022,elasticnet
3,79,train,1.01,1.0606439869650859,elasticnet
3,80,train,1.2,1.1802133005699602,elasticnet
3,81,train,1.25,1.1802133005699602,elasticnet
3,82,train,1.25,1.1802133005699602,elasticnet
3,84,train,1.05,1.1649395949280505,elasticnet
3,85,train,1.35,1.3181118560656577,elasticnet
3,86,train,1.5,1.3181118560656577,elasticnet
3,87,train,1.4,1.3181118560656577,elasticnet
3,88,train,1.28,1.3017968545103138,elasticnet
3,89,train,1.22,1.183477802451832,elasticnet
3,91,train,1.32,1.3017968545103138,elasticnet
3,92,train,1.09,1.0114600653145966,elasticnet
3,93,train,1.05,1.1802133005699602,elasticnet
3,95,train,0.95,1.054890042172758,elasticnet
3,96,train,1.2,1.23168456350976,elasticnet
3,97,train,1.25,1.23168456350976,elasticnet
3,98,train,1.38,1.3145663605937052,elasticnet
3,102,train,1.2,1.140123604298286,elasticnet
3,103,train,1.15,1.0873940087013694,elasticnet
3,104,train,1.1,1.140123604298286,elasticnet
3,105,train,1.08,1.0873940087013694,elasticnet
3,106,train,1.2,1.2104230647572156,elasticnet
3,107,train,1.17,1.183477802451832,elasticnet
3,108,train,1.25,1.2948773070635655,elasticnet
3,109,train,1.2,1.1796923328730613,elasticnet
3,110,train,1.25,1.3017968545103138,elasticnet
3,111,train,1.12,1.088829454492096,elasticnet
3,112,train,0.85,1.0479805915701235,elasticnet
3,113,train,1.1,1.1802133005699602,elasticnet
3,114,train,1.14,1.183477802451832,elasticnet
3,115,train,1.23,1.2334518397598866,elasticnet
3,116,train,1.18,1.2829430574902425,elasticnet
3,117,train,1.42,1.3652488877030042,elasticnet
3,118,train,0.98,1.1203748900596884,elasticnet
3,119,train,1.3,1.235542604816927,elasticnet
3,120,train,1.4,1.37364240513549,elasticnet
3,121,train,1.5,1.3276856175450895,elasticnet
3,124,train,1.08,1.0873940087013694,elasticnet
3,125,train,1.04,1.029936664598694,elasticnet
3,130,train,1.0,1.1221551174749191,elasticnet
3,131,train,1.15,1.088829454492096,elasticnet
3,132,train,1.25,1.2529648454973716,elasticnet
3,133,train,1.04,1.1203748900596884,elasticnet
3,134,train,1.25,1.2948773070635655,elasticnet
3,135,train,1.3,1.3145489964342496,elasticnet
3,136,train,1.2,1.1604645863313625,elasticnet
3,137,train,1.3,1.2503312154776072,elasticnet
3,138,train,1.2,1.140123604298286,elasticnet
3,139,train,0.8,1.0479805915701235,elasticnet
3,140,train,0.83,1.0479805915701235,elasticnet
3,141,train,0.96,1.012523283340814,elasticnet
3,142,train,1.18,1.140123604298286,elasticnet
3,143,train,1.41,1.3145489964342496,elasticnet
3,144,train,1.1,1.0523851965264435,elasticnet
3,145,train,1.1,1.1802133005699602,elasticnet
3,146,train,0.89,1.0496853788372917,elasticnet
3,147,train,0.998,1.012523283340814,elasticnet
3,149,train,1.15,1.1203748900596884,elasticnet
3,150,train,1.18,1.2324559805903483,elasticnet
3,151,train,1.25,1.2948773070635655,elasticnet
3,152,train,1.25,1.1604645863313625,elasticnet
3,153,train,1.24,1.140123604298286,elasticnet
3,154,train,1.36,1.3145489964342496,elasticnet
3,155,train,1.3,1.2259688433374953,elasticnet
3,156,train,1.35,1.235542604816927,elasticnet
3,157,train,1.3,1.2259688433374953,elasticnet
3,161,train,1.1,1.1802133005699602,elasticnet
3,163,train,1.08,1.1649395949280505,elasticnet
3,164,train,1.1,1.1649395949280505,elasticnet
3,165,train,1.2,1.1802133005699602,elasticnet
3,166,train,1.3,1.3017968545103138,elasticnet
3,167,train,1.01,1.0496853788372917,elasticnet
3,168,train,1.4,1.3227560754637275,elasticnet
3,169,train,1.4,1.314745791317546,elasticnet
3,170,train,1.28,1.274491201671022,elasticnet
3,171,train,1.3,1.274491201671022,elasticnet
3,172,train,0.94,1.012523283340814,elasticnet
3,173,train,1.25,1.23168456350976,elasticnet
3,174,train,0.95,0.9927745691022163,elasticnet
3,175,train,1.0,1.1203748900596884,elasticnet
3,178,train,1.1,1.1802133005699602,elasticnet
3,181,train,1.25,1.2312382753995137,elasticnet
3,182,train,1.4,1.37364240513549,elasticnet
3,183,train,1.45,1.37364240513549,elasticnet
3,184,train,1.2,1.0846326179461478,elasticnet
3,185,train,1.4,1.3227560754637275,elasticnet
3,187,train,1.2,1.1683660834173386,elasticnet
3,188,train,1.3,1.1604645863313625,elasticnet
3,189,train,1.3,1.2948773070635655,elasticnet
3,190,train,1.25,1.2948773070635655,elasticnet
3,191,train,1.25,1.3433309284990622,elasticnet
3,192,train,0.95,0.9927745691022163,elasticnet
3,193,train,1.22,1.1872365353132859,elasticnet
3,194,train,1.32,1.1872365353132859,elasticnet
3,195,train,0.84,1.0479805915701235,elasticnet
3,197,train,1.05,1.0742955135257457,elasticnet
3,198,train,1.17,1.1604645863313625,elasticnet
3,199,train,1.12,1.1336388789356178,elasticnet
3,6,test,1.35,1.1683660834173386,elasticnet
3,7,test,1.25,1.1337531781750307,elasticnet
3,16,test,0.82,1.0479805915701235,elasticnet
3,18,test,1.4,1.3276856175450895,elasticnet
3,19,test,0.95,1.0496853788372917,elasticnet
3,26,test,1.5,1.2992973994112198,elasticnet
3,35,test,1.21,1.23168456350976,elasticnet
3,37,test,0.84,1.012523283340814,elasticnet
3,40,test,1.15,1.23168456350976,elasticnet
3,49,test,1.33,1.3017968545103138,elasticnet
3,59,test,1.0,1.029936664598694,elasticnet
3,70,test,1.34,1.3652488877030042,elasticnet
3,73,test,1.25,1.1604645863313625,elasticnet
3,74,test,1.18,1.1203748900596884,elasticnet
3,83,test,1.17,1.23168456350976,elasticnet
3,90,test,1.23,1.140123604298286,elasticnet
3,94,test,0.98,1.1221551174749191,elasticnet
3,99,test,1.15,1.23168456350976,elasticnet
3,100,test,1.15,1.23168456350976,elasticnet
3,101,test,1.2,1.1802133005699602,elasticnet
3,122,test,1.1,1.140123604298286,elasticnet
3,123,test,1.15,1.140123604298286,elasticnet
3,126,test,1.25,1.1338813988036829,elasticnet
3,127,test,1.25,1.314502250279379,elasticnet
3,128,test,1.39,1.314745791317546,elasticnet
3,129,test,1.45,1.314745791317546,elasticnet
3,148,test,0.94,1.0479805915701235,elasticnet
3,158,test,0.86,1.039333858359848,elasticnet
3,159,test,0.77,1.0479805915701235,elasticnet
3,160,test,1.29,1.3145489964342496,elasticnet
3,162,test,1.4,1.3145489964342496,elasticnet
3,176,test,1.35,1.3017968545103138,elasticnet
3,177,test,1.25,1.189321097482285,elasticnet
3,179,test,1.3,1.2691650939525416,elasticnet
3,180,test,1.45,1.3181118560656577,elasticnet
3,186,test,1.38,1.3181118560656577,elasticnet
3,196,test,1.11,1.1802133005699602,elasticnet
4,0,train,1.3,1.2624488063437658,elasticnet
4,1,train,1.5,1.3168157983972268,elasticnet
4,3,train,1.1,1.1817513836181244,elasticnet
4,4,train,1.4,1.3913151297534867,elasticnet
4,5,train,1.24,1.2339080695842477,elasticnet
4,6,train,1.35,1.1791381626514899,elasticnet
4,7,train,1.25,1.1751701508353378,elasticnet
4,8,train,1.0,1.028031095616062,elasticnet
4,9,train,1.35,1.510238654997409,elasticnet
4,10,train,1.4,1.510238654997409,elasticnet
4,11,train,0.97,1.0219482396897797,elasticnet
4,14,train,1.25,1.2384930743948335,elasticnet
4,15,train,1.012,1.0219482396897797,elasticnet
4,16,train,0.82,1.0219482396897797,elasticnet
4,17,train,1.35,1.3015700515054967,elasticnet
4,18,train,1.4,1.3298549108565418,elasticnet
4,19,train,0.95,1.0400617296842949,elasticnet
4,20,train,1.4,1.272877554853305,elasticnet
4,21,train,1.3,1.272877554853305,elasticnet
4,22,train,1.15,1.1817513836181244,elasticnet
4,23,train,1.2,1.1817513836181244,elasticnet
4,24,train,1.15,1.1817513836181244,elasticnet
4,25,train,1.2,1.131947886443368,elasticnet
4,26,train,1.5,1.4005494185750804,elasticnet
4,27,train,1.05,1.0215019409319215,elasticnet
4,28,train,1.3,1.175625337051471,elasticnet
4,29,train,1.05,1.0735644459156952,elasticnet
4,30,train,1.15,1.218303819747905,elasticnet
4,31,train,1.2,1.218303819747905,elasticnet
4,33,train,1.45,1.3930254264663064,elasticnet
4,34,train,1.15,1.0994044680495012,elasticnet
4,35,train,1.21,1.2339080695842477,elasticnet
4,36,train,1.0,1.0308741084161208,elasticnet
4,37,train,0.84,0.9816283277063153,elasticnet
4,38,train,1.3,1.3131621825804907,elasticnet
4,39,train,0.9,1.0219482396897797,elasticnet
4,40,train,1.15,1.2339080695842477,elasticnet
4,43,train,1.35,1.3131621825804907,elasticnet
4,44,train,1.1,1.0163904481185675,elasticnet
4,45,train,1.3,1.272877554853305,elasticnet
4,47,train,1.0,1.0054679424487232,elasticnet
4,49,train,1.33,1.3100131979037026,elasticnet
4,50,train,1.21,1.0837391802923981,elasticnet
4,51,train,1.1,1.0994044680495012,elasticnet
4,52,train,1.1,1.0830282943978937,elasticnet
4,53,train,1.1,1.0994044680495012,elasticnet
4,54,train,1.15,1.0994044680495012,elasticnet
4,55,train,1.29,1.2339080695842477,elasticnet
4,56,train,1.08,1.0400617296842949,elasticnet
4,59,train,1.0,1.0339356831176418,elasticnet
4,60,train,1.15,1.131947886443368,elasticnet
4,66,train,1.2,1.1936638111103595,elasticnet
4,67,train,1.03,1.0377708037294566,elasticnet
4,68,train,1.38,1.3292131994212357,elasticnet
4,69,train,1.06,1.0219482396897797,elasticnet
4,70,train,1.34,1.3913151297534867,elasticnet
4,72,train,1.3,1.3100131979037026,elasticnet
4,73,train,1.25,1.175625337051471,elasticnet
4,74,train,1.18,1.1258218398767148,elasticnet
4,77,train,1.29,1.3292131994212357,elasticnet
4,78,train,1.41,1.272877554853305,elasticnet
4,79,train,1.01,1.1093109455632433,elasticnet
4,83,train,1.17,1.2339080695842477,elasticnet
4,85,train,1.35,1.3274849740650227,elasticnet
4,86,train,1.5,1.3274849740650227,elasticnet
4,87,train,1.4,1.3274849740650227,elasticnet
4,88,train,1.28,1.3100131979037026,elasticnet
4,89,train,1.22,1.1936638111103595,elasticnet
4,90,train,1.23,1.131947886443368,elasticnet
4,91,train,1.32,1.3100131979037026,elasticnet
4,92,train,1.09,1.008237204084181,elasticnet
4,93,train,1.05,1.1817513836181244,elasticnet
4,94,train,0.98,1.1449943890314669,elasticnet
4,98,train,1.38,1.3292131994212357,elasticnet
4,99,train,1.15,1.2339080695842477,elasticnet
4,100,train,1.15,1.2339080695842477,elasticnet
4,101,train,1.2,1.1817513836181244,elasticnet
4,107,train,1.17,1.1936638111103595,elasticnet
4,108,train,1.25,1.2969521982765093,elasticnet
4,110,train,1.25,1.3100131979037026,elasticnet
4,111,train,1.12,1.088964592628871,elasticnet
4,112,train,0.85,1.0219482396897797,elasticnet
4,113,train,1.1,1.1817513836181244,elasticnet
4,114,train,1.14,1.1936638111103595,elasticnet
4,115,train,1.23,1.2353734829585192,elasticnet
4,116,train,1.18,1.2932629813275913,elasticnet
4,118,train,0.98,1.1258218398767148,elasticnet
4,119,train,1.3,1.2198552641029534,elasticnet
4,120,train,1.4,1.3930254264663064,elasticnet
4,121,train,1.5,1.3298549108565418,elasticnet
4,122,train,1.1,1.131947886443368,elasticnet
4,123,train,1.15,1.131947886443368,elasticnet
4,124,train,1.08,1.0994044680495012,elasticnet
4,125,train,1.04,1.0339356831176418,elasticnet
4,126,train,1.25,1.2030233489432476,elasticnet
4,127,train,1.25,1.3015700515054967,elasticnet
4,128,train,1.39,1.31632273842528,elasticnet
4,129,train,1.45,1.31632273842528,elasticnet
4,130,train,1.0,1.1449943890314669,elasticnet
4,131,train,1.15,1.088964592628871,elasticnet
4,132,train,1.25,1.2443844898170815,elasticnet
4,133,train,1.04,1.1258218398767148,elasticnet
4,134,train,1.25,1.2969521982765093,elasticnet
4,135,train,1.3,1.3244893872490677,elasticnet
4,136,train,1.2,1.175625337051471,elasticnet
4,137,train,1.3,1.2809817734818063,elasticnet
4,138,train,1.2,1.131947886443368,elasticnet
4,139,train,0.8,1.0219482396897797,elasticnet
4,140,train,0.83,1.0219482396897797,elasticnet
4,141,train,0.96,0.9816283277063153,elasticnet
4,142,train,1.18,1.131947886443368,elasticnet
4,143,train,1.41,1.3244893872490677,elasticnet
4,145,train,1.1,1.1817513836181244,elasticnet
4,146,train,0.89,1.0400617296842949,elasticnet
4,147,train,0.998,0.9816283277063153,elasticnet
4,148,train,0.94,1.0219482396897797,elasticnet
4,150,train,1.18,1.2306921649622673,elasticnet
4,151,train,1.25,1.2969521982765093,elasticnet
4,152,train,1.25,1.175625337051471,elasticnet
4,153,train,1.24,1.131947886443368,elasticnet
4,154,train,1.36,1.3244893872490677,elasticnet
4,155,train,1.3,1.2174853273114343,elasticnet
4,156,train,1.35,1.2198552641029534,elasticnet
4,157,train,1.3,1.2174853273114343,elasticnet
4,158,train,0.86,0.9901627187849111,elasticnet
4,159,train,0.77,1.0219482396897797,elasticnet
4,160,train,1.29,1.3244893872490677,elasticnet
4,162,train,1.4,1.3244893872490677,elasticnet
4,166,train,1.3,1.3100131979037026,elasticnet
4,167,train,1.01,1.0400617296842949,elasticnet
4,168,train,1.4,1.3168157983972268,elasticnet
4,172,train,0.94,0.9816283277063153,elasticnet
4,173,train,1.25,1.2339080695842477,elasticnet
4,174,train,0.95,0.9755022811396621,elasticnet
4,175,train,1.0,1.1258218398767148,elasticnet
4,176,train,1.35,1.3100131979037026,elasticnet
4,177,train,1.25,1.2165145999467863,elasticnet
4,178,train,1.1,1.1817513836181244,elasticnet
4,179,train,1.3,1.2970557866926282,elasticnet
4,180,train,1.45,1.3274849740650227,elasticnet
4,181,train,1.25,1.2136989426593294,elasticnet
4,182,train,1.4,1.3930254264663064,elasticnet
4,183,train,1.45,1.3930254264663064,elasticnet
4,184,train,1.2,1.0606554326446829,elasticnet
4,185,train,1.4,1.3168157983972268,elasticnet
4,186,train,1.38,1.3274849740650227,elasticnet
4,187,train,1.2,1.1791381626514899,elasticnet
4,188,train,1.3,1.175625337051471,elasticnet
4,189,train,1.3,1.2969521982765093,elasticnet
4,190,train,1.25,1.2969521982765093,elasticnet
4,191,train,1.25,1.3427531643600188,elasticnet
4,192,train,0.95,0.9755022811396621,elasticnet
4,193,train,1.22,1.1977285178646264,elasticnet
4,194,train,1.32,1.1977285178646264,elasticnet
4,196,train,1.11,1.1817513836181244,elasticnet
4,2,test,1.27,1.2198552641029534,elasticnet
4,12,test,1.25,1.286615911271998,elasticnet
4,13,test,0.98,1.1449943890314669,elasticnet
4,32,test,1.35,1.3131621825804907,elasticnet
4,41,test,1.4,1.3298549108565418,elasticnet
4,42,test,1.25,1.2969521982765093,elasticnet
4,46,test,1.0,1.0054679424487232,elasticnet
4,48,test,0.92,1.0360968460598428,elasticnet
4,57,test,0.99,1.0094218644522706,elasticnet
4,58,test,1.11,1.1258218398767148,elasticnet
4,61,test,1.04,1.0219482396897797,elasticnet
4,62,test,1.1,1.1882143184705776,elasticnet
4,63,test,1.11,1.1258218398767148,elasticnet
4,64,test,1.0,1.2686049331620084,elasticnet
4,65,test,1.11,0.9780191738702351,elasticnet
4,71,test,1.4,1.3274849740650227,elasticnet
4,75,test,0.98,1.0158221931231266,elasticnet
4,76,test,1.04,1.1882143184705776,elasticnet
4,80,test,1.2,1.1817513836181244,elasticnet
4,81,test,1.25,1.1817513836181244,elasticnet
4,82,test,1.25,1.1817513836181244,elasticnet
4,84,test,1.05,1.1882143184705776,elasticnet
4,95,test,0.95,1.0486639846010675,elasticnet
4,96,test,1.2,1.2339080695842477,elasticnet
4,97,test,1.25,1.2339080695842477,elasticnet
4,102,test,1.2,1.131947886443368,elasticnet
4,103,test,1.15,1.0994044680495012,elasticnet
4,104,test,1.1,1.131947886443368,elasticnet
4,105,test,1.08,1.0994044680495012,elasticnet
4,106,test,1.2,1.2447453703174782,elasticnet
4,109,test,1.2,1.196062360758075,elasticnet
4,117,test,1.42,1.3913151297534867,elasticnet
4,144,test,1.1,1.0215019409319215,elasticnet
4,149,test,1.15,1.1258218398767148,elasticnet
4,161,test,1.1,1.1817513836181244,elasticnet
4,163,test,1.08,1.1882143184705776,elasticnet
4,164,test,1.1,1.1882143184705776,elasticnet
4,165,test,1.2,1.1817513836181244,elasticnet
4,169,test,1.4,1.31632273842528,elasticnet
4,170,test,1.28,1.272877554853305,elasticnet
4,171,test,1.3,1.272877554853305,elasticnet
4,195,test,0.84,1.0219482396897797,elasticnet
4,197,test,1.05,1.0945291393666463,elasticnet
4,198,test,1.17,1.175625337051471,elasticnet
4,199,test,1.12,1.090128171670747,elasticnet
0,0,train,1.3,1.3024974131750662,extratrees
0,1,train,1.5,1.4856707851734325,extratrees
0,2,train,1.27,1.2774569444444426,extratrees
0,3,train,1.1,1.1586105718355797,extratrees
0,4,train,1.4,1.3875150462962902,extratrees
0,5,train,1.24,1.2052283854180446,extratrees
0,6,train,1.35,1.3195916666666696,extratrees
0,7,train,1.25,1.2418578431372544,extratrees
0,8,train,1.0,1.0300446825396814,extratrees
0,11,train,0.97,0.920214988344986,extratrees
0,12,train,1.25,1.2667208333333297,extratrees
0,13,train,0.98,1.0094583333333282,extratrees
0,15,train,1.012,0.920214988344986,extratrees
0,16,train,0.82,0.920214988344986,extratrees
0,17,train,1.35,1.3026106608206671,extratrees
0,18,train,1.4,1.432779861111114,extratrees
0,19,train,0.95,0.9739863492063489,extratrees
0,20,train,1.4,1.3319189968691412,extratrees
0,21,train,1.3,1.3319189968691412,extratrees
0,22,train,1.15,1.1586105718355797,extratrees
0,23,train,1.2,1.1586105718355797,extratrees
0,24,train,1.15,1.1586105718355797,extratrees
0,25,train,1.2,1.1772090089861877,extratrees
0,26,train,1.5,1.4964866666666667,extratrees
0,30,train,1.15,1.1897934708881317,extratrees
0,31,train,1.2,1.1897934708881317,extratrees
0,32,train,1.35,1.33321383638148,extratrees
0,35,train,1.21,1.2052283854180446,extratrees
0,36,train,1.0,1.0024694444444437,extratrees
0,37,train,0.84,0.8518444444444409,extratrees
0,38,train,1.3,1.33321383638148,extratrees
0,39,train,0.9,0.920214988344986,extratrees
0,40,train,1.15,1.2052283854180446,extratrees
0,41,train,1.4,1.432779861111114,extratrees
0,42,train,1.25,1.2612055555555548,extratrees
0,43,train,1.35,1.33321383638148,extratrees
0,44,train,1.1,1.0818805555555573,extratrees
0,45,train,1.3,1.3319189968691412,extratrees
0,46,train,1.0,0.9946652380952369,extratrees
0,48,train,0.92,0.9422627661227638,extratrees
0,49,train,1.33,1.3026913359788417,extratrees
0,52,train,1.1,1.0384555555555492,extratrees
0,53,train,1.1,1.1120219047619075,extratrees
0,54,train,1.15,1.1120219047619075,extratrees
0,55,train,1.29,1.2052283854180446,extratrees
0,56,train,1.08,0.9739863492063489,extratrees
0,57,train,0.99,0.983253571428571,extratrees
0,58,train,1.11,1.0883232086753805,extratrees
0,59,train,1.0,1.0169805555555544,extratrees
0,61,train,1.04,0.920214988344986,extratrees
0,62,train,1.1,1.0744198753420557,extratrees
0,63,train,1.11,1.0883232086753805,extratrees
0,64,train,1.0,1.0111249999999996,extratrees
0,65,train,1.11,1.1135425213675267,extratrees
0,69,train,1.06,0.920214988344986,extratrees
0,70,train,1.34,1.3875150462962902,extratrees
0,71,train,1.4,1.413203935185191,extratrees
0,72,train,1.3,1.3026913359788417,extratrees
0,73,train,1.25,1.23447801480826,extratrees
0,74,train,1.18,1.0883232086753805,extratrees
0,75,train,0.98,0.9731299999999986,extratrees
0,76,train,1.04,1.0744198753420557,extratrees
0,77,train,1.29,1.334011522306665,extratrees
0,78,train,1.41,1.3319189968691412,extratrees
0,79,train,1.01,1.0002230158730137,extratrees
0,80,train,1.2,1.1586105718355797,extratrees
0,81,train,1.25,1.1586105718355797,extratrees
0,82,train,1.25,1.1586105718355797,extratrees
0,83,train,1.17,1.2052283854180446,extratrees
0,84,train,1.05,1.0744198753420557,extratrees
0,85,train,1.35,1.413203935185191,extratrees
0,86,train,1.5,1.413203935185191,extratrees
0,87,train,1.4,1.413203935185191,extratrees
0,88,train,1.28,1.3026913359788417,extratrees
0,89,train,1.22,1.1764367867639662,extratrees
0,90,train,1.23,1.1772090089861877,extratrees
0,92,train,1.09,1.0652194444444434,extratrees
0,93,train,1.05,1.1586105718355797,extratrees
0,94,train,0.98,1.0094583333333282,extratrees
0,95,train,0.95,0.9603161111111075,extratrees
0,96,train,1.2,1.2052283854180446,extratrees
0,97,train,1.25,1.2052283854180446,extratrees
0,98,train,1.38,1.334011522306665,extratrees
0,99,train,1.15,1.2052283854180446,extratrees
0,100,train,1.15,1.2052283854180446,extratrees
0,101,train,1.2,1.1586105718355797,extratrees
0,102,train,1.2,1.1772090089861877,extratrees
0,103,train,1.15,1.1120219047619075,extratrees
0,104,train,1.1,1.1772090089861877,extratrees
0,105,train,1.08,1.1120219047619075,extratrees
0,106,train,1.2,1.2299893733516796,extratrees
0,107,train,1.17,1.1764367867639662,extratrees
0,109,train,1.2,1.213976361655771,extratrees
0,110,train,1.25,1.3026913359788417,extratrees
0,111,train,1.12,1.1350841269841223,extratrees
0,112,train,0.85,0.920214988344986,extratrees
0,113,train,1.1,1.1586105718355797,extratrees
0,114,train,1.14,1.1764367867639662,extratrees
0,115,train,1.23,1.2409444444444475,extratrees
0,116,train,1.18,1.1935722222222267,extratrees
0,117,train,1.42,1.3875150462962902,extratrees
0,118,train,0.98,1.0883232086753805,extratrees
0,119,train,1.3,1.2774569444444426,extratrees
0,120,train,1.4,1.416968750000005,extratrees
0,121,train,1.5,1.432779861111114,extratrees
0,122,train,1.1,1.1772090089861877,extratrees
0,123,train,1.15,1.1772090089861877,extratrees
0,124,train,1.08,1.1120219047619075,extratrees
0,125,train,1.04,1.0169805555555544,extratrees
0,126,train,1.25,1.2550431623931633,extratrees
0,127,train,1.25,1.3026106608206671,extratrees
0,128,train,1.39,1.4141315384615445,extratrees
0,129,train,1.45,1.4141315384615445,extratrees
0,130,train,1.0,1.0094583333333282,extratrees
0,131,train,1.15,1.1350841269841223,extratrees
0,132,train,1.25,1.2535072222222228,extratrees
0,135,train,1.3,1.3497878137929662,extratrees
0,136,train,1.2,1.23447801480826,extratrees
0,137,train,1.3,1.2605688935999528,extratrees
0,138,train,1.2,1.1772090089861877,extratrees
0,143,train,1.41,1.3497878137929662,extratrees
0,144,train,1.1,1.1043047008547016,extratrees
0,146,train,0.89,0.9739863492063489,extratrees
0,148,train,0.94,0.920214988344986,extratrees
0,149,train,1.15,1.0883232086753805,extratrees
0,152,train,1.25,1.23447801480826,extratrees
0,153,train,1.24,1.1772090089861877,extratrees
0,158,train,0.86,0.8517555555555522,extratrees
0,159,train,0.77,0.920214988344986,extratrees
0,160,train,1.29,1.3497878137929662,extratrees
0,161,train,1.1,1.1586105718355797,extratrees
0,162,train,1.4,1.3497878137929662,extratrees
0,163,train,1.08,1.0744198753420557,extratrees
0,164,train,1.1,1.0744198753420557,extratrees
0,165,train,1.2,1.1586105718355797,extratrees
0,169,train,1.4,1.4141315384615445,extratrees
0,170,train,1.28,1.3319189968691412,extratrees
0,171,train,1.3,1.3319189968691412,extratrees
0,173,train,1.25,1.2052283854180446,extratrees
0,174,train,0.95,0.9573381196581173,extratrees
0,175,train,1.0,1.0883232086753805,extratrees
0,176,train,1.35,1.3026913359788417,extratrees
0,177,train,1.25,1.2448386632430752,extratrees
0,179,train,1.3,1.2873652777777753,extratrees
0,180,train,1.45,1.413203935185191,extratrees
0,181,train,1.25,1.2452944444444474,extratrees
0,182,train,1.4,1.416968750000005,extratrees
0,183,train,1.45,1.416968750000005,extratrees
0,184,train,1.2,1.191768589743584,extratrees
0,186,train,1.38,1.413203935185191,extratrees
0,188,train,1.3,1.23447801480826,extratrees
0,189,train,1.3,1.2612055555555548,extratrees
0,190,train,1.25,1.2612055555555548,extratrees
0,191,train,1.25,1.2455388888888916,extratrees
0,192,train,0.95,0.9573381196581173,extratrees
0,195,train,0.84,0.920214988344986,extratrees
0,196,train,1.11,1.1586105718355797,extratrees
0,197,train,1.05,1.0512472222222236,extratrees
0,198,train,1.17,1.23447801480826,extratrees
0,199,train,1.12,1.1154614482136262,extratrees
0,9,test,1.35,1.3814570370370391,extratrees
0,10,test,1.4,1.3814570370370391,extratrees
0,14,test,1.25,1.221719444444448,extratrees
0,27,test,1.05,1.1043047008547018,extratrees
0,28,test,1.3,1.23447801480826,extratrees
0,29,test,1.05,1.0610967777777773,extratrees
0,33,test,1.45,1.416968750000005,extratrees
0,34,test,1.15,1.1120219047619075,extratrees
0,47,test,1.0,0.994665238095237,extratrees
0,50,test,1.21,1.06501388888889,extratrees
0,51,test,1.1,1.1120219047619075,extratrees
0,60,test,1.15,1.1772090089861877,extratrees
0,66,test,1.2,1.1764367867639662,extratrees
0,67,test,1.03,1.046825793650793,extratrees
0,68,test,1.38,1.334011522306665,extratrees
0,91,test,1.32,1.3026913359788417,extratrees
0,108,test,1.25,1.2612055555555548,extratrees
0,133,test,1.04,1.0883232086753802,extratrees
0,134,test,1.25,1.2612055555555548,extratrees
0,139,test,0.8,0.920214988344986,extratrees
0,140,test,0.83,0.920214988344986,extratrees
0,141,test,0.96,0.8518444444444409,extratrees
0,142,test,1.18,1.1772090089861877,extratrees
0,145,test,1.1,1.1586105718355797,extratrees
0,147,test,0.998,0.8518444444444409,extratrees
0,150,test,1.18,1.244755555555559,extratrees
0,151,test,1.25,1.2612055555555548,extratrees
0,154,test,1.36,1.349787813792966,extratrees
0,155,test,1.3,1.2764374999999983,extratrees
0,156,test,1.35,1.2774569444444426,extratrees
0,157,test,1.3,1.2764374999999983,extratrees
0,166,test,1.3,1.3026913359788417,extratrees
0,167,test,1.01,0.9739863492063483,extratrees
0,168,test,1.4,1.4856707851734325,extratrees
0,172,test,0.94,0.8518444444444409,extratrees
0,178,test,1.1,1.1586105718355797,extratrees
0,185,test,1.4,1.4856707851734325,extratrees
0,187,test,1.2,1.3195916666666696,extratrees
0,193,test,1.22,1.2423738219732348,extratrees
0,194,test,1.32,1.2423738219732348,extratrees
1,0,train,1.3,1.3006675503795764,extratrees
1,1,train,1.5,1.4281242065903228,extratrees
1,2,train,1.27,1.3062510714285758,extratrees
1,3,train,1.1,1.161106445330499,extratrees
1,4,train,1.4,1.387449610259618,extratrees
1,5,train,1.24,1.1897495084175065,extratrees
1,6,train,1.35,1.2730440476190426,extratrees
1,7,train,1.25,1.249772380952381,extratrees
1,9,train,1.35,1.3760202451802588,extratrees
1,10,train,1.4,1.3760202451802588,extratrees
1,12,train,1.25,1.250172500000001,extratrees
1,13,train,0.98,1.008997222222218,extratrees
1,14,train,1.25,1.2268887301587277,extratrees
1,16,train,0.82,0.8833333333333309,extratrees
1,17,train,1.35,1.3025268137973198,extratrees
1,18,train,1.4,1.4317648365611026,extratrees
1,19,train,0.95,0.9826329629629602,extratrees
1,20,train,1.4,1.3320783308028492,extratrees
1,21,train,1.3,1.3320783308028492,extratrees
1,26,train,1.5,1.496261111111111,extratrees
1,27,train,1.05,1.0851111111111074,extratrees
1,28,train,1.3,1.2430207756132807,extratrees
1,29,train,1.05,1.051044444444448,extratrees
1,32,train,1.35,1.3504884291148755,extratrees
1,33,train,1.45,1.4248578555669544,extratrees
1,34,train,1.15,1.1120000000000028,extratrees
1,35,train,1.21,1.1897495084175065,extratrees
1,36,train,1.0,0.9976444444444443,extratrees
1,37,train,0.84,0.9345000000000077,extratrees
1,40,train,1.15,1.1897495084175065,extratrees
1,41,train,1.4,1.4317648365611026,extratrees
1,42,train,1.25,1.249889021164021,extratrees
1,43,train,1.35,1.3504884291148755,extratrees
1,44,train,1.1,1.0966083333333354,extratrees
1,45,train,1.3,1.3320783308028492,extratrees
1,46,train,1.0,0.9904796296296282,extratrees
1,47,train,1.0,0.9904796296296282,extratrees
1,48,train,0.92,0.9534527777777754,extratrees
1,49,train,1.33,1.3217653925374095,extratrees
1,50,train,1.21,1.194113611111109,extratrees
1,51,train,1.1,1.1120000000000028,extratrees
1,52,train,1.1,1.0377972222222165,extratrees
1,56,train,1.08,0.9826329629629602,extratrees
1,57,train,0.99,0.9845729629629655,extratrees
1,58,train,1.11,1.0950630952381002,extratrees
1,59,train,1.0,0.998269074074074,extratrees
1,60,train,1.15,1.1588098460038962,extratrees
1,61,train,1.04,0.8833333333333309,extratrees
1,62,train,1.1,1.0740850000000066,extratrees
1,63,train,1.11,1.0950630952381002,extratrees
1,64,train,1.0,1.0002111111111112,extratrees
1,65,train,1.11,1.1124227152477215,extratrees
1,66,train,1.2,1.1844889571150115,extratrees
1,67,train,1.03,1.0518027777777792,extratrees
1,68,train,1.38,1.3484327080922338,extratrees
1,69,train,1.06,0.8833333333333309,extratrees
1,70,train,1.34,1.387449610259618,extratrees
1,71,train,1.4,1.4088161380374087,extratrees
1,72,train,1.3,1.3217653925374095,extratrees
1,73,train,1.25,1.2430207756132807,extratrees
1,74,train,1.18,1.0950630952381002,extratrees
1,75,train,0.98,0.9820427777777765,extratrees
1,76,train,1.04,1.0740850000000066,extratrees
1,77,train,1.29,1.3484327080922338,extratrees
1,78,train,1.41,1.3320783308028492,extratrees
1,80,train,1.2,1.161106445330499,extratrees
1,81,train,1.25,1.161106445330499,extratrees
1,82,train,1.25,1.161106445330499,extratrees
1,83,train,1.17,1.1897495084175065,extratrees
1,84,train,1.05,1.0740850000000066,extratrees
1,90,train,1.23,1.1588098460038962,extratrees
1,91,train,1.32,1.3217653925374095,extratrees
1,92,train,1.09,1.0644888888888906,extratrees
1,94,train,0.98,1.008997222222218,extratrees
1,95,train,0.95,0.955399999999996,extratrees
1,96,train,1.2,1.1897495084175065,extratrees
1,97,train,1.25,1.1897495084175065,extratrees
1,98,train,1.38,1.3484327080922338,extratrees
1,99,train,1.15,1.1897495084175065,extratrees
1,100,train,1.15,1.1897495084175065,extratrees
1,101,train,1.2,1.161106445330499,extratrees
1,102,train,1.2,1.1588098460038962,extratrees
1,103,train,1.15,1.1120000000000028,extratrees
1,104,train,1.1,1.1588098460038962,extratrees
1,105,train,1.08,1.1120000000000028,extratrees
1,106,train,1.2,1.2228587698412683,extratrees
1,107,train,1.17,1.1844889571150115,extratrees
1,108,train,1.25,1.249889021164021,extratrees
1,109,train,1.2,1.2026051587301552,extratrees
1,111,train,1.12,1.1261388888888921,extratrees
1,112,train,0.85,0.8833333333333309,extratrees
1,115,train,1.23,1.2265152116402138,extratrees
1,116,train,1.18,1.198868095238095,extratrees
1,117,train,1.42,1.387449610259618,extratrees
1,118,train,0.98,1.0950630952381002,extratrees
1,119,train,1.3,1.3062510714285758,extratrees
1,120,train,1.4,1.4248578555669544,extratrees
1,121,train,1.5,1.4317648365611026,extratrees
1,122,train,1.1,1.1588098460038962,extratrees
1,123,train,1.15,1.1588098460038962,extratrees
1,124,train,1.08,1.1120000000000028,extratrees
1,126,train,1.25,1.2474363492063496,extratrees
1,127,train,1.25,1.3025268137973198,extratrees
1,128,train,1.39,1.4124542855843039,extratrees
1,129,train,1.45,1.4124542855843039,extratrees
1,130,train,1.0,1.008997222222218,extratrees
1,132,train,1.25,1.2500550000000001,extratrees
1,133,train,1.04,1.0950630952381002,extratrees
1,134,train,1.25,1.249889021164021,extratrees
1,137,train,1.3,1.2763785400895409,extratrees
1,139,train,0.8,0.8833333333333309,extratrees
1,140,train,0.83,0.8833333333333309,extratrees
1,141,train,0.96,0.9345000000000077,extratrees
1,142,train,1.18,1.1588098460038962,extratrees
1,144,train,1.1,1.0851111111111074,extratrees
1,145,train,1.1,1.161106445330499,extratrees
1,146,train,0.89,0.9826329629629602,extratrees
1,147,train,0.998,0.9345000000000077,extratrees
1,148,train,0.94,0.8833333333333309,extratrees
1,149,train,1.15,1.0950630952381002,extratrees
1,150,train,1.18,1.1903300000000034,extratrees
1,151,train,1.25,1.249889021164021,extratrees
1,152,train,1.25,1.2430207756132807,extratrees
1,154,train,1.36,1.351149355827053,extratrees
1,155,train,1.3,1.2996788492063558,extratrees
1,156,train,1.35,1.3062510714285758,extratrees
1,157,train,1.3,1.2996788492063558,extratrees
1,158,train,0.86,0.8602000000000064,extratrees
1,159,train,0.77,0.8833333333333309,extratrees
1,160,train,1.29,1.351149355827053,extratrees
1,161,train,1.1,1.161106445330499,extratrees
1,162,train,1.4,1.351149355827053,extratrees
1,163,train,1.08,1.0740850000000066,extratrees
1,164,train,1.1,1.0740850000000066,extratrees
1,165,train,1.2,1.161106445330499,extratrees
1,166,train,1.3,1.3217653925374095,extratrees
1,167,train,1.01,0.9826329629629602,extratrees
1,168,train,1.4,1.4281242065903228,extratrees
1,169,train,1.4,1.4124542855843039,extratrees
1,170,train,1.28,1.3320783308028492,extratrees
1,171,train,1.3,1.3320783308028492,extratrees
1,172,train,0.94,0.9345000000000077,extratrees
1,176,train,1.35,1.3217653925374095,extratrees
1,177,train,1.25,1.250128346560846,extratrees
1,178,train,1.1,1.161106445330499,extratrees
1,179,train,1.3,1.296329960317466,extratrees
1,180,train,1.45,1.4088161380374087,extratrees
1,184,train,1.2,1.1751377777777743,extratrees
1,185,train,1.4,1.4281242065903228,extratrees
1,186,train,1.38,1.4088161380374087,extratrees
1,187,train,1.2,1.2730440476190426,extratrees
1,192,train,0.95,0.9576462962962923,extratrees
1,193,train,1.22,1.2699971957671912,extratrees
1,194,train,1.32,1.2699971957671912,extratrees
1,195,train,0.84,0.8833333333333309,extratrees
1,196,train,1.11,1.161106445330499,extratrees
1,197,train,1.05,1.0610555555555594,extratrees
1,198,train,1.17,1.2430207756132807,extratrees
1,199,train,1.12,1.1159770634920676,extratrees
1,8,test,1.0,1.0576605555555574,extratrees
1,11,test,0.97,0.8833333333333309,extratrees
1,15,test,1.012,0.8833333333333309,extratrees
1,22,test,1.15,1.161106445330499,extratrees
1,23,test,1.2,1.161106445330499,extratrees
1,24,test,1.15,1.161106445330499,extratrees
1,25,test,1.2,1.1588098460038965,extratrees
1,30,test,1.15,1.1953686904761913,extratrees
1,31,test,1.2,1.1953686904761913,extratrees
1,38,test,1.3,1.3504884291148755,extratrees
1,39,test,0.9,0.8833333333333309,extratrees
1,53,test,1.1,1.1120000000000028,extratrees
1,54,test,1.15,1.1120000000000028,extratrees
1,55,test,1.29,1.1897495084175065,extratrees
1,79,test,1.01,1.0615741269841263,extratrees
1,85,test,1.35,1.4088161380374085,extratrees
1,86,test,1.5,1.4088161380374085,extratrees
1,87,test,1.4,1.4088161380374085,extratrees
1,88,test,1.28,1.3217653925374098,extratrees
1,89,test,1.22,1.1844889571150115,extratrees
1,93,test,1.05,1.161106445330499,extratrees
1,110,test,1.25,1.3217653925374098,extratrees
1,113,test,1.1,1.161106445330499,extratrees
1,114,test,1.14,1.1844889571150115,extratrees
1,125,test,1.04,0.9982690740740738,extratrees
1,131,test,1.15,1.1261388888888924,extratrees
1,135,test,1.3,1.3511493558270533,extratrees
1,136,test,1.2,1.2430207756132807,extratrees
1,138,test,1.2,1.1588098460038965,extratrees
1,143,test,1.41,1.3511493558270533,extratrees
1,153,test,1.24,1.1588098460038965,extratrees
1,173,test,1.25,1.1897495084175065,extratrees
1,174,test,0.95,0.9576462962962923,extratrees
1,175,test,1.0,1.0950630952381002,extratrees
1,181,test,1.25,1.2358027116402126,extratrees
1,182,test,1.4,1.4248578555669547,extratrees
1,183,test,1.45,1.4248578555669547,extratrees
1,188,test,1.3,1.2430207756132807,extratrees
1,189,test,1.3,1.249889021164021,extratrees
1,190,test,1.25,1.249889021164021,extratrees
1,191,test,1.25,1.2636250000000007,extratrees
2,2,train,1.27,1.3072577777777803,extratrees
2,6,train,1.35,1.271841111111107,extratrees
2,7,train,1.25,1.2434914529914518,extratrees
2,8,train,1.0,1.0023927513227506,extratrees
2,9,train,1.35,1.3762206690969838,extratrees
2,10,train,1.4,1.3762206690969838,extratrees
2,11,train,0.97,0.8922000000000022,extratrees
2,12,train,1.25,1.2527694444444444,extratrees
2,13,train,0.98,1.0129333333333348,extratrees
2,14,train,1.25,1.245972222222223,extratrees
2,15,train,1.012,0.8922000000000022,extratrees
2,16,train,0.82,0.8922000000000022,extratrees
2,18,train,1.4,1.4012533997323582,extratrees
2,19,train,0.95,0.9802221957671959,extratrees
2,22,train,1.15,1.154660376743048,extratrees
2,23,train,1.2,1.154660376743048,extratrees
2,24,train,1.15,1.154660376743048,extratrees
2,25,train,1.2,1.1751563381458445,extratrees
2,26,train,1.5,1.4953761904761906,extratrees
2,27,train,1.05,1.0720333333333285,extratrees
2,28,train,1.3,1.243374840102716,extratrees
2,29,train,1.05,1.0463027777777791,extratrees
2,30,train,1.15,1.1847224872975244,extratrees
2,31,train,1.2,1.1847224872975244,extratrees
2,32,train,1.35,1.3273717188367133,extratrees
2,33,train,1.45,1.4314868246407901,extratrees
2,34,train,1.15,1.1216666666666693,extratrees
2,35,train,1.21,1.201343640496178,extratrees
2,37,train,0.84,0.934490333333341,extratrees
2,38,train,1.3,1.3273717188367133,extratrees
2,39,train,0.9,0.8922000000000022,extratrees
2,40,train,1.15,1.201343640496178,extratrees
2,41,train,1.4,1.4012533997323582,extratrees
2,42,train,1.25,1.2582467724867687,extratrees
2,46,train,1.0,0.9999616402116398,extratrees
2,47,train,1.0,0.9999616402116398,extratrees
2,48,train,0.92,0.9208442222222186,extratrees
2,49,train,1.33,1.3052361111111166,extratrees
2,50,train,1.21,1.1897916666666646,extratrees
2,51,train,1.1,1.1216666666666693,extratrees
2,53,train,1.1,1.1216666666666693,extratrees
2,54,train,1.15,1.1216666666666693,extratrees
2,55,train,1.29,1.201343640496178,extratrees
2,57,train,0.99,0.9859066666666668,extratrees
2,58,train,1.11,1.0983274531024558,extratrees
2,59,train,1.0,1.016275925925925,extratrees
2,60,train,1.15,1.1751563381458445,extratrees
2,61,train,1.04,0.8922000000000022,extratrees
2,62,train,1.1,1.0741418181818247,extratrees
2,63,train,1.11,1.0983274531024558,extratrees
2,64,train,1.0,1.0043849735449726,extratrees
2,65,train,1.11,1.076108333333338,extratrees
2,66,train,1.2,1.1861115683760692,extratrees
2,67,train,1.03,1.0343555555555533,extratrees
2,68,train,1.38,1.3739433203672782,extratrees
2,70,train,1.34,1.380658372537333,extratrees
2,71,train,1.4,1.4125911775101458,extratrees
2,73,train,1.25,1.243374840102716,extratrees
2,74,train,1.18,1.0983274531024558,extratrees
2,75,train,0.98,0.9776616666666653,extratrees
2,76,train,1.04,1.0741418181818247,extratrees
2,79,train,1.01,1.0070066402116373,extratrees
2,80,train,1.2,1.154660376743048,extratrees
2,81,train,1.25,1.154660376743048,extratrees
2,82,train,1.25,1.154660376743048,extratrees
2,83,train,1.17,1.201343640496178,extratrees
2,84,train,1.05,1.0741418181818247,extratrees
2,85,train,1.35,1.4125911775101458,extratrees
2,86,train,1.5,1.4125911775101458,extratrees
2,87,train,1.4,1.4125911775101458,extratrees
2,88,train,1.28,1.3052361111111166,extratrees
2,89,train,1.22,1.1861115683760692,extratrees
2,90,train,1.23,1.1751563381458445,extratrees
2,91,train,1.32,1.3052361111111166,extratrees
2,93,train,1.05,1.154660376743048,extratrees
2,94,train,0.98,1.0129333333333348,extratrees
2,95,train,0.95,0.9627222222222209,extratrees
2,96,train,1.2,1.201343640496178,extratrees
2,97,train,1.25,1.201343640496178,extratrees
2,99,train,1.15,1.201343640496178,extratrees
2,100,train,1.15,1.201343640496178,extratrees
2,101,train,1.2,1.154660376743048,extratrees
2,102,train,1.2,1.1751563381458445,extratrees
2,103,train,1.15,1.1216666666666693,extratrees
2,104,train,1.1,1.1751563381458445,extratrees
2,105,train,1.08,1.1216666666666693,extratrees
2,106,train,1.2,1.2029677443830251,extratrees
2,108,train,1.25,1.2582467724867687,extratrees
2,109,train,1.2,1.202886310911307,extratrees
2,110,train,1.25,1.3052361111111166,extratrees
2,113,train,1.1,1.154660376743048,extratrees
2,114,train,1.14,1.1861115683760692,extratrees
2,117,train,1.42,1.380658372537333,extratrees
2,122,train,1.1,1.1751563381458445,extratrees
2,123,train,1.15,1.1751563381458445,extratrees
2,125,train,1.04,1.016275925925925,extratrees
2,126,train,1.25,1.2435303418803407,extratrees
2,127,train,1.25,1.2581666666666664,extratrees
2,128,train,1.39,1.4119015621255264,extratrees
2,129,train,1.45,1.4119015621255264,extratrees
2,131,train,1.15,1.155880555555554,extratrees
2,133,train,1.04,1.0983274531024558,extratrees
2,134,train,1.25,1.2582467724867687,extratrees
2,135,train,1.3,1.3525885442335381,extratrees
2,136,train,1.2,1.243374840102716,extratrees
2,138,train,1.2,1.1751563381458445,extratrees
2,139,train,0.8,0.8922000000000022,extratrees
2,140,train,0.83,0.8922000000000022,extratrees
2,141,train,0.96,0.934490333333341,extratrees
2,142,train,1.18,1.1751563381458445,extratrees
2,143,train,1.41,1.3525885442335381,extratrees
2,144,train,1.1,1.0720333333333285,extratrees
2,145,train,1.1,1.154660376743048,extratrees
2,147,train,0.998,0.934490333333341,extratrees
2,148,train,0.94,0.8922000000000022,extratrees
2,149,train,1.15,1.0983274531024558,extratrees
2,150,train,1.18,1.1871379629629664,extratrees
2,151,train,1.25,1.2582467724867687,extratrees
2,153,train,1.24,1.1751563381458445,extratrees
2,154,train,1.36,1.3525885442335381,extratrees
2,155,train,1.3,1.3005300000000064,extratrees
2,156,train,1.35,1.3072577777777803,extratrees
2,157,train,1.3,1.3005300000000064,extratrees
2,158,train,0.86,0.8608500000000064,extratrees
2,159,train,0.77,0.8922000000000022,extratrees
2,160,train,1.29,1.3525885442335381,extratrees
2,161,train,1.1,1.154660376743048,extratrees
2,162,train,1.4,1.3525885442335381,extratrees
2,163,train,1.08,1.0741418181818247,extratrees
2,164,train,1.1,1.0741418181818247,extratrees
2,165,train,1.2,1.154660376743048,extratrees
2,166,train,1.3,1.3052361111111166,extratrees
2,167,train,1.01,0.9802221957671959,extratrees
2,168,train,1.4,1.3635988888888924,extratrees
2,169,train,1.4,1.4119015621255264,extratrees
2,170,train,1.28,1.3243611111111184,extratrees
2,171,train,1.3,1.3243611111111184,extratrees
2,172,train,0.94,0.934490333333341,extratrees
2,173,train,1.25,1.201343640496178,extratrees
2,174,train,0.95,0.9589999999999975,extratrees
2,175,train,1.0,1.0983274531024558,extratrees
2,176,train,1.35,1.3052361111111166,extratrees
2,177,train,1.25,1.2433546958313624,extratrees
2,178,train,1.1,1.154660376743048,extratrees
2,179,train,1.3,1.2968466666666718,extratrees
2,180,train,1.45,1.4125911775101458,extratrees
2,181,train,1.25,1.2490461111111106,extratrees
2,182,train,1.4,1.4314868246407901,extratrees
2,183,train,1.45,1.4314868246407901,extratrees
2,185,train,1.4,1.3635988888888924,extratrees
2,186,train,1.38,1.4125911775101458,extratrees
2,187,train,1.2,1.271841111111107,extratrees
2,188,train,1.3,1.243374840102716,extratrees
2,189,train,1.3,1.2582467724867687,extratrees
2,190,train,1.25,1.2582467724867687,extratrees
2,191,train,1.25,1.250861111111111,extratrees
2,193,train,1.22,1.2700094444444399,extratrees
2,194,train,1.32,1.2700094444444399,extratrees
2,195,train,0.84,0.8922000000000022,extratrees
2,196,train,1.11,1.154660376743048,extratrees
2,197,train,1.05,1.0649500000000032,extratrees
2,198,train,1.17,1.243374840102716,extratrees
2,199,train,1.12,1.092691190476195,extratrees
2,0,test,1.3,1.3218916666666733,extratrees
2,1,test,1.5,1.3635988888888926,extratrees
2,3,test,1.1,1.154660376743048,extratrees
2,4,test,1.4,1.380658372537333,extratrees
2,5,test,1.24,1.2013436404961781,extratrees
2,17,test,1.35,1.2581666666666664,extratrees
2,20,test,1.4,1.3243611111111184,extratrees
2,21,test,1.3,1.3243611111111184,extratrees
2,36,test,1.0,1.0562425555555557,extratrees
2,43,test,1.35,1.3273717188367133,extratrees
2,44,test,1.1,1.08355288888889,extratrees
2,45,test,1.3,1.3243611111111184,extratrees
2,52,test,1.1,1.0601972222222227,extratrees
2,56,test,1.08,0.9802221957671958,extratrees
2,69,test,1.06,0.8922000000000022,extratrees
2,72,test,1.3,1.3052361111111166,extratrees
2,77,test,1.29,1.3739433203672784,extratrees
2,78,test,1.41,1.3243611111111184,extratrees
2,92,test,1.09,0.9665577777777776,extratrees
2,98,test,1.38,1.3739433203672784,extratrees
2,107,test,1.17,1.186111568376069,extratrees
2,111,test,1.12,1.1558805555555538,extratrees
2,112,test,0.85,0.8922000000000022,extratrees
2,115,test,1.23,1.2379479629629624,extratrees
2,116,test,1.18,1.2663472222222192,extratrees
2,118,test,0.98,1.0983274531024558,extratrees
2,119,test,1.3,1.3072577777777803,extratrees
2,120,test,1.4,1.4314868246407901,extratrees
2,121,test,1.5,1.401253399732358,extratrees
2,124,test,1.08,1.1216666666666693,extratrees
2,130,test,1.0,1.0129333333333348,extratrees
2,132,test,1.25,1.2685694444444477,extratrees
2,137,test,1.3,1.2161325627775965,extratrees
2,146,test,0.89,0.9802221957671958,extratrees
2,152,test,1.25,1.243374840102716,extratrees
2,184,test,1.2,0.9469246666666682,extratrees
2,192,test,0.95,0.9589999999999971,extratrees
3,0,train,1.3,1.3016542857142914,extratrees
3,1,train,1.5,1.432054808590106,extratrees
3,2,train,1.27,1.3057130158730201,extratrees
3,3,train,1.1,1.1500111111111082,extratrees
3,4,train,1.4,1.4097460784313804,extratrees
3,5,train,1.24,1.2465632684840353,extratrees
3,8,train,1.0,1.0167266262060377,extratrees
3,9,train,1.35,1.375354027149321,extratrees
3,10,train,1.4,1.375354027149321,extratrees
3,11,train,0.97,0.9224411851851831,extratrees
3,12,train,1.25,1.2503980158730164,extratrees
3,13,train,0.98,1.0288527777777776,extratrees
3,14,train,1.25,1.2254632962531078,extratrees
3,15,train,1.012,0.9224411851851831,extratrees
3,17,train,1.35,1.347715192307696,extratrees
3,20,train,1.4,1.3324801404151376,extratrees
3,21,train,1.3,1.3324801404151376,extratrees
3,22,train,1.15,1.1500111111111082,extratrees
3,23,train,1.2,1.1500111111111082,extratrees
3,24,train,1.15,1.1500111111111082,extratrees
3,25,train,1.2,1.1814406593406572,extratrees
3,27,train,1.05,1.081869949494947,extratrees
3,28,train,1.3,1.2442244752741898,extratrees
3,29,train,1.05,1.0491635836385858,extratrees
3,30,train,1.15,1.1694247863247924,extratrees
3,31,train,1.2,1.1694247863247924,extratrees
3,32,train,1.35,1.3342761843711812,extratrees
3,33,train,1.45,1.4251857609710623,extratrees
3,34,train,1.15,1.1157155844155813,extratrees
3,36,train,1.0,1.0016278431372552,extratrees
3,38,train,1.3,1.3342761843711812,extratrees
3,39,train,0.9,0.9224411851851831,extratrees
3,41,train,1.4,1.4496738562091431,extratrees
3,42,train,1.25,1.2572899391935002,extratrees
3,43,train,1.35,1.3342761843711812,extratrees
3,44,train,1.1,1.085761111111114,extratrees
3,45,train,1.3,1.3324801404151376,extratrees
3,46,train,1.0,0.9986327373171476,extratrees
3,47,train,1.0,0.9986327373171476,extratrees
3,48,train,0.92,0.9322642539682505,extratrees
3,50,train,1.21,1.1962641067538098,extratrees
3,51,train,1.1,1.1157155844155813,extratrees
3,52,train,1.1,1.0437833333333328,extratrees
3,53,train,1.1,1.1157155844155813,extratrees
3,54,train,1.15,1.1157155844155813,extratrees
3,55,train,1.29,1.2465632684840353,extratrees
3,56,train,1.08,0.9981310706504828,extratrees
3,57,train,0.99,0.9892180547774698,extratrees
3,58,train,1.11,1.065030178155176,extratrees
3,60,train,1.15,1.1814406593406572,extratrees
3,61,train,1.04,0.9224411851851831,extratrees
3,62,train,1.1,1.073867797202804,extratrees
3,63,train,1.11,1.065030178155176,extratrees
3,64,train,1.0,1.0002863881108,extratrees
3,65,train,1.11,1.1088166666666726,extratrees
3,66,train,1.2,1.1824692307692342,extratrees
3,67,train,1.03,1.0394705555555552,extratrees
3,68,train,1.38,1.347715192307696,extratrees
3,69,train,1.06,0.9224411851851831,extratrees
3,71,train,1.4,1.412471078431379,extratrees
3,72,train,1.3,1.2900000000000054,extratrees
3,75,train,0.98,0.9800722222222207,extratrees
3,76,train,1.04,1.073867797202804,extratrees
3,77,train,1.29,1.347715192307696,extratrees
3,78,train,1.41,1.3324801404151376,extratrees
3,79,train,1.01,1.0050028960473059,extratrees
3,80,train,1.2,1.1500111111111082,extratrees
3,81,train,1.25,1.1500111111111082,extratrees
3,82,train,1.25,1.1500111111111082,extratrees
3,84,train,1.05,1.073867797202804,extratrees
3,85,train,1.35,1.412471078431379,extratrees
3,86,train,1.5,1.412471078431379,extratrees
3,87,train,1.4,1.412471078431379,extratrees
3,88,train,1.28,1.2900000000000054,extratrees
3,89,train,1.22,1.1824692307692342,extratrees
3,91,train,1.32,1.2900000000000054,extratrees
3,92,train,1.09,1.0692722222222224,extratrees
3,93,train,1.05,1.1500111111111082,extratrees
3,95,train,0.95,0.9597709383753469,extratrees
3,96,train,1.2,1.2465632684840353,extratrees
3,97,train,1.25,1.2465632684840353,extratrees
3,98,train,1.38,1.347715192307696,extratrees
3,102,train,1.2,1.1814406593406572,extratrees
3,103,train,1.15,1.1157155844155813,extratrees
3,104,train,1.1,1.1814406593406572,extratrees
3,105,train,1.08,1.1157155844155813,extratrees
3,106,train,1.2,1.2110735080347887,extratrees
3,107,train,1.17,1.1824692307692342,extratrees
3,108,train,1.25,1.2572899391935002,extratrees
3,109,train,1.2,1.2075820961717987,extratrees
3,110,train,1.25,1.2900000000000054,extratrees
3,111,train,1.12,1.1360921717171673,extratrees
3,112,train,0.85,0.9224411851851831,extratrees
3,113,train,1.1,1.1500111111111082,extratrees
3,114,train,1.14,1.1824692307692342,extratrees
3,115,train,1.23,1.2297949476572643,extratrees
3,116,train,1.18,1.2036342684753314,extratrees
3,117,train,1.42,1.4097460784313804,extratrees
3,118,train,0.98,1.065030178155176,extratrees
3,119,train,1.3,1.3057130158730201,extratrees
3,120,train,1.4,1.4251857609710623,extratrees
3,121,train,1.5,1.4496738562091431,extratrees
3,124,train,1.08,1.1157155844155813,extratrees
3,125,train,1.04,1.0248958712202827,extratrees
3,130,train,1.0,1.0288527777777776,extratrees
3,131,train,1.15,1.1360921717171673,extratrees
3,132,train,1.25,1.2472899999999993,extratrees
3,133,train,1.04,1.065030178155176,extratrees
3,134,train,1.25,1.2572899391935002,extratrees
3,135,train,1.3,1.3565521153846176,extratrees
3,136,train,1.2,1.2442244752741898,extratrees
3,137,train,1.3,1.2830148343473688,extratrees
3,138,train,1.2,1.1814406593406572,extratrees
3,139,train,0.8,0.9224411851851831,extratrees
3,140,train,0.83,0.9224411851851831,extratrees
3,141,train,0.96,0.9650180494864632,extratrees
3,142,train,1.18,1.1814406593406572,extratrees
3,143,train,1.41,1.3565521153846176,extratrees
3,144,train,1.1,1.081869949494947,extratrees
3,145,train,1.1,1.1500111111111082,extratrees
3,146,train,0.89,0.9981310706504828,extratrees
3,147,train,0.998,0.9650180494864632,extratrees
3,149,train,1.15,1.065030178155176,extratrees
3,150,train,1.18,1.189638888888892,extratrees
3,151,train,1.25,1.2572899391935002,extratrees
3,152,train,1.25,1.2442244752741898,extratrees
3,153,train,1.24,1.1814406593406572,extratrees
3,154,train,1.36,1.3565521153846176,extratrees
3,155,train,1.3,1.2996491269841337,extratrees
3,156,train,1.35,1.3057130158730201,extratrees
3,157,train,1.3,1.2996491269841337,extratrees
3,161,train,1.1,1.1500111111111082,extratrees
3,163,train,1.08,1.073867797202804,extratrees
3,164,train,1.1,1.073867797202804,extratrees
3,165,train,1.2,1.1500111111111082,extratrees
3,166,train,1.3,1.2900000000000054,extratrees
3,167,train,1.01,0.9981310706504828,extratrees
3,168,train,1.4,1.432054808590106,extratrees
3,169,train,1.4,1.3989256074481022,extratrees
3,170,train,1.28,1.3324801404151376,extratrees
3,171,train,1.3,1.3324801404151376,extratrees
3,172,train,0.94,0.9650180494864632,extratrees
3,173,train,1.25,1.2465632684840353,extratrees
3,174,train,0.95,0.9526124939309016,extratrees
3,175,train,1.0,1.065030178155176,extratrees
3,178,train,1.1,1.1500111111111082,extratrees
3,181,train,1.25,1.248353020001584,extratrees
3,182,train,1.4,1.4251857609710623,extratrees
3,183,train,1.45,1.4251857609710623,extratrees
3,184,train,1.2,1.1861861111111072,extratrees
3,185,train,1.4,1.432054808590106,extratrees
3,187,train,1.2,1.2096111691141058,extratrees
3,188,train,1.3,1.2442244752741898,extratrees
3,189,train,1.3,1.2572899391935002,extratrees
3,190,train,1.25,1.2572899391935002,extratrees
3,191,train,1.25,1.24536771467095,extratrees
3,192,train,0.95,0.9526124939309016,extratrees
3,193,train,1.22,1.2652206279981588,extratrees
3,194,train,1.32,1.2652206279981588,extratrees
3,195,train,0.84,0.9224411851851831,extratrees
3,197,train,1.05,1.0614138888888929,extratrees
3,198,train,1.17,1.2442244752741898,extratrees
3,199,train,1.12,1.11305555555556,extratrees
3,6,test,1.35,1.2096111691141058,extratrees
3,7,test,1.25,1.1811997863247914,extratrees
3,16,test,0.82,0.9224411851851831,extratrees
3,18,test,1.4,1.4496738562091431,extratrees
3,19,test,0.95,0.9981310706504828,extratrees
3,26,test,1.5,1.3392797625250594,extratrees
3,35,test,1.21,1.2465632684840353,extratrees
3,37,test,0.84,0.9650180494864632,extratrees
3,40,test,1.15,1.2465632684840353,extratrees
3,49,test,1.33,1.2900000000000054,extratrees
3,59,test,1.0,1.0248958712202825,extratrees
3,70,test,1.34,1.4097460784313804,extratrees
3,73,test,1.25,1.2442244752741898,extratrees
3,74,test,1.18,1.065030178155176,extratrees
3,83,test,1.17,1.2465632684840353,extratrees
3,90,test,1.23,1.1814406593406572,extratrees
3,94,test,0.98,1.0288527777777776,extratrees
3,99,test,1.15,1.2465632684840353,extratrees
3,100,test,1.15,1.2465632684840353,extratrees
3,101,test,1.2,1.1500111111111082,extratrees
3,122,test,1.1,1.1814406593406572,extratrees
3,123,test,1.15,1.1814406593406572,extratrees
3,126,test,1.25,1.1787949494949548,extratrees
3,127,test,1.25,1.347715192307696,extratrees
3,128,test,1.39,1.398925607448102,extratrees
3,129,test,1.45,1.398925607448102,extratrees
3,148,test,0.94,0.9224411851851831,extratrees
3,158,test,0.86,0.9927591216931227,extratrees
3,159,test,0.77,0.9224411851851831,extratrees
3,160,test,1.29,1.3565521153846176,extratrees
3,162,test,1.4,1.3565521153846176,extratrees
3,176,test,1.35,1.2900000000000054,extratrees
3,177,test,1.25,1.2348353466591269,extratrees
3,179,test,1.3,1.2619575396825415,extratrees
3,180,test,1.45,1.412471078431379,extratrees
3,186,test,1.38,1.412471078431379,extratrees
3,196,test,1.11,1.1500111111111082,extratrees
4,0,train,1.3,1.3067936244552558,extratrees
4,1,train,1.5,1.4201993803660122,extratrees
4,3,train,1.1,1.1262024242424211,extratrees
4,4,train,1.4,1.3733341269841288,extratrees
4,5,train,1.24,1.200341931818183,extratrees
4,6,train,1.35,1.2715811111111068,extratrees
4,7,train,1.25,1.2371756944444419,extratrees
4,8,train,1.0,1.0183861111111094,extratrees
4,9,train,1.35,1.3735465079365097,extratrees
4,10,train,1.4,1.3735465079365097,extratrees
4,11,train,0.97,0.8951999999999949,extratrees
4,14,train,1.25,1.226774999999997,extratrees
4,15,train,1.012,0.8951999999999949,extratrees
4,16,train,0.82,0.8951999999999949,extratrees
4,17,train,1.35,1.3070186588652943,extratrees
4,18,train,1.4,1.4492584415584346,extratrees
4,19,train,0.95,0.9824999999999974,extratrees
4,20,train,1.4,1.351380222116857,extratrees
4,21,train,1.3,1.351380222116857,extratrees
4,22,train,1.15,1.1262024242424211,extratrees
4,23,train,1.2,1.1262024242424211,extratrees
4,24,train,1.15,1.1262024242424211,extratrees
4,25,train,1.2,1.181362678171499,extratrees
4,26,train,1.5,1.496554603174603,extratrees
4,27,train,1.05,1.0737500000000042,extratrees
4,28,train,1.3,1.2595145607333793,extratrees
4,29,train,1.05,1.0480638888888922,extratrees
4,30,train,1.15,1.1883828048340563,extratrees
4,31,train,1.2,1.1883828048340563,extratrees
4,33,train,1.45,1.4254781240981311,extratrees
4,34,train,1.15,1.1160000000000017,extratrees
4,35,train,1.21,1.200341931818183,extratrees
4,36,train,1.0,1.009411111111109,extratrees
4,37,train,0.84,0.9345000000000077,extratrees
4,38,train,1.3,1.3272473168739443,extratrees
4,39,train,0.9,0.8951999999999949,extratrees
4,40,train,1.15,1.200341931818183,extratrees
4,43,train,1.35,1.3272473168739443,extratrees
4,44,train,1.1,1.086130555555558,extratrees
4,45,train,1.3,1.351380222116857,extratrees
4,47,train,1.0,1.0090499999999976,extratrees
4,49,train,1.33,1.3045258921633893,extratrees
4,50,train,1.21,1.2070805555555522,extratrees
4,51,train,1.1,1.1160000000000017,extratrees
4,52,train,1.1,1.0432805555555538,extratrees
4,53,train,1.1,1.1160000000000017,extratrees
4,54,train,1.15,1.1160000000000017,extratrees
4,55,train,1.29,1.200341931818183,extratrees
4,56,train,1.08,0.9824999999999974,extratrees
4,59,train,1.0,1.0224444444444447,extratrees
4,60,train,1.15,1.181362678171499,extratrees
4,66,train,1.2,1.1833730948381718,extratrees
4,67,train,1.03,1.0340166666666655,extratrees
4,68,train,1.38,1.347473110524745,extratrees
4,69,train,1.06,0.8951999999999949,extratrees
4,70,train,1.34,1.3733341269841288,extratrees
4,72,train,1.3,1.3045258921633893,extratrees
4,73,train,1.25,1.2595145607333793,extratrees
4,74,train,1.18,1.0502916666666724,extratrees
4,77,train,1.29,1.347473110524745,extratrees
4,78,train,1.41,1.351380222116857,extratrees
4,79,train,1.01,1.0067666666666637,extratrees
4,83,train,1.17,1.200341931818183,extratrees
4,85,train,1.35,1.415464126984124,extratrees
4,86,train,1.5,1.415464126984124,extratrees
4,87,train,1.4,1.415464126984124,extratrees
4,88,train,1.28,1.3045258921633893,extratrees
4,89,train,1.22,1.1833730948381718,extratrees
4,90,train,1.23,1.181362678171499,extratrees
4,91,train,1.32,1.3045258921633893,extratrees
4,92,train,1.09,1.073141666666666,extratrees
4,93,train,1.05,1.1262024242424211,extratrees
4,94,train,0.98,1.021766666666666,extratrees
4,98,train,1.38,1.347473110524745,extratrees
4,99,train,1.15,1.200341931818183,extratrees
4,100,train,1.15,1.200341931818183,extratrees
4,101,train,1.2,1.1262024242424211,extratrees
4,107,train,1.17,1.1833730948381718,extratrees
4,108,train,1.25,1.2600910173160123,extratrees
4,110,train,1.25,1.3045258921633893,extratrees
4,111,train,1.12,1.1355527777777732,extratrees
4,112,train,0.85,0.8951999999999949,extratrees
4,113,train,1.1,1.1262024242424211,extratrees
4,114,train,1.14,1.1833730948381718,extratrees
4,115,train,1.23,1.232188492063495,extratrees
4,116,train,1.18,1.2014055555555543,extratrees
4,118,train,0.98,1.0502916666666724,extratrees
4,119,train,1.3,1.3215559829059775,extratrees
4,120,train,1.4,1.4254781240981311,extratrees
4,121,train,1.5,1.4492584415584346,extratrees
4,122,train,1.1,1.181362678171499,extratrees
4,123,train,1.15,1.181362678171499,extratrees
4,124,train,1.08,1.1160000000000017,extratrees
4,125,train,1.04,1.0224444444444447,extratrees
4,126,train,1.25,1.235747916666664,extratrees
4,127,train,1.25,1.3070186588652943,extratrees
4,128,train,1.39,1.416848345567479,extratrees
4,129,train,1.45,1.416848345567479,extratrees
4,130,train,1.0,1.021766666666666,extratrees
4,131,train,1.15,1.1355527777777732,extratrees
4,132,train,1.25,1.2620496779388075,extratrees
4,133,train,1.04,1.0502916666666724,extratrees
4,134,train,1.25,1.2600910173160123,extratrees
4,135,train,1.3,1.354561650780775,extratrees
4,136,train,1.2,1.2595145607333793,extratrees
4,137,train,1.3,1.2932238372738385,extratrees
4,138,train,1.2,1.181362678171499,extratrees
4,139,train,0.8,0.8951999999999949,extratrees
4,140,train,0.83,0.8951999999999949,extratrees
4,141,train,0.96,0.9345000000000077,extratrees
4,142,train,1.18,1.181362678171499,extratrees
4,143,train,1.41,1.354561650780775,extratrees
4,145,train,1.1,1.1262024242424211,extratrees
4,146,train,0.89,0.9824999999999974,extratrees
4,147,train,0.998,0.9345000000000077,extratrees
4,148,train,0.94,0.8951999999999949,extratrees
4,150,train,1.18,1.1825611111111156,extratrees
4,151,train,1.25,1.2600910173160123,extratrees
4,152,train,1.25,1.2595145607333793,extratrees
4,153,train,1.24,1.181362678171499,extratrees
4,154,train,1.36,1.354561650780775,extratrees
4,155,train,1.3,1.3012782051282115,extratrees
4,156,train,1.35,1.3215559829059775,extratrees
4,157,train,1.3,1.3012782051282115,extratrees
4,158,train,0.86,0.8600000000000066,extratrees
4,159,train,0.77,0.8951999999999949,extratrees
4,160,train,1.29,1.354561650780775,extratrees
4,162,train,1.4,1.354561650780775,extratrees
4,166,train,1.3,1.3045258921633893,extratrees
4,167,train,1.01,0.9824999999999974,extratrees
4,168,train,1.4,1.4201993803660122,extratrees
4,172,train,0.94,0.9345000000000077,extratrees
4,173,train,1.25,1.200341931818183,extratrees
4,174,train,0.95,0.9506249999999947,extratrees
4,175,train,1.0,1.0502916666666724,extratrees
4,176,train,1.35,1.3045258921633893,extratrees
4,177,train,1.25,1.258906904761903,extratrees
4,178,train,1.1,1.1262024242424211,extratrees
4,179,train,1.3,1.3009976495726552,extratrees
4,180,train,1.45,1.415464126984124,extratrees
4,181,train,1.25,1.2479890331890335,extratrees
4,182,train,1.4,1.4254781240981311,extratrees
4,183,train,1.45,1.4254781240981311,extratrees
4,184,train,1.2,1.1752927350427314,extratrees
4,185,train,1.4,1.4201993803660122,extratrees
4,186,train,1.38,1.415464126984124,extratrees
4,187,train,1.2,1.2715811111111068,extratrees
4,188,train,1.3,1.2595145607333793,extratrees
4,189,train,1.3,1.2600910173160123,extratrees
4,190,train,1.25,1.2600910173160123,extratrees
4,191,train,1.25,1.2506805555555558,extratrees
4,192,train,0.95,0.9506249999999947,extratrees
4,193,train,1.22,1.2705449999999954,extratrees
4,194,train,1.32,1.2705449999999954,extratrees
4,196,train,1.11,1.1262024242424211,extratrees
4,2,test,1.27,1.3215559829059778,extratrees
4,12,test,1.25,1.2954329365079411,extratrees
4,13,test,0.98,1.0217666666666658,extratrees
4,32,test,1.35,1.3272473168739443,extratrees
4,41,test,1.4,1.4492584415584346,extratrees
4,42,test,1.25,1.2600910173160123,extratrees
4,46,test,1.0,1.0090499999999976,extratrees
4,48,test,0.92,1.0323805555555543,extratrees
4,57,test,0.99,0.9760776666666644,extratrees
4,58,test,1.11,1.0502916666666724,extratrees
4,61,test,1.04,0.8951999999999949,extratrees
4,62,test,1.1,1.1309658336108361,extratrees
4,63,test,1.11,1.0502916666666724,extratrees
4,64,test,1.0,1.2055295555555536,extratrees
4,65,test,1.11,1.1350547702297713,extratrees
4,71,test,1.4,1.415464126984124,extratrees
4,75,test,0.98,0.9448019999999963,extratrees
4,76,test,1.04,1.1309658336108361,extratrees
4,80,test,1.2,1.1262024242424211,extratrees
4,81,test,1.25,1.1262024242424211,extratrees
4,82,test,1.25,1.1262024242424211,extratrees
4,84,test,1.05,1.1309658336108361,extratrees
4,95,test,0.95,1.0320608333333319,extratrees
4,96,test,1.2,1.2003419318181827,extratrees
4,97,test,1.25,1.2003419318181827,extratrees
4,102,test,1.2,1.181362678171499,extratrees
4,103,test,1.15,1.1160000000000017,extratrees
4,104,test,1.1,1.181362678171499,extratrees
4,105,test,1.08,1.1160000000000017,extratrees
4,106,test,1.2,1.2661816378991368,extratrees
4,109,test,1.2,1.2245811111111087,extratrees
4,117,test,1.42,1.3733341269841288,extratrees
4,144,test,1.1,1.073750000000004,extratrees
4,149,test,1.15,1.0502916666666724,extratrees
4,161,test,1.1,1.1262024242424211,extratrees
4,163,test,1.08,1.1309658336108361,extratrees
4,164,test,1.1,1.1309658336108361,extratrees
4,165,test,1.2,1.1262024242424211,extratrees
4,169,test,1.4,1.416848345567479,extratrees
4,170,test,1.28,1.351380222116857,extratrees
4,171,test,1.3,1.351380222116857,extratrees
4,195,test,0.84,0.8951999999999949,extratrees
4,197,test,1.05,1.171698333333332,extratrees
4,198,test,1.17,1.2595145607333793,extratrees
4,199,test,1.12,1.0996847498797515,extratrees
0,0,train,1.3,1.3085768474483113,gradientboosting
0,1,train,1.5,1.3603138374564812,gradientboosting
0,2,train,1.27,1.293226215251216,gradientboosting
0,3,train,1.1,1.1649224895661068,gradientboosting
0,4,train,1.4,1.3880500886661735,gradientboosting
0,5,train,1.24,1.2175656317180048,gradientboosting
0,6,train,1.35,1.2989821913518018,gradientboosting
0,7,train,1.25,1.2332162279056833,gradientboosting
0,8,train,1.0,1.0209222400420999,gradientboosting
0,11,train,0.97,0.9277460372237348,gradientboosting
0,12,train,1.25,1.2812165751382412,gradientboosting
0,13,train,0.98,1.017386334247693,gradientboosting
0,15,train,1.012,0.9277460372237348,gradientboosting
0,16,train,0.82,0.9277460372237348,gradientboosting
0,17,train,1.35,1.3109425620601525,gradientboosting
0,18,train,1.4,1.4099721660558258,gradientboosting
0,19,train,0.95,0.9786136746944422,gradientboosting
0,20,train,1.4,1.3290704760400653,gradientboosting
0,21,train,1.3,1.3290704760400653,gradientboosting
0,22,train,1.15,1.1649224895661068,gradientboosting
0,23,train,1.2,1.1649224895661068,gradientboosting
0,24,train,1.15,1.1649224895661068,gradientboosting
0,25,train,1.2,1.1713555472405959,gradientboosting
0,26,train,1.5,1.4730223733635937,gradientboosting
0,30,train,1.15,1.1778497863977626,gradientboosting
0,31,train,1.2,1.1778497863977626,gradientboosting
0,32,train,1.35,1.3398053723904977,gradientboosting
0,35,train,1.21,1.2175656317180048,gradientboosting
0,36,train,1.0,1.0135986869777764,gradientboosting
0,37,train,0.84,0.8618404601708053,gradientboosting
0,38,train,1.3,1.3398053723904977,gradientboosting
0,39,train,0.9,0.9277460372237348,gradientboosting
0,40,train,1.15,1.2175656317180048,gradientboosting
0,41,train,1.4,1.4099721660558258,gradientboosting
0,42,train,1.25,1.2674453040924605,gradientboosting
0,43,train,1.35,1.3398053723904977,gradientboosting
0,44,train,1.1,1.0714877629421038,gradientboosting
0,45,train,1.3,1.3290704760400653,gradientboosting
0,46,train,1.0,0.9968152887704613,gradientboosting
0,48,train,0.92,0.9324929281996674,gradientboosting
0,49,train,1.33,1.3086794576238725,gradientboosting
0,52,train,1.1,1.0882708707586555,gradientboosting
0,53,train,1.1,1.1139009776855988,gradientboosting
0,54,train,1.15,1.1139009776855988,gradientboosting
0,55,train,1.29,1.2175656317180048,gradientboosting
0,56,train,1.08,0.9786136746944422,gradientboosting
0,57,train,0.99,0.9838350208115668,gradientboosting
0,58,train,1.11,1.1030852415581058,gradientboosting
0,59,train,1.0,1.0061830866546144,gradientboosting
0,61,train,1.04,0.9277460372237348,gradientboosting
0,62,train,1.1,1.0889381836773868,gradientboosting
0,63,train,1.11,1.1030852415581058,gradientboosting
0,64,train,1.0,0.9957389233953803,gradientboosting
0,65,train,1.11,1.109077470185142,gradientboosting
0,69,train,1.06,0.9277460372237348,gradientboosting
0,70,train,1.34,1.3880500886661735,gradientboosting
0,71,train,1.4,1.4015703305483345,gradientboosting
0,72,train,1.3,1.3086794576238725,gradientboosting
0,73,train,1.25,1.2153435594047024,gradientboosting
0,74,train,1.18,1.1030852415581058,gradientboosting
0,75,train,0.98,0.9702051225738917,gradientboosting
0,76,train,1.04,1.0889381836773868,gradientboosting
0,77,train,1.29,1.33612742437535,gradientboosting
0,78,train,1.41,1.3290704760400653,gradientboosting
0,79,train,1.01,1.0009753201343932,gradientboosting
0,80,train,1.2,1.1649224895661068,gradientboosting
0,81,train,1.25,1.1649224895661068,gradientboosting
0,82,train,1.25,1.1649224895661068,gradientboosting
0,83,train,1.17,1.2175656317180048,gradientboosting
0,84,train,1.05,1.0889381836773868,gradientboosting
0,85,train,1.35,1.4015703305483345,gradientboosting
0,86,train,1.5,1.4015703305483345,gradientboosting
0,87,train,1.4,1.4015703305483345,gradientboosting
0,88,train,1.28,1.3086794576238725,gradientboosting
0,89,train,1.22,1.1718076399948667,gradientboosting
0,90,train,1.23,1.1713555472405959,gradientboosting
0,92,train,1.09,1.0711776390606045,gradientboosting
0,93,train,1.05,1.1649224895661068,gradientboosting
0,94,train,0.98,1.017386334247693,gradientboosting
0,95,train,0.95,0.9670415836667138,gradientboosting
0,96,train,1.2,1.2175656317180048,gradientboosting
0,97,train,1.25,1.2175656317180048,gradientboosting
0,98,train,1.38,1.33612742437535,gradientboosting
0,99,train,1.15,1.2175656317180048,gradientboosting
0,100,train,1.15,1.2175656317180048,gradientboosting
0,101,train,1.2,1.1649224895661068,gradientboosting
0,102,train,1.2,1.1713555472405959,gradientboosting
0,103,train,1.15,1.1139009776855988,gradientboosting
0,104,train,1.1,1.1713555472405959,gradientboosting
0,105,train,1.08,1.1139009776855988,gradientboosting
0,106,train,1.2,1.2286010833565615,gradientboosting
0,107,train,1.17,1.1718076399948667,gradientboosting
0,109,train,1.2,1.2070386791755143,gradientboosting
0,110,train,1.25,1.3086794576238725,gradientboosting
0,111,train,1.12,1.1286403842746908,gradientboosting
0,112,train,0.85,0.9277460372237348,gradientboosting
0,113,train,1.1,1.1649224895661068,gradientboosting
0,114,train,1.14,1.1718076399948667,gradientboosting
0,115,train,1.23,1.236646698574036,gradientboosting
0,116,train,1.18,1.211993972485147,gradientboosting
0,117,train,1.42,1.3880500886661735,gradientboosting
0,118,train,0.98,1.1030852415581058,gradientboosting
0,119,train,1.3,1.293226215251216,gradientboosting
0,120,train,1.4,1.406669546290547,gradientboosting
0,121,train,1.5,1.4099721660558258,gradientboosting
0,122,train,1.1,1.1713555472405959,gradientboosting
0,123,train,1.15,1.1713555472405959,gradientboosting
0,124,train,1.08,1.1139009776855988,gradientboosting
0,125,train,1.04,1.0061830866546144,gradientboosting
0,126,train,1.25,1.2408538684352473,gradientboosting
0,127,train,1.25,1.3109425620601525,gradientboosting
0,128,train,1.39,1.3975323750748547,gradientboosting
0,129,train,1.45,1.3975323750748547,gradientboosting
0,130,train,1.0,1.017386334247693,gradientboosting
0,131,train,1.15,1.1286403842746908,gradientboosting
0,132,train,1.25,1.265114136322916,gradientboosting
0,135,train,1.3,1.3463891263914858,gradientboosting
0,136,train,1.2,1.2153435594047024,gradientboosting
0,137,train,1.3,1.2394502183579283,gradientboosting
0,138,train,1.2,1.1713555472405959,gradientboosting
0,143,train,1.41,1.3463891263914858,gradientboosting
0,144,train,1.1,1.0821143757962612,gradientboosting
0,146,train,0.89,0.9786136746944422,gradientboosting
0,148,train,0.94,0.9277460372237348,gradientboosting
0,149,train,1.15,1.1030852415581058,gradientboosting
0,152,train,1.25,1.2153435594047024,gradientboosting
0,153,train,1.24,1.1713555472405959,gradientboosting
0,158,train,0.86,0.8686454824094211,gradientboosting
0,159,train,0.77,0.9277460372237348,gradientboosting
0,160,train,1.29,1.3463891263914858,gradientboosting
0,161,train,1.1,1.1649224895661068,gradientboosting
0,162,train,1.4,1.3463891263914858,gradientboosting
0,163,train,1.08,1.0889381836773868,gradientboosting
0,164,train,1.1,1.0889381836773868,gradientboosting
0,165,train,1.2,1.1649224895661068,gradientboosting
0,169,train,1.4,1.3975323750748547,gradientboosting
0,170,train,1.28,1.3290704760400653,gradientboosting
0,171,train,1.3,1.3290704760400653,gradientboosting
0,173,train,1.25,1.2175656317180048,gradientboosting
0,174,train,0.95,0.9560394156721882,gradientboosting
0,175,train,1.0,1.1030852415581058,gradientboosting
0,176,train,1.35,1.3086794576238725,gradientboosting
0,177,train,1.25,1.2374179020727922,gradientboosting
0,179,train,1.3,1.2898312989670455,gradientboosting
0,180,train,1.45,1.4015703305483345,gradientboosting
0,181,train,1.25,1.2457721707633804,gradientboosting
0,182,train,1.4,1.406669546290547,gradientboosting
0,183,train,1.45,1.406669546290547,gradientboosting
0,184,train,1.2,1.1864653434340802,gradientboosting
0,186,train,1.38,1.4015703305483345,gradientboosting
0,188,train,1.3,1.2153435594047024,gradientboosting
0,189,train,1.3,1.2674453040924605,gradientboosting
0,190,train,1.25,1.2674453040924605,gradientboosting
0,191,train,1.25,1.2436411021730762,gradientboosting
0,192,train,0.95,0.9560394156721882,gradientboosting
0,195,train,0.84,0.9277460372237348,gradientboosting
0,196,train,1.11,1.1649224895661068,gradientboosting
0,197,train,1.05,1.0770922168044381,gradientboosting
0,198,train,1.17,1.2153435594047024,gradientboosting
0,199,train,1.12,1.1024717085204205,gradientboosting
0,9,test,1.35,1.3862986833673279,gradientboosting
0,10,test,1.4,1.3862986833673279,gradientboosting
0,14,test,1.25,1.2097811915065684,gradientboosting
0,27,test,1.05,1.0821143757962612,gradientboosting
0,28,test,1.3,1.2153435594047024,gradientboosting
0,29,test,1.05,1.06651166356292,gradientboosting
0,33,test,1.45,1.406669546290547,gradientboosting
0,34,test,1.15,1.1139009776855988,gradientboosting
0,47,test,1.0,0.9968152887704613,gradientboosting
0,50,test,1.21,1.100081163588217,gradientboosting
0,51,test,1.1,1.1139009776855988,gradientboosting
0,60,test,1.15,1.1713555472405959,gradientboosting
0,66,test,1.2,1.1718076399948667,gradientboosting
0,67,test,1.03,1.0222713281610227,gradientboosting
0,68,test,1.38,1.33612742437535,gradientboosting
0,91,test,1.32,1.3086794576238725,gradientboosting
0,108,test,1.25,1.2674453040924605,gradientboosting
0,133,test,1.04,1.1030852415581058,gradientboosting
0,134,test,1.25,1.2674453040924605,gradientboosting
0,139,test,0.8,0.9277460372237348,gradientboosting
0,140,test,0.83,0.9277460372237348,gradientboosting
0,141,test,0.96,0.8618404601708053,gradientboosting
0,142,test,1.18,1.1713555472405959,gradientboosting
0,145,test,1.1,1.1649224895661068,gradientboosting
0,147,test,0.998,0.8618404601708053,gradientboosting
0,150,test,1.18,1.2574172630611984,gradientboosting
0,151,test,1.25,1.2674453040924605,gradientboosting
0,154,test,1.36,1.3463891263914858,gradientboosting
0,155,test,1.3,1.3006326791370866,gradientboosting
0,156,test,1.35,1.293226215251216,gradientboosting
0,157,test,1.3,1.3006326791370866,gradientboosting
0,166,test,1.3,1.3086794576238725,gradientboosting
0,167,test,1.01,0.9786136746944422,gradientboosting
0,168,test,1.4,1.3603138374564812,gradientboosting
0,172,test,0.94,0.8618404601708053,gradientboosting
0,178,test,1.1,1.1649224895661068,gradientboosting
0,185,test,1.4,1.3603138374564812,gradientboosting
0,187,test,1.2,1.2989821913518018,gradientboosting
0,193,test,1.22,1.2570785997166933,gradientboosting
0,194,test,1.32,1.2570785997166933,gradientboosting
1,0,train,1.3,1.3034403513055732,gradientboosting
1,1,train,1.5,1.3877526478933768,gradientboosting
1,2,train,1.27,1.308328133383545,gradientboosting
1,3,train,1.1,1.1659497581592284,gradientboosting
1,4,train,1.4,1.3816532257315455,gradientboosting
1,5,train,1.24,1.2059998508226424,gradientboosting
1,6,train,1.35,1.2461507838898132,gradientboosting
1,7,train,1.25,1.2454961088546415,gradientboosting
1,9,train,1.35,1.3822023521775109,gradientboosting
1,10,train,1.4,1.3822023521775109,gradientboosting
1,12,train,1.25,1.276091927941431,gradientboosting
1,13,train,0.98,1.0124938572599487,gradientboosting
1,14,train,1.25,1.2482289379230924,gradientboosting
1,16,train,0.82,0.8943219141094583,gradientboosting
1,17,train,1.35,1.312527342532048,gradientboosting
1,18,train,1.4,1.4127534292091206,gradientboosting
1,19,train,0.95,0.9815594030701562,gradientboosting
1,20,train,1.4,1.3303610884255972,gradientboosting
1,21,train,1.3,1.3303610884255972,gradientboosting
1,26,train,1.5,1.4750503823604069,gradientboosting
1,27,train,1.05,1.0675925481620503,gradientboosting
1,28,train,1.3,1.2235805862633713,gradientboosting
1,29,train,1.05,1.056653740947915,gradientboosting
1,32,train,1.35,1.3601185819002248,gradientboosting
1,33,train,1.45,1.4127534292091206,gradientboosting
1,34,train,1.15,1.1072909667684645,gradientboosting
1,35,train,1.21,1.2059998508226424,gradientboosting
1,36,train,1.0,1.0061039216328331,gradientboosting
1,37,train,0.84,0.9317347902161127,gradientboosting
1,40,train,1.15,1.2059998508226424,gradientboosting
1,41,train,1.4,1.4127534292091206,gradientboosting
1,42,train,1.25,1.246210080526487,gradientboosting
1,43,train,1.35,1.3601185819002248,gradientboosting
1,44,train,1.1,1.07367195056849,gradientboosting
1,45,train,1.3,1.3303610884255972,gradientboosting
1,46,train,1.0,1.0018265128029054,gradientboosting
1,47,train,1.0,1.0018265128029054,gradientboosting
1,48,train,0.92,0.9383329245611911,gradientboosting
1,49,train,1.33,1.3282911488416709,gradientboosting
1,50,train,1.21,1.188917686966195,gradientboosting
1,51,train,1.1,1.1072909667684645,gradientboosting
1,52,train,1.1,1.084441658291607,gradientboosting
1,56,train,1.08,0.9815594030701562,gradientboosting
1,57,train,0.99,0.9806630345567063,gradientboosting
1,58,train,1.11,1.1055854075001823,gradientboosting
1,59,train,1.0,1.0116625563445902,gradientboosting
1,60,train,1.15,1.1595577813461713,gradientboosting
1,61,train,1.04,0.8943219141094583,gradientboosting
1,62,train,1.1,1.0839024595775115,gradientboosting
1,63,train,1.11,1.1055854075001823,gradientboosting
1,64,train,1.0,0.9986507493557641,gradientboosting
1,65,train,1.11,1.1010982122877622,gradientboosting
1,66,train,1.2,1.1728452023085623,gradientboosting
1,67,train,1.03,1.0459663398634973,gradientboosting
1,68,train,1.38,1.3476277962187473,gradientboosting
1,69,train,1.06,0.8943219141094583,gradientboosting
1,70,train,1.34,1.3816532257315455,gradientboosting
1,71,train,1.4,1.3872336441500908,gradientboosting
1,72,train,1.3,1.3282911488416709,gradientboosting
1,73,train,1.25,1.2235805862633713,gradientboosting
1,74,train,1.18,1.1055854075001823,gradientboosting
1,75,train,0.98,0.9520839390837341,gradientboosting
1,76,train,1.04,1.0839024595775115,gradientboosting
1,77,train,1.29,1.3476277962187473,gradientboosting
1,78,train,1.41,1.3303610884255972,gradientboosting
1,80,train,1.2,1.1659497581592284,gradientboosting
1,81,train,1.25,1.1659497581592284,gradientboosting
1,82,train,1.25,1.1659497581592284,gradientboosting
1,83,train,1.17,1.2059998508226424,gradientboosting
1,84,train,1.05,1.0839024595775115,gradientboosting
1,90,train,1.23,1.1595577813461713,gradientboosting
1,91,train,1.32,1.3282911488416709,gradientboosting
1,92,train,1.09,1.0714145354002411,gradientboosting
1,94,train,0.98,1.0124938572599487,gradientboosting
1,95,train,0.95,0.9620287481231106,gradientboosting
1,96,train,1.2,1.2059998508226424,gradientboosting
1,97,train,1.25,1.2059998508226424,gradientboosting
1,98,train,1.38,1.3476277962187473,gradientboosting
1,99,train,1.15,1.2059998508226424,gradientboosting
1,100,train,1.15,1.2059998508226424,gradientboosting
1,101,train,1.2,1.1659497581592284,gradientboosting
1,102,train,1.2,1.1595577813461713,gradientboosting
1,103,train,1.15,1.1072909667684645,gradientboosting
1,104,train,1.1,1.1595577813461713,gradientboosting
1,105,train,1.08,1.1072909667684645,gradientboosting
1,106,train,1.2,1.2259066341323581,gradientboosting
1,107,train,1.17,1.1728452023085623,gradientboosting
1,108,train,1.25,1.246210080526487,gradientboosting
1,109,train,1.2,1.2104679922708184,gradientboosting
1,111,train,1.12,1.1260602307979148,gradientboosting
1,112,train,0.85,0.8943219141094583,gradientboosting
1,115,train,1.23,1.2324737673661874,gradientboosting
1,116,train,1.18,1.2216416984337346,gradientboosting
1,117,train,1.42,1.3816532257315455,gradientboosting
1,118,train,0.98,1.1055854075001823,gradientboosting
1,119,train,1.3,1.308328133383545,gradientboosting
1,120,train,1.4,1.4127534292091206,gradientboosting
1,121,train,1.5,1.4127534292091206,gradientboosting
1,122,train,1.1,1.1595577813461713,gradientboosting
1,123,train,1.15,1.1595577813461713,gradientboosting
1,124,train,1.08,1.1072909667684645,gradientboosting
1,126,train,1.25,1.2464355501214757,gradientboosting
1,127,train,1.25,1.312527342532048,gradientboosting
1,128,train,1.39,1.399647589643479,gradientboosting
1,129,train,1.45,1.399647589643479,gradientboosting
1,130,train,1.0,1.0124938572599487,gradientboosting
1,132,train,1.25,1.2676613653962667,gradientboosting
1,133,train,1.04,1.1055854075001823,gradientboosting
1,134,train,1.25,1.246210080526487,gradientboosting
1,137,train,1.3,1.2424330737503873,gradientboosting
1,139,train,0.8,0.8943219141094583,gradientboosting
1,140,train,0.83,0.8943219141094583,gradientboosting
1,141,train,0.96,0.9317347902161127,gradientboosting
1,142,train,1.18,1.1595577813461713,gradientboosting
1,144,train,1.1,1.0675925481620503,gradientboosting
1,145,train,1.1,1.1659497581592284,gradientboosting
1,146,train,0.89,0.9815594030701562,gradientboosting
1,147,train,0.998,0.9317347902161127,gradientboosting
1,148,train,0.94,0.8943219141094583,gradientboosting
1,149,train,1.15,1.1055854075001823,gradientboosting
1,150,train,1.18,1.198917617775352,gradientboosting
1,151,train,1.25,1.246210080526487,gradientboosting
1,152,train,1.25,1.2235805862633713,gradientboosting
1,154,train,1.36,1.3460105369352031,gradientboosting
1,155,train,1.3,1.2987621983592628,gradientboosting
1,156,train,1.35,1.308328133383545,gradientboosting
1,157,train,1.3,1.2987621983592628,gradientboosting
1,158,train,0.86,0.8769449049980945,gradientboosting
1,159,train,0.77,0.8943219141094583,gradientboosting
1,160,train,1.29,1.3460105369352031,gradientboosting
1,161,train,1.1,1.1659497581592284,gradientboosting
1,162,train,1.4,1.3460105369352031,gradientboosting
1,163,train,1.08,1.0839024595775115,gradientboosting
1,164,train,1.1,1.0839024595775115,gradientboosting
1,165,train,1.2,1.1659497581592284,gradientboosting
1,166,train,1.3,1.3282911488416709,gradientboosting
1,167,train,1.01,0.9815594030701562,gradientboosting
1,168,train,1.4,1.3877526478933768,gradientboosting
1,169,train,1.4,1.399647589643479,gradientboosting
1,170,train,1.28,1.3303610884255972,gradientboosting
1,171,train,1.3,1.3303610884255972,gradientboosting
1,172,train,0.94,0.9317347902161127,gradientboosting
1,176,train,1.35,1.3282911488416709,gradientboosting
1,177,train,1.25,1.2433390432644977,gradientboosting
1,178,train,1.1,1.1659497581592284,gradientboosting
1,179,train,1.3,1.2905401274197692,gradientboosting
1,180,train,1.45,1.3872336441500908,gradientboosting
1,184,train,1.2,1.1826860842831923,gradientboosting
1,185,train,1.4,1.3877526478933768,gradientboosting
1,186,train,1.38,1.3872336441500908,gradientboosting
1,187,train,1.2,1.2461507838898132,gradientboosting
1,192,train,0.95,0.972158953717189,gradientboosting
1,193,train,1.22,1.2633068371592584,gradientboosting
1,194,train,1.32,1.2633068371592584,gradientboosting
1,195,train,0.84,0.8943219141094583,gradientboosting
1,196,train,1.11,1.1659497581592284,gradientboosting
1,197,train,1.05,1.0815289249978124,gradientboosting
1,198,train,1.17,1.2235805862633713,gradientboosting
1,199,train,1.12,1.113392790250355,gradientboosting
1,8,test,1.0,1.0638870613922413,gradientboosting
1,11,test,0.97,0.8943219141094583,gradientboosting
1,15,test,1.012,0.8943219141094583,gradientboosting
1,22,test,1.15,1.1659497581592284,gradientboosting
1,23,test,1.2,1.1659497581592284,gradientboosting
1,24,test,1.15,1.1659497581592284,gradientboosting
1,25,test,1.2,1.1595577813461713,gradientboosting
1,30,test,1.15,1.1906067476416062,gradientboosting
1,31,test,1.2,1.1906067476416062,gradientboosting
1,38,test,1.3,1.3601185819002248,gradientboosting
1,39,test,0.9,0.8943219141094583,gradientboosting
1,53,test,1.1,1.1072909667684645,gradientboosting
1,54,test,1.15,1.1072909667684645,gradientboosting
1,55,test,1.29,1.2059998508226424,gradientboosting
1,79,test,1.01,0.9829175415944612,gradientboosting
1,85,test,1.35,1.3872336441500908,gradientboosting
1,86,test,1.5,1.3872336441500908,gradientboosting
1,87,test,1.4,1.3872336441500908,gradientboosting
1,88,test,1.28,1.3282911488416709,gradientboosting
1,89,test,1.22,1.1728452023085623,gradientboosting
1,93,test,1.05,1.1659497581592284,gradientboosting
1,110,test,1.25,1.3282911488416709,gradientboosting
1,113,test,1.1,1.1659497581592284,gradientboosting
1,114,test,1.14,1.1728452023085623,gradientboosting
1,125,test,1.04,1.0116625563445902,gradientboosting
1,131,test,1.15,1.1260602307979148,gradientboosting
1,135,test,1.3,1.3460105369352031,gradientboosting
1,136,test,1.2,1.2235805862633713,gradientboosting
1,138,test,1.2,1.1595577813461713,gradientboosting
1,143,test,1.41,1.3460105369352031,gradientboosting
1,153,test,1.24,1.1595577813461713,gradientboosting
1,173,test,1.25,1.2059998508226424,gradientboosting
1,174,test,0.95,0.972158953717189,gradientboosting
1,175,test,1.0,1.1055854075001823,gradientboosting
1,181,test,1.25,1.2358299287029344,gradientboosting
1,182,test,1.4,1.4127534292091206,gradientboosting
1,183,test,1.45,1.4127534292091206,gradientboosting
1,188,test,1.3,1.2235805862633713,gradientboosting
1,189,test,1.3,1.246210080526487,gradientboosting
1,190,test,1.25,1.246210080526487,gradientboosting
1,191,test,1.25,1.2198363455502244,gradientboosting
2,2,train,1.27,1.3109655678212222,gradientboosting
2,6,train,1.35,1.2527523227935642,gradientboosting
2,7,train,1.25,1.238139246075756,gradientboosting
2,8,train,1.0,1.01368873721972,gradientboosting
2,9,train,1.35,1.3820819715565087,gradientboosting
2,10,train,1.4,1.3820819715565087,gradientboosting
2,11,train,0.97,0.9004776926020831,gradientboosting
2,12,train,1.25,1.2715743964685335,gradientboosting
2,13,train,0.98,1.0133221542927895,gradientboosting
2,14,train,1.25,1.247893228702567,gradientboosting
2,15,train,1.012,0.9004776926020831,gradientboosting
2,16,train,0.82,0.9004776926020831,gradientboosting
2,18,train,1.4,1.3891152106714408,gradientboosting
2,19,train,0.95,0.9818797068034367,gradientboosting
2,22,train,1.15,1.1620298198400636,gradientboosting
2,23,train,1.2,1.1620298198400636,gradientboosting
2,24,train,1.15,1.1620298198400636,gradientboosting
2,25,train,1.2,1.169741644112811,gradientboosting
2,26,train,1.5,1.47175181882018,gradientboosting
2,27,train,1.05,1.070726020654273,gradientboosting
2,28,train,1.3,1.2171221429561847,gradientboosting
2,29,train,1.05,1.0587442088743404,gradientboosting
2,30,train,1.15,1.1712505582943762,gradientboosting
2,31,train,1.2,1.1712505582943762,gradientboosting
2,32,train,1.35,1.3421019523169884,gradientboosting
2,33,train,1.45,1.3994899947667705,gradientboosting
2,34,train,1.15,1.12070086615862,gradientboosting
2,35,train,1.21,1.2142904186809498,gradientboosting
2,37,train,0.84,0.9328701318388871,gradientboosting
2,38,train,1.3,1.3421019523169884,gradientboosting
2,39,train,0.9,0.9004776926020831,gradientboosting
2,40,train,1.15,1.2142904186809498,gradientboosting
2,41,train,1.4,1.3891152106714408,gradientboosting
2,42,train,1.25,1.260058471401342,gradientboosting
2,46,train,1.0,0.9946421707137042,gradientboosting
2,47,train,1.0,0.9946421707137042,gradientboosting
2,48,train,0.92,0.936158454554073,gradientboosting
2,49,train,1.33,1.3070192060814612,gradientboosting
2,50,train,1.21,1.1968729616808913,gradientboosting
2,51,train,1.1,1.12070086615862,gradientboosting
2,53,train,1.1,1.12070086615862,gradientboosting
2,54,train,1.15,1.12070086615862,gradientboosting
2,55,train,1.29,1.2142904186809498,gradientboosting
2,57,train,0.99,0.9813869399460173,gradientboosting
2,58,train,1.11,1.117879660846083,gradientboosting
2,59,train,1.0,1.0210936665488666,gradientboosting
2,60,train,1.15,1.169741644112811,gradientboosting
2,61,train,1.04,0.9004776926020831,gradientboosting
2,62,train,1.1,1.0872042627816103,gradientboosting
2,63,train,1.11,1.117879660846083,gradientboosting
2,64,train,1.0,1.0060902694610765,gradientboosting
2,65,train,1.11,1.1212982848723652,gradientboosting
2,66,train,1.2,1.1782796863908132,gradientboosting
2,67,train,1.03,1.0205467736240705,gradientboosting
2,68,train,1.38,1.3777902211708113,gradientboosting
2,70,train,1.34,1.3873153515566505,gradientboosting
2,71,train,1.4,1.3935374158958094,gradientboosting
2,73,train,1.25,1.2171221429561847,gradientboosting
2,74,train,1.18,1.117879660846083,gradientboosting
2,75,train,0.98,0.955285449908746,gradientboosting
2,76,train,1.04,1.0872042627816103,gradientboosting
2,79,train,1.01,1.00914267351421,gradientboosting
2,80,train,1.2,1.1620298198400636,gradientboosting
2,81,train,1.25,1.1620298198400636,gradientboosting
2,82,train,1.25,1.1620298198400636,gradientboosting
2,83,train,1.17,1.2142904186809498,gradientboosting
2,84,train,1.05,1.0872042627816103,gradientboosting
2,85,train,1.35,1.3935374158958094,gradientboosting
2,86,train,1.5,1.3935374158958094,gradientboosting
2,87,train,1.4,1.3935374158958094,gradientboosting
2,88,train,1.28,1.3070192060814612,gradientboosting
2,89,train,1.22,1.1782796863908132,gradientboosting
2,90,train,1.23,1.169741644112811,gradientboosting
2,91,train,1.32,1.3070192060814612,gradientboosting
2,93,train,1.05,1.1620298198400636,gradientboosting
2,94,train,0.98,1.0133221542927895,gradientboosting
2,95,train,0.95,0.9640549795165174,gradientboosting
2,96,train,1.2,1.2142904186809498,gradientboosting
2,97,train,1.25,1.2142904186809498,gradientboosting
2,99,train,1.15,1.2142904186809498,gradientboosting
2,100,train,1.15,1.2142904186809498,gradientboosting
2,101,train,1.2,1.1620298198400636,gradientboosting
2,102,train,1.2,1.169741644112811,gradientboosting
2,103,train,1.15,1.12070086615862,gradientboosting
2,104,train,1.1,1.169741644112811,gradientboosting
2,105,train,1.08,1.12070086615862,gradientboosting
2,106,train,1.2,1.2182390779903212,gradientboosting
2,108,train,1.25,1.260058471401342,gradientboosting
2,109,train,1.2,1.208406583912315,gradientboosting
2,110,train,1.25,1.3070192060814612,gradientboosting
2,113,train,1.1,1.1620298198400636,gradientboosting
2,114,train,1.14,1.1782796863908132,gradientboosting
2,117,train,1.42,1.3873153515566505,gradientboosting
2,122,train,1.1,1.169741644112811,gradientboosting
2,123,train,1.15,1.169741644112811,gradientboosting
2,125,train,1.04,1.0210936665488666,gradientboosting
2,126,train,1.25,1.2398055525299287,gradientboosting
2,127,train,1.25,1.2782617238558052,gradientboosting
2,128,train,1.39,1.3972453590398,gradientboosting
2,129,train,1.45,1.3972453590398,gradientboosting
2,131,train,1.15,1.1342608901454134,gradientboosting
2,133,train,1.04,1.117879660846083,gradientboosting
2,134,train,1.25,1.260058471401342,gradientboosting
2,135,train,1.3,1.3456798725897254,gradientboosting
2,136,train,1.2,1.2171221429561847,gradientboosting
2,138,train,1.2,1.169741644112811,gradientboosting
2,139,train,0.8,0.9004776926020831,gradientboosting
2,140,train,0.83,0.9004776926020831,gradientboosting
2,141,train,0.96,0.9328701318388871,gradientboosting
2,142,train,1.18,1.169741644112811,gradientboosting
2,143,train,1.41,1.3456798725897254,gradientboosting
2,144,train,1.1,1.070726020654273,gradientboosting
2,145,train,1.1,1.1620298198400636,gradientboosting
2,147,train,0.998,0.9328701318388871,gradientboosting
2,148,train,0.94,0.9004776926020831,gradientboosting
2,149,train,1.15,1.117879660846083,gradientboosting
2,150,train,1.18,1.2106141669038326,gradientboosting
2,151,train,1.25,1.260058471401342,gradientboosting
2,153,train,1.24,1.169741644112811,gradientboosting
2,154,train,1.36,1.3456798725897254,gradientboosting
2,155,train,1.3,1.3109285531656552,gradientboosting
2,156,train,1.35,1.3109655678212222,gradientboosting
2,157,train,1.3,1.3109285531656552,gradientboosting
2,158,train,0.86,0.8741551369105783,gradientboosting
2,159,train,0.77,0.9004776926020831,gradientboosting
2,160,train,1.29,1.3456798725897254,gradientboosting
2,161,train,1.1,1.1620298198400636,gradientboosting
2,162,train,1.4,1.3456798725897254,gradientboosting
2,163,train,1.08,1.0872042627816103,gradientboosting
2,164,train,1.1,1.0872042627816103,gradientboosting
2,165,train,1.2,1.1620298198400636,gradientboosting
2,166,train,1.3,1.3070192060814612,gradientboosting
2,167,train,1.01,0.9818797068034367,gradientboosting
2,168,train,1.4,1.3540807865605629,gradientboosting
2,169,train,1.4,1.3972453590398,gradientboosting
2,170,train,1.28,1.2910525404736068,gradientboosting
2,171,train,1.3,1.2910525404736068,gradientboosting
2,172,train,0.94,0.9328701318388871,gradientboosting
2,173,train,1.25,1.2142904186809498,gradientboosting
2,174,train,0.95,0.9727936405201215,gradientboosting
2,175,train,1.0,1.117879660846083,gradientboosting
2,176,train,1.35,1.3070192060814612,gradientboosting
2,177,train,1.25,1.2421416776774963,gradientboosting
2,178,train,1.1,1.1620298198400636,gradientboosting
2,179,train,1.3,1.2960774337397571,gradientboosting
2,180,train,1.45,1.3935374158958094,gradientboosting
2,181,train,1.25,1.2422445419476227,gradientboosting
2,182,train,1.4,1.3994899947667705,gradientboosting
2,183,train,1.45,1.3994899947667705,gradientboosting
2,185,train,1.4,1.3540807865605629,gradientboosting
2,186,train,1.38,1.3935374158958094,gradientboosting
2,187,train,1.2,1.2527523227935642,gradientboosting
2,188,train,1.3,1.2171221429561847,gradientboosting
2,189,train,1.3,1.260058471401342,gradientboosting
2,190,train,1.25,1.260058471401342,gradientboosting
2,191,train,1.25,1.2468394014098618,gradientboosting
2,193,train,1.22,1.254813573211669,gradientboosting
2,194,train,1.32,1.254813573211669,gradientboosting
2,195,train,0.84,0.9004776926020831,gradientboosting
2,196,train,1.11,1.1620298198400636,gradientboosting
2,197,train,1.05,1.0722142661400638,gradientboosting
2,198,train,1.17,1.2171221429561847,gradientboosting
2,199,train,1.12,1.1063276721127389,gradientboosting
2,0,test,1.3,1.296860669836425,gradientboosting
2,1,test,1.5,1.3540807865605629,gradientboosting
2,3,test,1.1,1.1620298198400636,gradientboosting
2,4,test,1.4,1.3873153515566505,gradientboosting
2,5,test,1.24,1.2142904186809498,gradientboosting
2,17,test,1.35,1.2782617238558052,gradientboosting
2,20,test,1.4,1.2910525404736068,gradientboosting
2,21,test,1.3,1.2910525404736068,gradientboosting
2,36,test,1.0,0.9778073409553449,gradientboosting
2,43,test,1.35,1.3421019523169884,gradientboosting
2,44,test,1.1,0.9908310761454677,gradientboosting
2,45,test,1.3,1.2910525404736068,gradientboosting
2,52,test,1.1,1.0244235158802446,gradientboosting
2,56,test,1.08,0.9818797068034367,gradientboosting
2,69,test,1.06,0.9004776926020831,gradientboosting
2,72,test,1.3,1.3070192060814612,gradientboosting
2,77,test,1.29,1.3777902211708113,gradientboosting
2,78,test,1.41,1.2910525404736068,gradientboosting
2,92,test,1.09,0.9744750945208892,gradientboosting
2,98,test,1.38,1.3777902211708113,gradientboosting
2,107,test,1.17,1.1782796863908132,gradientboosting
2,111,test,1.12,1.1342608901454134,gradientboosting
2,112,test,0.85,0.9004776926020831,gradientboosting
2,115,test,1.23,1.2289337267164753,gradientboosting
2,116,test,1.18,1.2664237887841892,gradientboosting
2,118,test,0.98,1.117879660846083,gradientboosting
2,119,test,1.3,1.3109655678212222,gradientboosting
2,120,test,1.4,1.3994899947667705,gradientboosting
2,121,test,1.5,1.3891152106714408,gradientboosting
2,124,test,1.08,1.12070086615862,gradientboosting
2,130,test,1.0,1.0133221542927895,gradientboosting
2,132,test,1.25,1.2886833590034483,gradientboosting
2,137,test,1.3,1.2226176686677959,gradientboosting
2,146,test,0.89,0.9818797068034367,gradientboosting
2,152,test,1.25,1.2171221429561847,gradientboosting
2,184,test,1.2,1.0512215099207152,gradientboosting
2,192,test,0.95,0.9727936405201215,gradientboosting
3,0,train,1.3,1.304397912078304,gradientboosting
3,1,train,1.5,1.3986296057922971,gradientboosting
3,2,train,1.27,1.3097071348208957,gradientboosting
3,3,train,1.1,1.1553869885860164,gradientboosting
3,4,train,1.4,1.3966075847270687,gradientboosting
3,5,train,1.24,1.2470025067481698,gradientboosting
3,8,train,1.0,1.02053474877301,gradientboosting
3,9,train,1.35,1.3782688770470128,gradientboosting
3,10,train,1.4,1.3782688770470128,gradientboosting
3,11,train,0.97,0.9316103861325068,gradientboosting
3,12,train,1.25,1.27732877241094,gradientboosting
3,13,train,0.98,1.0181968758552409,gradientboosting
3,14,train,1.25,1.2343309437228025,gradientboosting
3,15,train,1.012,0.9316103861325068,gradientboosting
3,17,train,1.35,1.3557796671055153,gradientboosting
3,20,train,1.4,1.3261478707333652,gradientboosting
3,21,train,1.3,1.3261478707333652,gradientboosting
3,22,train,1.15,1.1553869885860164,gradientboosting
3,23,train,1.2,1.1553869885860164,gradientboosting
3,24,train,1.15,1.1553869885860164,gradientboosting
3,25,train,1.2,1.1788059166351015,gradientboosting
3,27,train,1.05,1.0682076837038021,gradientboosting
3,28,train,1.3,1.2287894894873652,gradientboosting
3,29,train,1.05,1.05387577741639,gradientboosting
3,30,train,1.15,1.1715292703488898,gradientboosting
3,31,train,1.2,1.1715292703488898,gradientboosting
3,32,train,1.35,1.3347862173643692,gradientboosting
3,33,train,1.45,1.4214653430904605,gradientboosting
3,34,train,1.15,1.11501610777098,gradientboosting
3,36,train,1.0,1.0066098829009489,gradientboosting
3,38,train,1.3,1.3347862173643692,gradientboosting
3,39,train,0.9,0.9316103861325068,gradientboosting
3,41,train,1.4,1.4184565266366893,gradientboosting
3,42,train,1.25,1.2570712233837498,gradientboosting
3,43,train,1.35,1.3347862173643692,gradientboosting
3,44,train,1.1,1.081633471063383,gradientboosting
3,45,train,1.3,1.3261478707333652,gradientboosting
3,46,train,1.0,0.9993629228023088,gradientboosting
3,47,train,1.0,0.9993629228023088,gradientboosting
3,48,train,0.92,0.937093715862618,gradientboosting
3,50,train,1.21,1.200100730031048,gradientboosting
3,51,train,1.1,1.11501610777098,gradientboosting
3,52,train,1.1,1.0817192640248183,gradientboosting
3,53,train,1.1,1.11501610777098,gradientboosting
3,54,train,1.15,1.11501610777098,gradientboosting
3,55,train,1.29,1.2470025067481698,gradientboosting
3,56,train,1.08,0.9947968611131676,gradientboosting
3,57,train,0.99,0.9832867110536971,gradientboosting
3,58,train,1.11,1.0820532851976126,gradientboosting
3,60,train,1.15,1.1788059166351015,gradientboosting
3,61,train,1.04,0.9316103861325068,gradientboosting
3,62,train,1.1,1.0789848460085099,gradientboosting
3,63,train,1.11,1.0820532851976126,gradientboosting
3,64,train,1.0,0.9965419340451893,gradientboosting
3,65,train,1.11,1.1048536467744747,gradientboosting
3,66,train,1.2,1.183919326519286,gradientboosting
3,67,train,1.03,1.0278868209642218,gradientboosting
3,68,train,1.38,1.3481920869874549,gradientboosting
3,69,train,1.06,0.9316103861325068,gradientboosting
3,71,train,1.4,1.3988122410802635,gradientboosting
3,72,train,1.3,1.3003024057769301,gradientboosting
3,75,train,0.98,0.9490076941220398,gradientboosting
3,76,train,1.04,1.0789848460085099,gradientboosting
3,77,train,1.29,1.3481920869874549,gradientboosting
3,78,train,1.41,1.3261478707333652,gradientboosting
3,79,train,1.01,1.0061172445652327,gradientboosting
3,80,train,1.2,1.1553869885860164,gradientboosting
3,81,train,1.25,1.1553869885860164,gradientboosting
3,82,train,1.25,1.1553869885860164,gradientboosting
3,84,train,1.05,1.0789848460085099,gradientboosting
3,85,train,1.35,1.3988122410802635,gradientboosting
3,86,train,1.5,1.3988122410802635,gradientboosting
3,87,train,1.4,1.3988122410802635,gradientboosting
3,88,train,1.28,1.3003024057769301,gradientboosting
3,89,train,1.22,1.183919326519286,gradientboosting
3,91,train,1.32,1.3003024057769301,gradientboosting
3,92,train,1.09,1.074669899213691,gradientboosting
3,93,train,1.05,1.1553869885860164,gradientboosting
3,95,train,0.95,0.9657399604346559,gradientboosting
3,96,train,1.2,1.2470025067481698,gradientboosting
3,97,train,1.25,1.2470025067481698,gradientboosting
3,98,train,1.38,1.3481920869874549,gradientboosting
3,102,train,1.2,1.1788059166351015,gradientboosting
3,103,train,1.15,1.11501610777098,gradientboosting
3,104,train,1.1,1.1788059166351015,gradientboosting
3,105,train,1.08,1.11501610777098,gradientboosting
3,106,train,1.2,1.2298029103024821,gradientboosting
3,107,train,1.17,1.183919326519286,gradientboosting
3,108,train,1.25,1.2570712233837498,gradientboosting
3,109,train,1.2,1.212792780228839,gradientboosting
3,110,train,1.25,1.3003024057769301,gradientboosting
3,111,train,1.12,1.1287343251550042,gradientboosting
3,112,train,0.85,0.9316103861325068,gradientboosting
3,113,train,1.1,1.1553869885860164,gradientboosting
3,114,train,1.14,1.183919326519286,gradientboosting
3,115,train,1.23,1.2331474823368431,gradientboosting
3,116,train,1.18,1.2335455453144073,gradientboosting
3,117,train,1.42,1.3966075847270687,gradientboosting
3,118,train,0.98,1.0820532851976126,gradientboosting
3,119,train,1.3,1.3097071348208957,gradientboosting
3,120,train,1.4,1.4214653430904605,gradientboosting
3,121,train,1.5,1.4184565266366893,gradientboosting
3,124,train,1.08,1.11501610777098,gradientboosting
3,125,train,1.04,1.017762248635351,gradientboosting
3,130,train,1.0,1.0181968758552409,gradientboosting
3,131,train,1.15,1.1287343251550042,gradientboosting
3,132,train,1.25,1.2674818998168411,gradientboosting
3,133,train,1.04,1.0820532851976126,gradientboosting
3,134,train,1.25,1.2570712233837498,gradientboosting
3,135,train,1.3,1.3529837464822128,gradientboosting
3,136,train,1.2,1.2287894894873652,gradientboosting
3,137,train,1.3,1.2588634434555226,gradientboosting
3,138,train,1.2,1.1788059166351015,gradientboosting
3,139,train,0.8,0.9316103861325068,gradientboosting
3,140,train,0.83,0.9316103861325068,gradientboosting
3,141,train,0.96,0.9626820122143543,gradientboosting
3,142,train,1.18,1.1788059166351015,gradientboosting
3,143,train,1.41,1.3529837464822128,gradientboosting
3,144,train,1.1,1.0682076837038021,gradientboosting
3,145,train,1.1,1.1553869885860164,gradientboosting
3,146,train,0.89,0.9947968611131676,gradientboosting
3,147,train,0.998,0.9626820122143543,gradientboosting
3,149,train,1.15,1.0820532851976126,gradientboosting
3,150,train,1.18,1.1967110693610137,gradientboosting
3,151,train,1.25,1.2570712233837498,gradientboosting
3,152,train,1.25,1.2287894894873652,gradientboosting
3,153,train,1.24,1.1788059166351015,gradientboosting
3,154,train,1.36,1.3529837464822128,gradientboosting
3,155,train,1.3,1.3018628821301066,gradientboosting
3,156,train,1.35,1.3097071348208957,gradientboosting
3,157,train,1.3,1.3018628821301066,gradientboosting
3,161,train,1.1,1.1553869885860164,gradientboosting
3,163,train,1.08,1.0789848460085099,gradientboosting
3,164,train,1.1,1.0789848460085099,gradientboosting
3,165,train,1.2,1.1553869885860164,gradientboosting
3,166,train,1.3,1.3003024057769301,gradientboosting
3,167,train,1.01,0.9947968611131676,gradientboosting
3,168,train,1.4,1.3986296057922971,gradientboosting
3,169,train,1.4,1.382020238623166,gradientboosting
3,170,train,1.28,1.3261478707333652,gradientboosting
3,171,train,1.3,1.3261478707333652,gradientboosting
3,172,train,0.94,0.9626820122143543,gradientboosting
3,173,train,1.25,1.2470025067481698,gradientboosting
3,174,train,0.95,0.9592891614455468,gradientboosting
3,175,train,1.0,1.0820532851976126,gradientboosting
3,178,train,1.1,1.1553869885860164,gradientboosting
3,181,train,1.25,1.2449011675186583,gradientboosting
3,182,train,1.4,1.4214653430904605,gradientboosting
3,183,train,1.45,1.4214653430904605,gradientboosting
3,184,train,1.2,1.187057332447371,gradientboosting
3,185,train,1.4,1.3986296057922971,gradientboosting
3,187,train,1.2,1.221614301986546,gradientboosting
3,188,train,1.3,1.2287894894873652,gradientboosting
3,189,train,1.3,1.2570712233837498,gradientboosting
3,190,train,1.25,1.2570712233837498,gradientboosting
3,191,train,1.25,1.2474530601414624,gradientboosting
3,192,train,0.95,0.9592891614455468,gradientboosting
3,193,train,1.22,1.2626227349859884,gradientboosting
3,194,train,1.32,1.2626227349859884,gradientboosting
3,195,train,0.84,0.9316103861325068,gradientboosting
3,197,train,1.05,1.0728568768226647,gradientboosting
3,198,train,1.17,1.2287894894873652,gradientboosting
3,199,train,1.12,1.1057735060396685,gradientboosting
3,6,test,1.35,1.221614301986546,gradientboosting
3,7,test,1.25,1.1903425322445094,gradientboosting
3,16,test,0.82,0.9316103861325068,gradientboosting
3,18,test,1.4,1.4184565266366893,gradientboosting
3,19,test,0.95,0.9947968611131676,gradientboosting
3,26,test,1.5,1.3678325662496789,gradientboosting
3,35,test,1.21,1.2470025067481698,gradientboosting
3,37,test,0.84,0.9626820122143543,gradientboosting
3,40,test,1.15,1.2470025067481698,gradientboosting
3,49,test,1.33,1.3003024057769301,gradientboosting
3,59,test,1.0,1.017762248635351,gradientboosting
3,70,test,1.34,1.3966075847270687,gradientboosting
3,73,test,1.25,1.2287894894873652,gradientboosting
3,74,test,1.18,1.0820532851976126,gradientboosting
3,83,test,1.17,1.2470025067481698,gradientboosting
3,90,test,1.23,1.1788059166351015,gradientboosting
3,94,test,0.98,1.0181968758552409,gradientboosting
3,99,test,1.15,1.2470025067481698,gradientboosting
3,100,test,1.15,1.2470025067481698,gradientboosting
3,101,test,1.2,1.1553869885860164,gradientboosting
3,122,test,1.1,1.1788059166351015,gradientboosting
3,123,test,1.15,1.1788059166351015,gradientboosting
3,126,test,1.25,1.17459283873079,gradientboosting
3,127,test,1.25,1.3557796671055153,gradientboosting
3,128,test,1.39,1.382020238623166,gradientboosting
3,129,test,1.45,1.382020238623166,gradientboosting
3,148,test,0.94,0.9316103861325068,gradientboosting
3,158,test,0.86,0.985465010919394,gradientboosting
3,159,test,0.77,0.9316103861325068,gradientboosting
3,160,test,1.29,1.3529837464822128,gradientboosting
3,162,test,1.4,1.3529837464822128,gradientboosting
3,176,test,1.35,1.3003024057769301,gradientboosting
3,177,test,1.25,1.2298746507353568,gradientboosting
3,179,test,1.3,1.306871102285021,gradientboosting
3,180,test,1.45,1.3988122410802635,gradientboosting
3,186,test,1.38,1.3988122410802635,gradientboosting
3,196,test,1.11,1.1553869885860164,gradientboosting
4,0,train,1.3,1.3039819931045924,gradientboosting
4,1,train,1.5,1.3821704104616293,gradientboosting
4,3,train,1.1,1.1355538051472502,gradientboosting
4,4,train,1.4,1.3847557715250987,gradientboosting
4,5,train,1.24,1.2183274765158778,gradientboosting
4,6,train,1.35,1.2487925415089016,gradientboosting
4,7,train,1.25,1.228014709145072,gradientboosting
4,8,train,1.0,1.0173017088121208,gradientboosting
4,9,train,1.35,1.3751105471937541,gradientboosting
4,10,train,1.4,1.3751105471937541,gradientboosting
4,11,train,0.97,0.9035943853020079,gradientboosting
4,14,train,1.25,1.241664834127211,gradientboosting
4,15,train,1.012,0.9035943853020079,gradientboosting
4,16,train,0.82,0.9035943853020079,gradientboosting
4,17,train,1.35,1.3193116124870734,gradientboosting
4,18,train,1.4,1.4172721381607736,gradientboosting
4,19,train,0.95,0.9888632071091513,gradientboosting
4,20,train,1.4,1.3527421484914461,gradientboosting
4,21,train,1.3,1.3527421484914461,gradientboosting
4,22,train,1.15,1.1355538051472502,gradientboosting
4,23,train,1.2,1.1355538051472502,gradientboosting
4,24,train,1.15,1.1355538051472502,gradientboosting
4,25,train,1.2,1.1759291048300737,gradientboosting
4,26,train,1.5,1.471746838273204,gradientboosting
4,27,train,1.05,1.0481273400352966,gradientboosting
4,28,train,1.3,1.2364986385775154,gradientboosting
4,29,train,1.05,1.0610205909171437,gradientboosting
4,30,train,1.15,1.1726780926093665,gradientboosting
4,31,train,1.2,1.1726780926093665,gradientboosting
4,33,train,1.45,1.4167178867967056,gradientboosting
4,34,train,1.15,1.1159009903793924,gradientboosting
4,35,train,1.21,1.2183274765158778,gradientboosting
4,36,train,1.0,1.0060700373086968,gradientboosting
4,37,train,0.84,0.9342780165518974,gradientboosting
4,38,train,1.3,1.333807478123121,gradientboosting
4,39,train,0.9,0.9035943853020079,gradientboosting
4,40,train,1.15,1.2183274765158778,gradientboosting
4,43,train,1.35,1.333807478123121,gradientboosting
4,44,train,1.1,1.0761691568987526,gradientboosting
4,45,train,1.3,1.3527421484914461,gradientboosting
4,47,train,1.0,1.011058875526181,gradientboosting
4,49,train,1.33,1.30904374452734,gradientboosting
4,50,train,1.21,1.2146329086317935,gradientboosting
4,51,train,1.1,1.1159009903793924,gradientboosting
4,52,train,1.1,1.0872338203225222,gradientboosting
4,53,train,1.1,1.1159009903793924,gradientboosting
4,54,train,1.15,1.1159009903793924,gradientboosting
4,55,train,1.29,1.2183274765158778,gradientboosting
4,56,train,1.08,0.9888632071091513,gradientboosting
4,59,train,1.0,1.0109020059430789,gradientboosting
4,60,train,1.15,1.1759291048300737,gradientboosting
4,66,train,1.2,1.1785836656914617,gradientboosting
4,67,train,1.03,1.0276617002251278,gradientboosting
4,68,train,1.38,1.345580114364466,gradientboosting
4,69,train,1.06,0.9035943853020079,gradientboosting
4,70,train,1.34,1.3847557715250987,gradientboosting
4,72,train,1.3,1.30904374452734,gradientboosting
4,73,train,1.25,1.2364986385775154,gradientboosting
4,74,train,1.18,1.0818496226523404,gradientboosting
4,77,train,1.29,1.345580114364466,gradientboosting
4,78,train,1.41,1.3527421484914461,gradientboosting
4,79,train,1.01,1.0114535720952218,gradientboosting
4,83,train,1.17,1.2183274765158778,gradientboosting
4,85,train,1.35,1.3929204168422433,gradientboosting
4,86,train,1.5,1.3929204168422433,gradientboosting
4,87,train,1.4,1.3929204168422433,gradientboosting
4,88,train,1.28,1.30904374452734,gradientboosting
4,89,train,1.22,1.1785836656914617,gradientboosting
4,90,train,1.23,1.1759291048300737,gradientboosting
4,91,train,1.32,1.30904374452734,gradientboosting
4,92,train,1.09,1.0744789210211299,gradientboosting
4,93,train,1.05,1.1355538051472502,gradientboosting
4,94,train,0.98,1.0341651758092045,gradientboosting
4,98,train,1.38,1.345580114364466,gradientboosting
4,99,train,1.15,1.2183274765158778,gradientboosting
4,100,train,1.15,1.2183274765158778,gradientboosting
4,101,train,1.2,1.1355538051472502,gradientboosting
4,107,train,1.17,1.1785836656914617,gradientboosting
4,108,train,1.25,1.2556389459129997,gradientboosting
4,110,train,1.25,1.30904374452734,gradientboosting
4,111,train,1.12,1.129759889738041,gradientboosting
4,112,train,0.85,0.9035943853020079,gradientboosting
4,113,train,1.1,1.1355538051472502,gradientboosting
4,114,train,1.14,1.1785836656914617,gradientboosting
4,115,train,1.23,1.2333407520545823,gradientboosting
4,116,train,1.18,1.2296825619025784,gradientboosting
4,118,train,0.98,1.0818496226523404,gradientboosting
4,119,train,1.3,1.3277915745116635,gradientboosting
4,120,train,1.4,1.4167178867967056,gradientboosting
4,121,train,1.5,1.4172721381607736,gradientboosting
4,122,train,1.1,1.1759291048300737,gradientboosting
4,123,train,1.15,1.1759291048300737,gradientboosting
4,124,train,1.08,1.1159009903793924,gradientboosting
4,125,train,1.04,1.0109020059430789,gradientboosting
4,126,train,1.25,1.237098236174664,gradientboosting
4,127,train,1.25,1.3193116124870734,gradientboosting
4,128,train,1.39,1.4001420699165374,gradientboosting
4,129,train,1.45,1.4001420699165374,gradientboosting
4,130,train,1.0,1.0341651758092045,gradientboosting
4,131,train,1.15,1.129759889738041,gradientboosting
4,132,train,1.25,1.277311957000634,gradientboosting
4,133,train,1.04,1.0818496226523404,gradientboosting
4,134,train,1.25,1.2556389459129997,gradientboosting
4,135,train,1.3,1.3518798585885,gradientboosting
4,136,train,1.2,1.2364986385775154,gradientboosting
4,137,train,1.3,1.262061717259058,gradientboosting
4,138,train,1.2,1.1759291048300737,gradientboosting
4,139,train,0.8,0.9035943853020079,gradientboosting
4,140,train,0.83,0.9035943853020079,gradientboosting
4,141,train,0.96,0.9342780165518974,gradientboosting
4,142,train,1.18,1.1759291048300737,gradientboosting
4,143,train,1.41,1.3518798585885,gradientboosting
4,145,train,1.1,1.1355538051472502,gradientboosting
4,146,train,0.89,0.9888632071091513,gradientboosting
4,147,train,0.998,0.9342780165518974,gradientboosting
4,148,train,0.94,0.9035943853020079,gradientboosting
4,150,train,1.18,1.1998005620014591,gradientboosting
4,151,train,1.25,1.2556389459129997,gradientboosting
4,152,train,1.25,1.2364986385775154,gradientboosting
4,153,train,1.24,1.1759291048300737,gradientboosting
4,154,train,1.36,1.3518798585885,gradientboosting
4,155,train,1.3,1.3085701183452438,gradientboosting
4,156,train,1.35,1.3277915745116635,gradientboosting
4,157,train,1.3,1.3085701183452438,gradientboosting
4,158,train,0.86,0.8884520668998643,gradientboosting
4,159,train,0.77,0.9035943853020079,gradientboosting
4,160,train,1.29,1.3518798585885,gradientboosting
4,162,train,1.4,1.3518798585885,gradientboosting
4,166,train,1.3,1.30904374452734,gradientboosting
4,167,train,1.01,0.9888632071091513,gradientboosting
4,168,train,1.4,1.3821704104616293,gradientboosting
4,172,train,0.94,0.9342780165518974,gradientboosting
4,173,train,1.25,1.2183274765158778,gradientboosting
4,174,train,0.95,0.9493070446481244,gradientboosting
4,175,train,1.0,1.0818496226523404,gradientboosting
4,176,train,1.35,1.30904374452734,gradientboosting
4,177,train,1.25,1.2517942783566993,gradientboosting
4,178,train,1.1,1.1355538051472502,gradientboosting
4,179,train,1.3,1.3045862339861016,gradientboosting
4,180,train,1.45,1.3929204168422433,gradientboosting
4,181,train,1.25,1.245908413293925,gradientboosting
4,182,train,1.4,1.4167178867967056,gradientboosting
4,183,train,1.45,1.4167178867967056,gradientboosting
4,184,train,1.2,1.1885764162118864,gradientboosting
4,185,train,1.4,1.3821704104616293,gradientboosting
4,186,train,1.38,1.3929204168422433,gradientboosting
4,187,train,1.2,1.2487925415089016,gradientboosting
4,188,train,1.3,1.2364986385775154,gradientboosting
4,189,train,1.3,1.2556389459129997,gradientboosting
4,190,train,1.25,1.2556389459129997,gradientboosting
4,191,train,1.25,1.2485825401816826,gradientboosting
4,192,train,0.95,0.9493070446481244,gradientboosting
4,193,train,1.22,1.2695151775438773,gradientboosting
4,194,train,1.32,1.2695151775438773,gradientboosting
4,196,train,1.11,1.1355538051472502,gradientboosting
4,2,test,1.27,1.3277915745116635,gradientboosting
4,12,test,1.25,1.3340927857312936,gradientboosting
4,13,test,0.98,1.0341651758092045,gradientboosting
4,32,test,1.35,1.333807478123121,gradientboosting
4,41,test,1.4,1.4172721381607736,gradientboosting
4,42,test,1.25,1.2556389459129997,gradientboosting
4,46,test,1.0,1.011058875526181,gradientboosting
4,48,test,0.92,1.0096148977310966,gradientboosting
4,57,test,0.99,0.9393474472721252,gradientboosting
4,58,test,1.11,1.0818496226523404,gradientboosting
4,61,test,1.04,0.9035943853020079,gradientboosting
4,62,test,1.1,1.1017815503893476,gradientboosting
4,63,test,1.11,1.0818496226523404,gradientboosting
4,64,test,1.0,1.051483610184717,gradientboosting
4,65,test,1.11,1.0993812776979113,gradientboosting
4,71,test,1.4,1.3929204168422433,gradientboosting
4,75,test,0.98,0.9279657937234914,gradientboosting
4,76,test,1.04,1.1017815503893476,gradientboosting
4,80,test,1.2,1.1355538051472502,gradientboosting
4,81,test,1.25,1.1355538051472502,gradientboosting
4,82,test,1.25,1.1355538051472502,gradientboosting
4,84,test,1.05,1.1017815503893476,gradientboosting
4,95,test,0.95,0.9692626498090419,gradientboosting
4,96,test,1.2,1.2183274765158778,gradientboosting
4,97,test,1.25,1.2183274765158778,gradientboosting
4,102,test,1.2,1.1759291048300737,gradientboosting
4,103,test,1.15,1.1159009903793924,gradientboosting
4,104,test,1.1,1.1759291048300737,gradientboosting
4,105,test,1.08,1.1159009903793924,gradientboosting
4,106,test,1.2,1.2482998104446483,gradientboosting
4,109,test,1.2,1.2199944844654105,gradientboosting
4,117,test,1.42,1.3847557715250987,gradientboosting
4,144,test,1.1,1.0481273400352966,gradientboosting
4,149,test,1.15,1.0818496226523404,gradientboosting
4,161,test,1.1,1.1355538051472502,gradientboosting
4,163,test,1.08,1.1017815503893476,gradientboosting
4,164,test,1.1,1.1017815503893476,gradientboosting
4,165,test,1.2,1.1355538051472502,gradientboosting
4,169,test,1.4,1.4001420699165374,gradientboosting
4,170,test,1.28,1.3527421484914461,gradientboosting
4,171,test,1.3,1.3527421484914461,gradientboosting
4,195,test,0.84,0.9035943853020079,gradientboosting
4,197,test,1.05,1.187424740794638,gradientboosting
4,198,test,1.17,1.2364986385775154,gradientboosting
4,199,test,1.12,1.0298029468264047,gradientboosting
0,0,train,1.3,1.2755604769077318,lasso
0,1,train,1.5,1.3296204808831797,lasso
0,2,train,1.27,1.2209197507991532,lasso
0,3,train,1.1,1.1759736347350194,lasso
0,4,train,1.4,1.3746869946192768,lasso
0,5,train,1.24,1.2252719042828024,lasso
0,6,train,1.35,1.1713887193808052,lasso
0,7,train,1.25,1.1412894177016524,lasso
0,8,train,1.0,0.9907543299763018,lasso
0,11,train,0.97,1.0240294644483285,lasso
0,12,train,1.25,1.2643452945430045,lasso
0,13,train,0.98,1.1520733572262156,lasso
0,15,train,1.012,1.0240294644483285,lasso
0,16,train,0.82,1.0240294644483285,lasso
0,17,train,1.35,1.2930404258889316,lasso
0,18,train,1.4,1.341235846836559,lasso
0,19,train,0.95,1.0476482178997235,lasso
0,20,train,1.4,1.2766134342281972,lasso
0,21,train,1.3,1.2766134342281972,lasso
0,22,train,1.15,1.1759736347350194,lasso
0,23,train,1.2,1.1759736347350194,lasso
0,24,train,1.15,1.1759736347350194,lasso
0,25,train,1.2,1.1443455604857344,lasso
0,26,train,1.5,1.3739041409484125,lasso
0,30,train,1.15,1.1904013530658375,lasso
0,31,train,1.2,1.1904013530658375,lasso
0,32,train,1.35,1.312398699036276,lasso
0,35,train,1.21,1.2252719042828024,lasso
0,36,train,1.0,1.0338025865149154,lasso
0,37,train,0.84,0.9943354342462958,lasso
0,38,train,1.3,1.312398699036276,lasso
0,39,train,0.9,1.0240294644483285,lasso
0,40,train,1.15,1.2252719042828024,lasso
0,41,train,1.4,1.341235846836559,lasso
0,42,train,1.25,1.3205447894069318,lasso
0,43,train,1.35,1.312398699036276,lasso
0,44,train,1.1,1.0156952676546034,lasso
0,45,train,1.3,1.2766134342281972,lasso
0,46,train,1.0,0.9737823307260909,lasso
0,48,train,0.92,0.9894097447815539,lasso
0,49,train,1.33,1.315340050975359,lasso
0,52,train,1.1,1.1018304169194706,lasso
0,53,train,1.1,1.0810347955940616,lasso
0,54,train,1.15,1.0810347955940616,lasso
0,55,train,1.29,1.2252719042828024,lasso
0,56,train,1.08,1.0476482178997235,lasso
0,57,train,0.99,1.0129245406588798,lasso
0,58,train,1.11,1.1313550811873443,lasso
0,59,train,1.0,1.0346577386013331,lasso
0,61,train,1.04,1.0240294644483285,lasso
0,62,train,1.1,1.1652689142361008,lasso
0,63,train,1.11,1.1313550811873443,lasso
0,64,train,1.0,1.1260942828622809,lasso
0,65,train,1.11,1.0765967235259795,lasso
0,69,train,1.06,1.0240294644483285,lasso
0,70,train,1.34,1.3746869946192768,lasso
0,71,train,1.4,1.3380320165254804,lasso
0,72,train,1.3,1.315340050975359,lasso
0,73,train,1.25,1.1629831554366292,lasso
0,74,train,1.18,1.1313550811873443,lasso
0,75,train,0.98,1.0110389851499384,lasso
0,76,train,1.04,1.1652689142361008,lasso
0,77,train,1.29,1.3300969607884774,lasso
0,78,train,1.41,1.2766134342281972,lasso
0,79,train,1.01,1.067287132936231,lasso
0,80,train,1.2,1.1759736347350194,lasso
0,81,train,1.25,1.1759736347350194,lasso
0,82,train,1.25,1.1759736347350194,lasso
0,83,train,1.17,1.2252719042828024,lasso
0,84,train,1.05,1.1652689142361008,lasso
0,85,train,1.35,1.3380320165254804,lasso
0,86,train,1.5,1.3380320165254804,lasso
0,87,train,1.4,1.3380320165254804,lasso
0,88,train,1.28,1.315340050975359,lasso
0,89,train,1.22,1.1769694429250606,lasso
0,90,train,1.23,1.1443455604857344,lasso
0,92,train,1.09,0.9653461525917579,lasso
0,93,train,1.05,1.1759736347350194,lasso
0,94,train,0.98,1.1520733572262156,lasso
0,95,train,0.95,1.059492552994014,lasso
0,96,train,1.2,1.2252719042828024,lasso
0,97,train,1.25,1.2252719042828024,lasso
0,98,train,1.38,1.3300969607884774,lasso
0,99,train,1.15,1.2252719042828024,lasso
0,100,train,1.15,1.2252719042828024,lasso
0,101,train,1.2,1.1759736347350194,lasso
0,102,train,1.2,1.1443455604857344,lasso
0,103,train,1.15,1.0810347955940616,lasso
0,104,train,1.1,1.1443455604857344,lasso
0,105,train,1.08,1.0810347955940616,lasso
0,106,train,1.2,1.1792096200426083,lasso
0,107,train,1.17,1.1769694429250606,lasso
0,109,train,1.2,1.1377272521796038,lasso
0,110,train,1.25,1.315340050975359,lasso
0,111,train,1.12,1.0666277428487883,lasso
0,112,train,0.85,1.0240294644483285,lasso
0,113,train,1.1,1.1759736347350194,lasso
0,114,train,1.14,1.1769694429250606,lasso
0,115,train,1.23,1.2588051743850528,lasso
0,116,train,1.18,1.3148255554074637,lasso
0,117,train,1.42,1.3746869946192768,lasso
0,118,train,0.98,1.1313550811873443,lasso
0,119,train,1.3,1.2209197507991532,lasso
0,120,train,1.4,1.3766331230861606,lasso
0,121,train,1.5,1.341235846836559,lasso
0,122,train,1.1,1.1443455604857344,lasso
0,123,train,1.15,1.1443455604857344,lasso
0,124,train,1.08,1.0810347955940616,lasso
0,125,train,1.04,1.0346577386013331,lasso
0,126,train,1.25,1.1785696305928417,lasso
0,127,train,1.25,1.2930404258889316,lasso
0,128,train,1.39,1.3130803314740285,lasso
0,129,train,1.45,1.3130803314740285,lasso
0,130,train,1.0,1.1520733572262156,lasso
0,131,train,1.15,1.0666277428487883,lasso
0,132,train,1.25,1.2563241696263798,lasso
0,135,train,1.3,1.3020736230839087,lasso
0,136,train,1.2,1.1629831554366292,lasso
0,137,train,1.3,1.2240151403373243,lasso
0,138,train,1.2,1.1443455604857344,lasso
0,143,train,1.41,1.3020736230839087,lasso
0,144,train,1.1,1.0358135259067116,lasso
0,146,train,0.89,1.0476482178997235,lasso
0,148,train,0.94,1.0240294644483285,lasso
0,149,train,1.15,1.1313550811873443,lasso
0,152,train,1.25,1.1629831554366292,lasso
0,153,train,1.24,1.1443455604857344,lasso
0,158,train,0.86,1.0091049833544117,lasso
0,159,train,0.77,1.0240294644483285,lasso
0,160,train,1.29,1.3020736230839087,lasso
0,161,train,1.1,1.1759736347350194,lasso
0,162,train,1.4,1.3020736230839087,lasso
0,163,train,1.08,1.1652689142361008,lasso
0,164,train,1.1,1.1652689142361008,lasso
0,165,train,1.2,1.1759736347350194,lasso
0,169,train,1.4,1.3130803314740285,lasso
0,170,train,1.28,1.2766134342281972,lasso
0,171,train,1.3,1.2766134342281972,lasso
0,173,train,1.25,1.2252719042828024,lasso
0,174,train,0.95,0.9813449549479056,lasso
0,175,train,1.0,1.1313550811873443,lasso
0,176,train,1.35,1.315340050975359,lasso
0,177,train,1.25,1.159245678487363,lasso
0,179,train,1.3,1.2787523472882776,lasso
0,180,train,1.45,1.3380320165254804,lasso
0,181,train,1.25,1.228710357638814,lasso
0,182,train,1.4,1.3766331230861606,lasso
0,183,train,1.45,1.3766331230861606,lasso
0,184,train,1.2,1.0449891453022304,lasso
0,186,train,1.38,1.3380320165254804,lasso
0,188,train,1.3,1.1629831554366292,lasso
0,189,train,1.3,1.3205447894069318,lasso
0,190,train,1.25,1.3205447894069318,lasso
0,191,train,1.25,1.3303944932812937,lasso
0,192,train,0.95,0.9813449549479056,lasso
0,195,train,0.84,1.0240294644483285,lasso
0,196,train,1.11,1.1759736347350194,lasso
0,197,train,1.05,1.0810656622486308,lasso
0,198,train,1.17,1.1629831554366292,lasso
0,199,train,1.12,1.1270903026613892,lasso
0,9,test,1.35,1.5192758412684553,lasso
0,10,test,1.4,1.5192758412684553,lasso
0,14,test,1.25,1.2609423705054663,lasso
0,27,test,1.05,1.0358135259067116,lasso
0,28,test,1.3,1.1629831554366292,lasso
0,29,test,1.05,1.0806825987909632,lasso
0,33,test,1.45,1.3766331230861606,lasso
0,34,test,1.15,1.0810347955940616,lasso
0,47,test,1.0,0.9737823307260909,lasso
0,50,test,1.21,1.066285812850618,lasso
0,51,test,1.1,1.0810347955940616,lasso
0,60,test,1.15,1.1443455604857344,lasso
0,66,test,1.2,1.1769694429250606,lasso
0,67,test,1.03,1.0044157894160963,lasso
0,68,test,1.38,1.3300969607884774,lasso
0,91,test,1.32,1.315340050975359,lasso
0,108,test,1.25,1.3205447894069318,lasso
0,133,test,1.04,1.1313550811873443,lasso
0,134,test,1.25,1.3205447894069318,lasso
0,139,test,0.8,1.0240294644483285,lasso
0,140,test,0.83,1.0240294644483285,lasso
0,141,test,0.96,0.9943354342462958,lasso
0,142,test,1.18,1.1443455604857344,lasso
0,145,test,1.1,1.1759736347350194,lasso
0,147,test,0.998,0.9943354342462958,lasso
0,150,test,1.18,1.2511361618014432,lasso
0,151,test,1.25,1.3205447894069318,lasso
0,154,test,1.36,1.3020736230839087,lasso
0,155,test,1.3,1.2177159204880745,lasso
0,156,test,1.35,1.2209197507991532,lasso
0,157,test,1.3,1.2177159204880745,lasso
0,166,test,1.3,1.315340050975359,lasso
0,167,test,1.01,1.0476482178997235,lasso
0,168,test,1.4,1.3296204808831797,lasso
0,172,test,0.94,0.9943354342462958,lasso
0,178,test,1.1,1.1759736347350194,lasso
0,185,test,1.4,1.3296204808831797,lasso
0,187,test,1.2,1.1713887193808052,lasso
0,193,test,1.22,1.1321807085692068,lasso
0,194,test,1.32,1.1321807085692068,lasso
1,0,train,1.3,1.2746476134062203,lasso
1,1,train,1.5,1.3201841004771917,lasso
1,2,train,1.27,1.2231990843844387,lasso
1,3,train,1.1,1.1811865375902553,lasso
1,4,train,1.4,1.367510003272865,lasso
1,5,train,1.24,1.2308821015849198,lasso
1,6,train,1.35,1.1768412584015597,lasso
1,7,train,1.25,1.161750670222447,lasso
1,9,train,1.35,1.5025103531208468,lasso
1,10,train,1.4,1.5025103531208468,lasso
1,12,train,1.25,1.2683055135825345,lasso
1,13,train,0.98,1.1400801473969633,lasso
1,14,train,1.25,1.2359868877017812,lasso
1,16,train,0.82,1.0327624773742363,lasso
1,17,train,1.35,1.31679136938644,lasso
1,18,train,1.4,1.3137977201193922,lasso
1,19,train,0.95,1.0365571846301507,lasso
1,20,train,1.4,1.275616932566352,lasso
1,21,train,1.3,1.275616932566352,lasso
1,26,train,1.5,1.3743037913947906,lasso
1,27,train,1.05,1.0332368157812257,lasso
1,28,train,1.3,1.1698426223301182,lasso
1,29,train,1.05,1.0883232589402454,lasso
1,32,train,1.35,1.3192308240509563,lasso
1,33,train,1.45,1.3682000283879032,lasso
1,34,train,1.15,1.081613306850883,lasso
1,35,train,1.21,1.2308821015849198,lasso
1,36,train,1.0,1.033890405140732,lasso
1,37,train,0.84,0.9953665307540737,lasso
1,40,train,1.15,1.2308821015849198,lasso
1,41,train,1.4,1.3137977201193922,lasso
1,42,train,1.25,1.2960115274783903,lasso
1,43,train,1.35,1.3192308240509563,lasso
1,44,train,1.1,1.0149168688611605,lasso
1,45,train,1.3,1.275616932566352,lasso
1,46,train,1.0,0.9931953438766472,lasso
1,47,train,1.0,0.9931953438766472,lasso
1,48,train,0.92,1.0024092191435368,lasso
1,49,train,1.33,1.3070303488142476,lasso
1,50,train,1.21,1.0830386938510788,lasso
1,51,train,1.1,1.081613306850883,lasso
1,52,train,1.1,1.10918038831309,lasso
1,56,train,1.08,1.0365571846301507,lasso
1,57,train,0.99,1.0095601019393672,lasso
1,58,train,1.11,1.112017197849053,lasso
1,59,train,1.0,1.0252132693700136,lasso
1,60,train,1.15,1.12336111310919,lasso
1,61,train,1.04,1.0327624773742363,lasso
1,62,train,1.1,1.1643381942543358,lasso
1,63,train,1.11,1.112017197849053,lasso
1,64,train,1.0,1.1256981221921,lasso
1,65,train,1.11,1.1112526149524218,lasso
1,66,train,1.2,1.1738722731116658,lasso
1,67,train,1.03,1.008272382854583,lasso
1,68,train,1.38,1.3266506858874936,lasso
1,69,train,1.06,1.0327624773742363,lasso
1,70,train,1.34,1.367510003272865,lasso
1,71,train,1.4,1.3113431045116173,lasso
1,72,train,1.3,1.3070303488142476,lasso
1,73,train,1.25,1.1698426223301182,lasso
1,74,train,1.18,1.112017197849053,lasso
1,75,train,0.98,1.0214185621140992,lasso
1,76,train,1.04,1.1643381942543358,lasso
1,77,train,1.29,1.3266506858874936,lasso
1,78,train,1.41,1.275616932566352,lasso
1,80,train,1.2,1.1811865375902553,lasso
1,81,train,1.25,1.1811865375902553,lasso
1,82,train,1.25,1.1811865375902553,lasso
1,83,train,1.17,1.2308821015849198,lasso
1,84,train,1.05,1.1643381942543358,lasso
1,90,train,1.23,1.12336111310919,lasso
1,91,train,1.32,1.3070303488142476,lasso
1,92,train,1.09,0.9965834753551421,lasso
1,94,train,0.98,1.1400801473969633,lasso
1,95,train,0.95,1.0498386600258507,lasso
1,96,train,1.2,1.2308821015849198,lasso
1,97,train,1.25,1.2308821015849198,lasso
1,98,train,1.38,1.3266506858874936,lasso
1,99,train,1.15,1.2308821015849198,lasso
1,100,train,1.15,1.2308821015849198,lasso
1,101,train,1.2,1.1811865375902553,lasso
1,102,train,1.2,1.12336111310919,lasso
1,103,train,1.15,1.081613306850883,lasso
1,104,train,1.1,1.12336111310919,lasso
1,105,train,1.08,1.081613306850883,lasso
1,106,train,1.2,1.2101085883613836,lasso
1,107,train,1.17,1.1738722731116658,lasso
1,108,train,1.25,1.2960115274783903,lasso
1,109,train,1.2,1.1726829744926468,lasso
1,111,train,1.12,1.0746677834213352,lasso
1,112,train,0.85,1.0327624773742363,lasso
1,115,train,1.23,1.2434954895617194,lasso
1,116,train,1.18,1.2900277308851416,lasso
1,117,train,1.42,1.367510003272865,lasso
1,118,train,0.98,1.112017197849053,lasso
1,119,train,1.3,1.2231990843844387,lasso
1,120,train,1.4,1.3682000283879032,lasso
1,121,train,1.5,1.3137977201193922,lasso
1,122,train,1.1,1.12336111310919,lasso
1,123,train,1.15,1.12336111310919,lasso
1,124,train,1.08,1.081613306850883,lasso
1,126,train,1.25,1.1718132746122103,lasso
1,127,train,1.25,1.31679136938644,lasso
1,128,train,1.39,1.317333470422999,lasso
1,129,train,1.45,1.317333470422999,lasso
1,130,train,1.0,1.1400801473969633,lasso
1,132,train,1.25,1.2571648549771868,lasso
1,133,train,1.04,1.112017197849053,lasso
1,134,train,1.25,1.2960115274783903,lasso
1,137,train,1.3,1.2472218670195345,lasso
1,139,train,0.8,1.0327624773742363,lasso
1,140,train,0.83,1.0327624773742363,lasso
1,141,train,0.96,0.9953665307540737,lasso
1,142,train,1.18,1.12336111310919,lasso
1,144,train,1.1,1.0332368157812257,lasso
1,145,train,1.1,1.1811865375902553,lasso
1,146,train,0.89,1.0365571846301507,lasso
1,147,train,0.998,0.9953665307540737,lasso
1,148,train,0.94,1.0327624773742363,lasso
1,149,train,1.15,1.112017197849053,lasso
1,150,train,1.18,1.2340087214219335,lasso
1,151,train,1.25,1.2960115274783903,lasso
1,152,train,1.25,1.1698426223301182,lasso
1,154,train,1.36,1.301297663060853,lasso
1,155,train,1.3,1.2207444687766635,lasso
1,156,train,1.35,1.2231990843844387,lasso
1,157,train,1.3,1.2207444687766635,lasso
1,158,train,0.86,1.0152119563156328,lasso
1,159,train,0.77,1.0327624773742363,lasso
1,160,train,1.29,1.301297663060853,lasso
1,161,train,1.1,1.1811865375902553,lasso
1,162,train,1.4,1.301297663060853,lasso
1,163,train,1.08,1.1643381942543358,lasso
1,164,train,1.1,1.1643381942543358,lasso
1,165,train,1.2,1.1811865375902553,lasso
1,166,train,1.3,1.3070303488142476,lasso
1,167,train,1.01,1.0365571846301507,lasso
1,168,train,1.4,1.3201841004771917,lasso
1,169,train,1.4,1.317333470422999,lasso
1,170,train,1.28,1.275616932566352,lasso
1,171,train,1.3,1.275616932566352,lasso
1,172,train,0.94,0.9953665307540737,lasso
1,176,train,1.35,1.3070303488142476,lasso
1,177,train,1.25,1.1919953239200678,lasso
1,178,train,1.1,1.1811865375902553,lasso
1,179,train,1.3,1.2752510370120824,lasso
1,180,train,1.45,1.3113431045116173,lasso
1,184,train,1.2,1.0499045927521466,lasso
1,185,train,1.4,1.3201841004771917,lasso
1,186,train,1.38,1.3113431045116173,lasso
1,187,train,1.2,1.1768412584015597,lasso
1,192,train,0.95,0.9840226154939367,lasso
1,193,train,1.22,1.182508555780282,lasso
1,194,train,1.32,1.182508555780282,lasso
1,195,train,0.84,1.0327624773742363,lasso
1,196,train,1.11,1.1811865375902553,lasso
1,197,train,1.05,1.0903230304284763,lasso
1,198,train,1.17,1.1698426223301182,lasso
1,199,train,1.12,1.1179213704384718,lasso
1,8,test,1.0,1.002004485720734,lasso
1,11,test,0.97,1.0327624773742363,lasso
1,15,test,1.012,1.0327624773742363,lasso
1,22,test,1.15,1.1811865375902553,lasso
1,23,test,1.2,1.1811865375902553,lasso
1,24,test,1.15,1.1811865375902553,lasso
1,25,test,1.2,1.12336111310919,lasso
1,30,test,1.15,1.187635994718148,lasso
1,31,test,1.2,1.187635994718148,lasso
1,38,test,1.3,1.3192308240509563,lasso
1,39,test,0.9,1.0327624773742363,lasso
1,53,test,1.1,1.081613306850883,lasso
1,54,test,1.15,1.081613306850883,lasso
1,55,test,1.29,1.2308821015849198,lasso
1,79,test,1.01,1.0690384473436951,lasso
1,85,test,1.35,1.3113431045116173,lasso
1,86,test,1.5,1.3113431045116173,lasso
1,87,test,1.4,1.3113431045116173,lasso
1,88,test,1.28,1.3070303488142476,lasso
1,89,test,1.22,1.1738722731116658,lasso
1,93,test,1.05,1.1811865375902553,lasso
1,110,test,1.25,1.3070303488142476,lasso
1,113,test,1.1,1.1811865375902553,lasso
1,114,test,1.14,1.1738722731116658,lasso
1,125,test,1.04,1.0252132693700136,lasso
1,131,test,1.15,1.0746677834213352,lasso
1,135,test,1.3,1.301297663060853,lasso
1,136,test,1.2,1.1698426223301182,lasso
1,138,test,1.2,1.12336111310919,lasso
1,143,test,1.41,1.301297663060853,lasso
1,153,test,1.24,1.12336111310919,lasso
1,173,test,1.25,1.2308821015849198,lasso
1,174,test,0.95,0.9840226154939367,lasso
1,175,test,1.0,1.112017197849053,lasso
1,181,test,1.25,1.2312982162391377,lasso
1,182,test,1.4,1.3682000283879032,lasso
1,183,test,1.45,1.3682000283879032,lasso
1,188,test,1.3,1.1698426223301182,lasso
1,189,test,1.3,1.2960115274783903,lasso
1,190,test,1.25,1.2960115274783903,lasso
1,191,test,1.25,1.3403527721275617,lasso
2,2,train,1.27,1.1996400316072262,lasso
2,6,train,1.35,1.1736342888408482,lasso
2,7,train,1.25,1.1513215834687502,lasso
2,8,train,1.0,1.0009267863539106,lasso
2,9,train,1.35,1.4651749546012915,lasso
2,10,train,1.4,1.4651749546012915,lasso
2,11,train,0.97,1.0134002300372642,lasso
2,12,train,1.25,1.2571667248271754,lasso
2,13,train,0.98,1.176399460724274,lasso
2,14,train,1.25,1.2683119677126746,lasso
2,15,train,1.012,1.0134002300372642,lasso
2,16,train,0.82,1.0134002300372642,lasso
2,18,train,1.4,1.3293318417491815,lasso
2,19,train,0.95,1.0451397136644387,lasso
2,22,train,1.15,1.1796933403987602,lasso
2,23,train,1.2,1.1796933403987602,lasso
2,24,train,1.15,1.1796933403987602,lasso
2,25,train,1.2,1.1430920401792195,lasso
2,26,train,1.5,1.372720743150166,lasso
2,27,train,1.05,1.034346278327403,lasso
2,28,train,1.3,1.175873372434145,lasso
2,29,train,1.05,1.0743920627603551,lasso
2,30,train,1.15,1.2048423632177703,lasso
2,31,train,1.2,1.2048423632177703,lasso
2,32,train,1.35,1.3139668962245827,lasso
2,33,train,1.45,1.3523892485244486,lasso
2,34,train,1.15,1.0799100926309284,lasso
2,35,train,1.21,1.218939830587878,lasso
2,37,train,0.84,0.9945778708831436,lasso
2,38,train,1.3,1.3139668962245827,lasso
2,39,train,0.9,1.0134002300372642,lasso
2,40,train,1.15,1.218939830587878,lasso
2,41,train,1.4,1.3293318417491815,lasso
2,42,train,1.25,1.3117763465258676,lasso
2,46,train,1.0,0.9755515933235783,lasso
2,47,train,1.0,0.9755515933235783,lasso
2,48,train,0.92,0.9772097246279315,lasso
2,49,train,1.33,1.275276237514247,lasso
2,50,train,1.21,1.085941961724857,lasso
2,51,train,1.1,1.0799100926309284,lasso
2,53,train,1.1,1.0799100926309284,lasso
2,54,train,1.15,1.0799100926309284,lasso
2,55,train,1.29,1.218939830587878,lasso
2,57,train,0.99,1.0218064173104155,lasso
2,58,train,1.11,1.1392720722146044,lasso
2,59,train,1.0,1.0413197456998236,lasso
2,60,train,1.15,1.1430920401792195,lasso
2,61,train,1.04,1.0134002300372642,lasso
2,62,train,1.1,1.1598290137295897,lasso
2,63,train,1.11,1.1392720722146044,lasso
2,64,train,1.0,1.127279224104961,lasso
2,65,train,1.11,1.144881269956449,lasso
2,66,train,1.2,1.1614746640765685,lasso
2,67,train,1.03,1.0207616731875555,lasso
2,68,train,1.38,1.3417371635565827,lasso
2,70,train,1.34,1.3589685806915883,lasso
2,71,train,1.4,1.333791214239126,lasso
2,73,train,1.25,1.175873372434145,lasso
2,74,train,1.18,1.1392720722146044,lasso
2,75,train,0.98,1.009580262072649,lasso
2,76,train,1.04,1.1598290137295897,lasso
2,79,train,1.01,1.0085863374505462,lasso
2,80,train,1.2,1.1796933403987602,lasso
2,81,train,1.25,1.1796933403987602,lasso
2,82,train,1.25,1.1796933403987602,lasso
2,83,train,1.17,1.218939830587878,lasso
2,84,train,1.05,1.1598290137295897,lasso
2,85,train,1.35,1.333791214239126,lasso
2,86,train,1.5,1.333791214239126,lasso
2,87,train,1.4,1.333791214239126,lasso
2,88,train,1.28,1.275276237514247,lasso
2,89,train,1.22,1.1614746640765685,lasso
2,90,train,1.23,1.1430920401792195,lasso
2,91,train,1.32,1.275276237514247,lasso
2,93,train,1.05,1.1796933403987602,lasso
2,94,train,0.98,1.176399460724274,lasso
2,95,train,0.95,1.0447466895852608,lasso
2,96,train,1.2,1.218939830587878,lasso
2,97,train,1.25,1.218939830587878,lasso
2,99,train,1.15,1.218939830587878,lasso
2,100,train,1.15,1.218939830587878,lasso
2,101,train,1.2,1.1796933403987602,lasso
2,102,train,1.2,1.1430920401792195,lasso
2,103,train,1.15,1.0799100926309284,lasso
2,104,train,1.1,1.1430920401792195,lasso
2,105,train,1.08,1.0799100926309284,lasso
2,106,train,1.2,1.1906388859519943,lasso
2,108,train,1.25,1.3117763465258676,lasso
2,109,train,1.2,1.1881204916147876,lasso
2,110,train,1.25,1.275276237514247,lasso
2,113,train,1.1,1.1796933403987602,lasso
2,114,train,1.14,1.1614746640765685,lasso
2,117,train,1.42,1.3589685806915883,lasso
2,122,train,1.1,1.1430920401792195,lasso
2,123,train,1.15,1.1430920401792195,lasso
2,125,train,1.04,1.0413197456998236,lasso
2,126,train,1.25,1.2031148288538356,lasso
2,127,train,1.25,1.2900208624621825,lasso
2,128,train,1.39,1.3200914875898615,lasso
2,129,train,1.45,1.3200914875898615,lasso
2,131,train,1.15,1.0596728082121556,lasso
2,133,train,1.04,1.1392720722146044,lasso
2,134,train,1.25,1.3117763465258676,lasso
2,135,train,1.3,1.319529173095113,lasso
2,136,train,1.2,1.175873372434145,lasso
2,138,train,1.2,1.1430920401792195,lasso
2,139,train,0.8,1.0134002300372642,lasso
2,140,train,0.83,1.0134002300372642,lasso
2,141,train,0.96,0.9945778708831436,lasso
2,142,train,1.18,1.1430920401792195,lasso
2,143,train,1.41,1.319529173095113,lasso
2,144,train,1.1,1.034346278327403,lasso
2,145,train,1.1,1.1796933403987602,lasso
2,147,train,0.998,0.9945778708831436,lasso
2,148,train,0.94,1.0134002300372642,lasso
2,149,train,1.15,1.1392720722146044,lasso
2,150,train,1.18,1.247251633780656,lasso
2,151,train,1.25,1.3117763465258676,lasso
2,153,train,1.24,1.1430920401792195,lasso
2,154,train,1.36,1.319529173095113,lasso
2,155,train,1.3,1.2040994040971706,lasso
2,156,train,1.35,1.1996400316072262,lasso
2,157,train,1.3,1.2040994040971706,lasso
2,158,train,0.86,0.987279262349346,lasso
2,159,train,0.77,1.0134002300372642,lasso
2,160,train,1.29,1.319529173095113,lasso
2,161,train,1.1,1.1796933403987602,lasso
2,162,train,1.4,1.319529173095113,lasso
2,163,train,1.08,1.1598290137295897,lasso
2,164,train,1.1,1.1598290137295897,lasso
2,165,train,1.2,1.1796933403987602,lasso
2,166,train,1.3,1.275276237514247,lasso
2,167,train,1.01,1.0451397136644387,lasso
2,168,train,1.4,1.2812705230964985,lasso
2,169,train,1.4,1.3200914875898615,lasso
2,170,train,1.28,1.1948880079000894,lasso
2,171,train,1.3,1.1948880079000894,lasso
2,172,train,0.94,0.9945778708831436,lasso
2,173,train,1.25,1.218939830587878,lasso
2,174,train,0.95,0.9907579029185284,lasso
2,175,train,1.0,1.1392720722146044,lasso
2,176,train,1.35,1.275276237514247,lasso
2,177,train,1.25,1.191853472928766,lasso
2,178,train,1.1,1.1796933403987602,lasso
2,179,train,1.3,1.2774040092459482,lasso
2,180,train,1.45,1.333791214239126,lasso
2,181,train,1.25,1.21606843631998,lasso
2,182,train,1.4,1.3523892485244486,lasso
2,183,train,1.45,1.3523892485244486,lasso
2,185,train,1.4,1.2812705230964985,lasso
2,186,train,1.38,1.333791214239126,lasso
2,187,train,1.2,1.1736342888408482,lasso
2,188,train,1.3,1.175873372434145,lasso
2,189,train,1.3,1.3117763465258676,lasso
2,190,train,1.25,1.3117763465258676,lasso
2,191,train,1.25,1.3099479342768459,lasso
2,193,train,1.22,1.1691591268056611,lasso
2,194,train,1.32,1.1691591268056611,lasso
2,195,train,0.84,1.0134002300372642,lasso
2,196,train,1.11,1.1796933403987602,lasso
2,197,train,1.05,1.1063804449361938,lasso
2,198,train,1.17,1.175873372434145,lasso
2,199,train,1.12,1.1210736109691837,lasso
2,0,test,1.3,1.1947044347575837,lasso
2,1,test,1.5,1.2812705230964985,lasso
2,3,test,1.1,1.1796933403987602,lasso
2,4,test,1.4,1.3589685806915883,lasso
2,5,test,1.24,1.218939830587878,lasso
2,17,test,1.35,1.2900208624621825,lasso
2,20,test,1.4,1.1948880079000894,lasso
2,21,test,1.3,1.1948880079000894,lasso
2,36,test,1.0,0.9497876756643697,lasso
2,43,test,1.35,1.3139668962245827,lasso
2,44,test,1.1,0.9530603828624854,lasso
2,45,test,1.3,1.1948880079000894,lasso
2,52,test,1.1,1.1028067409700089,lasso
2,56,test,1.08,1.0451397136644387,lasso
2,69,test,1.06,1.0134002300372642,lasso
2,72,test,1.3,1.275276237514247,lasso
2,77,test,1.29,1.3417371635565827,lasso
2,78,test,1.41,1.1948880079000894,lasso
2,92,test,1.09,0.9683528734769885,lasso
2,98,test,1.38,1.3417371635565827,lasso
2,107,test,1.17,1.1614746640765685,lasso
2,111,test,1.12,1.0596728082121556,lasso
2,112,test,0.85,1.0134002300372642,lasso
2,115,test,1.23,1.242394546489672,lasso
2,116,test,1.18,1.3119957996614213,lasso
2,118,test,0.98,1.1392720722146044,lasso
2,119,test,1.3,1.1996400316072262,lasso
2,120,test,1.4,1.3523892485244486,lasso
2,121,test,1.5,1.3293318417491815,lasso
2,124,test,1.08,1.0799100926309284,lasso
2,130,test,1.0,1.176399460724274,lasso
2,132,test,1.25,1.1989905850461695,lasso
2,137,test,1.3,1.262776768256456,lasso
2,146,test,0.89,1.0451397136644387,lasso
2,152,test,1.25,1.175873372434145,lasso
2,184,test,1.2,1.0289874638918486,lasso
2,192,test,0.95,0.9907579029185284,lasso
3,0,train,1.3,1.2642228934258979,lasso
3,1,train,1.5,1.3170687112542097,lasso
3,2,train,1.27,1.2268855835962333,lasso
3,3,train,1.1,1.1775026201875958,lasso
3,4,train,1.4,1.3555164930856827,lasso
3,5,train,1.24,1.227678211486836,lasso
3,8,train,1.0,1.01451915217376,lasso
3,9,train,1.35,1.4824337337099565,lasso
3,10,train,1.4,1.4824337337099565,lasso
3,11,train,0.97,1.0531212627584499,lasso
3,12,train,1.25,1.2596810171315498,lasso
3,13,train,0.98,1.1340272627296075,lasso
3,14,train,1.25,1.2307171334456282,lasso
3,15,train,1.012,1.0531212627584499,lasso
3,17,train,1.35,1.3052674614393431,lasso
3,20,train,1.4,1.2645941416586286,lasso
3,21,train,1.3,1.2645941416586286,lasso
3,22,train,1.15,1.1775026201875958,lasso
3,23,train,1.2,1.1775026201875958,lasso
3,24,train,1.15,1.1775026201875958,lasso
3,25,train,1.2,1.1428651925926847,lasso
3,27,train,1.05,1.0551187084939535,lasso
3,28,train,1.3,1.1631705841437527,lasso
3,29,train,1.05,1.0754862054277052,lasso
3,30,train,1.15,1.1692647958606202,lasso
3,31,train,1.2,1.1692647958606202,lasso
3,32,train,1.35,1.3068900302136524,lasso
3,33,train,1.45,1.3599330439232549,lasso
3,34,train,1.15,1.086074394926444,lasso
3,36,train,1.0,1.0545744126005867,lasso
3,38,train,1.3,1.3068900302136524,lasso
3,39,train,0.9,1.0531212627584499,lasso
3,41,train,1.4,1.3166295134304682,lasso
3,42,train,1.25,1.3005007287325652,lasso
3,43,train,1.35,1.3068900302136524,lasso
3,44,train,1.1,1.0425197933294224,lasso
3,45,train,1.3,1.2645941416586286,lasso
3,46,train,1.0,1.004985035494573,lasso
3,47,train,1.0,1.004985035494573,lasso
3,48,train,0.92,1.022270397331679,lasso
3,50,train,1.21,1.0784983040617815,lasso
3,51,train,1.1,1.086074394926444,lasso
3,52,train,1.1,1.1044854995769489,lasso
3,53,train,1.1,1.086074394926444,lasso
3,54,train,1.15,1.086074394926444,lasso
3,55,train,1.29,1.227678211486836,lasso
3,56,train,1.08,1.0560410106888,lasso
3,57,train,0.99,1.0293682003878606,lasso
3,58,train,1.11,1.1285331565488417,lasso
3,60,train,1.15,1.1428651925926847,lasso
3,61,train,1.04,1.0531212627584499,lasso
3,62,train,1.1,1.1707195749254982,lasso
3,63,train,1.11,1.1285331565488417,lasso
3,64,train,1.0,1.127279271743159,lasso
3,65,train,1.11,1.076639754206038,lasso
3,66,train,1.2,1.1840802091292277,lasso
3,67,train,1.03,1.0118062293629466,lasso
3,68,train,1.38,1.3054132760054546,lasso
3,69,train,1.06,1.0531212627584499,lasso
3,71,train,1.4,1.3112658457987856,lasso
3,72,train,1.3,1.3017652733702534,lasso
3,75,train,0.98,1.038789226714607,lasso
3,76,train,1.04,1.1707195749254982,lasso
3,77,train,1.29,1.3054132760054546,lasso
3,78,train,1.41,1.2645941416586286,lasso
3,79,train,1.01,1.0745839295628565,lasso
3,80,train,1.2,1.1775026201875958,lasso
3,81,train,1.25,1.1775026201875958,lasso
3,82,train,1.25,1.1775026201875958,lasso
3,84,train,1.05,1.1707195749254982,lasso
3,85,train,1.35,1.3112658457987856,lasso
3,86,train,1.5,1.3112658457987856,lasso
3,87,train,1.4,1.3112658457987856,lasso
3,88,train,1.28,1.3017652733702534,lasso
3,89,train,1.22,1.1840802091292277,lasso
3,91,train,1.32,1.3017652733702534,lasso
3,92,train,1.09,1.010348083701831,lasso
3,93,train,1.05,1.1775026201875958,lasso
3,95,train,0.95,1.0659633144006242,lasso
3,96,train,1.2,1.227678211486836,lasso
3,97,train,1.25,1.227678211486836,lasso
3,98,train,1.38,1.3054132760054546,lasso
3,102,train,1.2,1.1428651925926847,lasso
3,103,train,1.15,1.086074394926444,lasso
3,104,train,1.1,1.1428651925926847,lasso
3,105,train,1.08,1.086074394926444,lasso
3,106,train,1.2,1.195535876652433,lasso
3,107,train,1.17,1.1840802091292277,lasso
3,108,train,1.25,1.3005007287325652,lasso
3,109,train,1.2,1.1685028586537172,lasso
3,110,train,1.25,1.3017652733702534,lasso
3,111,train,1.12,1.0882447331750946,lasso
3,112,train,0.85,1.0531212627584499,lasso
3,113,train,1.1,1.1775026201875958,lasso
3,114,train,1.14,1.1840802091292277,lasso
3,115,train,1.23,1.2453588057065208,lasso
3,116,train,1.18,1.2932428275126615,lasso
3,117,train,1.42,1.3555164930856827,lasso
3,118,train,0.98,1.1285331565488417,lasso
3,119,train,1.3,1.2268855835962333,lasso
3,120,train,1.4,1.3599330439232549,lasso
3,121,train,1.5,1.3166295134304682,lasso
3,124,train,1.08,1.086074394926444,lasso
3,125,train,1.04,1.0417089746449573,lasso
3,130,train,1.0,1.1340272627296075,lasso
3,131,train,1.15,1.0882447331750946,lasso
3,132,train,1.25,1.2524248758513086,lasso
3,133,train,1.04,1.1285331565488417,lasso
3,134,train,1.25,1.3005007287325652,lasso
3,135,train,1.3,1.309695286148194,lasso
3,136,train,1.2,1.1631705841437527,lasso
3,137,train,1.3,1.2403247348073285,lasso
3,138,train,1.2,1.1428651925926847,lasso
3,139,train,0.8,1.0531212627584499,lasso
3,140,train,0.83,1.0531212627584499,lasso
3,141,train,0.96,1.0215466917077578,lasso
3,142,train,1.18,1.1428651925926847,lasso
3,143,train,1.41,1.309695286148194,lasso
3,144,train,1.1,1.0551187084939535,lasso
3,145,train,1.1,1.1775026201875958,lasso
3,146,train,0.89,1.0560410106888,lasso
3,147,train,0.998,1.0215466917077578,lasso
3,149,train,1.15,1.1285331565488417,lasso
3,150,train,1.18,1.2393314960709385,lasso
3,151,train,1.25,1.3005007287325652,lasso
3,152,train,1.25,1.1631705841437527,lasso
3,153,train,1.24,1.1428651925926847,lasso
3,154,train,1.36,1.309695286148194,lasso
3,155,train,1.3,1.2215219159645507,lasso
3,156,train,1.35,1.2268855835962333,lasso
3,157,train,1.3,1.2215219159645507,lasso
3,161,train,1.1,1.1775026201875958,lasso
3,163,train,1.08,1.1707195749254982,lasso
3,164,train,1.1,1.1707195749254982,lasso
3,165,train,1.2,1.1775026201875958,lasso
3,166,train,1.3,1.3017652733702534,lasso
3,167,train,1.01,1.0560410106888,lasso
3,168,train,1.4,1.3170687112542097,lasso
3,169,train,1.4,1.305684568286536,lasso
3,170,train,1.28,1.2645941416586286,lasso
3,171,train,1.3,1.2645941416586286,lasso
3,172,train,0.94,1.0215466917077578,lasso
3,173,train,1.25,1.227678211486836,lasso
3,174,train,0.95,1.0072146556639148,lasso
3,175,train,1.0,1.1285331565488417,lasso
3,178,train,1.1,1.1775026201875958,lasso
3,181,train,1.25,1.237245961834974,lasso
3,182,train,1.4,1.3599330439232549,lasso
3,183,train,1.45,1.3599330439232549,lasso
3,184,train,1.2,1.0782969727494938,lasso
3,185,train,1.4,1.3170687112542097,lasso
3,187,train,1.2,1.1651525174198027,lasso
3,188,train,1.3,1.1631705841437527,lasso
3,189,train,1.3,1.3005007287325652,lasso
3,190,train,1.25,1.3005007287325652,lasso
3,191,train,1.25,1.3262213828368588,lasso
3,192,train,0.95,1.0072146556639148,lasso
3,193,train,1.22,1.177281977941453,lasso
3,194,train,1.32,1.177281977941453,lasso
3,195,train,0.84,1.0531212627584499,lasso
3,197,train,1.05,1.076599258094212,lasso
3,198,train,1.17,1.1631705841437527,lasso
3,199,train,1.12,1.1344938723356763,lasso
3,6,test,1.35,1.1651525174198027,lasso
3,7,test,1.25,1.1440264921110983,lasso
3,16,test,0.82,1.0531212627584499,lasso
3,18,test,1.4,1.3166295134304682,lasso
3,19,test,0.95,1.0560410106888,lasso
3,26,test,1.5,1.2864396725875036,lasso
3,35,test,1.21,1.227678211486836,lasso
3,37,test,0.84,1.0215466917077578,lasso
3,40,test,1.15,1.227678211486836,lasso
3,49,test,1.33,1.3017652733702534,lasso
3,59,test,1.0,1.0417089746449573,lasso
3,70,test,1.34,1.3555164930856827,lasso
3,73,test,1.25,1.1631705841437527,lasso
3,74,test,1.18,1.1285331565488417,lasso
3,83,test,1.17,1.227678211486836,lasso
3,90,test,1.23,1.1428651925926847,lasso
3,94,test,0.98,1.1340272627296075,lasso
3,99,test,1.15,1.227678211486836,lasso
3,100,test,1.15,1.227678211486836,lasso
3,101,test,1.2,1.1775026201875958,lasso
3,122,test,1.1,1.1428651925926847,lasso
3,123,test,1.15,1.1428651925926847,lasso
3,126,test,1.25,1.1443181212433216,lasso
3,127,test,1.25,1.3052674614393431,lasso
3,128,test,1.39,1.305684568286536,lasso
3,129,test,1.45,1.305684568286536,lasso
3,148,test,0.94,1.0531212627584499,lasso
3,158,test,0.86,1.039320614536178,lasso
3,159,test,0.77,1.0531212627584499,lasso
3,160,test,1.29,1.309695286148194,lasso
3,162,test,1.4,1.309695286148194,lasso
3,176,test,1.35,1.3017652733702534,lasso
3,177,test,1.25,1.1837333076404664,lasso
3,179,test,1.3,1.2575106788828991,lasso
3,180,test,1.45,1.3112658457987856,lasso
3,186,test,1.38,1.3112658457987856,lasso
3,196,test,1.11,1.1775026201875958,lasso
4,0,train,1.3,1.2630903218476992,lasso
4,1,train,1.5,1.3154081542699463,lasso
4,3,train,1.1,1.1860302830003986,lasso
4,4,train,1.4,1.3804548316050849,lasso
4,5,train,1.24,1.2342542088157658,lasso
4,6,train,1.35,1.1744408146772727,lasso
4,7,train,1.25,1.1807426885620664,lasso
4,8,train,1.0,1.029949276020825,lasso
4,9,train,1.35,1.4965184604594377,lasso
4,10,train,1.4,1.4965184604594377,lasso
4,11,train,0.97,1.0300086157543031,lasso
4,14,train,1.25,1.23989032205339,lasso
4,15,train,1.012,1.0300086157543031,lasso
4,16,train,0.82,1.0300086157543031,lasso
4,17,train,1.35,1.2981426352287737,lasso
4,18,train,1.4,1.3221464663680131,lasso
4,19,train,0.95,1.0442634535936302,lasso
4,20,train,1.4,1.2641425781804234,lasso
4,21,train,1.3,1.2641425781804234,lasso
4,22,train,1.15,1.1860302830003986,lasso
4,23,train,1.2,1.1860302830003986,lasso
4,24,train,1.15,1.1860302830003986,lasso
4,25,train,1.2,1.1354338871321656,lasso
4,26,train,1.5,1.3759047513683524,lasso
4,27,train,1.05,1.0298159080012206,lasso
4,28,train,1.3,1.177050680016909,lasso
4,29,train,1.05,1.0744118825731,lasso
4,30,train,1.15,1.219391320102679,lasso
4,31,train,1.2,1.219391320102679,lasso
4,33,train,1.45,1.3828147227288001,lasso
4,34,train,1.15,1.095151800652552,lasso
4,35,train,1.21,1.2342542088157658,lasso
4,36,train,1.0,1.0391582414401253,lasso
4,37,train,0.84,0.9924929222869167,lasso
4,38,train,1.3,1.3072683920298023,lasso
4,39,train,0.9,1.0300086157543031,lasso
4,40,train,1.15,1.2342542088157658,lasso
4,43,train,1.35,1.3072683920298023,lasso
4,44,train,1.1,1.0233103675557274,lasso
4,45,train,1.3,1.2641425781804234,lasso
4,47,train,1.0,1.0110530679734404,lasso
4,49,train,1.33,1.3056377264272758,lasso
4,50,train,1.21,1.0858802464783734,lasso
4,51,train,1.1,1.095151800652552,lasso
4,52,train,1.1,1.10859808777835,lasso
4,53,train,1.1,1.095151800652552,lasso
4,54,train,1.15,1.095151800652552,lasso
4,55,train,1.29,1.2342542088157658,lasso
4,56,train,1.08,1.0442634535936302,lasso
4,59,train,1.0,1.0352838506101403,lasso
4,60,train,1.15,1.1354338871321656,lasso
4,66,train,1.2,1.194401870045714,lasso
4,67,train,1.03,1.0339663508382868,lasso
4,68,train,1.38,1.3162047783363353,lasso
4,69,train,1.06,1.0300086157543031,lasso
4,70,train,1.34,1.3804548316050849,lasso
4,72,train,1.3,1.3056377264272758,lasso
4,73,train,1.25,1.177050680016909,lasso
4,74,train,1.18,1.126454284148676,lasso
4,77,train,1.29,1.3162047783363353,lasso
4,78,train,1.41,1.2641425781804234,lasso
4,79,train,1.01,1.1135195057916925,lasso
4,83,train,1.17,1.2342542088157658,lasso
4,85,train,1.35,1.3190155210065968,lasso
4,86,train,1.5,1.3190155210065968,lasso
4,87,train,1.4,1.3190155210065968,lasso
4,88,train,1.28,1.3056377264272758,lasso
4,89,train,1.22,1.194401870045714,lasso
4,90,train,1.23,1.1354338871321656,lasso
4,91,train,1.32,1.3056377264272758,lasso
4,92,train,1.09,1.0140162817876825,lasso
4,93,train,1.05,1.1860302830003986,lasso
4,94,train,0.98,1.1623657949023911,lasso
4,98,train,1.38,1.3162047783363353,lasso
4,99,train,1.15,1.2342542088157658,lasso
4,100,train,1.15,1.2342542088157658,lasso
4,101,train,1.2,1.1860302830003986,lasso
4,107,train,1.17,1.194401870045714,lasso
4,108,train,1.25,1.3043767700287017,lasso
4,110,train,1.25,1.3056377264272758,lasso
4,111,train,1.12,1.090435494004334,lasso
4,112,train,0.85,1.0300086157543031,lasso
4,113,train,1.1,1.1860302830003986,lasso
4,114,train,1.14,1.194401870045714,lasso
4,115,train,1.23,1.2448568497496622,lasso
4,116,train,1.18,1.2997037161918827,lasso
4,118,train,0.98,1.126454284148676,lasso
4,119,train,1.3,1.2167211949901509,lasso
4,120,train,1.4,1.3828147227288001,lasso
4,121,train,1.5,1.3221464663680131,lasso
4,122,train,1.1,1.1354338871321656,lasso
4,123,train,1.15,1.1354338871321656,lasso
4,124,train,1.08,1.095151800652552,lasso
4,125,train,1.04,1.0352838506101403,lasso
4,126,train,1.25,1.1990146012188552,lasso
4,127,train,1.25,1.2981426352287737,lasso
4,128,train,1.39,1.3090411602804692,lasso
4,129,train,1.45,1.3090411602804692,lasso
4,130,train,1.0,1.1623657949023911,lasso
4,131,train,1.15,1.090435494004334,lasso
4,132,train,1.25,1.2450501406141803,lasso
4,133,train,1.04,1.126454284148676,lasso
4,134,train,1.25,1.3043767700287017,lasso
4,135,train,1.3,1.3227560684301527,lasso
4,136,train,1.2,1.177050680016909,lasso
4,137,train,1.3,1.2660130164182868,lasso
4,138,train,1.2,1.1354338871321656,lasso
4,139,train,0.8,1.0300086157543031,lasso
4,140,train,0.83,1.0300086157543031,lasso
4,141,train,0.96,0.9924929222869167,lasso
4,142,train,1.18,1.1354338871321656,lasso
4,143,train,1.41,1.3227560684301527,lasso
4,145,train,1.1,1.1860302830003986,lasso
4,146,train,0.89,1.0442634535936302,lasso
4,147,train,0.998,0.9924929222869167,lasso
4,148,train,0.94,1.0300086157543031,lasso
4,150,train,1.18,1.2387982214958557,lasso
4,151,train,1.25,1.3043767700287017,lasso
4,152,train,1.25,1.177050680016909,lasso
4,153,train,1.24,1.1354338871321656,lasso
4,154,train,1.36,1.3227560684301527,lasso
4,155,train,1.3,1.2135902496287343,lasso
4,156,train,1.35,1.2167211949901509,lasso
4,157,train,1.3,1.2135902496287343,lasso
4,158,train,0.86,1.0019537513018784,lasso
4,159,train,0.77,1.0300086157543031,lasso
4,160,train,1.29,1.3227560684301527,lasso
4,162,train,1.4,1.3227560684301527,lasso
4,166,train,1.3,1.3056377264272758,lasso
4,167,train,1.01,1.0442634535936302,lasso
4,168,train,1.4,1.3154081542699463,lasso
4,172,train,0.94,0.9924929222869167,lasso
4,173,train,1.25,1.2342542088157658,lasso
4,174,train,0.95,0.9835133193034269,lasso
4,175,train,1.0,1.126454284148676,lasso
4,176,train,1.35,1.3056377264272758,lasso
4,177,train,1.25,1.2036322153754762,lasso
4,178,train,1.1,1.1860302830003986,lasso
4,179,train,1.3,1.281204762211923,lasso
4,180,train,1.45,1.3190155210065968,lasso
4,181,train,1.25,1.2256621545857391,lasso
4,182,train,1.4,1.3828147227288001,lasso
4,183,train,1.45,1.3828147227288001,lasso
4,184,train,1.2,1.0609735473363482,lasso
4,185,train,1.4,1.3154081542699463,lasso
4,186,train,1.38,1.3190155210065968,lasso
4,187,train,1.2,1.1744408146772727,lasso
4,188,train,1.3,1.177050680016909,lasso
4,189,train,1.3,1.3043767700287017,lasso
4,190,train,1.25,1.3043767700287017,lasso
4,191,train,1.25,1.3343747905460428,lasso
4,192,train,0.95,0.9835133193034269,lasso
4,193,train,1.22,1.1872984009753242,lasso
4,194,train,1.32,1.1872984009753242,lasso
4,196,train,1.11,1.1860302830003986,lasso
4,2,test,1.27,1.2167211949901509,lasso
4,12,test,1.25,1.2764884555637048,lasso
4,13,test,0.98,1.1623657949023911,lasso
4,32,test,1.35,1.3072683920298023,lasso
4,41,test,1.4,1.3221464663680131,lasso
4,42,test,1.25,1.3043767700287017,lasso
4,46,test,1.0,1.0110530679734404,lasso
4,48,test,0.92,1.036032776490619,lasso
4,57,test,0.99,1.0130560184489,lasso
4,58,test,1.11,1.126454284148676,lasso
4,61,test,1.04,1.0300086157543031,lasso
4,62,test,1.1,1.1862130919214051,lasso
4,63,test,1.11,1.126454284148676,lasso
4,64,test,1.0,1.2550896357652723,lasso
4,65,test,1.11,1.0236202960911502,lasso
4,71,test,1.4,1.3190155210065968,lasso
4,75,test,0.98,1.0210290127708135,lasso
4,76,test,1.04,1.1862130919214051,lasso
4,80,test,1.2,1.1860302830003986,lasso
4,81,test,1.25,1.1860302830003986,lasso
4,82,test,1.25,1.1860302830003986,lasso
4,84,test,1.05,1.1862130919214051,lasso
4,95,test,0.95,1.0542377800996732,lasso
4,96,test,1.2,1.2342542088157658,lasso
4,97,test,1.25,1.2342542088157658,lasso
4,102,test,1.2,1.1354338871321656,lasso
4,103,test,1.15,1.095151800652552,lasso
4,104,test,1.1,1.1354338871321656,lasso
4,105,test,1.08,1.095151800652552,lasso
4,106,test,1.2,1.2224389904670858,lasso
4,109,test,1.2,1.1833417053680269,lasso
4,117,test,1.42,1.3804548316050849,lasso
4,144,test,1.1,1.0298159080012206,lasso
4,149,test,1.15,1.126454284148676,lasso
4,161,test,1.1,1.1860302830003986,lasso
4,163,test,1.08,1.1862130919214051,lasso
4,164,test,1.1,1.1862130919214051,lasso
4,165,test,1.2,1.1860302830003986,lasso
4,169,test,1.4,1.3090411602804692,lasso
4,170,test,1.28,1.2641425781804234,lasso
4,171,test,1.3,1.2641425781804234,lasso
4,195,test,0.84,1.0300086157543031,lasso
4,197,test,1.05,1.09094616904197,lasso
4,198,test,1.17,1.177050680016909,lasso
4,199,test,1.12,1.1125032134073605,lasso
0,0,train,1.3,1.3073647115662088,rf
0,1,train,1.5,1.4343295353535348,rf
0,2,train,1.27,1.2681407544511032,rf
0,3,train,1.1,1.157362230044454,rf
0,4,train,1.4,1.3900231760461748,rf
0,5,train,1.24,1.2055618920474944,rf
0,6,train,1.35,1.2994049375901922,rf
0,7,train,1.25,1.2343941046176046,rf
0,8,train,1.0,1.0214133402264403,rf
0,11,train,0.97,0.9203903555155718,rf
0,12,train,1.25,1.2927306495726487,rf
0,13,train,0.98,1.035721443722944,rf
0,15,train,1.012,0.9203903555155718,rf
0,16,train,0.82,0.9203903555155718,rf
0,17,train,1.35,1.3090065873015886,rf
0,18,train,1.4,1.4314230219780197,rf
0,19,train,0.95,0.9755109199134191,rf
0,20,train,1.4,1.3301724179154173,rf
0,21,train,1.3,1.3301724179154173,rf
0,22,train,1.15,1.157362230044454,rf
0,23,train,1.2,1.157362230044454,rf
0,24,train,1.15,1.157362230044454,rf
0,25,train,1.2,1.1760120331106805,rf
0,26,train,1.5,1.453001879120879,rf
0,30,train,1.15,1.184389154698241,rf
0,31,train,1.2,1.184389154698241,rf
0,32,train,1.35,1.3374297417027456,rf
0,35,train,1.21,1.2055618920474944,rf
0,36,train,1.0,1.0117517841310735,rf
0,37,train,0.84,0.8771501661720637,rf
0,38,train,1.3,1.3374297417027456,rf
0,39,train,0.9,0.9203903555155718,rf
0,40,train,1.15,1.2055618920474944,rf
0,41,train,1.4,1.4314230219780197,rf
0,42,train,1.25,1.260365738428237,rf
0,43,train,1.35,1.3374297417027456,rf
0,44,train,1.1,1.0515287932330855,rf
0,45,train,1.3,1.3301724179154173,rf
0,46,train,1.0,0.994887695776446,rf
0,48,train,0.92,0.949866164341217,rf
0,49,train,1.33,1.3048258297258288,rf
0,52,train,1.1,1.0380825865800873,rf
0,53,train,1.1,1.1099957328782337,rf
0,54,train,1.15,1.1099957328782337,rf
0,55,train,1.29,1.2055618920474944,rf
0,56,train,1.08,0.9755109199134191,rf
0,57,train,0.99,0.9773906292318797,rf
0,58,train,1.11,1.0897139412809413,rf
0,59,train,1.0,1.013067627705627,rf
0,61,train,1.04,0.9203903555155718,rf
0,62,train,1.1,1.0754192503607503,rf
0,63,train,1.11,1.0897139412809413,rf
0,64,train,1.0,0.9981408653790655,rf
0,65,train,1.11,1.052692689754691,rf
0,69,train,1.06,0.9203903555155718,rf
0,70,train,1.34,1.3900231760461748,rf
0,71,train,1.4,1.412910541902541,rf
0,72,train,1.3,1.3048258297258288,rf
0,73,train,1.25,1.2330934226329233,rf
0,74,train,1.18,1.0897139412809413,rf
0,75,train,0.98,0.9698290114885123,rf
0,76,train,1.04,1.0754192503607503,rf
0,77,train,1.29,1.33220691053391,rf
0,78,train,1.41,1.3301724179154173,rf
0,79,train,1.01,1.0034753773448752,rf
0,80,train,1.2,1.157362230044454,rf
0,81,train,1.25,1.157362230044454,rf
0,82,train,1.25,1.157362230044454,rf
0,83,train,1.17,1.2055618920474944,rf
0,84,train,1.05,1.0754192503607503,rf
0,85,train,1.35,1.412910541902541,rf
0,86,train,1.5,1.412910541902541,rf
0,87,train,1.4,1.412910541902541,rf
0,88,train,1.28,1.3048258297258288,rf
0,89,train,1.22,1.173865782295,rf
0,90,train,1.23,1.1760120331106805,rf
0,92,train,1.09,1.036835466244865,rf
0,93,train,1.05,1.157362230044454,rf
0,94,train,0.98,1.035721443722944,rf
0,95,train,0.95,0.9752653354978328,rf
0,96,train,1.2,1.2055618920474944,rf
0,97,train,1.25,1.2055618920474944,rf
0,98,train,1.38,1.33220691053391,rf
0,99,train,1.15,1.2055618920474944,rf
0,100,train,1.15,1.2055618920474944,rf
0,101,train,1.2,1.157362230044454,rf
0,102,train,1.2,1.1760120331106805,rf
0,103,train,1.15,1.1099957328782337,rf
0,104,train,1.1,1.1760120331106805,rf
0,105,train,1.08,1.1099957328782337,rf
0,106,train,1.2,1.2248536410811415,rf
0,107,train,1.17,1.173865782295,rf
0,109,train,1.2,1.2485427106782125,rf
0,110,train,1.25,1.3048258297258288,rf
0,111,train,1.12,1.1299782132312108,rf
0,112,train,0.85,0.9203903555155718,rf
0,113,train,1.1,1.157362230044454,rf
0,114,train,1.14,1.173865782295,rf
0,115,train,1.23,1.2425810097125123,rf
0,116,train,1.18,1.183780816683316,rf
0,117,train,1.42,1.3900231760461748,rf
0,118,train,0.98,1.0897139412809413,rf
0,119,train,1.3,1.2681407544511032,rf
0,120,train,1.4,1.418742028249525,rf
0,121,train,1.5,1.4314230219780197,rf
0,122,train,1.1,1.1760120331106805,rf
0,123,train,1.15,1.1760120331106805,rf
0,124,train,1.08,1.1099957328782337,rf
0,125,train,1.04,1.013067627705627,rf
0,126,train,1.25,1.26113735858586,rf
0,127,train,1.25,1.3090065873015886,rf
0,128,train,1.39,1.4095773954933917,rf
0,129,train,1.45,1.4095773954933917,rf
0,130,train,1.0,1.035721443722944,rf
0,131,train,1.15,1.1299782132312108,rf
0,132,train,1.25,1.2712170860805851,rf
0,135,train,1.3,1.3479271544011542,rf
0,136,train,1.2,1.2330934226329233,rf
0,137,train,1.3,1.2453285221836976,rf
0,138,train,1.2,1.1760120331106805,rf
0,143,train,1.41,1.3479271544011542,rf
0,144,train,1.1,1.0937020086857616,rf
0,146,train,0.89,0.9755109199134191,rf
0,148,train,0.94,0.9203903555155718,rf
0,149,train,1.15,1.0897139412809413,rf
0,152,train,1.25,1.2330934226329233,rf
0,153,train,1.24,1.1760120331106805,rf
0,158,train,0.86,0.8715500671155677,rf
0,159,train,0.77,0.9203903555155718,rf
0,160,train,1.29,1.3479271544011542,rf
0,161,train,1.1,1.157362230044454,rf
0,162,train,1.4,1.3479271544011542,rf
0,163,train,1.08,1.0754192503607503,rf
0,164,train,1.1,1.0754192503607503,rf
0,165,train,1.2,1.157362230044454,rf
0,169,train,1.4,1.4095773954933917,rf
0,170,train,1.28,1.3301724179154173,rf
0,171,train,1.3,1.3301724179154173,rf
0,173,train,1.25,1.2055618920474944,rf
0,174,train,0.95,0.9511125205905164,rf
0,175,train,1.0,1.0897139412809413,rf
0,176,train,1.35,1.3048258297258288,rf
0,177,train,1.25,1.248476548007548,rf
0,179,train,1.3,1.2886220189810165,rf
0,180,train,1.45,1.412910541902541,rf
0,181,train,1.25,1.2589527428127443,rf
0,182,train,1.4,1.418742028249525,rf
0,183,train,1.45,1.418742028249525,rf
0,184,train,1.2,1.140617913734305,rf
0,186,train,1.38,1.412910541902541,rf
0,188,train,1.3,1.2330934226329233,rf
0,189,train,1.3,1.260365738428237,rf
0,190,train,1.25,1.260365738428237,rf
0,191,train,1.25,1.2456924031801553,rf
0,192,train,0.95,0.9511125205905164,rf
0,195,train,0.84,0.9203903555155718,rf
0,196,train,1.11,1.157362230044454,rf
0,197,train,1.05,1.098399131035633,rf
0,198,train,1.17,1.2330934226329233,rf
0,199,train,1.12,1.1050062510822527,rf
0,9,test,1.35,1.3981322211677207,rf
0,10,test,1.4,1.3981322211677207,rf
0,14,test,1.25,1.2364864617604632,rf
0,27,test,1.05,1.0937020086857614,rf
0,28,test,1.3,1.233093422632923,rf
0,29,test,1.05,1.1087470960150967,rf
0,33,test,1.45,1.4187420282495251,rf
0,34,test,1.15,1.1099957328782337,rf
0,47,test,1.0,0.994887695776446,rf
0,50,test,1.21,1.1243968270063285,rf
0,51,test,1.1,1.1099957328782337,rf
0,60,test,1.15,1.1760120331106807,rf
0,66,test,1.2,1.173865782295,rf
0,67,test,1.03,1.0247551523476515,rf
0,68,test,1.38,1.3322069105339096,rf
0,91,test,1.32,1.3048258297258288,rf
0,108,test,1.25,1.2603657384282367,rf
0,133,test,1.04,1.0897139412809416,rf
0,134,test,1.25,1.2603657384282367,rf
0,139,test,0.8,0.9203903555155718,rf
0,140,test,0.83,0.9203903555155718,rf
0,141,test,0.96,0.8771501661720638,rf
0,142,test,1.18,1.1760120331106807,rf
0,145,test,1.1,1.1573622300444537,rf
0,147,test,0.998,0.8771501661720638,rf
0,150,test,1.18,1.2534853705183722,rf
0,151,test,1.25,1.2603657384282367,rf
0,154,test,1.36,1.3479271544011544,rf
0,155,test,1.3,1.2689245340603825,rf
0,156,test,1.35,1.2681407544511032,rf
0,157,test,1.3,1.2689245340603825,rf
0,166,test,1.3,1.3048258297258288,rf
0,167,test,1.01,0.9755109199134191,rf
0,168,test,1.4,1.434329535353535,rf
0,172,test,0.94,0.8771501661720638,rf
0,178,test,1.1,1.1573622300444537,rf
0,185,test,1.4,1.434329535353535,rf
0,187,test,1.2,1.2994049375901922,rf
0,193,test,1.22,1.2704063427128451,rf
0,194,test,1.32,1.2704063427128451,rf
1,0,train,1.3,1.3106192937062908,rf
1,1,train,1.5,1.430621469696968,rf
1,2,train,1.27,1.3059898650793635,rf
1,3,train,1.1,1.1598762545464505,rf
1,4,train,1.4,1.3874569444444425,rf
1,5,train,1.24,1.1903330969161565,rf
1,6,train,1.35,1.2586743377733374,rf
1,7,train,1.25,1.2314699090909094,rf
1,9,train,1.35,1.380774966921968,rf
1,10,train,1.4,1.380774966921968,rf
1,12,train,1.25,1.2790496847041837,rf
1,13,train,0.98,1.0364083751803743,rf
1,14,train,1.25,1.2352178167388164,rf
1,16,train,0.82,0.8836366070498125,rf
1,17,train,1.35,1.3097358458208468,rf
1,18,train,1.4,1.433061323953821,rf
1,19,train,0.95,0.9855111062049051,rf
1,20,train,1.4,1.3325140296925293,rf
1,21,train,1.3,1.3325140296925293,rf
1,26,train,1.5,1.4570119236874242,rf
1,27,train,1.05,1.0729239936174948,rf
1,28,train,1.3,1.2324269639249654,rf
1,29,train,1.05,1.0709313481241003,rf
1,32,train,1.35,1.360214987179495,rf
1,33,train,1.45,1.427592753968252,rf
1,34,train,1.15,1.1122677857142869,rf
1,35,train,1.21,1.1903330969161565,rf
1,36,train,1.0,1.0116197529581525,rf
1,37,train,0.84,0.9321747510822511,rf
1,40,train,1.15,1.1903330969161565,rf
1,41,train,1.4,1.433061323953821,rf
1,42,train,1.25,1.2458865555555556,rf
1,43,train,1.35,1.360214987179495,rf
1,44,train,1.1,1.0451469900099934,rf
1,45,train,1.3,1.3325140296925293,rf
1,46,train,1.0,1.0044280346320342,rf
1,47,train,1.0,1.0044280346320342,rf
1,48,train,0.92,0.9545153808080828,rf
1,49,train,1.33,1.320771669552672,rf
1,50,train,1.21,1.1766156067821067,rf
1,51,train,1.1,1.1122677857142869,rf
1,52,train,1.1,1.040068857142857,rf
1,56,train,1.08,0.9855111062049051,rf
1,57,train,0.99,0.9781516569985587,rf
1,58,train,1.11,1.096189088994337,rf
1,59,train,1.0,1.0049880650793654,rf
1,60,train,1.15,1.1577171467911174,rf
1,61,train,1.04,0.8836366070498125,rf
1,62,train,1.1,1.074498470418469,rf
1,63,train,1.11,1.096189088994337,rf
1,64,train,1.0,0.9931324580086581,rf
1,65,train,1.11,1.0505000259740263,rf
1,66,train,1.2,1.1768734581529572,rf
1,67,train,1.03,1.03235246334776,rf
1,68,train,1.38,1.346591401154403,rf
1,69,train,1.06,0.8836366070498125,rf
1,70,train,1.34,1.3874569444444425,rf
1,71,train,1.4,1.407468616217114,rf
1,72,train,1.3,1.320771669552672,rf
1,73,train,1.25,1.2324269639249654,rf
1,74,train,1.18,1.096189088994337,rf
1,75,train,0.98,0.9493742646797669,rf
1,76,train,1.04,1.074498470418469,rf
1,77,train,1.29,1.346591401154403,rf
1,78,train,1.41,1.3325140296925293,rf
1,80,train,1.2,1.1598762545464505,rf
1,81,train,1.25,1.1598762545464505,rf
1,82,train,1.25,1.1598762545464505,rf
1,83,train,1.17,1.1903330969161565,rf
1,84,train,1.05,1.074498470418469,rf
1,90,train,1.23,1.1577171467911174,rf
1,91,train,1.32,1.320771669552672,rf
1,92,train,1.09,1.0309609491410543,rf
1,94,train,0.98,1.0364083751803743,rf
1,95,train,0.95,0.9716171718614682,rf
1,96,train,1.2,1.1903330969161565,rf
1,97,train,1.25,1.1903330969161565,rf
1,98,train,1.38,1.346591401154403,rf
1,99,train,1.15,1.1903330969161565,rf
1,100,train,1.15,1.1903330969161565,rf
1,101,train,1.2,1.1598762545464505,rf
1,102,train,1.2,1.1577171467911174,rf
1,103,train,1.15,1.1122677857142869,rf
1,104,train,1.1,1.1577171467911174,rf
1,105,train,1.08,1.1122677857142869,rf
1,106,train,1.2,1.222097469696971,rf
1,107,train,1.17,1.1768734581529572,rf
1,108,train,1.25,1.2458865555555556,rf
1,109,train,1.2,1.2240447727272752,rf
1,111,train,1.12,1.120498985569987,rf
1,112,train,0.85,0.8836366070498125,rf
1,115,train,1.23,1.2298591955266995,rf
1,116,train,1.18,1.201574527417026,rf
1,117,train,1.42,1.3874569444444425,rf
1,118,train,0.98,1.096189088994337,rf
1,119,train,1.3,1.3059898650793635,rf
1,120,train,1.4,1.427592753968252,rf
1,121,train,1.5,1.433061323953821,rf
1,122,train,1.1,1.1577171467911174,rf
1,123,train,1.15,1.1577171467911174,rf
1,124,train,1.08,1.1122677857142869,rf
1,126,train,1.25,1.236330710678211,rf
1,127,train,1.25,1.3097358458208468,rf
1,128,train,1.39,1.409582060495059,rf
1,129,train,1.45,1.409582060495059,rf
1,130,train,1.0,1.0364083751803743,rf
1,132,train,1.25,1.2711174935619929,rf
1,133,train,1.04,1.096189088994337,rf
1,134,train,1.25,1.2458865555555556,rf
1,137,train,1.3,1.2532697786102756,rf
1,139,train,0.8,0.8836366070498125,rf
1,140,train,0.83,0.8836366070498125,rf
1,141,train,0.96,0.9321747510822511,rf
1,142,train,1.18,1.1577171467911174,rf
1,144,train,1.1,1.0729239936174948,rf
1,145,train,1.1,1.1598762545464505,rf
1,146,train,0.89,0.9855111062049051,rf
1,147,train,0.998,0.9321747510822511,rf
1,148,train,0.94,0.8836366070498125,rf
1,149,train,1.15,1.096189088994337,rf
1,150,train,1.18,1.2126232676767705,rf
1,151,train,1.25,1.2458865555555556,rf
1,152,train,1.25,1.2324269639249654,rf
1,154,train,1.36,1.3489640346320353,rf
1,155,train,1.3,1.2992160793650762,rf
1,156,train,1.35,1.3059898650793635,rf
1,157,train,1.3,1.2992160793650762,rf
1,158,train,0.86,0.8756461450993501,rf
1,159,train,0.77,0.8836366070498125,rf
1,160,train,1.29,1.3489640346320353,rf
1,161,train,1.1,1.1598762545464505,rf
1,162,train,1.4,1.3489640346320353,rf
1,163,train,1.08,1.074498470418469,rf
1,164,train,1.1,1.074498470418469,rf
1,165,train,1.2,1.1598762545464505,rf
1,166,train,1.3,1.320771669552672,rf
1,167,train,1.01,0.9855111062049051,rf
1,168,train,1.4,1.430621469696968,rf
1,169,train,1.4,1.409582060495059,rf
1,170,train,1.28,1.3325140296925293,rf
1,171,train,1.3,1.3325140296925293,rf
1,172,train,0.94,0.9321747510822511,rf
1,176,train,1.35,1.320771669552672,rf
1,177,train,1.25,1.245909758297257,rf
1,178,train,1.1,1.1598762545464505,rf
1,179,train,1.3,1.2949860873015844,rf
1,180,train,1.45,1.407468616217114,rf
1,184,train,1.2,1.1374073840620167,rf
1,185,train,1.4,1.430621469696968,rf
1,186,train,1.38,1.407468616217114,rf
1,187,train,1.2,1.2586743377733374,rf
1,192,train,0.95,0.9608399334776315,rf
1,193,train,1.22,1.263956714285715,rf
1,194,train,1.32,1.263956714285715,rf
1,195,train,0.84,0.8836366070498125,rf
1,196,train,1.11,1.1598762545464505,rf
1,197,train,1.05,1.0967855396825412,rf
1,198,train,1.17,1.2324269639249654,rf
1,199,train,1.12,1.1102000245865253,rf
1,8,test,1.0,1.035202504617604,rf
1,11,test,0.97,0.8836366070498126,rf
1,15,test,1.012,0.8836366070498126,rf
1,22,test,1.15,1.1598762545464505,rf
1,23,test,1.2,1.1598762545464505,rf
1,24,test,1.15,1.1598762545464505,rf
1,25,test,1.2,1.1577171467911174,rf
1,30,test,1.15,1.2121598554778559,rf
1,31,test,1.2,1.2121598554778559,rf
1,38,test,1.3,1.360214987179495,rf
1,39,test,0.9,0.8836366070498126,rf
1,53,test,1.1,1.1122677857142866,rf
1,54,test,1.15,1.1122677857142866,rf
1,55,test,1.29,1.1903330969161567,rf
1,79,test,1.01,0.989846483982682,rf
1,85,test,1.35,1.4074686162171137,rf
1,86,test,1.5,1.4074686162171137,rf
1,87,test,1.4,1.4074686162171137,rf
1,88,test,1.28,1.3207716695526717,rf
1,89,test,1.22,1.1768734581529574,rf
1,93,test,1.05,1.1598762545464505,rf
1,110,test,1.25,1.3207716695526717,rf
1,113,test,1.1,1.1598762545464505,rf
1,114,test,1.14,1.1768734581529574,rf
1,125,test,1.04,1.0049880650793654,rf
1,131,test,1.15,1.120498985569987,rf
1,135,test,1.3,1.3489640346320355,rf
1,136,test,1.2,1.2324269639249654,rf
1,138,test,1.2,1.1577171467911174,rf
1,143,test,1.41,1.3489640346320355,rf
1,153,test,1.24,1.1577171467911174,rf
1,173,test,1.25,1.1903330969161567,rf
1,174,test,0.95,0.9608399334776315,rf
1,175,test,1.0,1.0961890889943369,rf
1,181,test,1.25,1.2499119920634931,rf
1,182,test,1.4,1.4275927539682522,rf
1,183,test,1.45,1.4275927539682522,rf
1,188,test,1.3,1.2324269639249654,rf
1,189,test,1.3,1.2458865555555558,rf
1,190,test,1.25,1.2458865555555558,rf
1,191,test,1.25,1.2128090740925752,rf
2,2,train,1.27,1.2975611176046176,rf
2,6,train,1.35,1.2656672326627634,rf
2,7,train,1.25,1.243814171717172,rf
2,8,train,1.0,1.000509808946607,rf
2,9,train,1.35,1.3774267128427127,rf
2,10,train,1.4,1.3774267128427127,rf
2,11,train,0.97,0.8933508896310947,rf
2,12,train,1.25,1.2834903268398252,rf
2,13,train,0.98,1.0434066544566545,rf
2,14,train,1.25,1.2380273737373737,rf
2,15,train,1.012,0.8933508896310947,rf
2,16,train,0.82,0.8933508896310947,rf
2,18,train,1.4,1.4064191053945956,rf
2,19,train,0.95,0.989144751515151,rf
2,22,train,1.15,1.1541122174740306,rf
2,23,train,1.2,1.1541122174740306,rf
2,24,train,1.15,1.1541122174740306,rf
2,25,train,1.2,1.1753916045662982,rf
2,26,train,1.5,1.45263729076479,rf
2,27,train,1.05,1.0710804134254657,rf
2,28,train,1.3,1.2393351994737292,rf
2,29,train,1.05,1.0807167597402607,rf
2,30,train,1.15,1.1841980613830585,rf
2,31,train,1.2,1.1841980613830585,rf
2,32,train,1.35,1.3361363030303046,rf
2,33,train,1.45,1.4258808809523773,rf
2,34,train,1.15,1.122543250693751,rf
2,35,train,1.21,1.2024926143317476,rf
2,37,train,0.84,0.9338931855699857,rf
2,38,train,1.3,1.3361363030303046,rf
2,39,train,0.9,0.8933508896310947,rf
2,40,train,1.15,1.2024926143317476,rf
2,41,train,1.4,1.4064191053945956,rf
2,42,train,1.25,1.2551989682539686,rf
2,46,train,1.0,0.9877462693861692,rf
2,47,train,1.0,0.9877462693861692,rf
2,48,train,0.92,0.9435058237873247,rf
2,49,train,1.33,1.3072564600399597,rf
2,50,train,1.21,1.1802416536796525,rf
2,51,train,1.1,1.122543250693751,rf
2,53,train,1.1,1.122543250693751,rf
2,54,train,1.15,1.122543250693751,rf
2,55,train,1.29,1.2024926143317476,rf
2,57,train,0.99,0.9780801712842729,rf
2,58,train,1.11,1.0999420890220897,rf
2,59,train,1.0,1.0203057499278494,rf
2,60,train,1.15,1.1753916045662982,rf
2,61,train,1.04,0.8933508896310947,rf
2,62,train,1.1,1.075545580086579,rf
2,63,train,1.11,1.0999420890220897,rf
2,64,train,1.0,1.0015462137085123,rf
2,65,train,1.11,1.0468891969696976,rf
2,66,train,1.2,1.1845669362310205,rf
2,67,train,1.03,1.0052634632145585,rf
2,68,train,1.38,1.3537439649794627,rf
2,70,train,1.34,1.388465158730156,rf
2,71,train,1.4,1.4137719621489622,rf
2,73,train,1.25,1.2393351994737292,rf
2,74,train,1.18,1.0999420890220897,rf
2,75,train,0.98,0.9565890445293291,rf
2,76,train,1.04,1.075545580086579,rf
2,79,train,1.01,0.9989548279942253,rf
2,80,train,1.2,1.1541122174740306,rf
2,81,train,1.25,1.1541122174740306,rf
2,82,train,1.25,1.1541122174740306,rf
2,83,train,1.17,1.2024926143317476,rf
2,84,train,1.05,1.075545580086579,rf
2,85,train,1.35,1.4137719621489622,rf
2,86,train,1.5,1.4137719621489622,rf
2,87,train,1.4,1.4137719621489622,rf
2,88,train,1.28,1.3072564600399597,rf
2,89,train,1.22,1.1845669362310205,rf
2,90,train,1.23,1.1753916045662982,rf
2,91,train,1.32,1.3072564600399597,rf
2,93,train,1.05,1.1541122174740306,rf
2,94,train,0.98,1.0434066544566545,rf
2,95,train,0.95,0.9698678262626236,rf
2,96,train,1.2,1.2024926143317476,rf
2,97,train,1.25,1.2024926143317476,rf
2,99,train,1.15,1.2024926143317476,rf
2,100,train,1.15,1.2024926143317476,rf
2,101,train,1.2,1.1541122174740306,rf
2,102,train,1.2,1.1753916045662982,rf
2,103,train,1.15,1.122543250693751,rf
2,104,train,1.1,1.1753916045662982,rf
2,105,train,1.08,1.122543250693751,rf
2,106,train,1.2,1.2123456889042346,rf
2,108,train,1.25,1.2551989682539686,rf
2,109,train,1.2,1.223986430353961,rf
2,110,train,1.25,1.3072564600399597,rf
2,113,train,1.1,1.1541122174740306,rf
2,114,train,1.14,1.1845669362310205,rf
2,117,train,1.42,1.388465158730156,rf
2,122,train,1.1,1.1753916045662982,rf
2,123,train,1.15,1.1753916045662982,rf
2,125,train,1.04,1.0203057499278494,rf
2,126,train,1.25,1.2468562510822512,rf
2,127,train,1.25,1.2991927778887769,rf
2,128,train,1.39,1.4081782611277591,rf
2,129,train,1.45,1.4081782611277591,rf
2,131,train,1.15,1.1416459884559835,rf
2,133,train,1.04,1.0999420890220897,rf
2,134,train,1.25,1.2551989682539686,rf
2,135,train,1.3,1.3516894442779448,rf
2,136,train,1.2,1.2393351994737292,rf
2,138,train,1.2,1.1753916045662982,rf
2,139,train,0.8,0.8933508896310947,rf
2,140,train,0.83,0.8933508896310947,rf
2,141,train,0.96,0.9338931855699857,rf
2,142,train,1.18,1.1753916045662982,rf
2,143,train,1.41,1.3516894442779448,rf
2,144,train,1.1,1.0710804134254657,rf
2,145,train,1.1,1.1541122174740306,rf
2,147,train,0.998,0.9338931855699857,rf
2,148,train,0.94,0.8933508896310947,rf
2,149,train,1.15,1.0999420890220897,rf
2,150,train,1.18,1.2143153492063499,rf
2,151,train,1.25,1.2551989682539686,rf
2,153,train,1.24,1.1753916045662982,rf
2,154,train,1.36,1.3516894442779448,rf
2,155,train,1.3,1.295492381340879,rf
2,156,train,1.35,1.2975611176046176,rf
2,157,train,1.3,1.295492381340879,rf
2,158,train,0.86,0.885490815889671,rf
2,159,train,0.77,0.8933508896310947,rf
2,160,train,1.29,1.3516894442779448,rf
2,161,train,1.1,1.1541122174740306,rf
2,162,train,1.4,1.3516894442779448,rf
2,163,train,1.08,1.075545580086579,rf
2,164,train,1.1,1.075545580086579,rf
2,165,train,1.2,1.1541122174740306,rf
2,166,train,1.3,1.3072564600399597,rf
2,167,train,1.01,0.989144751515151,rf
2,168,train,1.4,1.382777421800415,rf
2,169,train,1.4,1.4081782611277591,rf
2,170,train,1.28,1.303575509768008,rf
2,171,train,1.3,1.303575509768008,rf
2,172,train,0.94,0.9338931855699857,rf
2,173,train,1.25,1.2024926143317476,rf
2,174,train,0.95,0.9627470888888882,rf
2,175,train,1.0,1.0999420890220897,rf
2,176,train,1.35,1.3072564600399597,rf
2,177,train,1.25,1.2339886668984623,rf
2,178,train,1.1,1.1541122174740306,rf
2,179,train,1.3,1.2893540739815719,rf
2,180,train,1.45,1.4137719621489622,rf
2,181,train,1.25,1.252243738095239,rf
2,182,train,1.4,1.4258808809523773,rf
2,183,train,1.45,1.4258808809523773,rf
2,185,train,1.4,1.382777421800415,rf
2,186,train,1.38,1.4137719621489622,rf
2,187,train,1.2,1.2656672326627634,rf
2,188,train,1.3,1.2393351994737292,rf
2,189,train,1.3,1.2551989682539686,rf
2,190,train,1.25,1.2551989682539686,rf
2,191,train,1.25,1.2440567764653656,rf
2,193,train,1.22,1.2664020685425708,rf
2,194,train,1.32,1.2664020685425708,rf
2,195,train,0.84,0.8933508896310947,rf
2,196,train,1.11,1.1541122174740306,rf
2,197,train,1.05,1.0915601464646478,rf
2,198,train,1.17,1.2393351994737292,rf
2,199,train,1.12,1.1045280535575555,rf
2,0,test,1.3,1.3037300152625135,rf
2,1,test,1.5,1.382777421800415,rf
2,3,test,1.1,1.1541122174740304,rf
2,4,test,1.4,1.388465158730156,rf
2,5,test,1.24,1.2024926143317476,rf
2,17,test,1.35,1.2991927778887769,rf
2,20,test,1.4,1.3035755097680077,rf
2,21,test,1.3,1.3035755097680077,rf
2,36,test,1.0,0.9805502070707055,rf
2,43,test,1.35,1.3361363030303044,rf
2,44,test,1.1,0.9991135687191882,rf
2,45,test,1.3,1.3035755097680077,rf
2,52,test,1.1,1.0472579603174608,rf
2,56,test,1.08,0.989144751515151,rf
2,69,test,1.06,0.8933508896310947,rf
2,72,test,1.3,1.3072564600399597,rf
2,77,test,1.29,1.3537439649794627,rf
2,78,test,1.41,1.3035755097680077,rf
2,92,test,1.09,0.9529711374502683,rf
2,98,test,1.38,1.3537439649794627,rf
2,107,test,1.17,1.1845669362310205,rf
2,111,test,1.12,1.1416459884559835,rf
2,112,test,0.85,0.8933508896310947,rf
2,115,test,1.23,1.231368134920636,rf
2,116,test,1.18,1.252857741425241,rf
2,118,test,0.98,1.0999420890220895,rf
2,119,test,1.3,1.2975611176046176,rf
2,120,test,1.4,1.425880880952377,rf
2,121,test,1.5,1.4064191053945958,rf
2,124,test,1.08,1.122543250693751,rf
2,130,test,1.0,1.0434066544566547,rf
2,132,test,1.25,1.3034632875457857,rf
2,137,test,1.3,1.219786631877926,rf
2,146,test,0.89,0.989144751515151,rf
2,152,test,1.25,1.2393351994737292,rf
2,184,test,1.2,1.0505460910060542,rf
2,192,test,0.95,0.9627470888888882,rf
3,0,train,1.3,1.3110135022754998,rf
3,1,train,1.5,1.427553840159837,rf
3,2,train,1.27,1.305946660062157,rf
3,3,train,1.1,1.1494514256615196,rf
3,4,train,1.4,1.410154708735705,rf
3,5,train,1.24,1.2453481327561335,rf
3,8,train,1.0,1.019042420512819,rf
3,9,train,1.35,1.382801670385168,rf
3,10,train,1.4,1.382801670385168,rf
3,11,train,0.97,0.9221077744938062,rf
3,12,train,1.25,1.2860088261183251,rf
3,13,train,0.98,1.0573584040404036,rf
3,14,train,1.25,1.2096005873015878,rf
3,15,train,1.012,0.9221077744938062,rf
3,17,train,1.35,1.3557582696192743,rf
3,20,train,1.4,1.3317641097236106,rf
3,21,train,1.3,1.3317641097236106,rf
3,22,train,1.15,1.1494514256615196,rf
3,23,train,1.2,1.1494514256615196,rf
3,24,train,1.15,1.1494514256615196,rf
3,25,train,1.2,1.1814193202353205,rf
3,27,train,1.05,1.0758849279942295,rf
3,28,train,1.3,1.2373480858585872,rf
3,29,train,1.05,1.0769451985792002,rf
3,30,train,1.15,1.1599969357864357,rf
3,31,train,1.2,1.1599969357864357,rf
3,32,train,1.35,1.3354062077922106,rf
3,33,train,1.45,1.4274960016649993,rf
3,34,train,1.15,1.1153073088023084,rf
3,36,train,1.0,1.0090507056277054,rf
3,38,train,1.3,1.3354062077922106,rf
3,39,train,0.9,0.9221077744938062,rf
3,41,train,1.4,1.441599367243867,rf
3,42,train,1.25,1.2567868796758785,rf
3,43,train,1.35,1.3354062077922106,rf
3,44,train,1.1,1.0517159053391083,rf
3,45,train,1.3,1.3317641097236106,rf
3,46,train,1.0,1.0003090476079473,rf
3,47,train,1.0,1.0003090476079473,rf
3,48,train,0.92,0.9551163913641931,rf
3,50,train,1.21,1.192493921356422,rf
3,51,train,1.1,1.1153073088023084,rf
3,52,train,1.1,1.0571852849927845,rf
3,53,train,1.1,1.1153073088023084,rf
3,54,train,1.15,1.1153073088023084,rf
3,55,train,1.29,1.2453481327561335,rf
3,56,train,1.08,0.9945123323676315,rf
3,57,train,0.99,0.9807374105228114,rf
3,58,train,1.11,1.0654576333111336,rf
3,60,train,1.15,1.1814193202353205,rf
3,61,train,1.04,0.9221077744938062,rf
3,62,train,1.1,1.0751077965367954,rf
3,63,train,1.11,1.0654576333111336,rf
3,64,train,1.0,0.996316765134865,rf
3,65,train,1.11,1.0787148160173152,rf
3,66,train,1.2,1.1814716343778344,rf
3,67,train,1.03,1.029416748673544,rf
3,68,train,1.38,1.3505923655788667,rf
3,69,train,1.06,0.9221077744938062,rf
3,71,train,1.4,1.4137292056277042,rf
3,72,train,1.3,1.2925403867243852,rf
3,75,train,0.98,0.9606043104229132,rf
3,76,train,1.04,1.0751077965367954,rf
3,77,train,1.29,1.3505923655788667,rf
3,78,train,1.41,1.3317641097236106,rf
3,79,train,1.01,1.0017793675546647,rf
3,80,train,1.2,1.1494514256615196,rf
3,81,train,1.25,1.1494514256615196,rf
3,82,train,1.25,1.1494514256615196,rf
3,84,train,1.05,1.0751077965367954,rf
3,85,train,1.35,1.4137292056277042,rf
3,86,train,1.5,1.4137292056277042,rf
3,87,train,1.4,1.4137292056277042,rf
3,88,train,1.28,1.2925403867243852,rf
3,89,train,1.22,1.1814716343778344,rf
3,91,train,1.32,1.2925403867243852,rf
3,92,train,1.09,1.0392234256410215,rf
3,93,train,1.05,1.1494514256615196,rf
3,95,train,0.95,0.976709348529246,rf
3,96,train,1.2,1.2453481327561335,rf
3,97,train,1.25,1.2453481327561335,rf
3,98,train,1.38,1.3505923655788667,rf
3,102,train,1.2,1.1814193202353205,rf
3,103,train,1.15,1.1153073088023084,rf
3,104,train,1.1,1.1814193202353205,rf
3,105,train,1.08,1.1153073088023084,rf
3,106,train,1.2,1.2253261190476197,rf
3,107,train,1.17,1.1814716343778344,rf
3,108,train,1.25,1.2567868796758785,rf
3,109,train,1.2,1.2199119126984135,rf
3,110,train,1.25,1.2925403867243852,rf
3,111,train,1.12,1.1379295173160144,rf
3,112,train,0.85,0.9221077744938062,rf
3,113,train,1.1,1.1494514256615196,rf
3,114,train,1.14,1.1814716343778344,rf
3,115,train,1.23,1.2270585339660374,rf
3,116,train,1.18,1.206776842768343,rf
3,117,train,1.42,1.410154708735705,rf
3,118,train,0.98,1.0654576333111336,rf
3,119,train,1.3,1.305946660062157,rf
3,120,train,1.4,1.4274960016649993,rf
3,121,train,1.5,1.441599367243867,rf
3,124,train,1.08,1.1153073088023084,rf
3,125,train,1.04,1.024307673160175,rf
3,130,train,1.0,1.0573584040404036,rf
3,131,train,1.15,1.1379295173160144,rf
3,132,train,1.25,1.2740999597069596,rf
3,133,train,1.04,1.0654576333111336,rf
3,134,train,1.25,1.2567868796758785,rf
3,135,train,1.3,1.354326076479076,rf
3,136,train,1.2,1.2373480858585872,rf
3,137,train,1.3,1.2761523088023066,rf
3,138,train,1.2,1.1814193202353205,rf
3,139,train,0.8,0.9221077744938062,rf
3,140,train,0.83,0.9221077744938062,rf
3,141,train,0.96,0.9631916296703276,rf
3,142,train,1.18,1.1814193202353205,rf
3,143,train,1.41,1.354326076479076,rf
3,144,train,1.1,1.0758849279942295,rf
3,145,train,1.1,1.1494514256615196,rf
3,146,train,0.89,0.9945123323676315,rf
3,147,train,0.998,0.9631916296703276,rf
3,149,train,1.15,1.0654576333111336,rf
3,150,train,1.18,1.2106326507936516,rf
3,151,train,1.25,1.2567868796758785,rf
3,152,train,1.25,1.2373480858585872,rf
3,153,train,1.24,1.1814193202353205,rf
3,154,train,1.36,1.354326076479076,rf
3,155,train,1.3,1.2993170721500695,rf
3,156,train,1.35,1.305946660062157,rf
3,157,train,1.3,1.2993170721500695,rf
3,161,train,1.1,1.1494514256615196,rf
3,163,train,1.08,1.0751077965367954,rf
3,164,train,1.1,1.0751077965367954,rf
3,165,train,1.2,1.1494514256615196,rf
3,166,train,1.3,1.2925403867243852,rf
3,167,train,1.01,0.9945123323676315,rf
3,168,train,1.4,1.427553840159837,rf
3,169,train,1.4,1.3774710077145038,rf
3,170,train,1.28,1.3317641097236106,rf
3,171,train,1.3,1.3317641097236106,rf
3,172,train,0.94,0.9631916296703276,rf
3,173,train,1.25,1.2453481327561335,rf
3,174,train,0.95,0.9581204265512231,rf
3,175,train,1.0,1.0654576333111336,rf
3,178,train,1.1,1.1494514256615196,rf
3,181,train,1.25,1.244255181818183,rf
3,182,train,1.4,1.4274960016649993,rf
3,183,train,1.45,1.4274960016649993,rf
3,184,train,1.2,1.1538796908163738,rf
3,185,train,1.4,1.427553840159837,rf
3,187,train,1.2,1.217341461760464,rf
3,188,train,1.3,1.2373480858585872,rf
3,189,train,1.3,1.2567868796758785,rf
3,190,train,1.25,1.2567868796758785,rf
3,191,train,1.25,1.2287010634920652,rf
3,192,train,0.95,0.9581204265512231,rf
3,193,train,1.22,1.2621785317460312,rf
3,194,train,1.32,1.2621785317460312,rf
3,195,train,0.84,0.9221077744938062,rf
3,197,train,1.05,1.0965525281385298,rf
3,198,train,1.17,1.2373480858585872,rf
3,199,train,1.12,1.1001897256077275,rf
3,6,test,1.35,1.2173414617604639,rf
3,7,test,1.25,1.1650075310245311,rf
3,16,test,0.82,0.9221077744938061,rf
3,18,test,1.4,1.441599367243867,rf
3,19,test,0.95,0.9945123323676315,rf
3,26,test,1.5,1.3908241902541867,rf
3,35,test,1.21,1.2453481327561335,rf
3,37,test,0.84,0.9631916296703276,rf
3,40,test,1.15,1.2453481327561335,rf
3,49,test,1.33,1.2925403867243854,rf
3,59,test,1.0,1.024307673160175,rf
3,70,test,1.34,1.4101547087357045,rf
3,73,test,1.25,1.237348085858587,rf
3,74,test,1.18,1.0654576333111336,rf
3,83,test,1.17,1.2453481327561335,rf
3,90,test,1.23,1.1814193202353203,rf
3,94,test,0.98,1.0573584040404038,rf
3,99,test,1.15,1.2453481327561335,rf
3,100,test,1.15,1.2453481327561335,rf
3,101,test,1.2,1.1494514256615198,rf
3,122,test,1.1,1.1814193202353203,rf
3,123,test,1.15,1.1814193202353203,rf
3,126,test,1.25,1.1613949754689759,rf
3,127,test,1.25,1.3557582696192743,rf
3,128,test,1.39,1.3774710077145036,rf
3,129,test,1.45,1.3774710077145036,rf
3,148,test,0.94,0.9221077744938061,rf
3,158,test,0.86,0.9608244582362078,rf
3,159,test,0.77,0.9221077744938061,rf
3,160,test,1.29,1.354326076479076,rf
3,162,test,1.4,1.354326076479076,rf
3,176,test,1.35,1.2925403867243854,rf
3,177,test,1.25,1.2392332619047624,rf
3,179,test,1.3,1.2921794942279925,rf
3,180,test,1.45,1.4137292056277042,rf
3,186,test,1.38,1.4137292056277042,rf
3,196,test,1.11,1.1494514256615198,rf
4,0,train,1.3,1.3145994062049033,rf
4,1,train,1.5,1.4245465421571886,rf
4,3,train,1.1,1.1259639341879313,rf
4,4,train,1.4,1.379084321067821,rf
4,5,train,1.24,1.2016885840367078,rf
4,6,train,1.35,1.2650489953934962,rf
4,7,train,1.25,1.2369558845598856,rf
4,8,train,1.0,1.018133194261293,rf
4,9,train,1.35,1.37884363064713,rf
4,10,train,1.4,1.37884363064713,rf
4,11,train,0.97,0.895293596842648,rf
4,14,train,1.25,1.2261751984126985,rf
4,15,train,1.012,0.895293596842648,rf
4,16,train,0.82,0.895293596842648,rf
4,17,train,1.35,1.3058631327561334,rf
4,18,train,1.4,1.4405586154401127,rf
4,19,train,0.95,0.9829065744758515,rf
4,20,train,1.4,1.3506450836940844,rf
4,21,train,1.3,1.3506450836940844,rf
4,22,train,1.15,1.1259639341879313,rf
4,23,train,1.2,1.1259639341879313,rf
4,24,train,1.15,1.1259639341879313,rf
4,25,train,1.2,1.1813450034132527,rf
4,26,train,1.5,1.4481761082251097,rf
4,27,train,1.05,1.0575646605802724,rf
4,28,train,1.3,1.2542647279387256,rf
4,29,train,1.05,1.0945020766955282,rf
4,30,train,1.15,1.1846806763791748,rf
4,31,train,1.2,1.1846806763791748,rf
4,33,train,1.45,1.4242625216450187,rf
4,34,train,1.15,1.1146576400266401,rf
4,35,train,1.21,1.2016885840367078,rf
4,36,train,1.0,1.028706035786436,rf
4,37,train,0.84,0.9331603577115688,rf
4,38,train,1.3,1.3340534567099578,rf
4,39,train,0.9,0.895293596842648,rf
4,40,train,1.15,1.2016885840367078,rf
4,43,train,1.35,1.3340534567099578,rf
4,44,train,1.1,1.0622140510822546,rf
4,45,train,1.3,1.3506450836940844,rf
4,47,train,1.0,0.9994938691974683,rf
4,49,train,1.33,1.3048564017094013,rf
4,50,train,1.21,1.1884544206349197,rf
4,51,train,1.1,1.1146576400266401,rf
4,52,train,1.1,1.040738341269842,rf
4,53,train,1.1,1.1146576400266401,rf
4,54,train,1.15,1.1146576400266401,rf
4,55,train,1.29,1.2016885840367078,rf
4,56,train,1.08,0.9829065744758515,rf
4,59,train,1.0,1.0199896666666652,rf
4,60,train,1.15,1.1813450034132527,rf
4,66,train,1.2,1.1791934284049277,rf
4,67,train,1.03,1.0285983506826464,rf
4,68,train,1.38,1.347233155122656,rf
4,69,train,1.06,0.895293596842648,rf
4,70,train,1.34,1.379084321067821,rf
4,72,train,1.3,1.3048564017094013,rf
4,73,train,1.25,1.2542647279387256,rf
4,74,train,1.18,1.05414617027417,rf
4,77,train,1.29,1.347233155122656,rf
4,78,train,1.41,1.3506450836940844,rf
4,79,train,1.01,1.016697029437227,rf
4,83,train,1.17,1.2016885840367078,rf
4,85,train,1.35,1.413267601875249,rf
4,86,train,1.5,1.413267601875249,rf
4,87,train,1.4,1.413267601875249,rf
4,88,train,1.28,1.3048564017094013,rf
4,89,train,1.22,1.1791934284049277,rf
4,90,train,1.23,1.1813450034132527,rf
4,91,train,1.32,1.3048564017094013,rf
4,92,train,1.09,1.033207132195579,rf
4,93,train,1.05,1.1259639341879313,rf
4,94,train,0.98,1.0419180079365085,rf
4,98,train,1.38,1.347233155122656,rf
4,99,train,1.15,1.2016885840367078,rf
4,100,train,1.15,1.2016885840367078,rf
4,101,train,1.2,1.1259639341879313,rf
4,107,train,1.17,1.1791934284049277,rf
4,108,train,1.25,1.257089265512263,rf
4,110,train,1.25,1.3048564017094013,rf
4,111,train,1.12,1.135156896825394,rf
4,112,train,0.85,0.895293596842648,rf
4,113,train,1.1,1.1259639341879313,rf
4,114,train,1.14,1.1791934284049277,rf
4,115,train,1.23,1.2383733650793678,rf
4,116,train,1.18,1.2074824336219323,rf
4,118,train,0.98,1.05414617027417,rf
4,119,train,1.3,1.317480524975027,rf
4,120,train,1.4,1.4242625216450187,rf
4,121,train,1.5,1.4405586154401127,rf
4,122,train,1.1,1.1813450034132527,rf
4,123,train,1.15,1.1813450034132527,rf
4,124,train,1.08,1.1146576400266401,rf
4,125,train,1.04,1.0199896666666652,rf
4,126,train,1.25,1.240089694083695,rf
4,127,train,1.25,1.3058631327561334,rf
4,128,train,1.39,1.412188096935741,rf
4,129,train,1.45,1.412188096935741,rf
4,130,train,1.0,1.0419180079365085,rf
4,131,train,1.15,1.135156896825394,rf
4,132,train,1.25,1.2821410021645014,rf
4,133,train,1.04,1.05414617027417,rf
4,134,train,1.25,1.257089265512263,rf
4,135,train,1.3,1.3516171890331903,rf
4,136,train,1.2,1.2542647279387256,rf
4,137,train,1.3,1.261745480408476,rf
4,138,train,1.2,1.1813450034132527,rf
4,139,train,0.8,0.895293596842648,rf
4,140,train,0.83,0.895293596842648,rf
4,141,train,0.96,0.9331603577115688,rf
4,142,train,1.18,1.1813450034132527,rf
4,143,train,1.41,1.3516171890331903,rf
4,145,train,1.1,1.1259639341879313,rf
4,146,train,0.89,0.9829065744758515,rf
4,147,train,0.998,0.9331603577115688,rf
4,148,train,0.94,0.895293596842648,rf
4,150,train,1.18,1.2119504761904754,rf
4,151,train,1.25,1.257089265512263,rf
4,152,train,1.25,1.2542647279387256,rf
4,153,train,1.24,1.1813450034132527,rf
4,154,train,1.36,1.3516171890331903,rf
4,155,train,1.3,1.2998933343323313,rf
4,156,train,1.35,1.317480524975027,rf
4,157,train,1.3,1.2998933343323313,rf
4,158,train,0.86,0.8827040671684575,rf
4,159,train,0.77,0.895293596842648,rf
4,160,train,1.29,1.3516171890331903,rf
4,162,train,1.4,1.3516171890331903,rf
4,166,train,1.3,1.3048564017094013,rf
4,167,train,1.01,0.9829065744758515,rf
4,168,train,1.4,1.4245465421571886,rf
4,172,train,0.94,0.9331603577115688,rf
4,173,train,1.25,1.2016885840367078,rf
4,174,train,0.95,0.9507113742283823,rf
4,175,train,1.0,1.05414617027417,rf
4,176,train,1.35,1.3048564017094013,rf
4,177,train,1.25,1.259772687590187,rf
4,178,train,1.1,1.1259639341879313,rf
4,179,train,1.3,1.301220526695524,rf
4,180,train,1.45,1.413267601875249,rf
4,181,train,1.25,1.2490260591630595,rf
4,182,train,1.4,1.4242625216450187,rf
4,183,train,1.45,1.4242625216450187,rf
4,184,train,1.2,1.1177043323042977,rf
4,185,train,1.4,1.4245465421571886,rf
4,186,train,1.38,1.413267601875249,rf
4,187,train,1.2,1.2650489953934962,rf
4,188,train,1.3,1.2542647279387256,rf
4,189,train,1.3,1.257089265512263,rf
4,190,train,1.25,1.257089265512263,rf
4,191,train,1.25,1.236365334831835,rf
4,192,train,0.95,0.9507113742283823,rf
4,193,train,1.22,1.2728531190476202,rf
4,194,train,1.32,1.2728531190476202,rf
4,196,train,1.11,1.1259639341879313,rf
4,2,test,1.27,1.3174805249750268,rf
4,12,test,1.25,1.3344274740259712,rf
4,13,test,0.98,1.0419180079365085,rf
4,32,test,1.35,1.3340534567099578,rf
4,41,test,1.4,1.4405586154401127,rf
4,42,test,1.25,1.257089265512263,rf
4,46,test,1.0,0.9994938691974683,rf
4,48,test,0.92,1.00133174025974,rf
4,57,test,0.99,0.957458004104063,rf
4,58,test,1.11,1.0541461702741697,rf
4,61,test,1.04,0.8952935968426479,rf
4,62,test,1.1,1.0659520115440106,rf
4,63,test,1.11,1.0541461702741697,rf
4,64,test,1.0,1.0127697202020183,rf
4,65,test,1.11,1.064652972527473,rf
4,71,test,1.4,1.413267601875249,rf
4,75,test,0.98,0.9263023728643374,rf
4,76,test,1.04,1.0659520115440106,rf
4,80,test,1.2,1.125963934187931,rf
4,81,test,1.25,1.125963934187931,rf
4,82,test,1.25,1.125963934187931,rf
4,84,test,1.05,1.0659520115440106,rf
4,95,test,0.95,1.0139653542568534,rf
4,96,test,1.2,1.2016885840367078,rf
4,97,test,1.25,1.2016885840367078,rf
4,102,test,1.2,1.1813450034132529,rf
4,103,test,1.15,1.11465764002664,rf
4,104,test,1.1,1.1813450034132529,rf
4,105,test,1.08,1.11465764002664,rf
4,106,test,1.2,1.255640022755021,rf
4,109,test,1.2,1.2654338730158743,rf
4,117,test,1.42,1.3790843210678208,rf
4,144,test,1.1,1.0575646605802722,rf
4,149,test,1.15,1.0541461702741697,rf
4,161,test,1.1,1.125963934187931,rf
4,163,test,1.08,1.0659520115440106,rf
4,164,test,1.1,1.0659520115440106,rf
4,165,test,1.2,1.125963934187931,rf
4,169,test,1.4,1.4121880969357412,rf
4,170,test,1.28,1.3506450836940844,rf
4,171,test,1.3,1.3506450836940844,rf
4,195,test,0.84,0.8952935968426479,rf
4,197,test,1.05,1.1445711370129867,rf
4,198,test,1.17,1.2542647279387253,rf
4,199,test,1.12,1.0745875990120992,rf
0,0,train,1.3,1.2968656521641029,ridge
0,1,train,1.5,1.3587907383077027,ridge
0,2,train,1.27,1.2385685281802217,ridge
0,3,train,1.1,1.1839724026962866,ridge
0,4,train,1.4,1.394538350569003,ridge
0,5,train,1.24,1.2110832221938044,ridge
0,6,train,1.35,1.2140537358326782,ridge
0,7,train,1.25,1.1756630169113533,ridge
0,8,train,1.0,1.072358887391523,ridge
0,11,train,0.97,0.9715670029144776,ridge
0,12,train,1.25,1.2845508785582735,ridge
0,13,train,0.98,1.0341324183560408,ridge
0,15,train,1.012,0.9715670029144776,ridge
0,16,train,0.82,0.9715670029144776,ridge
0,17,train,1.35,1.3024026379757694,ridge
0,18,train,1.4,1.40743057694409,ridge
0,19,train,0.95,1.0447113558487295,ridge
0,20,train,1.4,1.3168005839089385,ridge
0,21,train,1.3,1.3168005839089385,ridge
0,22,train,1.15,1.1839724026962866,ridge
0,23,train,1.2,1.1839724026962866,ridge
0,24,train,1.15,1.1839724026962866,ridge
0,25,train,1.2,1.1449166583029382,ridge
0,26,train,1.5,1.4858692810715848,ridge
0,30,train,1.15,1.1813135740815404,ridge
0,31,train,1.2,1.1813135740815404,ridge
0,32,train,1.35,1.3207101071162248,ridge
0,35,train,1.21,1.2110832221938044,ridge
0,36,train,1.0,1.0170245258527948,ridge
0,37,train,0.84,0.9369223010686142,ridge
0,38,train,1.3,1.3207101071162248,ridge
0,39,train,0.9,0.9715670029144776,ridge
0,40,train,1.15,1.2110832221938044,ridge
0,41,train,1.4,1.40743057694409,ridge
0,42,train,1.25,1.2845126234844944,ridge
0,43,train,1.35,1.3207101071162248,ridge
0,44,train,1.1,1.0688296156701467,ridge
0,45,train,1.3,1.3168005839089385,ridge
0,46,train,1.0,1.0012905073841936,ridge
0,48,train,0.92,0.9212068172612613,ridge
0,49,train,1.33,1.3262162416701715,ridge
0,52,train,1.1,1.0152528804905538,ridge
0,53,train,1.1,1.0796527208057087,ridge
0,54,train,1.15,1.0796527208057087,ridge
0,55,train,1.29,1.2110832221938044,ridge
0,56,train,1.08,1.0447113558487295,ridge
0,57,train,0.99,0.9096579411758956,ridge
0,58,train,1.11,1.1130746233613853,ridge
0,59,train,1.0,1.0149565798023346,ridge
0,61,train,1.04,0.9715670029144776,ridge
0,62,train,1.1,1.132039288792084,ridge
0,63,train,1.11,1.1130746233613853,ridge
0,64,train,1.0,1.0074644529324903,ridge
0,65,train,1.11,1.0934618099665743,ridge
0,69,train,1.06,0.9715670029144776,ridge
0,70,train,1.34,1.394538350569003,ridge
0,71,train,1.4,1.3740172040343506,ridge
0,72,train,1.3,1.3262162416701715,ridge
0,73,train,1.25,1.1521303677547337,ridge
0,74,train,1.18,1.1130746233613853,ridge
0,75,train,0.98,0.9418122268680827,ridge
0,76,train,1.04,1.132039288792084,ridge
0,77,train,1.29,1.409294373279142,ridge
0,78,train,1.41,1.3168005839089385,ridge
0,79,train,1.01,1.0136779174596056,ridge
0,80,train,1.2,1.1839724026962866,ridge
0,81,train,1.25,1.1839724026962866,ridge
0,82,train,1.25,1.1839724026962866,ridge
0,83,train,1.17,1.2110832221938044,ridge
0,84,train,1.05,1.132039288792084,ridge
0,85,train,1.35,1.3740172040343506,ridge
0,86,train,1.5,1.3740172040343506,ridge
0,87,train,1.4,1.3740172040343506,ridge
0,88,train,1.28,1.3262162416701715,ridge
0,89,train,1.22,1.1631488620376587,ridge
0,90,train,1.23,1.1449166583029382,ridge
0,92,train,1.09,0.9984480118743186,ridge
0,93,train,1.05,1.1839724026962866,ridge
0,94,train,0.98,1.0341324183560408,ridge
0,95,train,0.95,0.9966518838513321,ridge
0,96,train,1.2,1.2110832221938044,ridge
0,97,train,1.25,1.2110832221938044,ridge
0,98,train,1.38,1.409294373279142,ridge
0,99,train,1.15,1.2110832221938044,ridge
0,100,train,1.15,1.2110832221938044,ridge
0,101,train,1.2,1.1839724026962866,ridge
0,102,train,1.2,1.1449166583029382,ridge
0,103,train,1.15,1.0796527208057087,ridge
0,104,train,1.1,1.1449166583029382,ridge
0,105,train,1.08,1.0796527208057087,ridge
0,106,train,1.2,1.2510849327849796,ridge
0,107,train,1.17,1.1631488620376587,ridge
0,109,train,1.2,1.200197082258528,ridge
0,110,train,1.25,1.3262162416701715,ridge
0,111,train,1.12,1.045702398741994,ridge
0,112,train,0.85,0.9715670029144776,ridge
0,113,train,1.1,1.1839724026962866,ridge
0,114,train,1.14,1.1631488620376587,ridge
0,115,train,1.23,1.2168708083879478,ridge
0,116,train,1.18,1.2496709502675973,ridge
0,117,train,1.42,1.394538350569003,ridge
0,118,train,0.98,1.1130746233613853,ridge
0,119,train,1.3,1.2385685281802217,ridge
0,120,train,1.4,1.4272375733251637,ridge
0,121,train,1.5,1.40743057694409,ridge
0,122,train,1.1,1.1449166583029382,ridge
0,123,train,1.15,1.1449166583029382,ridge
0,124,train,1.08,1.0796527208057087,ridge
0,125,train,1.04,1.0149565798023346,ridge
0,126,train,1.25,1.2826202446750468,ridge
0,127,train,1.25,1.3024026379757694,ridge
0,128,train,1.39,1.3740139457441116,ridge
0,129,train,1.45,1.3740139457441116,ridge
0,130,train,1.0,1.0341324183560408,ridge
0,131,train,1.15,1.045702398741994,ridge
0,132,train,1.25,1.2433036768346932,ridge
0,135,train,1.3,1.3472177547194941,ridge
0,136,train,1.2,1.1521303677547337,ridge
0,137,train,1.3,1.2445008037945824,ridge
0,138,train,1.2,1.1449166583029382,ridge
0,143,train,1.41,1.3472177547194941,ridge
0,144,train,1.1,1.0953074076588067,ridge
0,146,train,0.89,1.0447113558487295,ridge
0,148,train,0.94,0.9715670029144776,ridge
0,149,train,1.15,1.1130746233613853,ridge
0,152,train,1.25,1.1521303677547337,ridge
0,153,train,1.24,1.1449166583029382,ridge
0,158,train,0.86,0.9515430334419188,ridge
0,159,train,0.77,0.9715670029144776,ridge
0,160,train,1.29,1.3472177547194941,ridge
0,161,train,1.1,1.1839724026962866,ridge
0,162,train,1.4,1.3472177547194941,ridge
0,163,train,1.08,1.132039288792084,ridge
0,164,train,1.1,1.132039288792084,ridge
0,165,train,1.2,1.1839724026962866,ridge
0,169,train,1.4,1.3740139457441116,ridge
0,170,train,1.28,1.3168005839089385,ridge
0,171,train,1.3,1.3168005839089385,ridge
0,173,train,1.25,1.2110832221938044,ridge
0,174,train,0.95,0.9071675250222214,ridge
0,175,train,1.0,1.1130746233613853,ridge
0,176,train,1.35,1.3262162416701715,ridge
0,177,train,1.25,1.2450426598076592,ridge
0,179,train,1.3,1.3185012006219905,ridge
0,180,train,1.45,1.3740172040343506,ridge
0,181,train,1.25,1.1968751985544261,ridge
0,182,train,1.4,1.4272375733251637,ridge
0,183,train,1.45,1.4272375733251637,ridge
0,184,train,1.2,1.0751124501650557,ridge
0,186,train,1.38,1.3740172040343506,ridge
0,188,train,1.3,1.1521303677547337,ridge
0,189,train,1.3,1.2845126234844944,ridge
0,190,train,1.25,1.2845126234844944,ridge
0,191,train,1.25,1.3361165449033345,ridge
0,192,train,0.95,0.9071675250222214,ridge
0,195,train,0.84,0.9715670029144776,ridge
0,196,train,1.11,1.1839724026962866,ridge
0,197,train,1.05,1.1097445936882935,ridge
0,198,train,1.17,1.1521303677547337,ridge
0,199,train,1.12,1.1256413212414929,ridge
0,9,test,1.35,1.5856023412391835,ridge
0,10,test,1.4,1.5856023412391835,ridge
0,14,test,1.25,1.270638052188724,ridge
0,27,test,1.05,1.0953074076588067,ridge
0,28,test,1.3,1.1521303677547337,ridge
0,29,test,1.05,1.028086752676197,ridge
0,33,test,1.45,1.4272375733251637,ridge
0,34,test,1.15,1.0796527208057087,ridge
0,47,test,1.0,1.0012905073841936,ridge
0,50,test,1.21,1.0756042565572457,ridge
0,51,test,1.1,1.0796527208057087,ridge
0,60,test,1.15,1.1449166583029382,ridge
0,66,test,1.2,1.1631488620376587,ridge
0,67,test,1.03,1.1059291793205783,ridge
0,68,test,1.38,1.409294373279142,ridge
0,91,test,1.32,1.3262162416701715,ridge
0,108,test,1.25,1.2845126234844944,ridge
0,133,test,1.04,1.1130746233613853,ridge
0,134,test,1.25,1.2845126234844944,ridge
0,139,test,0.8,0.9715670029144776,ridge
0,140,test,0.83,0.9715670029144776,ridge
0,141,test,0.96,0.9369223010686142,ridge
0,142,test,1.18,1.1449166583029382,ridge
0,145,test,1.1,1.1839724026962866,ridge
0,147,test,0.998,0.9369223010686142,ridge
0,150,test,1.18,1.2695085364333747,ridge
0,151,test,1.25,1.2845126234844944,ridge
0,154,test,1.36,1.3472177547194941,ridge
0,155,test,1.3,1.207190232693262,ridge
0,156,test,1.35,1.2385685281802217,ridge
0,157,test,1.3,1.207190232693262,ridge
0,166,test,1.3,1.3262162416701715,ridge
0,167,test,1.01,1.0447113558487295,ridge
0,168,test,1.4,1.3587907383077027,ridge
0,172,test,0.94,0.9369223010686142,ridge
0,178,test,1.1,1.1839724026962866,ridge
0,185,test,1.4,1.3587907383077027,ridge
0,187,test,1.2,1.2140537358326782,ridge
0,193,test,1.22,1.1581199598437957,ridge
0,194,test,1.32,1.1581199598437957,ridge
1,0,train,1.3,1.2957456496076196,ridge
1,1,train,1.5,1.3371488111032612,ridge
1,2,train,1.27,1.2426882774865753,ridge
1,3,train,1.1,1.1938782646864694,ridge
1,4,train,1.4,1.3880979338975132,ridge
1,5,train,1.24,1.2067500393286907,ridge
1,6,train,1.35,1.2098429421844663,ridge
1,7,train,1.25,1.196679714163046,ridge
1,9,train,1.35,1.5596000065621647,ridge
1,10,train,1.4,1.5596000065621647,ridge
1,12,train,1.25,1.293612364730865,ridge
1,13,train,0.98,1.0258593381169874,ridge
1,14,train,1.25,1.2377069230772493,ridge
1,16,train,0.82,0.9708884109850635,ridge
1,17,train,1.35,1.3112281688272598,ridge
1,18,train,1.4,1.388099403459611,ridge
1,19,train,0.95,1.0343264547559143,ridge
1,20,train,1.4,1.308644008065231,ridge
1,21,train,1.3,1.308644008065231,ridge
1,26,train,1.5,1.4852006139989755,ridge
1,27,train,1.05,1.0720207896887333,ridge
1,28,train,1.3,1.1652014030526887,ridge
1,29,train,1.05,1.0483711374783518,ridge
1,32,train,1.35,1.3309714984972745,ridge
1,33,train,1.45,1.42245801448337,ridge
1,34,train,1.15,1.0697313955658663,ridge
1,35,train,1.21,1.2067500393286907,ridge
1,36,train,1.0,1.0227121843811915,ridge
1,37,train,0.84,0.9453552936277305,ridge
1,40,train,1.15,1.2067500393286907,ridge
1,41,train,1.4,1.388099403459611,ridge
1,42,train,1.25,1.253850662553849,ridge
1,43,train,1.35,1.3309714984972745,ridge
1,44,train,1.1,1.0625823750418109,ridge
1,45,train,1.3,1.308644008065231,ridge
1,46,train,1.0,1.0010605330326214,ridge
1,47,train,1.0,1.0010605330326214,ridge
1,48,train,0.92,0.9215626597097528,ridge
1,49,train,1.33,1.3075979137515634,ridge
1,50,train,1.21,1.0932600913115278,ridge
1,51,train,1.1,1.0697313955658663,ridge
1,52,train,1.1,1.0260004120813364,ridge
1,56,train,1.08,1.0343264547559143,ridge
1,57,train,0.99,0.9882213225128821,ridge
1,58,train,1.11,1.0990277193376097,ridge
1,59,train,1.0,1.0109542647536511,ridge
1,60,train,1.15,1.1277045809713904,ridge
1,61,train,1.04,0.9708884109850635,ridge
1,62,train,1.1,1.1323811892857638,ridge
1,63,train,1.11,1.0990277193376097,ridge
1,64,train,1.0,1.0075251093325157,ridge
1,65,train,1.11,1.0918510899594,ridge
1,66,train,1.2,1.1601840152016274,ridge
1,67,train,1.03,1.0908389078337466,ridge
1,68,train,1.38,1.3965219707696022,ridge
1,69,train,1.06,0.9708884109850635,ridge
1,70,train,1.34,1.3880979338975132,ridge
1,71,train,1.4,1.3528871380487848,ridge
1,72,train,1.3,1.3075979137515634,ridge
1,73,train,1.25,1.1652014030526887,ridge
1,74,train,1.18,1.0990277193376097,ridge
1,75,train,0.98,0.9475162209828004,ridge
1,76,train,1.04,1.1323811892857638,ridge
1,77,train,1.29,1.3965219707696022,ridge
1,78,train,1.41,1.308644008065231,ridge
1,80,train,1.2,1.1938782646864694,ridge
1,81,train,1.25,1.1938782646864694,ridge
1,82,train,1.25,1.1938782646864694,ridge
1,83,train,1.17,1.2067500393286907,ridge
1,84,train,1.05,1.1323811892857638,ridge
1,90,train,1.23,1.1277045809713904,ridge
1,91,train,1.32,1.3075979137515634,ridge
1,92,train,1.09,1.0049073166159423,ridge
1,94,train,0.98,1.0258593381169874,ridge
1,95,train,0.95,0.9976462758623447,ridge
1,96,train,1.2,1.2067500393286907,ridge
1,97,train,1.25,1.2067500393286907,ridge
1,98,train,1.38,1.3965219707696022,ridge
1,99,train,1.15,1.2067500393286907,ridge
1,100,train,1.15,1.2067500393286907,ridge
1,101,train,1.2,1.1938782646864694,ridge
1,102,train,1.2,1.1277045809713904,ridge
1,103,train,1.15,1.0697313955658663,ridge
1,104,train,1.1,1.1277045809713904,ridge
1,105,train,1.08,1.0697313955658663,ridge
1,106,train,1.2,1.3029325390653481,ridge
1,107,train,1.17,1.1601840152016274,ridge
1,108,train,1.25,1.253850662553849,ridge
1,109,train,1.2,1.2031156040113553,ridge
1,111,train,1.12,1.0476435427281159,ridge
1,112,train,0.85,0.9708884109850635,ridge
1,115,train,1.23,1.206591458844951,ridge
1,116,train,1.18,1.2169340274930842,ridge
1,117,train,1.42,1.3880979338975132,ridge
1,118,train,0.98,1.0990277193376097,ridge
1,119,train,1.3,1.2426882774865753,ridge
1,120,train,1.4,1.42245801448337,ridge
1,121,train,1.5,1.388099403459611,ridge
1,122,train,1.1,1.1277045809713904,ridge
1,123,train,1.15,1.1277045809713904,ridge
1,124,train,1.08,1.0697313955658663,ridge
1,126,train,1.25,1.2820443815804399,ridge
1,127,train,1.25,1.3112281688272598,ridge
1,128,train,1.39,1.3730824306435079,ridge
1,129,train,1.45,1.3730824306435079,ridge
1,130,train,1.0,1.0258593381169874,ridge
1,132,train,1.25,1.2407812226240895,ridge
1,133,train,1.04,1.0990277193376097,ridge
1,134,train,1.25,1.253850662553849,ridge
1,137,train,1.3,1.2805846276508093,ridge
1,139,train,0.8,0.9708884109850635,ridge
1,140,train,0.83,0.9708884109850635,ridge
1,141,train,0.96,0.9453552936277305,ridge
1,142,train,1.18,1.1277045809713904,ridge
1,144,train,1.1,1.0720207896887333,ridge
1,145,train,1.1,1.1938782646864694,ridge
1,146,train,0.89,1.0343264547559143,ridge
1,147,train,0.998,0.9453552936277305,ridge
1,148,train,0.94,0.9708884109850635,ridge
1,149,train,1.15,1.0990277193376097,ridge
1,150,train,1.18,1.247706505886467,ridge
1,151,train,1.25,1.253850662553849,ridge
1,152,train,1.25,1.1652014030526887,ridge
1,154,train,1.36,1.3471901845509113,ridge
1,155,train,1.3,1.2126480669181898,ridge
1,156,train,1.35,1.2426882774865753,ridge
1,157,train,1.3,1.2126480669181898,ridge
1,158,train,0.86,0.9421082468709276,ridge
1,159,train,0.77,0.9708884109850635,ridge
1,160,train,1.29,1.3471901845509113,ridge
1,161,train,1.1,1.1938782646864694,ridge
1,162,train,1.4,1.3471901845509113,ridge
1,163,train,1.08,1.1323811892857638,ridge
1,164,train,1.1,1.1323811892857638,ridge
1,165,train,1.2,1.1938782646864694,ridge
1,166,train,1.3,1.3075979137515634,ridge
1,167,train,1.01,1.0343264547559143,ridge
1,168,train,1.4,1.3371488111032612,ridge
1,169,train,1.4,1.3730824306435079,ridge
1,170,train,1.28,1.308644008065231,ridge
1,171,train,1.3,1.308644008065231,ridge
1,172,train,0.94,0.9453552936277305,ridge
1,176,train,1.35,1.3075979137515634,ridge
1,177,train,1.25,1.247529874215906,ridge
1,178,train,1.1,1.1938782646864694,ridge
1,179,train,1.3,1.3157002175738803,ridge
1,180,train,1.45,1.3528871380487848,ridge
1,184,train,1.2,1.081962742254014,ridge
1,185,train,1.4,1.3371488111032612,ridge
1,186,train,1.38,1.3528871380487848,ridge
1,187,train,1.2,1.2098429421844663,ridge
1,192,train,0.95,0.9219831036307324,ridge
1,193,train,1.22,1.2139158528821723,ridge
1,194,train,1.32,1.2139158528821723,ridge
1,195,train,0.84,0.9708884109850635,ridge
1,196,train,1.11,1.1938782646864694,ridge
1,197,train,1.05,1.1155410423385923,ridge
1,198,train,1.17,1.1652014030526887,ridge
1,199,train,1.12,1.1251311484569844,ridge
1,8,test,1.0,1.0691372513588295,ridge
1,11,test,0.97,0.9708884109850635,ridge
1,15,test,1.012,0.9708884109850635,ridge
1,22,test,1.15,1.1938782646864694,ridge
1,23,test,1.2,1.1938782646864694,ridge
1,24,test,1.15,1.1938782646864694,ridge
1,25,test,1.2,1.1277045809713904,ridge
1,30,test,1.15,1.1800108536627152,ridge
1,31,test,1.2,1.1800108536627152,ridge
1,38,test,1.3,1.3309714984972745,ridge
1,39,test,0.9,0.9708884109850635,ridge
1,53,test,1.1,1.0697313955658663,ridge
1,54,test,1.15,1.0697313955658663,ridge
1,55,test,1.29,1.2067500393286907,ridge
1,79,test,1.01,1.0798085038967393,ridge
1,85,test,1.35,1.3528871380487848,ridge
1,86,test,1.5,1.3528871380487848,ridge
1,87,test,1.4,1.3528871380487848,ridge
1,88,test,1.28,1.3075979137515634,ridge
1,89,test,1.22,1.1601840152016274,ridge
1,93,test,1.05,1.1938782646864694,ridge
1,110,test,1.25,1.3075979137515634,ridge
1,113,test,1.1,1.1938782646864694,ridge
1,114,test,1.14,1.1601840152016274,ridge
1,125,test,1.04,1.0109542647536511,ridge
1,131,test,1.15,1.0476435427281159,ridge
1,135,test,1.3,1.3471901845509113,ridge
1,136,test,1.2,1.1652014030526887,ridge
1,138,test,1.2,1.1277045809713904,ridge
1,143,test,1.41,1.3471901845509113,ridge
1,153,test,1.24,1.1277045809713904,ridge
1,173,test,1.25,1.2067500393286907,ridge
1,174,test,0.95,0.9219831036307324,ridge
1,175,test,1.0,1.0990277193376097,ridge
1,181,test,1.25,1.184796389433817,ridge
1,182,test,1.4,1.42245801448337,ridge
1,183,test,1.45,1.42245801448337,ridge
1,188,test,1.3,1.1652014030526887,ridge
1,189,test,1.3,1.253850662553849,ridge
1,190,test,1.25,1.253850662553849,ridge
1,191,test,1.25,1.4300414841843363,ridge
2,2,train,1.27,1.2177188313285696,ridge
2,6,train,1.35,1.2205881580995483,ridge
2,7,train,1.25,1.1535128799601975,ridge
2,8,train,1.0,0.9940731705275665,ridge
2,9,train,1.35,1.5334262686876834,ridge
2,10,train,1.4,1.5334262686876834,ridge
2,11,train,0.97,0.9621256104407276,ridge
2,12,train,1.25,1.297195421385234,ridge
2,13,train,0.98,1.0225045475544763,ridge
2,14,train,1.25,1.2816157713507792,ridge
2,15,train,1.012,0.9621256104407276,ridge
2,16,train,0.82,0.9621256104407276,ridge
2,18,train,1.4,1.3898008033876839,ridge
2,19,train,0.95,1.0471726024882708,ridge
2,22,train,1.15,1.1816311522528447,ridge
2,23,train,1.2,1.1816311522528447,ridge
2,24,train,1.15,1.1816311522528447,ridge
2,25,train,1.2,1.1439458199101171,ridge
2,26,train,1.5,1.4867808615564766,ridge
2,27,train,1.05,1.0719757927895763,ridge
2,28,train,1.3,1.1665855328007528,ridge
2,29,train,1.05,1.0476312427695689,ridge
2,30,train,1.15,1.1769425523549715,ridge
2,31,train,1.2,1.1769425523549715,ridge
2,32,train,1.35,1.3132592694928984,ridge
2,33,train,1.45,1.4065701781785558,ridge
2,34,train,1.15,1.0900056853908953,ridge
2,35,train,1.21,1.207499601615307,ridge
2,37,train,0.84,0.9428562622813728,ridge
2,38,train,1.3,1.3132592694928984,ridge
2,39,train,0.9,0.9621256104407276,ridge
2,40,train,1.15,1.207499601615307,ridge
2,41,train,1.4,1.3898008033876839,ridge
2,42,train,1.25,1.2665360692035126,ridge
2,46,train,1.0,0.9965098306202427,ridge
2,47,train,1.0,0.9965098306202427,ridge
2,48,train,0.92,0.9208033660417436,ridge
2,49,train,1.33,1.2897482929592428,ridge
2,50,train,1.21,1.0936748511894443,ridge
2,51,train,1.1,1.0900056853908953,ridge
2,53,train,1.1,1.0900056853908953,ridge
2,54,train,1.15,1.0900056853908953,ridge
2,55,train,1.29,1.207499601615307,ridge
2,57,train,0.99,0.9271126360792896,ridge
2,58,train,1.11,1.1289002004580253,ridge
2,59,train,1.0,1.0366563957827741,ridge
2,60,train,1.15,1.1439458199101171,ridge
2,61,train,1.04,0.9621256104407276,ridge
2,62,train,1.1,1.1445221979920173,ridge
2,63,train,1.11,1.1289002004580253,ridge
2,64,train,1.0,1.00664035209716,ridge
2,65,train,1.11,1.1006086281137692,ridge
2,66,train,1.2,1.1585700980903004,ridge
2,67,train,1.03,1.035850730886307,ridge
2,68,train,1.38,1.4298110840336962,ridge
2,70,train,1.34,1.392440480974145,ridge
2,71,train,1.4,1.3746983298133095,ridge
2,73,train,1.25,1.1665855328007528,ridge
2,74,train,1.18,1.1289002004580253,ridge
2,75,train,0.98,0.951609403735231,ridge
2,76,train,1.04,1.1445221979920173,ridge
2,79,train,1.01,1.0120517842276557,ridge
2,80,train,1.2,1.1816311522528447,ridge
2,81,train,1.25,1.1816311522528447,ridge
2,82,train,1.25,1.1816311522528447,ridge
2,83,train,1.17,1.207499601615307,ridge
2,84,train,1.05,1.1445221979920173,ridge
2,85,train,1.35,1.3746983298133095,ridge
2,86,train,1.5,1.3746983298133095,ridge
2,87,train,1.4,1.3746983298133095,ridge
2,88,train,1.28,1.2897482929592428,ridge
2,89,train,1.22,1.1585700980903004,ridge
2,90,train,1.23,1.1439458199101171,ridge
2,91,train,1.32,1.2897482929592428,ridge
2,93,train,1.05,1.1816311522528447,ridge
2,94,train,0.98,1.0225045475544763,ridge
2,95,train,0.95,0.9776037219198298,ridge
2,96,train,1.2,1.207499601615307,ridge
2,97,train,1.25,1.207499601615307,ridge
2,99,train,1.15,1.207499601615307,ridge
2,100,train,1.15,1.207499601615307,ridge
2,101,train,1.2,1.1816311522528447,ridge
2,102,train,1.2,1.1439458199101171,ridge
2,103,train,1.15,1.0900056853908953,ridge
2,104,train,1.1,1.1439458199101171,ridge
2,105,train,1.08,1.0900056853908953,ridge
2,106,train,1.2,1.2879734161462022,ridge
2,108,train,1.25,1.2665360692035126,ridge
2,109,train,1.2,1.203602850068525,ridge
2,110,train,1.25,1.2897482929592428,ridge
2,113,train,1.1,1.1816311522528447,ridge
2,114,train,1.14,1.1585700980903004,ridge
2,117,train,1.42,1.392440480974145,ridge
2,122,train,1.1,1.1439458199101171,ridge
2,123,train,1.15,1.1439458199101171,ridge
2,125,train,1.04,1.0366563957827741,ridge
2,126,train,1.25,1.2805015290377586,ridge
2,127,train,1.25,1.3028737934800114,ridge
2,128,train,1.39,1.3867708557932703,ridge
2,129,train,1.45,1.3867708557932703,ridge
2,131,train,1.15,1.0479475321733325,ridge
2,133,train,1.04,1.1289002004580253,ridge
2,134,train,1.25,1.2665360692035126,ridge
2,135,train,1.3,1.3498829533601158,ridge
2,136,train,1.2,1.1665855328007528,ridge
2,138,train,1.2,1.1439458199101171,ridge
2,139,train,0.8,0.9621256104407276,ridge
2,140,train,0.83,0.9621256104407276,ridge
2,141,train,0.96,0.9428562622813728,ridge
2,142,train,1.18,1.1439458199101171,ridge
2,143,train,1.41,1.3498829533601158,ridge
2,144,train,1.1,1.0719757927895763,ridge
2,145,train,1.1,1.1816311522528447,ridge
2,147,train,0.998,0.9428562622813728,ridge
2,148,train,0.94,0.9621256104407276,ridge
2,149,train,1.15,1.1289002004580253,ridge
2,150,train,1.18,1.252531786814209,ridge
2,151,train,1.25,1.2665360692035126,ridge
2,153,train,1.24,1.1439458199101171,ridge
2,154,train,1.36,1.3498829533601158,ridge
2,155,train,1.3,1.2070325351837028,ridge
2,156,train,1.35,1.2177188313285696,ridge
2,157,train,1.3,1.2070325351837028,ridge
2,158,train,0.86,0.8681753493152269,ridge
2,159,train,0.77,0.9621256104407276,ridge
2,160,train,1.29,1.3498829533601158,ridge
2,161,train,1.1,1.1816311522528447,ridge
2,162,train,1.4,1.3498829533601158,ridge
2,163,train,1.08,1.1445221979920173,ridge
2,164,train,1.1,1.1445221979920173,ridge
2,165,train,1.2,1.1816311522528447,ridge
2,166,train,1.3,1.2897482929592428,ridge
2,167,train,1.01,1.0471726024882708,ridge
2,168,train,1.4,1.3057916317651435,ridge
2,169,train,1.4,1.3867708557932703,ridge
2,170,train,1.28,1.2340841327298113,ridge
2,171,train,1.3,1.2340841327298113,ridge
2,172,train,0.94,0.9428562622813728,ridge
2,173,train,1.25,1.207499601615307,ridge
2,174,train,0.95,0.9323400555807291,ridge
2,175,train,1.0,1.1289002004580253,ridge
2,176,train,1.35,1.2897482929592428,ridge
2,177,train,1.25,1.2476749787642882,ridge
2,178,train,1.1,1.1816311522528447,ridge
2,179,train,1.3,1.3392535746076497,ridge
2,180,train,1.45,1.3746983298133095,ridge
2,181,train,1.25,1.1678681046780937,ridge
2,182,train,1.4,1.4065701781785558,ridge
2,183,train,1.45,1.4065701781785558,ridge
2,185,train,1.4,1.3057916317651435,ridge
2,186,train,1.38,1.3746983298133095,ridge
2,187,train,1.2,1.2205881580995483,ridge
2,188,train,1.3,1.1665855328007528,ridge
2,189,train,1.3,1.2665360692035126,ridge
2,190,train,1.25,1.2665360692035126,ridge
2,191,train,1.25,1.3178794512592003,ridge
2,193,train,1.22,1.2095470055348825,ridge
2,194,train,1.32,1.2095470055348825,ridge
2,195,train,0.84,0.9621256104407276,ridge
2,196,train,1.11,1.1816311522528447,ridge
2,197,train,1.05,1.1358733008436976,ridge
2,198,train,1.17,1.1665855328007528,ridge
2,199,train,1.12,1.1155365111960813,ridge
2,0,test,1.3,1.1447891105178059,ridge
2,1,test,1.5,1.3057916317651435,ridge
2,3,test,1.1,1.1816311522528447,ridge
2,4,test,1.4,1.392440480974145,ridge
2,5,test,1.24,1.207499601615307,ridge
2,17,test,1.35,1.3028737934800114,ridge
2,20,test,1.4,1.2340841327298113,ridge
2,21,test,1.3,1.2340841327298113,ridge
2,36,test,1.0,0.7939571321430672,ridge
2,43,test,1.35,1.3132592694928984,ridge
2,44,test,1.1,0.8658621975939618,ridge
2,45,test,1.3,1.2340841327298113,ridge
2,52,test,1.1,0.914993203352721,ridge
2,56,test,1.08,1.0471726024882708,ridge
2,69,test,1.06,0.9621256104407276,ridge
2,72,test,1.3,1.2897482929592428,ridge
2,77,test,1.29,1.4298110840336962,ridge
2,78,test,1.41,1.2340841327298113,ridge
2,92,test,1.09,0.9084512136177341,ridge
2,98,test,1.38,1.4298110840336962,ridge
2,107,test,1.17,1.1585700980903004,ridge
2,111,test,1.12,1.0479475321733325,ridge
2,112,test,0.85,0.9621256104407276,ridge
2,115,test,1.23,1.1797342097802712,ridge
2,116,test,1.18,1.249488042889211,ridge
2,118,test,0.98,1.1289002004580253,ridge
2,119,test,1.3,1.2177188313285696,ridge
2,120,test,1.4,1.4065701781785558,ridge
2,121,test,1.5,1.3898008033876839,ridge
2,124,test,1.08,1.0900056853908953,ridge
2,130,test,1.0,1.0225045475544763,ridge
2,132,test,1.25,1.1670611306302658,ridge
2,137,test,1.3,1.3019286309220606,ridge
2,146,test,0.89,1.0471726024882708,ridge
2,152,test,1.25,1.1665855328007528,ridge
2,184,test,1.2,0.9794411728303836,ridge
2,192,test,0.95,0.9323400555807291,ridge
3,0,train,1.3,1.2975122954167642,ridge
3,1,train,1.5,1.331663365533006,ridge
3,2,train,1.27,1.2603579114992836,ridge
3,3,train,1.1,1.1872295117570653,ridge
3,4,train,1.4,1.3863690994442581,ridge
3,5,train,1.24,1.234966899295366,ridge
3,8,train,1.0,1.045908794464857,ridge
3,9,train,1.35,1.5394742438253943,ridge
3,10,train,1.4,1.5394742438253943,ridge
3,11,train,0.97,1.0034461139927036,ridge
3,12,train,1.25,1.3038296163188883,ridge
3,13,train,0.98,1.0154166263490954,ridge
3,14,train,1.25,1.2253379220620506,ridge
3,15,train,1.012,1.0034461139927036,ridge
3,17,train,1.35,1.3137989616113548,ridge
3,20,train,1.4,1.3091494128162091,ridge
3,21,train,1.3,1.3091494128162091,ridge
3,22,train,1.15,1.1872295117570653,ridge
3,23,train,1.2,1.1872295117570653,ridge
3,24,train,1.15,1.1872295117570653,ridge
3,25,train,1.2,1.1420349087783404,ridge
3,27,train,1.05,1.0729411168669183,ridge
3,28,train,1.3,1.1521840174288254,ridge
3,29,train,1.05,1.0478534399987223,ridge
3,30,train,1.15,1.1665789740705546,ridge
3,31,train,1.2,1.1665789740705546,ridge
3,32,train,1.35,1.3235438887445412,ridge
3,33,train,1.45,1.4227918502412218,ridge
3,34,train,1.15,1.0938691427217777,ridge
3,36,train,1.0,1.0266074607813507,ridge
3,38,train,1.3,1.3235438887445412,ridge
3,39,train,0.9,1.0034461139927036,ridge
3,41,train,1.4,1.390764217296829,ridge
3,42,train,1.25,1.270957937823205,ridge
3,43,train,1.35,1.3235438887445412,ridge
3,44,train,1.1,1.0623545471081153,ridge
3,45,train,1.3,1.3091494128162091,ridge
3,46,train,1.0,1.0002760753474647,ridge
3,47,train,1.0,1.0002760753474647,ridge
3,48,train,0.92,0.922031063081036,ridge
3,50,train,1.21,1.0938815880396242,ridge
3,51,train,1.1,1.0938691427217777,ridge
3,52,train,1.1,1.094578077142179,ridge
3,53,train,1.1,1.0938691427217777,ridge
3,54,train,1.15,1.0938691427217777,ridge
3,55,train,1.29,1.234966899295366,ridge
3,56,train,1.08,1.0483421256580585,ridge
3,57,train,0.99,0.9244939289352798,ridge
3,58,train,1.11,1.1069894144501005,ridge
3,60,train,1.15,1.1420349087783404,ridge
3,61,train,1.04,1.0034461139927036,ridge
3,62,train,1.1,1.1377560641399793,ridge
3,63,train,1.11,1.1069894144501005,ridge
3,64,train,1.0,1.0081831538339079,ridge
3,65,train,1.11,1.0961379499078796,ridge
3,66,train,1.2,1.171705051290381,ridge
3,67,train,1.03,1.0631300963706354,ridge
3,68,train,1.38,1.3760607122911475,ridge
3,69,train,1.06,1.0034461139927036,ridge
3,71,train,1.4,1.3532723720014732,ridge
3,72,train,1.3,1.2955213640269276,ridge
3,75,train,0.98,0.9722064284937271,ridge
3,76,train,1.04,1.1377560641399793,ridge
3,77,train,1.29,1.3760607122911475,ridge
3,78,train,1.41,1.3091494128162091,ridge
3,79,train,1.01,1.016378684006043,ridge
3,80,train,1.2,1.1872295117570653,ridge
3,81,train,1.25,1.1872295117570653,ridge
3,82,train,1.25,1.1872295117570653,ridge
3,84,train,1.05,1.1377560641399793,ridge
3,85,train,1.35,1.3532723720014732,ridge
3,86,train,1.5,1.3532723720014732,ridge
3,87,train,1.4,1.3532723720014732,ridge
3,88,train,1.28,1.2955213640269276,ridge
3,89,train,1.22,1.171705051290381,ridge
3,91,train,1.32,1.2955213640269276,ridge
3,92,train,1.09,1.0007106260747973,ridge
3,93,train,1.05,1.1872295117570653,ridge
3,95,train,0.95,1.0158294709349067,ridge
3,96,train,1.2,1.234966899295366,ridge
3,97,train,1.25,1.234966899295366,ridge
3,98,train,1.38,1.3760607122911475,ridge
3,102,train,1.2,1.1420349087783404,ridge
3,103,train,1.15,1.0938691427217777,ridge
3,104,train,1.1,1.1420349087783404,ridge
3,105,train,1.08,1.0938691427217777,ridge
3,106,train,1.2,1.3044876169176516,ridge
3,107,train,1.17,1.171705051290381,ridge
3,108,train,1.25,1.270957937823205,ridge
3,109,train,1.2,1.2023012406002385,ridge
3,110,train,1.25,1.2955213640269276,ridge
3,111,train,1.12,1.076481451804738,ridge
3,112,train,0.85,1.0034461139927036,ridge
3,113,train,1.1,1.1872295117570653,ridge
3,114,train,1.14,1.171705051290381,ridge
3,115,train,1.23,1.2090333351742626,ridge
3,116,train,1.18,1.2313279035310651,ridge
3,117,train,1.42,1.3863690994442581,ridge
3,118,train,0.98,1.1069894144501005,ridge
3,119,train,1.3,1.2603579114992836,ridge
3,120,train,1.4,1.4227918502412218,ridge
3,121,train,1.5,1.390764217296829,ridge
3,124,train,1.08,1.0938691427217777,ridge
3,125,train,1.04,1.017102440159082,ridge
3,130,train,1.0,1.0154166263490954,ridge
3,131,train,1.15,1.076481451804738,ridge
3,132,train,1.25,1.218762860948695,ridge
3,133,train,1.04,1.1069894144501005,ridge
3,134,train,1.25,1.270957937823205,ridge
3,135,train,1.3,1.3550068616156667,ridge
3,136,train,1.2,1.1521840174288254,ridge
3,137,train,1.3,1.2988368356149125,ridge
3,138,train,1.2,1.1420349087783404,ridge
3,139,train,0.8,1.0034461139927036,ridge
3,140,train,0.83,1.0034461139927036,ridge
3,141,train,0.96,0.9739597142617561,ridge
3,142,train,1.18,1.1420349087783404,ridge
3,143,train,1.41,1.3550068616156667,ridge
3,144,train,1.1,1.0729411168669183,ridge
3,145,train,1.1,1.1872295117570653,ridge
3,146,train,0.89,1.0483421256580585,ridge
3,147,train,0.998,0.9739597142617561,ridge
3,149,train,1.15,1.1069894144501005,ridge
3,150,train,1.18,1.2441135796933254,ridge
3,151,train,1.25,1.270957937823205,ridge
3,152,train,1.25,1.1521840174288254,ridge
3,153,train,1.24,1.1420349087783404,ridge
3,154,train,1.36,1.3550068616156667,ridge
3,155,train,1.3,1.2265767298140617,ridge
3,156,train,1.35,1.2603579114992836,ridge
3,157,train,1.3,1.2265767298140617,ridge
3,161,train,1.1,1.1872295117570653,ridge
3,163,train,1.08,1.1377560641399793,ridge
3,164,train,1.1,1.1377560641399793,ridge
3,165,train,1.2,1.1872295117570653,ridge
3,166,train,1.3,1.2955213640269276,ridge
3,167,train,1.01,1.0483421256580585,ridge
3,168,train,1.4,1.331663365533006,ridge
3,169,train,1.4,1.3580906598174425,ridge
3,170,train,1.28,1.3091494128162091,ridge
3,171,train,1.3,1.3091494128162091,ridge
3,172,train,0.94,0.9739597142617561,ridge
3,173,train,1.25,1.234966899295366,ridge
3,174,train,0.95,0.9427200287677082,ridge
3,175,train,1.0,1.1069894144501005,ridge
3,178,train,1.1,1.1872295117570653,ridge
3,181,train,1.25,1.1994190058477263,ridge
3,182,train,1.4,1.4227918502412218,ridge
3,183,train,1.45,1.4227918502412218,ridge
3,184,train,1.2,1.0972413148568823,ridge
3,185,train,1.4,1.331663365533006,ridge
3,187,train,1.2,1.1816244979226767,ridge
3,188,train,1.3,1.1521840174288254,ridge
3,189,train,1.3,1.270957937823205,ridge
3,190,train,1.25,1.270957937823205,ridge
3,191,train,1.25,1.3214555363308638,ridge
3,192,train,0.95,0.9427200287677082,ridge
3,193,train,1.22,1.2044459239090228,ridge
3,194,train,1.32,1.2044459239090228,ridge
3,195,train,0.84,1.0034461139927036,ridge
3,197,train,1.05,1.1113524734696876,ridge
3,198,train,1.17,1.1521840174288254,ridge
3,199,train,1.12,1.1210674323289913,ridge
3,6,test,1.35,1.1816244979226767,ridge
3,7,test,1.25,1.1022870269686413,ridge
3,16,test,0.82,1.0034461139927036,ridge
3,18,test,1.4,1.390764217296829,ridge
3,19,test,0.95,1.0483421256580585,ridge
3,26,test,1.5,1.2982525925422117,ridge
3,35,test,1.21,1.234966899295366,ridge
3,37,test,0.84,0.9739597142617561,ridge
3,40,test,1.15,1.234966899295366,ridge
3,49,test,1.33,1.2955213640269276,ridge
3,59,test,1.0,1.017102440159082,ridge
3,70,test,1.34,1.3863690994442581,ridge
3,73,test,1.25,1.1521840174288254,ridge
3,74,test,1.18,1.1069894144501005,ridge
3,83,test,1.17,1.234966899295366,ridge
3,90,test,1.23,1.1420349087783404,ridge
3,94,test,0.98,1.0154166263490954,ridge
3,99,test,1.15,1.234966899295366,ridge
3,100,test,1.15,1.234966899295366,ridge
3,101,test,1.2,1.1872295117570653,ridge
3,122,test,1.1,1.1420349087783404,ridge
3,123,test,1.15,1.1420349087783404,ridge
3,126,test,1.25,1.1645663020502168,ridge
3,127,test,1.25,1.3137989616113548,ridge
3,128,test,1.39,1.3580906598174425,ridge
3,129,test,1.45,1.3580906598174425,ridge
3,148,test,0.94,1.0034461139927036,ridge
3,158,test,0.86,1.139201726108701,ridge
3,159,test,0.77,1.0034461139927036,ridge
3,160,test,1.29,1.3550068616156667,ridge
3,162,test,1.4,1.3550068616156667,ridge
3,176,test,1.35,1.2955213640269276,ridge
3,177,test,1.25,1.2232666845185525,ridge
3,179,test,1.3,1.3212173072408566,ridge
3,180,test,1.45,1.3532723720014732,ridge
3,186,test,1.38,1.3532723720014732,ridge
3,196,test,1.11,1.1872295117570653,ridge
4,0,train,1.3,1.2950061742737637,ridge
4,1,train,1.5,1.3085977885031796,ridge
4,3,train,1.1,1.1761653135767252,ridge
4,4,train,1.4,1.419878423770013,ridge
4,5,train,1.24,1.2165747221561412,ridge
4,6,train,1.35,1.2094932009247266,ridge
4,7,train,1.25,1.199538807069652,ridge
4,8,train,1.0,1.0497409963583217,ridge
4,9,train,1.35,1.5372494352533674,ridge
4,10,train,1.4,1.5372494352533674,ridge
4,11,train,0.97,0.9687915721435328,ridge
4,14,train,1.25,1.2587714049498422,ridge
4,15,train,1.012,0.9687915721435328,ridge
4,16,train,0.82,0.9687915721435328,ridge
4,17,train,1.35,1.3018597607521682,ridge
4,18,train,1.4,1.3850433843018972,ridge
4,19,train,0.95,1.0321471926156678,ridge
4,20,train,1.4,1.3406937635839615,ridge
4,21,train,1.3,1.3406937635839615,ridge
4,22,train,1.15,1.1761653135767252,ridge
4,23,train,1.2,1.1761653135767252,ridge
4,24,train,1.15,1.1761653135767252,ridge
4,25,train,1.2,1.1300681109069721,ridge
4,26,train,1.5,1.4836833874047226,ridge
4,27,train,1.05,1.0465188875054794,ridge
4,28,train,1.3,1.176010672360598,ridge
4,29,train,1.05,1.0481577859502782,ridge
4,30,train,1.15,1.1837669737259326,ridge
4,31,train,1.2,1.1837669737259326,ridge
4,33,train,1.45,1.444087069181573,ridge
4,34,train,1.15,1.0913868223013532,ridge
4,35,train,1.21,1.2165747221561412,ridge
4,36,train,1.0,1.0248561342681846,ridge
4,37,train,0.84,0.9408322940362062,ridge
4,38,train,1.3,1.3301760994649443,ridge
4,39,train,0.9,0.9687915721435328,ridge
4,40,train,1.15,1.2165747221561412,ridge
4,43,train,1.35,1.3301760994649443,ridge
4,44,train,1.1,1.0557426803147076,ridge
4,45,train,1.3,1.3406937635839615,ridge
4,47,train,1.0,1.0009321979768253,ridge
4,49,train,1.33,1.3079272982057897,ridge
4,50,train,1.21,1.1098206674464055,ridge
4,51,train,1.1,1.0913868223013532,ridge
4,52,train,1.1,1.0317044737222865,ridge
4,53,train,1.1,1.0913868223013532,ridge
4,54,train,1.15,1.0913868223013532,ridge
4,55,train,1.29,1.2165747221561412,ridge
4,56,train,1.08,1.0321471926156678,ridge
4,59,train,1.0,1.037166845277911,ridge
4,60,train,1.15,1.1300681109069721,ridge
4,66,train,1.2,1.188002720261933,ridge
4,67,train,1.03,1.0677265774990325,ridge
4,68,train,1.38,1.3833417578638834,ridge
4,69,train,1.06,0.9687915721435328,ridge
4,70,train,1.34,1.419878423770013,ridge
4,72,train,1.3,1.3079272982057897,ridge
4,73,train,1.25,1.176010672360598,ridge
4,74,train,1.18,1.129913469690845,ridge
4,77,train,1.29,1.3833417578638834,ridge
4,78,train,1.41,1.3406937635839615,ridge
4,79,train,1.01,1.0186228174560685,ridge
4,83,train,1.17,1.2165747221561412,ridge
4,85,train,1.35,1.360331786036106,ridge
4,86,train,1.5,1.360331786036106,ridge
4,87,train,1.4,1.360331786036106,ridge
4,88,train,1.28,1.3079272982057897,ridge
4,89,train,1.22,1.188002720261933,ridge
4,90,train,1.23,1.1300681109069721,ridge
4,91,train,1.32,1.3079272982057897,ridge
4,92,train,1.09,0.9855925519117404,ridge
4,93,train,1.05,1.1761653135767252,ridge
4,94,train,0.98,1.0358899008673035,ridge
4,98,train,1.38,1.3833417578638834,ridge
4,99,train,1.15,1.2165747221561412,ridge
4,100,train,1.15,1.2165747221561412,ridge
4,101,train,1.2,1.1761653135767252,ridge
4,107,train,1.17,1.188002720261933,ridge
4,108,train,1.25,1.2599165906635086,ridge
4,110,train,1.25,1.3079272982057897,ridge
4,111,train,1.12,1.0730175870627843,ridge
4,112,train,0.85,0.9687915721435328,ridge
4,113,train,1.1,1.1761653135767252,ridge
4,114,train,1.14,1.188002720261933,ridge
4,115,train,1.23,1.229093735306722,ridge
4,116,train,1.18,1.2341990866892552,ridge
4,118,train,0.98,1.129913469690845,ridge
4,119,train,1.3,1.2348915773821347,ridge
4,120,train,1.4,1.444087069181573,ridge
4,121,train,1.5,1.3850433843018972,ridge
4,122,train,1.1,1.1300681109069721,ridge
4,123,train,1.15,1.1300681109069721,ridge
4,124,train,1.08,1.0913868223013532,ridge
4,125,train,1.04,1.037166845277911,ridge
4,126,train,1.25,1.2810932517897646,ridge
4,127,train,1.25,1.3018597607521682,ridge
4,128,train,1.39,1.3636297332655432,ridge
4,129,train,1.45,1.3636297332655432,ridge
4,130,train,1.0,1.0358899008673035,ridge
4,131,train,1.15,1.0730175870627843,ridge
4,132,train,1.25,1.2151791368344829,ridge
4,133,train,1.04,1.129913469690845,ridge
4,134,train,1.25,1.2599165906635086,ridge
4,135,train,1.3,1.349387230779308,ridge
4,136,train,1.2,1.176010672360598,ridge
4,137,train,1.3,1.3141451930395307,ridge
4,138,train,1.2,1.1300681109069721,ridge
4,139,train,0.8,0.9687915721435328,ridge
4,140,train,0.83,0.9687915721435328,ridge
4,141,train,0.96,0.9408322940362062,ridge
4,142,train,1.18,1.1300681109069721,ridge
4,143,train,1.41,1.349387230779308,ridge
4,145,train,1.1,1.1761653135767252,ridge
4,146,train,0.89,1.0321471926156678,ridge
4,147,train,0.998,0.9408322940362062,ridge
4,148,train,0.94,0.9687915721435328,ridge
4,150,train,1.18,1.2614064412166204,ridge
4,151,train,1.25,1.2599165906635086,ridge
4,152,train,1.25,1.176010672360598,ridge
4,153,train,1.24,1.1300681109069721,ridge
4,154,train,1.36,1.349387230779308,ridge
4,155,train,1.3,1.215224915649358,ridge
4,156,train,1.35,1.2348915773821347,ridge
4,157,train,1.3,1.215224915649358,ridge
4,158,train,0.86,0.9367589396849232,ridge
4,159,train,0.77,0.9687915721435328,ridge
4,160,train,1.29,1.349387230779308,ridge
4,162,train,1.4,1.349387230779308,ridge
4,166,train,1.3,1.3079272982057897,ridge
4,167,train,1.01,1.0321471926156678,ridge
4,168,train,1.4,1.3085977885031796,ridge
4,172,train,0.94,0.9408322940362062,ridge
4,173,train,1.25,1.2165747221561412,ridge
4,174,train,0.95,0.9458519467033831,ridge
4,175,train,1.0,1.129913469690845,ridge
4,176,train,1.35,1.3079272982057897,ridge
4,177,train,1.25,1.249460132557383,ridge
4,178,train,1.1,1.1761653135767252,ridge
4,179,train,1.3,1.340886016651342,ridge
4,180,train,1.45,1.360331786036106,ridge
4,181,train,1.25,1.1985793700640721,ridge
4,182,train,1.4,1.444087069181573,ridge
4,183,train,1.45,1.444087069181573,ridge
4,184,train,1.2,1.097546340207886,ridge
4,185,train,1.4,1.3085977885031796,ridge
4,186,train,1.38,1.360331786036106,ridge
4,187,train,1.2,1.2094932009247266,ridge
4,188,train,1.3,1.176010672360598,ridge
4,189,train,1.3,1.2599165906635086,ridge
4,190,train,1.25,1.2599165906635086,ridge
4,191,train,1.25,1.2583768764443914,ridge
4,192,train,0.95,0.9458519467033831,ridge
4,193,train,1.22,1.2493437850845224,ridge
4,194,train,1.32,1.2493437850845224,ridge
4,196,train,1.11,1.1761653135767252,ridge
4,2,test,1.27,1.2348915773821347,ridge
4,12,test,1.25,1.3225167814078393,ridge
4,13,test,0.98,1.0358899008673035,ridge
4,32,test,1.35,1.3301760994649443,ridge
4,41,test,1.4,1.3850433843018972,ridge
4,42,test,1.25,1.2599165906635086,ridge
4,46,test,1.0,1.0009321979768253,ridge
4,48,test,0.92,1.0038953576012206,ridge
4,57,test,0.99,0.8433858725652452,ridge
4,58,test,1.11,1.129913469690845,ridge
4,61,test,1.04,0.9687915721435328,ridge
4,62,test,1.1,1.1883639281270686,ridge
4,63,test,1.11,1.129913469690845,ridge
4,64,test,1.0,1.2545942387833533,ridge
4,65,test,1.11,0.2742176031816085,ridge
4,71,test,1.4,1.360331786036106,ridge
4,75,test,0.98,0.973811224805776,ridge
4,76,test,1.04,1.1883639281270686,ridge
4,80,test,1.2,1.1761653135767252,ridge
4,81,test,1.25,1.1761653135767252,ridge
4,82,test,1.25,1.1761653135767252,ridge
4,84,test,1.05,1.1883639281270686,ridge
4,95,test,0.95,1.0041367051146293,ridge
4,96,test,1.2,1.2165747221561412,ridge
4,97,test,1.25,1.2165747221561412,ridge
4,102,test,1.2,1.1300681109069721,ridge
4,103,test,1.15,1.0913868223013532,ridge
4,104,test,1.1,1.1300681109069721,ridge
4,105,test,1.08,1.0913868223013532,ridge
4,106,test,1.2,1.4046858937860653,ridge
4,109,test,1.2,1.28059406524261,ridge
4,117,test,1.42,1.419878423770013,ridge
4,144,test,1.1,1.0465188875054794,ridge
4,149,test,1.15,1.129913469690845,ridge
4,161,test,1.1,1.1761653135767252,ridge
4,163,test,1.08,1.1883639281270686,ridge
4,164,test,1.1,1.1883639281270686,ridge
4,165,test,1.2,1.1761653135767252,ridge
4,169,test,1.4,1.3636297332655432,ridge
4,170,test,1.28,1.3406937635839615,ridge
4,171,test,1.3,1.3406937635839615,ridge
4,195,test,0.84,0.9687915721435328,ridge
4,197,test,1.05,1.1283817297413041,ridge
4,198,test,1.17,1.176010672360598,ridge
4,199,test,1.12,0.9349790463496062,ridge
0,0,train,1.3,1.2501525423976996,svm
0,1,train,1.5,1.4499943471789911,svm
0,2,train,1.27,1.250161613297547,svm
0,3,train,1.1,1.1504054593725843,svm
0,4,train,1.4,1.3701274362331466,svm
0,5,train,1.24,1.199943579491124,svm
0,6,train,1.35,1.3003864803115033,svm
0,7,train,1.25,1.1998531761896691,svm
0,8,train,1.0,1.0499593893073766,svm
0,11,train,0.97,0.9198532400421896,svm
0,12,train,1.25,1.2745501195069942,svm
0,13,train,0.98,1.0300327664628495,svm
0,15,train,1.012,0.9198532400421896,svm
0,16,train,0.82,0.9198532400421896,svm
0,17,train,1.35,1.2999059346476443,svm
0,18,train,1.4,1.4501958940193127,svm
0,19,train,0.95,1.0000790243881197,svm
0,20,train,1.4,1.349707412200602,svm
0,21,train,1.3,1.349707412200602,svm
0,22,train,1.15,1.1504054593725843,svm
0,23,train,1.2,1.1504054593725843,svm
0,24,train,1.15,1.1504054593725843,svm
0,25,train,1.2,1.1702750993717834,svm
0,26,train,1.5,1.449527841391251,svm
0,30,train,1.15,1.1833553147214506,svm
0,31,train,1.2,1.1833553147214506,svm
0,32,train,1.35,1.2996351459250661,svm
0,35,train,1.21,1.199943579491124,svm
0,36,train,1.0,1.0498096609675183,svm
0,37,train,0.84,0.890184593415123,svm
0,38,train,1.3,1.2996351459250661,svm
0,39,train,0.9,0.9198532400421896,svm
0,40,train,1.15,1.199943579491124,svm
0,41,train,1.4,1.4501958940193127,svm
0,42,train,1.25,1.2589986174953929,svm
0,43,train,1.35,1.2996351459250661,svm
0,44,train,1.1,1.0881340651919704,svm
0,45,train,1.3,1.349707412200602,svm
0,46,train,1.0,1.049790776869512,svm
0,48,train,0.92,0.9697060696062226,svm
0,49,train,1.33,1.300474037565961,svm
0,52,train,1.1,1.1184334596804049,svm
0,53,train,1.1,1.1154161366969317,svm
0,54,train,1.15,1.1154161366969317,svm
0,55,train,1.29,1.199943579491124,svm
0,56,train,1.08,1.0000790243881197,svm
0,57,train,0.99,1.0398365436637045,svm
0,58,train,1.11,1.0999278742887202,svm
0,59,train,1.0,0.994691241399548,svm
0,61,train,1.04,0.9198532400421896,svm
0,62,train,1.1,1.0905252981699312,svm
0,63,train,1.11,1.0999278742887202,svm
0,64,train,1.0,1.0496982002657607,svm
0,65,train,1.11,1.1596396976734695,svm
0,69,train,1.06,0.9198532400421896,svm
0,70,train,1.34,1.3701274362331466,svm
0,71,train,1.4,1.400430427359128,svm
0,72,train,1.3,1.300474037565961,svm
0,73,train,1.25,1.2200878825551749,svm
0,74,train,1.18,1.0999278742887202,svm
0,75,train,0.98,0.9302261682998618,svm
0,76,train,1.04,1.0905252981699312,svm
0,77,train,1.29,1.3401133408958055,svm
0,78,train,1.41,1.349707412200602,svm
0,79,train,1.01,1.0601637261000594,svm
0,80,train,1.2,1.1504054593725843,svm
0,81,train,1.25,1.1504054593725843,svm
0,82,train,1.25,1.1504054593725843,svm
0,83,train,1.17,1.199943579491124,svm
0,84,train,1.05,1.0905252981699312,svm
0,85,train,1.35,1.400430427359128,svm
0,86,train,1.5,1.400430427359128,svm
0,87,train,1.4,1.400430427359128,svm
0,88,train,1.28,1.300474037565961,svm
0,89,train,1.22,1.1700233214937366,svm
0,90,train,1.23,1.1702750993717834,svm
0,92,train,1.09,1.0478917886284937,svm
0,93,train,1.05,1.1504054593725843,svm
0,94,train,0.98,1.0300327664628495,svm
0,95,train,0.95,1.0003804401043936,svm
0,96,train,1.2,1.199943579491124,svm
0,97,train,1.25,1.199943579491124,svm
0,98,train,1.38,1.3401133408958055,svm
0,99,train,1.15,1.199943579491124,svm
0,100,train,1.15,1.199943579491124,svm
0,101,train,1.2,1.1504054593725843,svm
0,102,train,1.2,1.1702750993717834,svm
0,103,train,1.15,1.1154161366969317,svm
0,104,train,1.1,1.1702750993717834,svm
0,105,train,1.08,1.1154161366969317,svm
0,106,train,1.2,1.228726317622022,svm
0,107,train,1.17,1.1700233214937366,svm
0,109,train,1.2,1.1691541013191358,svm
0,110,train,1.25,1.300474037565961,svm
0,111,train,1.12,1.1001761010034583,svm
0,112,train,0.85,0.9198532400421896,svm
0,113,train,1.1,1.1504054593725843,svm
0,114,train,1.14,1.1700233214937366,svm
0,115,train,1.23,1.2041487243786106,svm
0,116,train,1.18,1.2296379010077223,svm
0,117,train,1.42,1.3701274362331466,svm
0,118,train,0.98,1.0999278742887202,svm
0,119,train,1.3,1.250161613297547,svm
0,120,train,1.4,1.421090016701971,svm
0,121,train,1.5,1.4501958940193127,svm
0,122,train,1.1,1.1702750993717834,svm
0,123,train,1.15,1.1702750993717834,svm
0,124,train,1.08,1.1154161366969317,svm
0,125,train,1.04,0.994691241399548,svm
0,126,train,1.25,1.2613882270618377,svm
0,127,train,1.25,1.2999059346476443,svm
0,128,train,1.39,1.3998974079521134,svm
0,129,train,1.45,1.3998974079521134,svm
0,130,train,1.0,1.0300327664628495,svm
0,131,train,1.15,1.1001761010034583,svm
0,132,train,1.25,1.1998487605596324,svm
0,135,train,1.3,1.3500697039633331,svm
0,136,train,1.2,1.2200878825551749,svm
0,137,train,1.3,1.2497513351392537,svm
0,138,train,1.2,1.1702750993717834,svm
0,143,train,1.41,1.3500697039633331,svm
0,144,train,1.1,1.1499181934290934,svm
0,146,train,0.89,1.0000790243881197,svm
0,148,train,0.94,0.9198532400421896,svm
0,149,train,1.15,1.0999278742887202,svm
0,152,train,1.25,1.2200878825551749,svm
0,153,train,1.24,1.1702750993717834,svm
0,158,train,0.86,0.9097662974982503,svm
0,159,train,0.77,0.9198532400421896,svm
0,160,train,1.29,1.3500697039633331,svm
0,161,train,1.1,1.1504054593725843,svm
0,162,train,1.4,1.3500697039633331,svm
0,163,train,1.08,1.0905252981699312,svm
0,164,train,1.1,1.0905252981699312,svm
0,165,train,1.2,1.1504054593725843,svm
0,169,train,1.4,1.3998974079521134,svm
0,170,train,1.28,1.349707412200602,svm
0,171,train,1.3,1.349707412200602,svm
0,173,train,1.25,1.199943579491124,svm
0,174,train,0.95,0.9127933196792196,svm
0,175,train,1.0,1.0999278742887202,svm
0,176,train,1.35,1.300474037565961,svm
0,177,train,1.25,1.2000106291640233,svm
0,179,train,1.3,1.283183161290917,svm
0,180,train,1.45,1.400430427359128,svm
0,181,train,1.25,1.2280325959572136,svm
0,182,train,1.4,1.421090016701971,svm
0,183,train,1.45,1.421090016701971,svm
0,184,train,1.2,1.1498160368172923,svm
0,186,train,1.38,1.400430427359128,svm
0,188,train,1.3,1.2200878825551749,svm
0,189,train,1.3,1.2589986174953929,svm
0,190,train,1.25,1.2589986174953929,svm
0,191,train,1.25,1.2148641029944924,svm
0,192,train,0.95,0.9127933196792196,svm
0,195,train,0.84,0.9198532400421896,svm
0,196,train,1.11,1.1504054593725843,svm
0,197,train,1.05,1.100264933717112,svm
0,198,train,1.17,1.2200878825551749,svm
0,199,train,1.12,1.1589257264096464,svm
0,9,test,1.35,1.4956745371296793,svm
0,10,test,1.4,1.4956745371296793,svm
0,14,test,1.25,1.235643882310519,svm
0,27,test,1.05,1.1499181934290934,svm
0,28,test,1.3,1.2200878825551749,svm
0,29,test,1.05,1.092126202616517,svm
0,33,test,1.45,1.421090016701971,svm
0,34,test,1.15,1.1154161366969317,svm
0,47,test,1.0,1.049790776869512,svm
0,50,test,1.21,1.087743681522814,svm
0,51,test,1.1,1.1154161366969317,svm
0,60,test,1.15,1.1702750993717834,svm
0,66,test,1.2,1.1700233214937366,svm
0,67,test,1.03,1.0790648782795351,svm
0,68,test,1.38,1.3401133408958055,svm
0,91,test,1.32,1.300474037565961,svm
0,108,test,1.25,1.2589986174953929,svm
0,133,test,1.04,1.0999278742887202,svm
0,134,test,1.25,1.2589986174953929,svm
0,139,test,0.8,0.9198532400421896,svm
0,140,test,0.83,0.9198532400421896,svm
0,141,test,0.96,0.890184593415123,svm
0,142,test,1.18,1.1702750993717834,svm
0,145,test,1.1,1.1504054593725843,svm
0,147,test,0.998,0.890184593415123,svm
0,150,test,1.18,1.2360133842882906,svm
0,151,test,1.25,1.2589986174953929,svm
0,154,test,1.36,1.3500697039633331,svm
0,155,test,1.3,1.239950449394749,svm
0,156,test,1.35,1.250161613297547,svm
0,157,test,1.3,1.239950449394749,svm
0,166,test,1.3,1.300474037565961,svm
0,167,test,1.01,1.0000790243881197,svm
0,168,test,1.4,1.4499943471789911,svm
0,172,test,0.94,0.890184593415123,svm
0,178,test,1.1,1.1504054593725843,svm
0,185,test,1.4,1.4499943471789911,svm
0,187,test,1.2,1.3003864803115033,svm
0,193,test,1.22,1.1385048178134276,svm
0,194,test,1.32,1.1385048178134276,svm
1,0,train,1.3,1.250078310838927,svm
1,1,train,1.5,1.4503114417735818,svm
1,2,train,1.27,1.2998293626549533,svm
1,3,train,1.1,1.1499498682448999,svm
1,4,train,1.4,1.3698882498165057,svm
1,5,train,1.24,1.1997898913557599,svm
1,6,train,1.35,1.2500698835802977,svm
1,7,train,1.25,1.2001646202963359,svm
1,9,train,1.35,1.4002969010376507,svm
1,10,train,1.4,1.4002969010376507,svm
1,12,train,1.25,1.3001334734882901,svm
1,13,train,0.98,1.0302551371797535,svm
1,14,train,1.25,1.239635709341733,svm
1,16,train,0.82,0.8802286795797316,svm
1,17,train,1.35,1.3003084172057282,svm
1,18,train,1.4,1.449958151648609,svm
1,19,train,0.95,0.9997805247989118,svm
1,20,train,1.4,1.3500915058230676,svm
1,21,train,1.3,1.3500915058230676,svm
1,26,train,1.5,1.4499931230733765,svm
1,27,train,1.05,1.1000643753954065,svm
1,28,train,1.3,1.2197365052348412,svm
1,29,train,1.05,1.1004755552920846,svm
1,32,train,1.35,1.3004411253832757,svm
1,33,train,1.45,1.418628373851658,svm
1,34,train,1.15,1.0995367572717085,svm
1,35,train,1.21,1.1997898913557599,svm
1,36,train,1.0,1.0503744979416134,svm
1,37,train,0.84,0.9480328565407896,svm
1,40,train,1.15,1.1997898913557599,svm
1,41,train,1.4,1.449958151648609,svm
1,42,train,1.25,1.2646437457887338,svm
1,43,train,1.35,1.3004411253832757,svm
1,44,train,1.1,1.0942186425764249,svm
1,45,train,1.3,1.3500915058230676,svm
1,46,train,1.0,1.0499735739575995,svm
1,47,train,1.0,1.0499735739575995,svm
1,48,train,0.92,0.9699725973617787,svm
1,49,train,1.33,1.3407944169799273,svm
1,50,train,1.21,1.1598921467078347,svm
1,51,train,1.1,1.0995367572717085,svm
1,52,train,1.1,1.1338799939338877,svm
1,56,train,1.08,0.9997805247989118,svm
1,57,train,0.99,1.0402419032298609,svm
1,58,train,1.11,1.1002317870897977,svm
1,59,train,1.0,1.0345650268253141,svm
1,60,train,1.15,1.1497117222727569,svm
1,61,train,1.04,0.8802286795797316,svm
1,62,train,1.1,1.0902191592443475,svm
1,63,train,1.11,1.1002317870897977,svm
1,64,train,1.0,1.0498921617386094,svm
1,65,train,1.11,1.160143047265456,svm
1,66,train,1.2,1.1497587779171252,svm
1,67,train,1.03,1.0795492877410662,svm
1,68,train,1.38,1.3384278938782839,svm
1,69,train,1.06,0.8802286795797316,svm
1,70,train,1.34,1.3698882498165057,svm
1,71,train,1.4,1.3998932716629762,svm
1,72,train,1.3,1.3407944169799273,svm
1,73,train,1.25,1.2197365052348412,svm
1,74,train,1.18,1.1002317870897977,svm
1,75,train,0.98,0.929998905041005,svm
1,76,train,1.04,1.0902191592443475,svm
1,77,train,1.29,1.3384278938782839,svm
1,78,train,1.41,1.3500915058230676,svm
1,80,train,1.2,1.1499498682448999,svm
1,81,train,1.25,1.1499498682448999,svm
1,82,train,1.25,1.1499498682448999,svm
1,83,train,1.17,1.1997898913557599,svm
1,84,train,1.05,1.0902191592443475,svm
1,90,train,1.23,1.1497117222727569,svm
1,91,train,1.32,1.3407944169799273,svm
1,92,train,1.09,1.0473742783348026,svm
1,94,train,0.98,1.0302551371797535,svm
1,95,train,0.95,0.9998313478511759,svm
1,96,train,1.2,1.1997898913557599,svm
1,97,train,1.25,1.1997898913557599,svm
1,98,train,1.38,1.3384278938782839,svm
1,99,train,1.15,1.1997898913557599,svm
1,100,train,1.15,1.1997898913557599,svm
1,101,train,1.2,1.1499498682448999,svm
1,102,train,1.2,1.1497117222727569,svm
1,103,train,1.15,1.0995367572717085,svm
1,104,train,1.1,1.1497117222727569,svm
1,105,train,1.08,1.0995367572717085,svm
1,106,train,1.2,1.2500997284633524,svm
1,107,train,1.17,1.1497587779171252,svm
1,108,train,1.25,1.2646437457887338,svm
1,109,train,1.2,1.1910180253779774,svm
1,111,train,1.12,1.0826450369842173,svm
1,112,train,0.85,0.8802286795797316,svm
1,115,train,1.23,1.210331474549578,svm
1,116,train,1.18,1.2299043151954874,svm
1,117,train,1.42,1.3698882498165057,svm
1,118,train,0.98,1.1002317870897977,svm
1,119,train,1.3,1.2998293626549533,svm
1,120,train,1.4,1.418628373851658,svm
1,121,train,1.5,1.449958151648609,svm
1,122,train,1.1,1.1497117222727569,svm
1,123,train,1.15,1.1497117222727569,svm
1,124,train,1.08,1.0995367572717085,svm
1,126,train,1.25,1.237989015024659,svm
1,127,train,1.25,1.3003084172057282,svm
1,128,train,1.39,1.3999378737014179,svm
1,129,train,1.45,1.3999378737014179,svm
1,130,train,1.0,1.0302551371797535,svm
1,132,train,1.25,1.1998010902292793,svm
1,133,train,1.04,1.1002317870897977,svm
1,134,train,1.25,1.2646437457887338,svm
1,137,train,1.3,1.2647958784898183,svm
1,139,train,0.8,0.8802286795797316,svm
1,140,train,0.83,0.8802286795797316,svm
1,141,train,0.96,0.9480328565407896,svm
1,142,train,1.18,1.1497117222727569,svm
1,144,train,1.1,1.1000643753954065,svm
1,145,train,1.1,1.1499498682448999,svm
1,146,train,0.89,0.9997805247989118,svm
1,147,train,0.998,0.9480328565407896,svm
1,148,train,0.94,0.8802286795797316,svm
1,149,train,1.15,1.1002317870897977,svm
1,150,train,1.18,1.229790671040212,svm
1,151,train,1.25,1.2646437457887338,svm
1,152,train,1.25,1.2197365052348412,svm
1,154,train,1.36,1.340082791911927,svm
1,155,train,1.3,1.3012180095442187,svm
1,156,train,1.35,1.2998293626549533,svm
1,157,train,1.3,1.3012180095442187,svm
1,158,train,0.86,0.9099108466731298,svm
1,159,train,0.77,0.8802286795797316,svm
1,160,train,1.29,1.340082791911927,svm
1,161,train,1.1,1.1499498682448999,svm
1,162,train,1.4,1.340082791911927,svm
1,163,train,1.08,1.0902191592443475,svm
1,164,train,1.1,1.0902191592443475,svm
1,165,train,1.2,1.1499498682448999,svm
1,166,train,1.3,1.3407944169799273,svm
1,167,train,1.01,0.9997805247989118,svm
1,168,train,1.4,1.4503114417735818,svm
1,169,train,1.4,1.3999378737014179,svm
1,170,train,1.28,1.3500915058230676,svm
1,171,train,1.3,1.3500915058230676,svm
1,172,train,0.94,0.9480328565407896,svm
1,176,train,1.35,1.3407944169799273,svm
1,177,train,1.25,1.2000175450688555,svm
1,178,train,1.1,1.1499498682448999,svm
1,179,train,1.3,1.3243267412093727,svm
1,180,train,1.45,1.3998932716629762,svm
1,184,train,1.2,1.1498638859271255,svm
1,185,train,1.4,1.4503114417735818,svm
1,186,train,1.38,1.3998932716629762,svm
1,187,train,1.2,1.2500698835802977,svm
1,192,train,0.95,0.9811654396722356,svm
1,193,train,1.22,1.2697376815357653,svm
1,194,train,1.32,1.2697376815357653,svm
1,195,train,0.84,0.8802286795797316,svm
1,196,train,1.11,1.1499498682448999,svm
1,197,train,1.05,1.1001351451170238,svm
1,198,train,1.17,1.2197365052348412,svm
1,199,train,1.12,1.1668323504807783,svm
1,8,test,1.0,1.092706061020601,svm
1,11,test,0.97,0.8802286795797316,svm
1,15,test,1.012,0.8802286795797316,svm
1,22,test,1.15,1.1499498682448999,svm
1,23,test,1.2,1.1499498682448999,svm
1,24,test,1.15,1.1499498682448999,svm
1,25,test,1.2,1.1497117222727569,svm
1,30,test,1.15,1.1864049165470552,svm
1,31,test,1.2,1.1864049165470552,svm
1,38,test,1.3,1.3004411253832757,svm
1,39,test,0.9,0.8802286795797316,svm
1,53,test,1.1,1.0995367572717085,svm
1,54,test,1.15,1.0995367572717085,svm
1,55,test,1.29,1.1997898913557599,svm
1,79,test,1.01,1.1882110097699847,svm
1,85,test,1.35,1.3998932716629762,svm
1,86,test,1.5,1.3998932716629762,svm
1,87,test,1.4,1.3998932716629762,svm
1,88,test,1.28,1.3407944169799273,svm
1,89,test,1.22,1.1497587779171252,svm
1,93,test,1.05,1.1499498682448999,svm
1,110,test,1.25,1.3407944169799273,svm
1,113,test,1.1,1.1499498682448999,svm
1,114,test,1.14,1.1497587779171252,svm
1,125,test,1.04,1.0345650268253141,svm
1,131,test,1.15,1.0826450369842173,svm
1,135,test,1.3,1.340082791911927,svm
1,136,test,1.2,1.2197365052348412,svm
1,138,test,1.2,1.1497117222727569,svm
1,143,test,1.41,1.340082791911927,svm
1,153,test,1.24,1.1497117222727569,svm
1,173,test,1.25,1.1997898913557599,svm
1,174,test,0.95,0.9811654396722356,svm
1,175,test,1.0,1.1002317870897977,svm
1,181,test,1.25,1.247995512168701,svm
1,182,test,1.4,1.418628373851658,svm
1,183,test,1.45,1.418628373851658,svm
1,188,test,1.3,1.2197365052348412,svm
1,189,test,1.3,1.2646437457887338,svm
1,190,test,1.25,1.2646437457887338,svm
1,191,test,1.25,1.1608497913835483,svm
2,2,train,1.27,1.2997870054699798,svm
2,6,train,1.35,1.249967723783208,svm
2,7,train,1.25,1.2003987907992268,svm
2,8,train,1.0,1.0499887015225662,svm
2,9,train,1.35,1.3999124890944716,svm
2,10,train,1.4,1.3999124890944716,svm
2,11,train,0.97,0.8898541850325135,svm
2,12,train,1.25,1.29993289644438,svm
2,13,train,0.98,1.0299225304214785,svm
2,14,train,1.25,1.2635766288416348,svm
2,15,train,1.012,0.8898541850325135,svm
2,16,train,0.82,0.8898541850325135,svm
2,18,train,1.4,1.4123665967020576,svm
2,19,train,0.95,0.99977254548614,svm
2,22,train,1.15,1.1503663415809078,svm
2,23,train,1.2,1.1503663415809078,svm
2,24,train,1.15,1.1503663415809078,svm
2,25,train,1.2,1.1500304412621425,svm
2,26,train,1.5,1.450033961541266,svm
2,27,train,1.05,1.1004775434908627,svm
2,28,train,1.3,1.2501836406004168,svm
2,29,train,1.05,1.0995849236074962,svm
2,30,train,1.15,1.1498503848613697,svm
2,31,train,1.2,1.1498503848613697,svm
2,32,train,1.35,1.299796022200928,svm
2,33,train,1.45,1.4002887739313108,svm
2,34,train,1.15,1.10008792402841,svm
2,35,train,1.21,1.2001571169474892,svm
2,37,train,0.84,0.9479464805069833,svm
2,38,train,1.3,1.299796022200928,svm
2,39,train,0.9,0.8898541850325135,svm
2,40,train,1.15,1.2001571169474892,svm
2,41,train,1.4,1.4123665967020576,svm
2,42,train,1.25,1.3001622121722538,svm
2,46,train,1.0,1.049964257028067,svm
2,47,train,1.0,1.049964257028067,svm
2,48,train,0.92,0.9698462078628289,svm
2,49,train,1.33,1.2998562148355364,svm
2,50,train,1.21,1.1599216618029868,svm
2,51,train,1.1,1.10008792402841,svm
2,53,train,1.1,1.10008792402841,svm
2,54,train,1.15,1.10008792402841,svm
2,55,train,1.29,1.2001571169474892,svm
2,57,train,0.99,1.03965082189944,svm
2,58,train,1.11,1.0998897613929486,svm
2,59,train,1.0,1.029746632657508,svm
2,60,train,1.15,1.1500304412621425,svm
2,61,train,1.04,0.8898541850325135,svm
2,62,train,1.1,1.0902337104635949,svm
2,63,train,1.11,1.0998897613929486,svm
2,64,train,1.0,1.05027108634718,svm
2,65,train,1.11,1.1604470229964232,svm
2,66,train,1.2,1.169914131740997,svm
2,67,train,1.03,1.0597590792198428,svm
2,68,train,1.38,1.3348975847638245,svm
2,70,train,1.34,1.369835300882936,svm
2,71,train,1.4,1.400299894710281,svm
2,73,train,1.25,1.2501836406004168,svm
2,74,train,1.18,1.0998897613929486,svm
2,75,train,0.98,0.9303320049013427,svm
2,76,train,1.04,1.0902337104635949,svm
2,79,train,1.01,1.0603206990087546,svm
2,80,train,1.2,1.1503663415809078,svm
2,81,train,1.25,1.1503663415809078,svm
2,82,train,1.25,1.1503663415809078,svm
2,83,train,1.17,1.2001571169474892,svm
2,84,train,1.05,1.0902337104635949,svm
2,85,train,1.35,1.400299894710281,svm
2,86,train,1.5,1.400299894710281,svm
2,87,train,1.4,1.400299894710281,svm
2,88,train,1.28,1.2998562148355364,svm
2,89,train,1.22,1.169914131740997,svm
2,90,train,1.23,1.1500304412621425,svm
2,91,train,1.32,1.2998562148355364,svm
2,93,train,1.05,1.1503663415809078,svm
2,94,train,0.98,1.0299225304214785,svm
2,95,train,0.95,1.0002262768749,svm
2,96,train,1.2,1.2001571169474892,svm
2,97,train,1.25,1.2001571169474892,svm
2,99,train,1.15,1.2001571169474892,svm
2,100,train,1.15,1.2001571169474892,svm
2,101,train,1.2,1.1503663415809078,svm
2,102,train,1.2,1.1500304412621425,svm
2,103,train,1.15,1.10008792402841,svm
2,104,train,1.1,1.1500304412621425,svm
2,105,train,1.08,1.10008792402841,svm
2,106,train,1.2,1.2090334437676007,svm
2,108,train,1.25,1.3001622121722538,svm
2,109,train,1.2,1.1694950491103764,svm
2,110,train,1.25,1.2998562148355364,svm
2,113,train,1.1,1.1503663415809078,svm
2,114,train,1.14,1.169914131740997,svm
2,117,train,1.42,1.369835300882936,svm
2,122,train,1.1,1.1500304412621425,svm
2,123,train,1.15,1.1500304412621425,svm
2,125,train,1.04,1.029746632657508,svm
2,126,train,1.25,1.2292967515972162,svm
2,127,train,1.25,1.2998652305530873,svm
2,128,train,1.39,1.3995214982901447,svm
2,129,train,1.45,1.3995214982901447,svm
2,131,train,1.15,1.0995853252789556,svm
2,133,train,1.04,1.0998897613929486,svm
2,134,train,1.25,1.3001622121722538,svm
2,135,train,1.3,1.3495431699799005,svm
2,136,train,1.2,1.2501836406004168,svm
2,138,train,1.2,1.1500304412621425,svm
2,139,train,0.8,0.8898541850325135,svm
2,140,train,0.83,0.8898541850325135,svm
2,141,train,0.96,0.9479464805069833,svm
2,142,train,1.18,1.1500304412621425,svm
2,143,train,1.41,1.3495431699799005,svm
2,144,train,1.1,1.1004775434908627,svm
2,145,train,1.1,1.1503663415809078,svm
2,147,train,0.998,0.9479464805069833,svm
2,148,train,0.94,0.8898541850325135,svm
2,149,train,1.15,1.0998897613929486,svm
2,150,train,1.18,1.2298865059615003,svm
2,151,train,1.25,1.3001622121722538,svm
2,153,train,1.24,1.1500304412621425,svm
2,154,train,1.36,1.3495431699799005,svm
2,155,train,1.3,1.3155285970531736,svm
2,156,train,1.35,1.2997870054699798,svm
2,157,train,1.3,1.3155285970531736,svm
2,158,train,0.86,0.9102256626467253,svm
2,159,train,0.77,0.8898541850325135,svm
2,160,train,1.29,1.3495431699799005,svm
2,161,train,1.1,1.1503663415809078,svm
2,162,train,1.4,1.3495431699799005,svm
2,163,train,1.08,1.0902337104635949,svm
2,164,train,1.1,1.0902337104635949,svm
2,165,train,1.2,1.1503663415809078,svm
2,166,train,1.3,1.2998562148355364,svm
2,167,train,1.01,0.99977254548614,svm
2,168,train,1.4,1.3498284593008933,svm
2,169,train,1.4,1.3995214982901447,svm
2,170,train,1.28,1.2500070927080826,svm
2,171,train,1.3,1.2500070927080826,svm
2,172,train,0.94,0.9479464805069833,svm
2,173,train,1.25,1.2001571169474892,svm
2,174,train,0.95,0.9754055003617692,svm
2,175,train,1.0,1.0998897613929486,svm
2,176,train,1.35,1.2998562148355364,svm
2,177,train,1.25,1.200186898794429,svm
2,178,train,1.1,1.1503663415809078,svm
2,179,train,1.3,1.3180926181970443,svm
2,180,train,1.45,1.400299894710281,svm
2,181,train,1.25,1.2599821321326679,svm
2,182,train,1.4,1.4002887739313108,svm
2,183,train,1.45,1.4002887739313108,svm
2,185,train,1.4,1.3498284593008933,svm
2,186,train,1.38,1.400299894710281,svm
2,187,train,1.2,1.249967723783208,svm
2,188,train,1.3,1.2501836406004168,svm
2,189,train,1.3,1.3001622121722538,svm
2,190,train,1.25,1.3001622121722538,svm
2,191,train,1.25,1.204473370606975,svm
2,193,train,1.22,1.2701814172232015,svm
2,194,train,1.32,1.2701814172232015,svm
2,195,train,0.84,0.8898541850325135,svm
2,196,train,1.11,1.1503663415809078,svm
2,197,train,1.05,1.099922529713382,svm
2,198,train,1.17,1.2501836406004168,svm
2,199,train,1.12,1.1577655082864298,svm
2,0,test,1.3,1.1813772092568566,svm
2,1,test,1.5,1.3498284593008933,svm
2,3,test,1.1,1.1503663415809078,svm
2,4,test,1.4,1.369835300882936,svm
2,5,test,1.24,1.2001571169474892,svm
2,17,test,1.35,1.2998652305530873,svm
2,20,test,1.4,1.2500070927080826,svm
2,21,test,1.3,1.2500070927080826,svm
2,36,test,1.0,1.1220377055037654,svm
2,43,test,1.35,1.299796022200928,svm
2,44,test,1.1,1.1185226564572661,svm
2,45,test,1.3,1.2500070927080826,svm
2,52,test,1.1,1.119360752196044,svm
2,56,test,1.08,0.99977254548614,svm
2,69,test,1.06,0.8898541850325135,svm
2,72,test,1.3,1.2998562148355364,svm
2,77,test,1.29,1.3348975847638245,svm
2,78,test,1.41,1.2500070927080826,svm
2,92,test,1.09,1.0324416286239115,svm
2,98,test,1.38,1.3348975847638245,svm
2,107,test,1.17,1.169914131740997,svm
2,111,test,1.12,1.0995853252789556,svm
2,112,test,0.85,0.8898541850325135,svm
2,115,test,1.23,1.1775318819440017,svm
2,116,test,1.18,1.3195978673358715,svm
2,118,test,0.98,1.0998897613929486,svm
2,119,test,1.3,1.2997870054699798,svm
2,120,test,1.4,1.4002887739313108,svm
2,121,test,1.5,1.4123665967020576,svm
2,124,test,1.08,1.10008792402841,svm
2,130,test,1.0,1.0299225304214785,svm
2,132,test,1.25,1.1139585434551995,svm
2,137,test,1.3,1.2378779501129373,svm
2,146,test,0.89,0.99977254548614,svm
2,152,test,1.25,1.2501836406004168,svm
2,184,test,1.2,0.8970582478479732,svm
2,192,test,0.95,0.9754055003617692,svm
3,0,train,1.3,1.2503458043836377,svm
3,1,train,1.5,1.4500089213329213,svm
3,2,train,1.27,1.3004213285355886,svm
3,3,train,1.1,1.1497276731848505,svm
3,4,train,1.4,1.370182147632385,svm
3,5,train,1.24,1.240754929421783,svm
3,8,train,1.0,1.0504001676349146,svm
3,9,train,1.35,1.400121657580419,svm
3,10,train,1.4,1.400121657580419,svm
3,11,train,0.97,0.919727017159406,svm
3,12,train,1.25,1.2964990491358777,svm
3,13,train,0.98,1.0300902052438414,svm
3,14,train,1.25,1.224630101778772,svm
3,15,train,1.012,0.919727017159406,svm
3,17,train,1.35,1.3093133497785523,svm
3,20,train,1.4,1.3503469233836731,svm
3,21,train,1.3,1.3503469233836731,svm
3,22,train,1.15,1.1497276731848505,svm
3,23,train,1.2,1.1497276731848505,svm
3,24,train,1.15,1.1497276731848505,svm
3,25,train,1.2,1.1496208396217682,svm
3,27,train,1.05,1.1003744645489018,svm
3,28,train,1.3,1.2497262909968059,svm
3,29,train,1.05,1.0997685522569438,svm
3,30,train,1.15,1.1774821259861188,svm
3,31,train,1.2,1.1774821259861188,svm
3,32,train,1.35,1.2999760127022473,svm
3,33,train,1.45,1.4150620662433449,svm
3,34,train,1.15,1.0998222791750687,svm
3,36,train,1.0,1.0500699363427588,svm
3,38,train,1.3,1.2999760127022473,svm
3,39,train,0.9,0.919727017159406,svm
3,41,train,1.4,1.450010216597153,svm
3,42,train,1.25,1.253895978661141,svm
3,43,train,1.35,1.2999760127022473,svm
3,44,train,1.1,1.0947135664741188,svm
3,45,train,1.3,1.3503469233836731,svm
3,46,train,1.0,1.0501390516695712,svm
3,47,train,1.0,1.0501390516695712,svm
3,48,train,0.92,0.9701837843751819,svm
3,50,train,1.21,1.1598942563874193,svm
3,51,train,1.1,1.0998222791750687,svm
3,52,train,1.1,1.1499588216701213,svm
3,53,train,1.1,1.0998222791750687,svm
3,54,train,1.15,1.0998222791750687,svm
3,55,train,1.29,1.240754929421783,svm
3,56,train,1.08,1.0298523354050708,svm
3,57,train,0.99,1.0397368713150437,svm
3,58,train,1.11,1.0600878484047542,svm
3,60,train,1.15,1.1496208396217682,svm
3,61,train,1.04,0.919727017159406,svm
3,62,train,1.1,1.090196247427775,svm
3,63,train,1.11,1.0600878484047542,svm
3,64,train,1.0,1.0501529519483916,svm
3,65,train,1.11,1.159832422707893,svm
3,66,train,1.2,1.1696075991797383,svm
3,67,train,1.03,1.0627551467454956,svm
3,68,train,1.38,1.329865848513921,svm
3,69,train,1.06,0.919727017159406,svm
3,71,train,1.4,1.3996559139452616,svm
3,72,train,1.3,1.2998196663787485,svm
3,75,train,0.98,0.9301444910365253,svm
3,76,train,1.04,1.090196247427775,svm
3,77,train,1.29,1.329865848513921,svm
3,78,train,1.41,1.3503469233836731,svm
3,79,train,1.01,1.0601390511320024,svm
3,80,train,1.2,1.1497276731848505,svm
3,81,train,1.25,1.1497276731848505,svm
3,82,train,1.25,1.1497276731848505,svm
3,84,train,1.05,1.090196247427775,svm
3,85,train,1.35,1.3996559139452616,svm
3,86,train,1.5,1.3996559139452616,svm
3,87,train,1.4,1.3996559139452616,svm
3,88,train,1.28,1.2998196663787485,svm
3,89,train,1.22,1.1696075991797383,svm
3,91,train,1.32,1.2998196663787485,svm
3,92,train,1.09,1.039819851957005,svm
3,93,train,1.05,1.1497276731848505,svm
3,95,train,0.95,0.9997427585315599,svm
3,96,train,1.2,1.240754929421783,svm
3,97,train,1.25,1.240754929421783,svm
3,98,train,1.38,1.329865848513921,svm
3,102,train,1.2,1.1496208396217682,svm
3,103,train,1.15,1.0998222791750687,svm
3,104,train,1.1,1.1496208396217682,svm
3,105,train,1.08,1.0998222791750687,svm
3,106,train,1.2,1.2496978005852604,svm
3,107,train,1.17,1.1696075991797383,svm
3,108,train,1.25,1.253895978661141,svm
3,109,train,1.2,1.1762732791863757,svm
3,110,train,1.25,1.2998196663787485,svm
3,111,train,1.12,1.1033002193456363,svm
3,112,train,0.85,0.919727017159406,svm
3,113,train,1.1,1.1497276731848505,svm
3,114,train,1.14,1.1696075991797383,svm
3,115,train,1.23,1.202626582501104,svm
3,116,train,1.18,1.2298060694156245,svm
3,117,train,1.42,1.370182147632385,svm
3,118,train,0.98,1.0600878484047542,svm
3,119,train,1.3,1.3004213285355886,svm
3,120,train,1.4,1.4150620662433449,svm
3,121,train,1.5,1.450010216597153,svm
3,124,train,1.08,1.0998222791750687,svm
3,125,train,1.04,1.0306957498521796,svm
3,130,train,1.0,1.0300902052438414,svm
3,131,train,1.15,1.1033002193456363,svm
3,132,train,1.25,1.199957601996241,svm
3,133,train,1.04,1.0600878484047542,svm
3,134,train,1.25,1.253895978661141,svm
3,135,train,1.3,1.3499324633394738,svm
3,136,train,1.2,1.2497262909968059,svm
3,137,train,1.3,1.261867813326282,svm
3,138,train,1.2,1.1496208396217682,svm
3,139,train,0.8,0.919727017159406,svm
3,140,train,0.83,0.919727017159406,svm
3,141,train,0.96,0.9906051483193679,svm
3,142,train,1.18,1.1496208396217682,svm
3,143,train,1.41,1.3499324633394738,svm
3,144,train,1.1,1.1003744645489018,svm
3,145,train,1.1,1.1497276731848505,svm
3,146,train,0.89,1.0298523354050708,svm
3,147,train,0.998,0.9906051483193679,svm
3,149,train,1.15,1.0600878484047542,svm
3,150,train,1.18,1.2299758714897289,svm
3,151,train,1.25,1.253895978661141,svm
3,152,train,1.25,1.2497262909968059,svm
3,153,train,1.24,1.1496208396217682,svm
3,154,train,1.36,1.3499324633394738,svm
3,155,train,1.3,1.2903319463995344,svm
3,156,train,1.35,1.3004213285355886,svm
3,157,train,1.3,1.2903319463995344,svm
3,161,train,1.1,1.1497276731848505,svm
3,163,train,1.08,1.090196247427775,svm
3,164,train,1.1,1.090196247427775,svm
3,165,train,1.2,1.1497276731848505,svm
3,166,train,1.3,1.2998196663787485,svm
3,167,train,1.01,1.0298523354050708,svm
3,168,train,1.4,1.4500089213329213,svm
3,169,train,1.4,1.3496552848556391,svm
3,170,train,1.28,1.3503469233836731,svm
3,171,train,1.3,1.3503469233836731,svm
3,172,train,0.94,0.9906051483193679,svm
3,173,train,1.25,1.240754929421783,svm
3,174,train,0.95,0.9967872326270049,svm
3,175,train,1.0,1.0600878484047542,svm
3,178,train,1.1,1.1497276731848505,svm
3,181,train,1.25,1.2461115672196121,svm
3,182,train,1.4,1.4150620662433449,svm
3,183,train,1.45,1.4150620662433449,svm
3,184,train,1.2,1.1503911597991578,svm
3,185,train,1.4,1.4500089213329213,svm
3,187,train,1.2,1.1645271413693337,svm
3,188,train,1.3,1.2497262909968059,svm
3,189,train,1.3,1.253895978661141,svm
3,190,train,1.25,1.253895978661141,svm
3,191,train,1.25,1.1997972721158399,svm
3,192,train,0.95,0.9967872326270049,svm
3,193,train,1.22,1.2700296044392105,svm
3,194,train,1.32,1.2700296044392105,svm
3,195,train,0.84,0.919727017159406,svm
3,197,train,1.05,1.1005621458208825,svm
3,198,train,1.17,1.2497262909968059,svm
3,199,train,1.12,1.156790008603631,svm
3,6,test,1.35,1.1645271413693337,svm
3,7,test,1.25,1.1719069791617873,svm
3,16,test,0.82,0.919727017159406,svm
3,18,test,1.4,1.450010216597153,svm
3,19,test,0.95,1.0298523354050708,svm
3,26,test,1.5,1.2378298775305674,svm
3,35,test,1.21,1.240754929421783,svm
3,37,test,0.84,0.9906051483193679,svm
3,40,test,1.15,1.240754929421783,svm
3,49,test,1.33,1.2998196663787485,svm
3,59,test,1.0,1.0306957498521796,svm
3,70,test,1.34,1.370182147632385,svm
3,73,test,1.25,1.2497262909968059,svm
3,74,test,1.18,1.0600878484047542,svm
3,83,test,1.17,1.240754929421783,svm
3,90,test,1.23,1.1496208396217682,svm
3,94,test,0.98,1.0300902052438414,svm
3,99,test,1.15,1.240754929421783,svm
3,100,test,1.15,1.240754929421783,svm
3,101,test,1.2,1.1497276731848505,svm
3,122,test,1.1,1.1496208396217682,svm
3,123,test,1.15,1.1496208396217682,svm
3,126,test,1.25,1.1868172991059338,svm
3,127,test,1.25,1.3093133497785523,svm
3,128,test,1.39,1.3496552848556391,svm
3,129,test,1.45,1.3496552848556391,svm
3,148,test,0.94,0.919727017159406,svm
3,158,test,0.86,1.1518391305718283,svm
3,159,test,0.77,0.919727017159406,svm
3,160,test,1.29,1.3499324633394738,svm
3,162,test,1.4,1.3499324633394738,svm
3,176,test,1.35,1.2998196663787485,svm
3,177,test,1.25,1.2406514987935808,svm
3,179,test,1.3,1.300944156066296,svm
3,180,test,1.45,1.3996559139452616,svm
3,186,test,1.38,1.3996559139452616,svm
3,196,test,1.11,1.1497276731848505,svm
4,0,train,1.3,1.2505816356858142,svm
4,1,train,1.5,1.450141136857927,svm
4,3,train,1.1,1.1499173659218291,svm
4,4,train,1.4,1.3771143558793055,svm
4,5,train,1.24,1.2001584361743742,svm
4,6,train,1.35,1.2499308933677202,svm
4,7,train,1.25,1.1998689890165781,svm
4,8,train,1.0,1.0502050863448311,svm
4,9,train,1.35,1.400253227352859,svm
4,10,train,1.4,1.400253227352859,svm
4,11,train,0.97,0.889805491234738,svm
4,14,train,1.25,1.2435136405550882,svm
4,15,train,1.012,0.889805491234738,svm
4,16,train,0.82,0.889805491234738,svm
4,17,train,1.35,1.2997103416637377,svm
4,18,train,1.4,1.4502913577034557,svm
4,19,train,0.95,1.0001754141036259,svm
4,20,train,1.4,1.3500060276791248,svm
4,21,train,1.3,1.3500060276791248,svm
4,22,train,1.15,1.1499173659218291,svm
4,23,train,1.2,1.1499173659218291,svm
4,24,train,1.15,1.1499173659218291,svm
4,25,train,1.2,1.179878595260232,svm
4,26,train,1.5,1.4498268020594998,svm
4,27,train,1.05,1.099808015995452,svm
4,28,train,1.3,1.2500219689767995,svm
4,29,train,1.05,1.1000887185562844,svm
4,30,train,1.15,1.2002328943920515,svm
4,31,train,1.2,1.2002328943920515,svm
4,33,train,1.45,1.3998132573190605,svm
4,34,train,1.15,1.0997811036675946,svm
4,35,train,1.21,1.2001584361743742,svm
4,36,train,1.0,1.0500824742342065,svm
4,37,train,0.84,0.9476783254347674,svm
4,38,train,1.3,1.300281851071319,svm
4,39,train,0.9,0.889805491234738,svm
4,40,train,1.15,1.2001584361743742,svm
4,43,train,1.35,1.300281851071319,svm
4,44,train,1.1,1.1063443634163712,svm
4,45,train,1.3,1.3500060276791248,svm
4,47,train,1.0,1.049582498069103,svm
4,49,train,1.33,1.300001233292746,svm
4,50,train,1.21,1.1599056355840607,svm
4,51,train,1.1,1.0997811036675946,svm
4,52,train,1.1,1.149809730217633,svm
4,53,train,1.1,1.0997811036675946,svm
4,54,train,1.15,1.0997811036675946,svm
4,55,train,1.29,1.2001584361743742,svm
4,56,train,1.08,1.0001754141036259,svm
4,59,train,1.0,0.9898386770521618,svm
4,60,train,1.15,1.179878595260232,svm
4,66,train,1.2,1.1900507331670607,svm
4,67,train,1.03,1.0771767053266923,svm
4,68,train,1.38,1.3403625702045843,svm
4,69,train,1.06,0.889805491234738,svm
4,70,train,1.34,1.3771143558793055,svm
4,72,train,1.3,1.300001233292746,svm
4,73,train,1.25,1.2500219689767995,svm
4,74,train,1.18,1.0504436853430552,svm
4,77,train,1.29,1.3403625702045843,svm
4,78,train,1.41,1.3500060276791248,svm
4,79,train,1.01,1.0596054798458703,svm
4,83,train,1.17,1.2001584361743742,svm
4,85,train,1.35,1.3999789141829486,svm
4,86,train,1.5,1.3999789141829486,svm
4,87,train,1.4,1.3999789141829486,svm
4,88,train,1.28,1.300001233292746,svm
4,89,train,1.22,1.1900507331670607,svm
4,90,train,1.23,1.179878595260232,svm
4,91,train,1.32,1.300001233292746,svm
4,92,train,1.09,1.0447045180520476,svm
4,93,train,1.05,1.1499173659218291,svm
4,94,train,0.98,1.0303557315827057,svm
4,98,train,1.38,1.3403625702045843,svm
4,99,train,1.15,1.2001584361743742,svm
4,100,train,1.15,1.2001584361743742,svm
4,101,train,1.2,1.1499173659218291,svm
4,107,train,1.17,1.1900507331670607,svm
4,108,train,1.25,1.254718002547112,svm
4,110,train,1.25,1.300001233292746,svm
4,111,train,1.12,1.0995896836014212,svm
4,112,train,0.85,0.889805491234738,svm
4,113,train,1.1,1.1499173659218291,svm
4,114,train,1.14,1.1900507331670607,svm
4,115,train,1.23,1.2246786916994523,svm
4,116,train,1.18,1.229766304513769,svm
4,118,train,0.98,1.0504436853430552,svm
4,119,train,1.3,1.2998864304701023,svm
4,120,train,1.4,1.3998132573190605,svm
4,121,train,1.5,1.4502913577034557,svm
4,122,train,1.1,1.179878595260232,svm
4,123,train,1.15,1.179878595260232,svm
4,124,train,1.08,1.0997811036675946,svm
4,125,train,1.04,0.9898386770521618,svm
4,126,train,1.25,1.2462946995071007,svm
4,127,train,1.25,1.2997103416637377,svm
4,128,train,1.39,1.39983070661619,svm
4,129,train,1.45,1.39983070661619,svm
4,130,train,1.0,1.0303557315827057,svm
4,131,train,1.15,1.0995896836014212,svm
4,132,train,1.25,1.206521727788764,svm
4,133,train,1.04,1.0504436853430552,svm
4,134,train,1.25,1.254718002547112,svm
4,135,train,1.3,1.350175778093201,svm
4,136,train,1.2,1.2500219689767995,svm
4,137,train,1.3,1.2662795508756288,svm
4,138,train,1.2,1.179878595260232,svm
4,139,train,0.8,0.889805491234738,svm
4,140,train,0.83,0.889805491234738,svm
4,141,train,0.96,0.9476783254347674,svm
4,142,train,1.18,1.179878595260232,svm
4,143,train,1.41,1.350175778093201,svm
4,145,train,1.1,1.1499173659218291,svm
4,146,train,0.89,1.0001754141036259,svm
4,147,train,0.998,0.9476783254347674,svm
4,148,train,0.94,0.889805491234738,svm
4,150,train,1.18,1.229844840418465,svm
4,151,train,1.25,1.254718002547112,svm
4,152,train,1.25,1.2500219689767995,svm
4,153,train,1.24,1.179878595260232,svm
4,154,train,1.36,1.350175778093201,svm
4,155,train,1.3,1.2723911320224162,svm
4,156,train,1.35,1.2998864304701023,svm
4,157,train,1.3,1.2723911320224162,svm
4,158,train,0.86,0.9096638006382783,svm
4,159,train,0.77,0.889805491234738,svm
4,160,train,1.29,1.350175778093201,svm
4,162,train,1.4,1.350175778093201,svm
4,166,train,1.3,1.300001233292746,svm
4,167,train,1.01,1.0001754141036259,svm
4,168,train,1.4,1.450141136857927,svm
4,172,train,0.94,0.9476783254347674,svm
4,173,train,1.25,1.2001584361743742,svm
4,174,train,0.95,0.9464761032587308,svm
4,175,train,1.0,1.0504436853430552,svm
4,176,train,1.35,1.300001233292746,svm
4,177,train,1.25,1.2054789971678557,svm
4,178,train,1.1,1.1499173659218291,svm
4,179,train,1.3,1.304286543909033,svm
4,180,train,1.45,1.3999789141829486,svm
4,181,train,1.25,1.2488132793994295,svm
4,182,train,1.4,1.3998132573190605,svm
4,183,train,1.45,1.3998132573190605,svm
4,184,train,1.2,1.150133556396621,svm
4,185,train,1.4,1.450141136857927,svm
4,186,train,1.38,1.3999789141829486,svm
4,187,train,1.2,1.2499308933677202,svm
4,188,train,1.3,1.2500219689767995,svm
4,189,train,1.3,1.254718002547112,svm
4,190,train,1.25,1.254718002547112,svm
4,191,train,1.25,1.2164550124010398,svm
4,192,train,0.95,0.9464761032587308,svm
4,193,train,1.22,1.270021959517548,svm
4,194,train,1.32,1.270021959517548,svm
4,196,train,1.11,1.1499173659218291,svm
4,2,test,1.27,1.2998864304701023,svm
4,12,test,1.25,1.2974451309256039,svm
4,13,test,0.98,1.0303557315827057,svm
4,32,test,1.35,1.300281851071319,svm
4,41,test,1.4,1.4502913577034557,svm
4,42,test,1.25,1.254718002547112,svm
4,46,test,1.0,1.049582498069103,svm
4,48,test,0.92,1.1080530118825807,svm
4,57,test,0.99,1.166274180949045,svm
4,58,test,1.11,1.0504436853430552,svm
4,61,test,1.04,0.889805491234738,svm
4,62,test,1.1,1.1274826478614308,svm
4,63,test,1.11,1.0504436853430552,svm
4,64,test,1.0,1.2309131922172671,svm
4,65,test,1.11,1.198513152075092,svm
4,71,test,1.4,1.3999789141829486,svm
4,75,test,0.98,0.8673946342227767,svm
4,76,test,1.04,1.1274826478614308,svm
4,80,test,1.2,1.1499173659218291,svm
4,81,test,1.25,1.1499173659218291,svm
4,82,test,1.25,1.1499173659218291,svm
4,84,test,1.05,1.1274826478614308,svm
4,95,test,0.95,1.0565152084491716,svm
4,96,test,1.2,1.2001584361743742,svm
4,97,test,1.25,1.2001584361743742,svm
4,102,test,1.2,1.179878595260232,svm
4,103,test,1.15,1.0997811036675946,svm
4,104,test,1.1,1.179878595260232,svm
4,105,test,1.08,1.0997811036675946,svm
4,106,test,1.2,1.2740531203505452,svm
4,109,test,1.2,1.2223949281594195,svm
4,117,test,1.42,1.3771143558793055,svm
4,144,test,1.1,1.099808015995452,svm
4,149,test,1.15,1.0504436853430552,svm
4,161,test,1.1,1.1499173659218291,svm
4,163,test,1.08,1.1274826478614308,svm
4,164,test,1.1,1.1274826478614308,svm
4,165,test,1.2,1.1499173659218291,svm
4,169,test,1.4,1.39983070661619,svm
4,170,test,1.28,1.3500060276791248,svm
4,171,test,1.3,1.3500060276791248,svm
4,195,test,0.84,0.889805491234738,svm
4,197,test,1.05,1.1413948653119999,svm
4,198,test,1.17,1.2500219689767995,svm
4,199,test,1.12,1.1760861994874963,svm
0,0,train,1.3,1.304010272026062,xgboost
0,1,train,1.5,1.3879575729370117,xgboost
0,2,train,1.27,1.2946040630340576,xgboost
0,3,train,1.1,1.1656885147094727,xgboost
0,4,train,1.4,1.3893687725067139,xgboost
0,5,train,1.24,1.2181527614593506,xgboost
0,6,train,1.35,1.271846055984497,xgboost
0,7,train,1.25,1.2352218627929688,xgboost
0,8,train,1.0,1.0220937728881836,xgboost
0,11,train,0.97,0.9230713844299316,xgboost
0,12,train,1.25,1.2868657112121582,xgboost
0,13,train,0.98,1.0190484523773193,xgboost
0,15,train,1.012,0.9230713844299316,xgboost
0,16,train,0.82,0.9230713844299316,xgboost
0,17,train,1.35,1.3145304918289185,xgboost
0,18,train,1.4,1.4118928909301758,xgboost
0,19,train,0.95,0.9783077836036682,xgboost
0,20,train,1.4,1.3311395645141602,xgboost
0,21,train,1.3,1.3311395645141602,xgboost
0,22,train,1.15,1.1656885147094727,xgboost
0,23,train,1.2,1.1656885147094727,xgboost
0,24,train,1.15,1.1656885147094727,xgboost
0,25,train,1.2,1.1772807836532593,xgboost
0,26,train,1.5,1.445592999458313,xgboost
0,30,train,1.15,1.1782443523406982,xgboost
0,31,train,1.2,1.1782443523406982,xgboost
0,32,train,1.35,1.3384758234024048,xgboost
0,35,train,1.21,1.2181527614593506,xgboost
0,36,train,1.0,1.0199257135391235,xgboost
0,37,train,0.84,0.8713964819908142,xgboost
0,38,train,1.3,1.3384758234024048,xgboost
0,39,train,0.9,0.9230713844299316,xgboost
0,40,train,1.15,1.2181527614593506,xgboost
0,41,train,1.4,1.4118928909301758,xgboost
0,42,train,1.25,1.2583881616592407,xgboost
0,43,train,1.35,1.3384758234024048,xgboost
0,44,train,1.1,1.0742955207824707,xgboost
0,45,train,1.3,1.3311395645141602,xgboost
0,46,train,1.0,0.9942978024482727,xgboost
0,48,train,0.92,0.9262403249740601,xgboost
0,49,train,1.33,1.3101893663406372,xgboost
0,52,train,1.1,1.0838443040847778,xgboost
0,53,train,1.1,1.1164393424987793,xgboost
0,54,train,1.15,1.1164393424987793,xgboost
0,55,train,1.29,1.2181527614593506,xgboost
0,56,train,1.08,0.9783077836036682,xgboost
0,57,train,0.99,0.9802481532096863,xgboost
0,58,train,1.11,1.1016395092010498,xgboost
0,59,train,1.0,1.012852668762207,xgboost
0,61,train,1.04,0.9230713844299316,xgboost
0,62,train,1.1,1.0811976194381714,xgboost
0,63,train,1.11,1.1016395092010498,xgboost
0,64,train,1.0,1.0036985874176025,xgboost
0,65,train,1.11,1.1086843013763428,xgboost
0,69,train,1.06,0.9230713844299316,xgboost
0,70,train,1.34,1.3893687725067139,xgboost
0,71,train,1.4,1.4019029140472412,xgboost
0,72,train,1.3,1.3101893663406372,xgboost
0,73,train,1.25,1.212815284729004,xgboost
0,74,train,1.18,1.1016395092010498,xgboost
0,75,train,0.98,0.9717630743980408,xgboost
0,76,train,1.04,1.0811976194381714,xgboost
0,77,train,1.29,1.3384653329849243,xgboost
0,78,train,1.41,1.3311395645141602,xgboost
0,79,train,1.01,1.0023444890975952,xgboost
0,80,train,1.2,1.1656885147094727,xgboost
0,81,train,1.25,1.1656885147094727,xgboost
0,82,train,1.25,1.1656885147094727,xgboost
0,83,train,1.17,1.2181527614593506,xgboost
0,84,train,1.05,1.0811976194381714,xgboost
0,85,train,1.35,1.4019029140472412,xgboost
0,86,train,1.5,1.4019029140472412,xgboost
0,87,train,1.4,1.4019029140472412,xgboost
0,88,train,1.28,1.3101893663406372,xgboost
0,89,train,1.22,1.1754467487335205,xgboost
0,90,train,1.23,1.1772807836532593,xgboost
0,92,train,1.09,1.0754923820495605,xgboost
0,93,train,1.05,1.1656885147094727,xgboost
0,94,train,0.98,1.0190484523773193,xgboost
0,95,train,0.95,0.9607672095298767,xgboost
0,96,train,1.2,1.2181527614593506,xgboost
0,97,train,1.25,1.2181527614593506,xgboost
0,98,train,1.38,1.3384653329849243,xgboost
0,99,train,1.15,1.2181527614593506,xgboost
0,100,train,1.15,1.2181527614593506,xgboost
0,101,train,1.2,1.1656885147094727,xgboost
0,102,train,1.2,1.1772807836532593,xgboost
0,103,train,1.15,1.1164393424987793,xgboost
0,104,train,1.1,1.1772807836532593,xgboost
0,105,train,1.08,1.1164393424987793,xgboost
0,106,train,1.2,1.2299728393554688,xgboost
0,107,train,1.17,1.1754467487335205,xgboost
0,109,train,1.2,1.2083368301391602,xgboost
0,110,train,1.25,1.3101893663406372,xgboost
0,111,train,1.12,1.1291760206222534,xgboost
0,112,train,0.85,0.9230713844299316,xgboost
0,113,train,1.1,1.1656885147094727,xgboost
0,114,train,1.14,1.1754467487335205,xgboost
0,115,train,1.23,1.2290781736373901,xgboost
0,116,train,1.18,1.2198063135147095,xgboost
0,117,train,1.42,1.3893687725067139,xgboost
0,118,train,0.98,1.1016395092010498,xgboost
0,119,train,1.3,1.2946040630340576,xgboost
0,120,train,1.4,1.405978798866272,xgboost
0,121,train,1.5,1.4118928909301758,xgboost
0,122,train,1.1,1.1772807836532593,xgboost
0,123,train,1.15,1.1772807836532593,xgboost
0,124,train,1.08,1.1164393424987793,xgboost
0,125,train,1.04,1.012852668762207,xgboost
0,126,train,1.25,1.248753547668457,xgboost
0,127,train,1.25,1.3145304918289185,xgboost
0,128,train,1.39,1.3994687795639038,xgboost
0,129,train,1.45,1.3994687795639038,xgboost
0,130,train,1.0,1.0190484523773193,xgboost
0,131,train,1.15,1.1291760206222534,xgboost
0,132,train,1.25,1.2745283842086792,xgboost
0,135,train,1.3,1.3516544103622437,xgboost
0,136,train,1.2,1.212815284729004,xgboost
0,137,train,1.3,1.245855689048767,xgboost
0,138,train,1.2,1.1772807836532593,xgboost
0,143,train,1.41,1.3516544103622437,xgboost
0,144,train,1.1,1.0921114683151245,xgboost
0,146,train,0.89,0.9783077836036682,xgboost
0,148,train,0.94,0.9230713844299316,xgboost
0,149,train,1.15,1.1016395092010498,xgboost
0,152,train,1.25,1.212815284729004,xgboost
0,153,train,1.24,1.1772807836532593,xgboost
0,158,train,0.86,0.8839722275733948,xgboost
0,159,train,0.77,0.9230713844299316,xgboost
0,160,train,1.29,1.3516544103622437,xgboost
0,161,train,1.1,1.1656885147094727,xgboost
0,162,train,1.4,1.3516544103622437,xgboost
0,163,train,1.08,1.0811976194381714,xgboost
0,164,train,1.1,1.0811976194381714,xgboost
0,165,train,1.2,1.1656885147094727,xgboost
0,169,train,1.4,1.3994687795639038,xgboost
0,170,train,1.28,1.3311395645141602,xgboost
0,171,train,1.3,1.3311395645141602,xgboost
0,173,train,1.25,1.2181527614593506,xgboost
0,174,train,0.95,0.946003794670105,xgboost
0,175,train,1.0,1.1016395092010498,xgboost
0,176,train,1.35,1.3101893663406372,xgboost
0,177,train,1.25,1.2424119710922241,xgboost
0,179,train,1.3,1.278977632522583,xgboost
0,180,train,1.45,1.4019029140472412,xgboost
0,181,train,1.25,1.2514359951019287,xgboost
0,182,train,1.4,1.405978798866272,xgboost
0,183,train,1.45,1.405978798866272,xgboost
0,184,train,1.2,1.1842938661575317,xgboost
0,186,train,1.38,1.4019029140472412,xgboost
0,188,train,1.3,1.212815284729004,xgboost
0,189,train,1.3,1.2583881616592407,xgboost
0,190,train,1.25,1.2583881616592407,xgboost
0,191,train,1.25,1.246095895767212,xgboost
0,192,train,0.95,0.946003794670105,xgboost
0,195,train,0.84,0.9230713844299316,xgboost
0,196,train,1.11,1.1656885147094727,xgboost
0,197,train,1.05,1.0830047130584717,xgboost
0,198,train,1.17,1.212815284729004,xgboost
0,199,train,1.12,1.100583791732788,xgboost
0,9,test,1.35,1.4040791988372803,xgboost
0,10,test,1.4,1.4040791988372803,xgboost
0,14,test,1.25,1.229943871498108,xgboost
0,27,test,1.05,1.0921114683151245,xgboost
0,28,test,1.3,1.212815284729004,xgboost
0,29,test,1.05,1.094673752784729,xgboost
0,33,test,1.45,1.405978798866272,xgboost
0,34,test,1.15,1.1164393424987793,xgboost
0,47,test,1.0,0.9942978024482727,xgboost
0,50,test,1.21,1.1186516284942627,xgboost
0,51,test,1.1,1.1164393424987793,xgboost
0,60,test,1.15,1.1772807836532593,xgboost
0,66,test,1.2,1.1754467487335205,xgboost
0,67,test,1.03,1.0337629318237305,xgboost
0,68,test,1.38,1.3384653329849243,xgboost
0,91,test,1.32,1.3101893663406372,xgboost
0,108,test,1.25,1.2583881616592407,xgboost
0,133,test,1.04,1.1016395092010498,xgboost
0,134,test,1.25,1.2583881616592407,xgboost
0,139,test,0.8,0.9230713844299316,xgboost
0,140,test,0.83,0.9230713844299316,xgboost
0,141,test,0.96,0.8713964819908142,xgboost
0,142,test,1.18,1.1772807836532593,xgboost
0,145,test,1.1,1.1656885147094727,xgboost
0,147,test,0.998,0.8713964819908142,xgboost
0,150,test,1.18,1.2476232051849365,xgboost
0,151,test,1.25,1.2583881616592407,xgboost
0,154,test,1.36,1.3516544103622437,xgboost
0,155,test,1.3,1.294376015663147,xgboost
0,156,test,1.35,1.2946040630340576,xgboost
0,157,test,1.3,1.294376015663147,xgboost
0,166,test,1.3,1.3101893663406372,xgboost
0,167,test,1.01,0.9783077836036682,xgboost
0,168,test,1.4,1.3879575729370117,xgboost
0,172,test,0.94,0.8713964819908142,xgboost
0,178,test,1.1,1.1656885147094727,xgboost
0,185,test,1.4,1.3879575729370117,xgboost
0,187,test,1.2,1.271846055984497,xgboost
0,193,test,1.22,1.254711389541626,xgboost
0,194,test,1.32,1.254711389541626,xgboost
1,0,train,1.3,1.3018275499343872,xgboost
1,1,train,1.5,1.3929190635681152,xgboost
1,2,train,1.27,1.311063528060913,xgboost
1,3,train,1.1,1.170100212097168,xgboost
1,4,train,1.4,1.3861559629440308,xgboost
1,5,train,1.24,1.2056676149368286,xgboost
1,6,train,1.35,1.2436093091964722,xgboost
1,7,train,1.25,1.2464312314987183,xgboost
1,9,train,1.35,1.383490800857544,xgboost
1,10,train,1.4,1.383490800857544,xgboost
1,12,train,1.25,1.2788039445877075,xgboost
1,13,train,0.98,1.01320219039917,xgboost
1,14,train,1.25,1.237868070602417,xgboost
1,16,train,0.82,0.8878703117370605,xgboost
1,17,train,1.35,1.3131014108657837,xgboost
1,18,train,1.4,1.411016583442688,xgboost
1,19,train,0.95,0.9779729247093201,xgboost
1,20,train,1.4,1.330525517463684,xgboost
1,21,train,1.3,1.330525517463684,xgboost
1,26,train,1.5,1.443718433380127,xgboost
1,27,train,1.05,1.0694212913513184,xgboost
1,28,train,1.3,1.2209802865982056,xgboost
1,29,train,1.05,1.0563966035842896,xgboost
1,32,train,1.35,1.3603384494781494,xgboost
1,33,train,1.45,1.4115421772003174,xgboost
1,34,train,1.15,1.113696575164795,xgboost
1,35,train,1.21,1.2056676149368286,xgboost
1,36,train,1.0,1.0164450407028198,xgboost
1,37,train,0.84,0.9316980838775635,xgboost
1,40,train,1.15,1.2056676149368286,xgboost
1,41,train,1.4,1.411016583442688,xgboost
1,42,train,1.25,1.2448596954345703,xgboost
1,43,train,1.35,1.3603384494781494,xgboost
1,44,train,1.1,1.0766736268997192,xgboost
1,45,train,1.3,1.330525517463684,xgboost
1,46,train,1.0,0.9994219541549683,xgboost
1,47,train,1.0,0.9994219541549683,xgboost
1,48,train,0.92,0.936501145362854,xgboost
1,49,train,1.33,1.3287628889083862,xgboost
1,50,train,1.21,1.1883810758590698,xgboost
1,51,train,1.1,1.113696575164795,xgboost
1,52,train,1.1,1.0836516618728638,xgboost
1,56,train,1.08,0.9779729247093201,xgboost
1,57,train,0.99,0.9870123863220215,xgboost
1,58,train,1.11,1.1088536977767944,xgboost
1,59,train,1.0,1.0098137855529785,xgboost
1,60,train,1.15,1.1645587682724,xgboost
1,61,train,1.04,0.8878703117370605,xgboost
1,62,train,1.1,1.0797101259231567,xgboost
1,63,train,1.11,1.1088536977767944,xgboost
1,64,train,1.0,0.9988054633140564,xgboost
1,65,train,1.11,1.0994973182678223,xgboost
1,66,train,1.2,1.170924425125122,xgboost
1,67,train,1.03,1.0406899452209473,xgboost
1,68,train,1.38,1.3584014177322388,xgboost
1,69,train,1.06,0.8878703117370605,xgboost
1,70,train,1.34,1.3861559629440308,xgboost
1,71,train,1.4,1.389728307723999,xgboost
1,72,train,1.3,1.3287628889083862,xgboost
1,73,train,1.25,1.2209802865982056,xgboost
1,74,train,1.18,1.1088536977767944,xgboost
1,75,train,0.98,0.950925886631012,xgboost
1,76,train,1.04,1.0797101259231567,xgboost
1,77,train,1.29,1.3584014177322388,xgboost
1,78,train,1.41,1.330525517463684,xgboost
1,80,train,1.2,1.170100212097168,xgboost
1,81,train,1.25,1.170100212097168,xgboost
1,82,train,1.25,1.170100212097168,xgboost
1,83,train,1.17,1.2056676149368286,xgboost
1,84,train,1.05,1.0797101259231567,xgboost
1,90,train,1.23,1.1645587682724,xgboost
1,91,train,1.32,1.3287628889083862,xgboost
1,92,train,1.09,1.0759570598602295,xgboost
1,94,train,0.98,1.01320219039917,xgboost
1,95,train,0.95,0.9588704705238342,xgboost
1,96,train,1.2,1.2056676149368286,xgboost
1,97,train,1.25,1.2056676149368286,xgboost
1,98,train,1.38,1.3584014177322388,xgboost
1,99,train,1.15,1.2056676149368286,xgboost
1,100,train,1.15,1.2056676149368286,xgboost
1,101,train,1.2,1.170100212097168,xgboost
1,102,train,1.2,1.1645587682724,xgboost
1,103,train,1.15,1.113696575164795,xgboost
1,104,train,1.1,1.1645587682724,xgboost
1,105,train,1.08,1.113696575164795,xgboost
1,106,train,1.2,1.2199245691299438,xgboost
1,107,train,1.17,1.170924425125122,xgboost
1,108,train,1.25,1.2448596954345703,xgboost
1,109,train,1.2,1.2118148803710938,xgboost
1,111,train,1.12,1.1242448091506958,xgboost
1,112,train,0.85,0.8878703117370605,xgboost
1,115,train,1.23,1.225470781326294,xgboost
1,116,train,1.18,1.2252410650253296,xgboost
1,117,train,1.42,1.3861559629440308,xgboost
1,118,train,0.98,1.1088536977767944,xgboost
1,119,train,1.3,1.311063528060913,xgboost
1,120,train,1.4,1.4115421772003174,xgboost
1,121,train,1.5,1.411016583442688,xgboost
1,122,train,1.1,1.1645587682724,xgboost
1,123,train,1.15,1.1645587682724,xgboost
1,124,train,1.08,1.113696575164795,xgboost
1,126,train,1.25,1.2491568326950073,xgboost
1,127,train,1.25,1.3131014108657837,xgboost
1,128,train,1.39,1.3979302644729614,xgboost
1,129,train,1.45,1.3979302644729614,xgboost
1,130,train,1.0,1.01320219039917,xgboost
1,132,train,1.25,1.2759907245635986,xgboost
1,133,train,1.04,1.1088536977767944,xgboost
1,134,train,1.25,1.2448596954345703,xgboost
1,137,train,1.3,1.2448583841323853,xgboost
1,139,train,0.8,0.8878703117370605,xgboost
1,140,train,0.83,0.8878703117370605,xgboost
1,141,train,0.96,0.9316980838775635,xgboost
1,142,train,1.18,1.1645587682724,xgboost
1,144,train,1.1,1.0694212913513184,xgboost
1,145,train,1.1,1.170100212097168,xgboost
1,146,train,0.89,0.9779729247093201,xgboost
1,147,train,0.998,0.9316980838775635,xgboost
1,148,train,0.94,0.8878703117370605,xgboost
1,149,train,1.15,1.1088536977767944,xgboost
1,150,train,1.18,1.211944580078125,xgboost
1,151,train,1.25,1.2448596954345703,xgboost
1,152,train,1.25,1.2209802865982056,xgboost
1,154,train,1.36,1.3530572652816772,xgboost
1,155,train,1.3,1.30173659324646,xgboost
1,156,train,1.35,1.311063528060913,xgboost
1,157,train,1.3,1.30173659324646,xgboost
1,158,train,0.86,0.8887861967086792,xgboost
1,159,train,0.77,0.8878703117370605,xgboost
1,160,train,1.29,1.3530572652816772,xgboost
1,161,train,1.1,1.170100212097168,xgboost
1,162,train,1.4,1.3530572652816772,xgboost
1,163,train,1.08,1.0797101259231567,xgboost
1,164,train,1.1,1.0797101259231567,xgboost
1,165,train,1.2,1.170100212097168,xgboost
1,166,train,1.3,1.3287628889083862,xgboost
1,167,train,1.01,0.9779729247093201,xgboost
1,168,train,1.4,1.3929190635681152,xgboost
1,169,train,1.4,1.3979302644729614,xgboost
1,170,train,1.28,1.330525517463684,xgboost
1,171,train,1.3,1.330525517463684,xgboost
1,172,train,0.94,0.9316980838775635,xgboost
1,176,train,1.35,1.3287628889083862,xgboost
1,177,train,1.25,1.2461879253387451,xgboost
1,178,train,1.1,1.170100212097168,xgboost
1,179,train,1.3,1.284903883934021,xgboost
1,180,train,1.45,1.389728307723999,xgboost
1,184,train,1.2,1.1834667921066284,xgboost
1,185,train,1.4,1.3929190635681152,xgboost
1,186,train,1.38,1.389728307723999,xgboost
1,187,train,1.2,1.2436093091964722,xgboost
1,192,train,0.95,0.9593855738639832,xgboost
1,193,train,1.22,1.263094425201416,xgboost
1,194,train,1.32,1.263094425201416,xgboost
1,195,train,0.84,0.8878703117370605,xgboost
1,196,train,1.11,1.170100212097168,xgboost
1,197,train,1.05,1.0837490558624268,xgboost
1,198,train,1.17,1.2209802865982056,xgboost
1,199,train,1.12,1.0985163450241089,xgboost
1,8,test,1.0,1.0742169618606567,xgboost
1,11,test,0.97,0.8878703117370605,xgboost
1,15,test,1.012,0.8878703117370605,xgboost
1,22,test,1.15,1.170100212097168,xgboost
1,23,test,1.2,1.170100212097168,xgboost
1,24,test,1.15,1.170100212097168,xgboost
1,25,test,1.2,1.1645587682724,xgboost
1,30,test,1.15,1.1840671300888062,xgboost
1,31,test,1.2,1.1840671300888062,xgboost
1,38,test,1.3,1.3603384494781494,xgboost
1,39,test,0.9,0.8878703117370605,xgboost
1,53,test,1.1,1.113696575164795,xgboost
1,54,test,1.15,1.113696575164795,xgboost
1,55,test,1.29,1.2056676149368286,xgboost
1,79,test,1.01,0.9891941547393799,xgboost
1,85,test,1.35,1.389728307723999,xgboost
1,86,test,1.5,1.389728307723999,xgboost
1,87,test,1.4,1.389728307723999,xgboost
1,88,test,1.28,1.3287628889083862,xgboost
1,89,test,1.22,1.170924425125122,xgboost
1,93,test,1.05,1.170100212097168,xgboost
1,110,test,1.25,1.3287628889083862,xgboost
1,113,test,1.1,1.170100212097168,xgboost
1,114,test,1.14,1.170924425125122,xgboost
1,125,test,1.04,1.0098137855529785,xgboost
1,131,test,1.15,1.1242448091506958,xgboost
1,135,test,1.3,1.3530572652816772,xgboost
1,136,test,1.2,1.2209802865982056,xgboost
1,138,test,1.2,1.1645587682724,xgboost
1,143,test,1.41,1.3530572652816772,xgboost
1,153,test,1.24,1.1645587682724,xgboost
1,173,test,1.25,1.2056676149368286,xgboost
1,174,test,0.95,0.9593855738639832,xgboost
1,175,test,1.0,1.1088536977767944,xgboost
1,181,test,1.25,1.2401409149169922,xgboost
1,182,test,1.4,1.4115421772003174,xgboost
1,183,test,1.45,1.4115421772003174,xgboost
1,188,test,1.3,1.2209802865982056,xgboost
1,189,test,1.3,1.2448596954345703,xgboost
1,190,test,1.25,1.2448596954345703,xgboost
1,191,test,1.25,1.2407469749450684,xgboost
2,2,train,1.27,1.304695725440979,xgboost
2,6,train,1.35,1.2605105638504028,xgboost
2,7,train,1.25,1.2392535209655762,xgboost
2,8,train,1.0,1.0076838731765747,xgboost
2,9,train,1.35,1.3871421813964844,xgboost
2,10,train,1.4,1.3871421813964844,xgboost
2,11,train,0.97,0.8940733671188354,xgboost
2,12,train,1.25,1.2833551168441772,xgboost
2,13,train,0.98,1.0164613723754883,xgboost
2,14,train,1.25,1.257071852684021,xgboost
2,15,train,1.012,0.8940733671188354,xgboost
2,16,train,0.82,0.8940733671188354,xgboost
2,18,train,1.4,1.396174669265747,xgboost
2,19,train,0.95,0.9814913272857666,xgboost
2,22,train,1.15,1.1584358215332031,xgboost
2,23,train,1.2,1.1584358215332031,xgboost
2,24,train,1.15,1.1584358215332031,xgboost
2,25,train,1.2,1.1723695993423462,xgboost
2,26,train,1.5,1.4431710243225098,xgboost
2,27,train,1.05,1.0740578174591064,xgboost
2,28,train,1.3,1.2280490398406982,xgboost
2,29,train,1.05,1.0558005571365356,xgboost
2,30,train,1.15,1.1792303323745728,xgboost
2,31,train,1.2,1.1792303323745728,xgboost
2,32,train,1.35,1.3384047746658325,xgboost
2,33,train,1.45,1.4070380926132202,xgboost
2,34,train,1.15,1.1220070123672485,xgboost
2,35,train,1.21,1.2091989517211914,xgboost
2,37,train,0.84,0.9365366101264954,xgboost
2,38,train,1.3,1.3384047746658325,xgboost
2,39,train,0.9,0.8940733671188354,xgboost
2,40,train,1.15,1.2091989517211914,xgboost
2,41,train,1.4,1.396174669265747,xgboost
2,42,train,1.25,1.2567514181137085,xgboost
2,46,train,1.0,0.9977038502693176,xgboost
2,47,train,1.0,0.9977038502693176,xgboost
2,48,train,0.92,0.9308952689170837,xgboost
2,49,train,1.33,1.3066927194595337,xgboost
2,50,train,1.21,1.1933003664016724,xgboost
2,51,train,1.1,1.1220070123672485,xgboost
2,53,train,1.1,1.1220070123672485,xgboost
2,54,train,1.15,1.1220070123672485,xgboost
2,55,train,1.29,1.2091989517211914,xgboost
2,57,train,0.99,0.982983410358429,xgboost
2,58,train,1.11,1.1104848384857178,xgboost
2,59,train,1.0,1.0207101106643677,xgboost
2,60,train,1.15,1.1723695993423462,xgboost
2,61,train,1.04,0.8940733671188354,xgboost
2,62,train,1.1,1.0867266654968262,xgboost
2,63,train,1.11,1.1104848384857178,xgboost
2,64,train,1.0,1.0018131732940674,xgboost
2,65,train,1.11,1.109946846961975,xgboost
2,66,train,1.2,1.1815285682678223,xgboost
2,67,train,1.03,1.0223405361175537,xgboost
2,68,train,1.38,1.376927137374878,xgboost
2,70,train,1.34,1.3945916891098022,xgboost
2,71,train,1.4,1.3968321084976196,xgboost
2,73,train,1.25,1.2280490398406982,xgboost
2,74,train,1.18,1.1104848384857178,xgboost
2,75,train,0.98,0.9651464223861694,xgboost
2,76,train,1.04,1.0867266654968262,xgboost
2,79,train,1.01,1.0084065198898315,xgboost
2,80,train,1.2,1.1584358215332031,xgboost
2,81,train,1.25,1.1584358215332031,xgboost
2,82,train,1.25,1.1584358215332031,xgboost
2,83,train,1.17,1.2091989517211914,xgboost
2,84,train,1.05,1.0867266654968262,xgboost
2,85,train,1.35,1.3968321084976196,xgboost
2,86,train,1.5,1.3968321084976196,xgboost
2,87,train,1.4,1.3968321084976196,xgboost
2,88,train,1.28,1.3066927194595337,xgboost
2,89,train,1.22,1.1815285682678223,xgboost
2,90,train,1.23,1.1723695993423462,xgboost
2,91,train,1.32,1.3066927194595337,xgboost
2,93,train,1.05,1.1584358215332031,xgboost
2,94,train,0.98,1.0164613723754883,xgboost
2,95,train,0.95,0.9763243198394775,xgboost
2,96,train,1.2,1.2091989517211914,xgboost
2,97,train,1.25,1.2091989517211914,xgboost
2,99,train,1.15,1.2091989517211914,xgboost
2,100,train,1.15,1.2091989517211914,xgboost
2,101,train,1.2,1.1584358215332031,xgboost
2,102,train,1.2,1.1723695993423462,xgboost
2,103,train,1.15,1.1220070123672485,xgboost
2,104,train,1.1,1.1723695993423462,xgboost
2,105,train,1.08,1.1220070123672485,xgboost
2,106,train,1.2,1.216356635093689,xgboost
2,108,train,1.25,1.2567514181137085,xgboost
2,109,train,1.2,1.2105815410614014,xgboost
2,110,train,1.25,1.3066927194595337,xgboost
2,113,train,1.1,1.1584358215332031,xgboost
2,114,train,1.14,1.1815285682678223,xgboost
2,117,train,1.42,1.3945916891098022,xgboost
2,122,train,1.1,1.1723695993423462,xgboost
2,123,train,1.15,1.1723695993423462,xgboost
2,125,train,1.04,1.0207101106643677,xgboost
2,126,train,1.25,1.2429909706115723,xgboost
2,127,train,1.25,1.3030476570129395,xgboost
2,128,train,1.39,1.3961647748947144,xgboost
2,129,train,1.45,1.3961647748947144,xgboost
2,131,train,1.15,1.1382384300231934,xgboost
2,133,train,1.04,1.1104848384857178,xgboost
2,134,train,1.25,1.2567514181137085,xgboost
2,135,train,1.3,1.3484079837799072,xgboost
2,136,train,1.2,1.2280490398406982,xgboost
2,138,train,1.2,1.1723695993423462,xgboost
2,139,train,0.8,0.8940733671188354,xgboost
2,140,train,0.83,0.8940733671188354,xgboost
2,141,train,0.96,0.9365366101264954,xgboost
2,142,train,1.18,1.1723695993423462,xgboost
2,143,train,1.41,1.3484079837799072,xgboost
2,144,train,1.1,1.0740578174591064,xgboost
2,145,train,1.1,1.1584358215332031,xgboost
2,147,train,0.998,0.9365366101264954,xgboost
2,148,train,0.94,0.8940733671188354,xgboost
2,149,train,1.15,1.1104848384857178,xgboost
2,150,train,1.18,1.2134208679199219,xgboost
2,151,train,1.25,1.2567514181137085,xgboost
2,153,train,1.24,1.1723695993423462,xgboost
2,154,train,1.36,1.3484079837799072,xgboost
2,155,train,1.3,1.3058078289031982,xgboost
2,156,train,1.35,1.304695725440979,xgboost
2,157,train,1.3,1.3058078289031982,xgboost
2,158,train,0.86,0.8851460814476013,xgboost
2,159,train,0.77,0.8940733671188354,xgboost
2,160,train,1.29,1.3484079837799072,xgboost
2,161,train,1.1,1.1584358215332031,xgboost
2,162,train,1.4,1.3484079837799072,xgboost
2,163,train,1.08,1.0867266654968262,xgboost
2,164,train,1.1,1.0867266654968262,xgboost
2,165,train,1.2,1.1584358215332031,xgboost
2,166,train,1.3,1.3066927194595337,xgboost
2,167,train,1.01,0.9814913272857666,xgboost
2,168,train,1.4,1.3576781749725342,xgboost
2,169,train,1.4,1.3961647748947144,xgboost
2,170,train,1.28,1.2898136377334595,xgboost
2,171,train,1.3,1.2898136377334595,xgboost
2,172,train,0.94,0.9365366101264954,xgboost
2,173,train,1.25,1.2091989517211914,xgboost
2,174,train,0.95,0.9573460221290588,xgboost
2,175,train,1.0,1.1104848384857178,xgboost
2,176,train,1.35,1.3066927194595337,xgboost
2,177,train,1.25,1.2346088886260986,xgboost
2,178,train,1.1,1.1584358215332031,xgboost
2,179,train,1.3,1.2830196619033813,xgboost
2,180,train,1.45,1.3968321084976196,xgboost
2,181,train,1.25,1.2389668226242065,xgboost
2,182,train,1.4,1.4070380926132202,xgboost
2,183,train,1.45,1.4070380926132202,xgboost
2,185,train,1.4,1.3576781749725342,xgboost
2,186,train,1.38,1.3968321084976196,xgboost
2,187,train,1.2,1.2605105638504028,xgboost
2,188,train,1.3,1.2280490398406982,xgboost
2,189,train,1.3,1.2567514181137085,xgboost
2,190,train,1.25,1.2567514181137085,xgboost
2,191,train,1.25,1.2496429681777954,xgboost
2,193,train,1.22,1.2589551210403442,xgboost
2,194,train,1.32,1.2589551210403442,xgboost
2,195,train,0.84,0.8940733671188354,xgboost
2,196,train,1.11,1.1584358215332031,xgboost
2,197,train,1.05,1.0749845504760742,xgboost
2,198,train,1.17,1.2280490398406982,xgboost
2,199,train,1.12,1.0975017547607422,xgboost
2,0,test,1.3,1.2898117303848267,xgboost
2,1,test,1.5,1.3576781749725342,xgboost
2,3,test,1.1,1.1584358215332031,xgboost
2,4,test,1.4,1.3945916891098022,xgboost
2,5,test,1.24,1.2091989517211914,xgboost
2,17,test,1.35,1.3030476570129395,xgboost
2,20,test,1.4,1.2898136377334595,xgboost
2,21,test,1.3,1.2898136377334595,xgboost
2,36,test,1.0,1.011557698249817,xgboost
2,43,test,1.35,1.3384047746658325,xgboost
2,44,test,1.1,1.0231081247329712,xgboost
2,45,test,1.3,1.2898136377334595,xgboost
2,52,test,1.1,1.046118974685669,xgboost
2,56,test,1.08,0.9814913272857666,xgboost
2,69,test,1.06,0.8940733671188354,xgboost
2,72,test,1.3,1.3066927194595337,xgboost
2,77,test,1.29,1.376927137374878,xgboost
2,78,test,1.41,1.2898136377334595,xgboost
2,92,test,1.09,0.976919412612915,xgboost
2,98,test,1.38,1.376927137374878,xgboost
2,107,test,1.17,1.1815285682678223,xgboost
2,111,test,1.12,1.1382384300231934,xgboost
2,112,test,0.85,0.8940733671188354,xgboost
2,115,test,1.23,1.2233253717422485,xgboost
2,116,test,1.18,1.2804813385009766,xgboost
2,118,test,0.98,1.1104848384857178,xgboost
2,119,test,1.3,1.304695725440979,xgboost
2,120,test,1.4,1.4070380926132202,xgboost
2,121,test,1.5,1.396174669265747,xgboost
2,124,test,1.08,1.1220070123672485,xgboost
2,130,test,1.0,1.0164613723754883,xgboost
2,132,test,1.25,1.2875969409942627,xgboost
2,137,test,1.3,1.2264480590820312,xgboost
2,146,test,0.89,0.9814913272857666,xgboost
2,152,test,1.25,1.2280490398406982,xgboost
2,184,test,1.2,1.0048760175704956,xgboost
2,192,test,0.95,0.9573460221290588,xgboost
3,0,train,1.3,1.3018516302108765,xgboost
3,1,train,1.5,1.4021806716918945,xgboost
3,2,train,1.27,1.3061670064926147,xgboost
3,3,train,1.1,1.1541250944137573,xgboost
3,4,train,1.4,1.4002950191497803,xgboost
3,5,train,1.24,1.2485705614089966,xgboost
3,8,train,1.0,1.0161032676696777,xgboost
3,9,train,1.35,1.3834737539291382,xgboost
3,10,train,1.4,1.3834737539291382,xgboost
3,11,train,0.97,0.9256429076194763,xgboost
3,12,train,1.25,1.278835654258728,xgboost
3,13,train,0.98,1.0296334028244019,xgboost
3,14,train,1.25,1.223740577697754,xgboost
3,15,train,1.012,0.9256429076194763,xgboost
3,17,train,1.35,1.3555428981781006,xgboost
3,20,train,1.4,1.327636480331421,xgboost
3,21,train,1.3,1.327636480331421,xgboost
3,22,train,1.15,1.1541250944137573,xgboost
3,23,train,1.2,1.1541250944137573,xgboost
3,24,train,1.15,1.1541250944137573,xgboost
3,25,train,1.2,1.1833200454711914,xgboost
3,27,train,1.05,1.0712766647338867,xgboost
3,28,train,1.3,1.229315161705017,xgboost
3,29,train,1.05,1.046831727027893,xgboost
3,30,train,1.15,1.1653879880905151,xgboost
3,31,train,1.2,1.1653879880905151,xgboost
3,32,train,1.35,1.3361650705337524,xgboost
3,33,train,1.45,1.4209718704223633,xgboost
3,34,train,1.15,1.1163511276245117,xgboost
3,36,train,1.0,1.0061321258544922,xgboost
3,38,train,1.3,1.3361650705337524,xgboost
3,39,train,0.9,0.9256429076194763,xgboost
3,41,train,1.4,1.4146381616592407,xgboost
3,42,train,1.25,1.2559599876403809,xgboost
3,43,train,1.35,1.3361650705337524,xgboost
3,44,train,1.1,1.0812208652496338,xgboost
3,45,train,1.3,1.327636480331421,xgboost
3,46,train,1.0,0.9971362948417664,xgboost
3,47,train,1.0,0.9971362948417664,xgboost
3,48,train,0.92,0.9441999793052673,xgboost
3,50,train,1.21,1.1898372173309326,xgboost
3,51,train,1.1,1.1163511276245117,xgboost
3,52,train,1.1,1.0785984992980957,xgboost
3,53,train,1.1,1.1163511276245117,xgboost
3,54,train,1.15,1.1163511276245117,xgboost
3,55,train,1.29,1.2485705614089966,xgboost
3,56,train,1.08,0.9959606528282166,xgboost
3,57,train,0.99,0.9799789786338806,xgboost
3,58,train,1.11,1.0837360620498657,xgboost
3,60,train,1.15,1.1833200454711914,xgboost
3,61,train,1.04,0.9256429076194763,xgboost
3,62,train,1.1,1.0758922100067139,xgboost
3,63,train,1.11,1.0837360620498657,xgboost
3,64,train,1.0,0.9994338750839233,xgboost
3,65,train,1.11,1.111337661743164,xgboost
3,66,train,1.2,1.1884090900421143,xgboost
3,67,train,1.03,1.0278335809707642,xgboost
3,68,train,1.38,1.3524690866470337,xgboost
3,69,train,1.06,0.9256429076194763,xgboost
3,71,train,1.4,1.3999385833740234,xgboost
3,72,train,1.3,1.2981352806091309,xgboost
3,75,train,0.98,0.9556244015693665,xgboost
3,76,train,1.04,1.0758922100067139,xgboost
3,77,train,1.29,1.3524690866470337,xgboost
3,78,train,1.41,1.327636480331421,xgboost
3,79,train,1.01,1.0030839443206787,xgboost
3,80,train,1.2,1.1541250944137573,xgboost
3,81,train,1.25,1.1541250944137573,xgboost
3,82,train,1.25,1.1541250944137573,xgboost
3,84,train,1.05,1.0758922100067139,xgboost
3,85,train,1.35,1.3999385833740234,xgboost
3,86,train,1.5,1.3999385833740234,xgboost
3,87,train,1.4,1.3999385833740234,xgboost
3,88,train,1.28,1.2981352806091309,xgboost
3,89,train,1.22,1.1884090900421143,xgboost
3,91,train,1.32,1.2981352806091309,xgboost
3,92,train,1.09,1.0756866931915283,xgboost
3,93,train,1.05,1.1541250944137573,xgboost
3,95,train,0.95,0.9595740437507629,xgboost
3,96,train,1.2,1.2485705614089966,xgboost
3,97,train,1.25,1.2485705614089966,xgboost
3,98,train,1.38,1.3524690866470337,xgboost
3,102,train,1.2,1.1833200454711914,xgboost
3,103,train,1.15,1.1163511276245117,xgboost
3,104,train,1.1,1.1833200454711914,xgboost
3,105,train,1.08,1.1163511276245117,xgboost
3,106,train,1.2,1.224312424659729,xgboost
3,107,train,1.17,1.1884090900421143,xgboost
3,108,train,1.25,1.2559599876403809,xgboost
3,109,train,1.2,1.2117431163787842,xgboost
3,110,train,1.25,1.2981352806091309,xgboost
3,111,train,1.12,1.1312686204910278,xgboost
3,112,train,0.85,0.9256429076194763,xgboost
3,113,train,1.1,1.1541250944137573,xgboost
3,114,train,1.14,1.1884090900421143,xgboost
3,115,train,1.23,1.2281687259674072,xgboost
3,116,train,1.18,1.2316043376922607,xgboost
3,117,train,1.42,1.4002950191497803,xgboost
3,118,train,0.98,1.0837360620498657,xgboost
3,119,train,1.3,1.3061670064926147,xgboost
3,120,train,1.4,1.4209718704223633,xgboost
3,121,train,1.5,1.4146381616592407,xgboost
3,124,train,1.08,1.1163511276245117,xgboost
3,125,train,1.04,1.0199190378189087,xgboost
3,130,train,1.0,1.0296334028244019,xgboost
3,131,train,1.15,1.1312686204910278,xgboost
3,132,train,1.25,1.2759466171264648,xgboost
3,133,train,1.04,1.0837360620498657,xgboost
3,134,train,1.25,1.2559599876403809,xgboost
3,135,train,1.3,1.350879430770874,xgboost
3,136,train,1.2,1.229315161705017,xgboost
3,137,train,1.3,1.269797682762146,xgboost
3,138,train,1.2,1.1833200454711914,xgboost
3,139,train,0.8,0.9256429076194763,xgboost
3,140,train,0.83,0.9256429076194763,xgboost
3,141,train,0.96,0.9611948132514954,xgboost
3,142,train,1.18,1.1833200454711914,xgboost
3,143,train,1.41,1.350879430770874,xgboost
3,144,train,1.1,1.0712766647338867,xgboost
3,145,train,1.1,1.1541250944137573,xgboost
3,146,train,0.89,0.9959606528282166,xgboost
3,147,train,0.998,0.9611948132514954,xgboost
3,149,train,1.15,1.0837360620498657,xgboost
3,150,train,1.18,1.209680199623108,xgboost
3,151,train,1.25,1.2559599876403809,xgboost
3,152,train,1.25,1.229315161705017,xgboost
3,153,train,1.24,1.1833200454711914,xgboost
3,154,train,1.36,1.350879430770874,xgboost
3,155,train,1.3,1.3031177520751953,xgboost
3,156,train,1.35,1.3061670064926147,xgboost
3,157,train,1.3,1.3031177520751953,xgboost
3,161,train,1.1,1.1541250944137573,xgboost
3,163,train,1.08,1.0758922100067139,xgboost
3,164,train,1.1,1.0758922100067139,xgboost
3,165,train,1.2,1.1541250944137573,xgboost
3,166,train,1.3,1.2981352806091309,xgboost
3,167,train,1.01,0.9959606528282166,xgboost
3,168,train,1.4,1.4021806716918945,xgboost
3,169,train,1.4,1.3686977624893188,xgboost
3,170,train,1.28,1.327636480331421,xgboost
3,171,train,1.3,1.327636480331421,xgboost
3,172,train,0.94,0.9611948132514954,xgboost
3,173,train,1.25,1.2485705614089966,xgboost
3,174,train,0.95,0.9522075057029724,xgboost
3,175,train,1.0,1.0837360620498657,xgboost
3,178,train,1.1,1.1541250944137573,xgboost
3,181,train,1.25,1.2453755140304565,xgboost
3,182,train,1.4,1.4209718704223633,xgboost
3,183,train,1.45,1.4209718704223633,xgboost
3,184,train,1.2,1.1856865882873535,xgboost
3,185,train,1.4,1.4021806716918945,xgboost
3,187,train,1.2,1.2171214818954468,xgboost
3,188,train,1.3,1.229315161705017,xgboost
3,189,train,1.3,1.2559599876403809,xgboost
3,190,train,1.25,1.2559599876403809,xgboost
3,191,train,1.25,1.245469570159912,xgboost
3,192,train,0.95,0.9522075057029724,xgboost
3,193,train,1.22,1.262967824935913,xgboost
3,194,train,1.32,1.262967824935913,xgboost
3,195,train,0.84,0.9256429076194763,xgboost
3,197,train,1.05,1.0831576585769653,xgboost
3,198,train,1.17,1.229315161705017,xgboost
3,199,train,1.12,1.0948981046676636,xgboost
3,6,test,1.35,1.2171214818954468,xgboost
3,7,test,1.25,1.182255744934082,xgboost
3,16,test,0.82,0.9256429076194763,xgboost
3,18,test,1.4,1.4146381616592407,xgboost
3,19,test,0.95,0.9959606528282166,xgboost
3,26,test,1.5,1.352935552597046,xgboost
3,35,test,1.21,1.2485705614089966,xgboost
3,37,test,0.84,0.9611948132514954,xgboost
3,40,test,1.15,1.2485705614089966,xgboost
3,49,test,1.33,1.2981352806091309,xgboost
3,59,test,1.0,1.0199190378189087,xgboost
3,70,test,1.34,1.4002950191497803,xgboost
3,73,test,1.25,1.229315161705017,xgboost
3,74,test,1.18,1.0837360620498657,xgboost
3,83,test,1.17,1.2485705614089966,xgboost
3,90,test,1.23,1.1833200454711914,xgboost
3,94,test,0.98,1.0296334028244019,xgboost
3,99,test,1.15,1.2485705614089966,xgboost
3,100,test,1.15,1.2485705614089966,xgboost
3,101,test,1.2,1.1541250944137573,xgboost
3,122,test,1.1,1.1833200454711914,xgboost
3,123,test,1.15,1.1833200454711914,xgboost
3,126,test,1.25,1.172000527381897,xgboost
3,127,test,1.25,1.3555428981781006,xgboost
3,128,test,1.39,1.3686977624893188,xgboost
3,129,test,1.45,1.3686977624893188,xgboost
3,148,test,0.94,0.9256429076194763,xgboost
3,158,test,0.86,1.0087155103683472,xgboost
3,159,test,0.77,0.9256429076194763,xgboost
3,160,test,1.29,1.350879430770874,xgboost
3,162,test,1.4,1.350879430770874,xgboost
3,176,test,1.35,1.2981352806091309,xgboost
3,177,test,1.25,1.236142873764038,xgboost
3,179,test,1.3,1.2861777544021606,xgboost
3,180,test,1.45,1.3999385833740234,xgboost
3,186,test,1.38,1.3999385833740234,xgboost
3,196,test,1.11,1.1541250944137573,xgboost
4,0,train,1.3,1.31143057346344,xgboost
4,1,train,1.5,1.3889514207839966,xgboost
4,3,train,1.1,1.136828899383545,xgboost
4,4,train,1.4,1.3910545110702515,xgboost
4,5,train,1.24,1.2122644186019897,xgboost
4,6,train,1.35,1.2459914684295654,xgboost
4,7,train,1.25,1.2317798137664795,xgboost
4,8,train,1.0,1.019576907157898,xgboost
4,9,train,1.35,1.3837019205093384,xgboost
4,10,train,1.4,1.3837019205093384,xgboost
4,11,train,0.97,0.8977521657943726,xgboost
4,14,train,1.25,1.2379343509674072,xgboost
4,15,train,1.012,0.8977521657943726,xgboost
4,16,train,0.82,0.8977521657943726,xgboost
4,17,train,1.35,1.3191324472427368,xgboost
4,18,train,1.4,1.4178192615509033,xgboost
4,19,train,0.95,0.9845482707023621,xgboost
4,20,train,1.4,1.3503360748291016,xgboost
4,21,train,1.3,1.3503360748291016,xgboost
4,22,train,1.15,1.136828899383545,xgboost
4,23,train,1.2,1.136828899383545,xgboost
4,24,train,1.15,1.136828899383545,xgboost
4,25,train,1.2,1.1777207851409912,xgboost
4,26,train,1.5,1.4416264295578003,xgboost
4,27,train,1.05,1.0432106256484985,xgboost
4,28,train,1.3,1.2400286197662354,xgboost
4,29,train,1.05,1.0724178552627563,xgboost
4,30,train,1.15,1.1855745315551758,xgboost
4,31,train,1.2,1.1855745315551758,xgboost
4,33,train,1.45,1.417165756225586,xgboost
4,34,train,1.15,1.117392897605896,xgboost
4,35,train,1.21,1.2122644186019897,xgboost
4,36,train,1.0,1.01138436794281,xgboost
4,37,train,0.84,0.9339474439620972,xgboost
4,38,train,1.3,1.3339202404022217,xgboost
4,39,train,0.9,0.8977521657943726,xgboost
4,40,train,1.15,1.2122644186019897,xgboost
4,43,train,1.35,1.3339202404022217,xgboost
4,44,train,1.1,1.0752482414245605,xgboost
4,45,train,1.3,1.3503360748291016,xgboost
4,47,train,1.0,1.0023328065872192,xgboost
4,49,train,1.33,1.310383677482605,xgboost
4,50,train,1.21,1.2020747661590576,xgboost
4,51,train,1.1,1.117392897605896,xgboost
4,52,train,1.1,1.088037371635437,xgboost
4,53,train,1.1,1.117392897605896,xgboost
4,54,train,1.15,1.117392897605896,xgboost
4,55,train,1.29,1.2122644186019897,xgboost
4,56,train,1.08,0.9845482707023621,xgboost
4,59,train,1.0,1.0143243074417114,xgboost
4,60,train,1.15,1.1777207851409912,xgboost
4,66,train,1.2,1.1863486766815186,xgboost
4,67,train,1.03,1.0269168615341187,xgboost
4,68,train,1.38,1.350711703300476,xgboost
4,69,train,1.06,0.8977521657943726,xgboost
4,70,train,1.34,1.3910545110702515,xgboost
4,72,train,1.3,1.310383677482605,xgboost
4,73,train,1.25,1.2400286197662354,xgboost
4,74,train,1.18,1.0754468441009521,xgboost
4,77,train,1.29,1.350711703300476,xgboost
4,78,train,1.41,1.3503360748291016,xgboost
4,79,train,1.01,1.0041648149490356,xgboost
4,83,train,1.17,1.2122644186019897,xgboost
4,85,train,1.35,1.4005382061004639,xgboost
4,86,train,1.5,1.4005382061004639,xgboost
4,87,train,1.4,1.4005382061004639,xgboost
4,88,train,1.28,1.310383677482605,xgboost
4,89,train,1.22,1.1863486766815186,xgboost
4,90,train,1.23,1.1777207851409912,xgboost
4,91,train,1.32,1.310383677482605,xgboost
4,92,train,1.09,1.0636667013168335,xgboost
4,93,train,1.05,1.136828899383545,xgboost
4,94,train,0.98,1.0310436487197876,xgboost
4,98,train,1.38,1.350711703300476,xgboost
4,99,train,1.15,1.2122644186019897,xgboost
4,100,train,1.15,1.2122644186019897,xgboost
4,101,train,1.2,1.136828899383545,xgboost
4,107,train,1.17,1.1863486766815186,xgboost
4,108,train,1.25,1.2533994913101196,xgboost
4,110,train,1.25,1.310383677482605,xgboost
4,111,train,1.12,1.1299996376037598,xgboost
4,112,train,0.85,0.8977521657943726,xgboost
4,113,train,1.1,1.136828899383545,xgboost
4,114,train,1.14,1.1863486766815186,xgboost
4,115,train,1.23,1.2293031215667725,xgboost
4,116,train,1.18,1.2321900129318237,xgboost
4,118,train,0.98,1.0754468441009521,xgboost
4,119,train,1.3,1.3259530067443848,xgboost
4,120,train,1.4,1.417165756225586,xgboost
4,121,train,1.5,1.4178192615509033,xgboost
4,122,train,1.1,1.1777207851409912,xgboost
4,123,train,1.15,1.1777207851409912,xgboost
4,124,train,1.08,1.117392897605896,xgboost
4,125,train,1.04,1.0143243074417114,xgboost
4,126,train,1.25,1.236965537071228,xgboost
4,127,train,1.25,1.3191324472427368,xgboost
4,128,train,1.39,1.3991758823394775,xgboost
4,129,train,1.45,1.3991758823394775,xgboost
4,130,train,1.0,1.0310436487197876,xgboost
4,131,train,1.15,1.1299996376037598,xgboost
4,132,train,1.25,1.29358971118927,xgboost
4,133,train,1.04,1.0754468441009521,xgboost
4,134,train,1.25,1.2533994913101196,xgboost
4,135,train,1.3,1.351473093032837,xgboost
4,136,train,1.2,1.2400286197662354,xgboost
4,137,train,1.3,1.2651433944702148,xgboost
4,138,train,1.2,1.1777207851409912,xgboost
4,139,train,0.8,0.8977521657943726,xgboost
4,140,train,0.83,0.8977521657943726,xgboost
4,141,train,0.96,0.9339474439620972,xgboost
4,142,train,1.18,1.1777207851409912,xgboost
4,143,train,1.41,1.351473093032837,xgboost
4,145,train,1.1,1.136828899383545,xgboost
4,146,train,0.89,0.9845482707023621,xgboost
4,147,train,0.998,0.9339474439620972,xgboost
4,148,train,0.94,0.8977521657943726,xgboost
4,150,train,1.18,1.2242518663406372,xgboost
4,151,train,1.25,1.2533994913101196,xgboost
4,152,train,1.25,1.2400286197662354,xgboost
4,153,train,1.24,1.1777207851409912,xgboost
4,154,train,1.36,1.351473093032837,xgboost
4,155,train,1.3,1.3088492155075073,xgboost
4,156,train,1.35,1.3259530067443848,xgboost
4,157,train,1.3,1.3088492155075073,xgboost
4,158,train,0.86,0.8977739214897156,xgboost
4,159,train,0.77,0.8977521657943726,xgboost
4,160,train,1.29,1.351473093032837,xgboost
4,162,train,1.4,1.351473093032837,xgboost
4,166,train,1.3,1.310383677482605,xgboost
4,167,train,1.01,0.9845482707023621,xgboost
4,168,train,1.4,1.3889514207839966,xgboost
4,172,train,0.94,0.9339474439620972,xgboost
4,173,train,1.25,1.2122644186019897,xgboost
4,174,train,0.95,0.945101261138916,xgboost
4,175,train,1.0,1.0754468441009521,xgboost
4,176,train,1.35,1.310383677482605,xgboost
4,177,train,1.25,1.2509377002716064,xgboost
4,178,train,1.1,1.136828899383545,xgboost
4,179,train,1.3,1.3008322715759277,xgboost
4,180,train,1.45,1.4005382061004639,xgboost
4,181,train,1.25,1.2479159832000732,xgboost
4,182,train,1.4,1.417165756225586,xgboost
4,183,train,1.45,1.417165756225586,xgboost
4,184,train,1.2,1.1809335947036743,xgboost
4,185,train,1.4,1.3889514207839966,xgboost
4,186,train,1.38,1.4005382061004639,xgboost
4,187,train,1.2,1.2459914684295654,xgboost
4,188,train,1.3,1.2400286197662354,xgboost
4,189,train,1.3,1.2533994913101196,xgboost
4,190,train,1.25,1.2533994913101196,xgboost
4,191,train,1.25,1.2454276084899902,xgboost
4,192,train,0.95,0.945101261138916,xgboost
4,193,train,1.22,1.2701754570007324,xgboost
4,194,train,1.32,1.2701754570007324,xgboost
4,196,train,1.11,1.136828899383545,xgboost
4,2,test,1.27,1.3259530067443848,xgboost
4,12,test,1.25,1.333296298980713,xgboost
4,13,test,0.98,1.0310436487197876,xgboost
4,32,test,1.35,1.3339202404022217,xgboost
4,41,test,1.4,1.4178192615509033,xgboost
4,42,test,1.25,1.2533994913101196,xgboost
4,46,test,1.0,1.0023328065872192,xgboost
4,48,test,0.92,1.0058008432388306,xgboost
4,57,test,0.99,0.9471761584281921,xgboost
4,58,test,1.11,1.0754468441009521,xgboost
4,61,test,1.04,0.8977521657943726,xgboost
4,62,test,1.1,1.096971869468689,xgboost
4,63,test,1.11,1.0754468441009521,xgboost
4,64,test,1.0,1.0454967021942139,xgboost
4,65,test,1.11,1.0617687702178955,xgboost
4,71,test,1.4,1.4005382061004639,xgboost
4,75,test,0.98,0.9183972477912903,xgboost
4,76,test,1.04,1.096971869468689,xgboost
4,80,test,1.2,1.136828899383545,xgboost
4,81,test,1.25,1.136828899383545,xgboost
4,82,test,1.25,1.136828899383545,xgboost
4,84,test,1.05,1.096971869468689,xgboost
4,95,test,0.95,0.9671137928962708,xgboost
4,96,test,1.2,1.2122644186019897,xgboost
4,97,test,1.25,1.2122644186019897,xgboost
4,102,test,1.2,1.1777207851409912,xgboost
4,103,test,1.15,1.117392897605896,xgboost
4,104,test,1.1,1.1777207851409912,xgboost
4,105,test,1.08,1.117392897605896,xgboost
4,106,test,1.2,1.2561540603637695,xgboost
4,109,test,1.2,1.2463458776474,xgboost
4,117,test,1.42,1.3910545110702515,xgboost
4,144,test,1.1,1.0432106256484985,xgboost
4,149,test,1.15,1.0754468441009521,xgboost
4,161,test,1.1,1.136828899383545,xgboost
4,163,test,1.08,1.096971869468689,xgboost
4,164,test,1.1,1.096971869468689,xgboost
4,165,test,1.2,1.136828899383545,xgboost
4,169,test,1.4,1.3991758823394775,xgboost
4,170,test,1.28,1.3503360748291016,xgboost
4,171,test,1.3,1.3503360748291016,xgboost
4,195,test,0.84,0.8977521657943726,xgboost
4,197,test,1.05,1.165490746498108,xgboost
4,198,test,1.17,1.2400286197662354,xgboost
4,199,test,1.12,1.01266610622406,xgboost
