model,fold,assignment,record_id,DOI,y_true,y_pred
elasticnet,0,train,R0001,https://doi.org/10.1016/j.electacta.2020.137645,1.3,1.28187820470331
elasticnet,0,train,R0002,https://doi.org/10.1016/j.electacta.2020.137645,1.5,1.340890450304851
elasticnet,0,train,R0003,https://doi.org/10.1016/j.apcatb.2019.118283,1.27,1.226391679366928
elasticnet,0,train,R0004,https://doi.org/10.1016/j.ssi.2021.115773,1.1,1.177730515148824
elasticnet,0,train,R0005,https://doi.org/10.1016/j.ssi.2021.115773,1.4,1.3814833863579754
elasticnet,0,train,R0006,https://doi.org/10.1016/j.jpowsour.2021.230374,1.24,1.2264441931796983
elasticnet,0,train,R0007,https://doi.org/10.1016/j.jallcom.2019.152736,1.35,1.1786963282247265
elasticnet,0,train,R0008,https://doi.org/10.1016/j.jallcom.2020.153803,1.25,1.1282554735333692
elasticnet,0,train,R0009,https://doi.org/10.1016/j.jallcom.2020.158269,1.0,0.9935602901056866
elasticnet,0,train,R0012,https://doi.org/10.1016/j.cej.2021.128403,0.97,1.0164727779483296
elasticnet,0,train,R0013,http://dx.doi.org/10.1016/j.jelechem.2020.114124,1.25,1.2722544451588935
elasticnet,0,train,R0014,https://doi.org/10.1016/j.jechem.2020.07.053,0.98,1.1435623697334867
elasticnet,0,train,R0016,https://doi.org/10.1016/j.jallcom.2020.157945,1.012,1.0164727779483296
elasticnet,0,train,R0017,https://doi.org/10.1016/j.jallcom.2020.154054,0.82,1.0164727779483296
elasticnet,0,train,R0018,https://doi.org/10.1016/j.jpowsour.2020.228362,1.35,1.2948971133621299
elasticnet,0,train,R0019,https://doi.org/10.1016/j.jallcom.2020.157656,1.4,1.353132065312915
elasticnet,0,train,R0020,https://doi.org/10.1002/aenm.202100110,0.95,1.0462161103964585
elasticnet,0,train,R0021,https://doi.org/10.1002/anie.202110116,1.4,1.282839144054023
elasticnet,0,train,R0022,https://doi.org/10.1002/anie.202110116,1.3,1.282839144054023
elasticnet,0,train,R0023,https://doi.org/10.1021/acs.jpcc.1c05456,1.15,1.177730515148824
elasticnet,0,train,R0024,https://doi.org/10.1021/acs.jpcc.1c05456,1.2,1.177730515148824
elasticnet,0,train,R0025,https://doi.org/10.1021/acs.jpcc.1c05456,1.15,1.177730515148824
elasticnet,0,train,R0026,https://doi.org/10.1039/d0cc05980c,1.2,1.1432131638943168
elasticnet,0,train,R0027,https://doi.org/10.1039/d0nr00866d,1.5,1.3989415820314162
elasticnet,0,train,R0031,https://doi.org/10.1002/ente.201901257,1.15,1.1841534697241338
elasticnet,0,train,R0032,https://doi.org/10.1002/ente.201901257,1.2,1.1841534697241338
elasticnet,0,train,R0033,https://dx.doi.org/10.1021/acsaem.0c01691,1.35,1.3188570847721588
elasticnet,0,train,R0036,https://doi.org/10.1002/er.7342,1.21,1.2264441931796983
elasticnet,0,train,R0037,https://doi.org/10.1002/er.6806,1.0,1.0192569082096583
elasticnet,0,train,R0038,https://doi.org/10.1021/acsami.1c08720,0.84,0.9842084469224142
elasticnet,0,train,R0039,https://dx.doi.org/10.1021/acsami.9b21904,1.3,1.3188570847721588
elasticnet,0,train,R0040,https://doi.org/10.1007/s11581-021-04046-5,0.9,1.0164727779483296
elasticnet,0,train,R0041,https://doi.org/10.1007/s40242-020-0077-3,1.15,1.2264441931796983
elasticnet,0,train,R0042,https://doi.org/10.1002/smll.202105752,1.4,1.353132065312915
elasticnet,0,train,R0043,https://doi.org/10.1002/smll.202105752,1.25,1.3130688302061768
elasticnet,0,train,R0044,https://dx.doi.org/10.1021/acscatal.0c02608,1.35,1.3188570847721588
elasticnet,0,train,R0045,https://doi.org/10.1021/acsaem.1c01572,1.1,1.0055577447480606
elasticnet,0,train,R0046,https://doi.org/10.1021/acsaem.1c01572,1.3,1.282839144054023
elasticnet,0,train,R0047,https://doi.org/10.1002/aenm.202200791,1.0,0.9722559391899521
elasticnet,0,train,R0049,https://doi.org/10.1016/j.apcatb.2022.121844,0.92,0.9858465548001374
elasticnet,0,train,R0050,https://doi.org/10.1002/aenm.202203660,1.33,1.3200031944263206
elasticnet,0,train,R0053,https://doi.org/10.1016/j.ensm.2022.07.026,1.1,1.084893372176032
elasticnet,0,train,R0054,https://doi.org/10.1016/S1872‐2067(23)64409‐2,1.1,1.0867328088573744
elasticnet,0,train,R0055,https://doi.org/10.1016/S1872‐2067(23)64409‐2,1.15,1.0867328088573744
elasticnet,0,train,R0056,https://doi.org/10.1016/j.jallcom.2023.170130,1.29,1.2264441931796983
elasticnet,0,train,R0057,https://doi.org/10.1002/smll.202205532,1.08,1.0462161103964585
elasticnet,0,train,R0058,https://doi.org/10.1016/j.electacta.2023.142096,0.99,1.003946834953496
elasticnet,0,train,R0059,https://doi.org/10.1016/j.electacta.2022.140147,1.11,1.123808989701141
elasticnet,0,train,R0060,https://doi.org/10.1021/acsami.1c22643,1.0,1.0268119362032826
elasticnet,0,train,R0062,https://doi.org/10.1002/slct.202200870,1.04,1.0164727779483296
elasticnet,0,train,R0063,https://doi.org/10.1002/slct.202200870,1.1,1.1573486287502566
elasticnet,0,train,R0064,https://doi.org/10.1002/slct.202200870,1.11,1.123808989701141
elasticnet,0,train,R0065,https://doi.org/10.1016/j.cej.2023.146775,1.0,1.10095932379156
elasticnet,0,train,R0066,https://www.pnas.org/lookup/suppl/doi:10.1073/pnas.2301439120/-/DCSupplemental.,1.11,1.0738007345800218
elasticnet,0,train,R0070,https://doi.org/10.1016/j.cej.2022.136852,1.06,1.0164727779483296
elasticnet,0,train,R0071,https://doi.org/10.1039/d2ta07061h,1.34,1.3814833863579754
elasticnet,0,train,R0072,https://doi.org/10.1016/j.ijhydene.2023.12.023,1.4,1.3447921987274816
elasticnet,0,train,R0073,https://doi.org/10.1016/j.jelechem.2022.116356,1.3,1.3200031944263206
elasticnet,0,train,R0074,https://doi.org/10.1002/smll.202204836,1.25,1.1583263409556481
elasticnet,0,train,R0075,https://doi.org/10.1002/smll.202204836,1.18,1.123808989701141
elasticnet,0,train,R0076,https://doi.org/10.1002/admi.202102110,0.98,0.9970686037551538
elasticnet,0,train,R0077,https://doi.org/10.1002/admi.202102110,1.04,1.1573486287502566
elasticnet,0,train,R0078,https://doi.org/10.1016/j.cej.2022.137684,1.29,1.3444781999245303
elasticnet,0,train,R0079,https://doi.org/10.1016/j.cej.2022.137684,1.41,1.282839144054023
elasticnet,0,train,R0080,https://doi.org/10.1016/j.est.2023.107329,1.01,1.0578292118873294
elasticnet,0,train,R0081,https://doi.org/10.1021/acs.jpcc.3c01042,1.2,1.177730515148824
elasticnet,0,train,R0082,https://doi.org/10.1021/acs.jpcc.3c01042,1.25,1.177730515148824
elasticnet,0,train,R0083,https://doi.org/10.1021/acs.jpcc.3c01042,1.25,1.177730515148824
elasticnet,0,train,R0084,https://doi.org/10.1021/acsami.3c01599,1.17,1.2264441931796983
elasticnet,0,train,R0085,https://doi.org/10.1021/jacs.2c11676,1.05,1.1573486287502566
elasticnet,0,train,R0086,https://doi.org/10.1016/j.est.2023.109342,1.35,1.3447921987274816
elasticnet,0,train,R0087,https://doi.org/10.1016/j.est.2023.109342,1.5,1.3447921987274816
elasticnet,0,train,R0088,https://doi.org/10.1016/j.est.2023.109342,1.4,1.3447921987274816
elasticnet,0,train,R0089,https://doi.org/10.1016/j.jcis.2022.12.148,1.28,1.3200031944263206
elasticnet,0,train,R0090,https://doi.org/10.1016/j.cej.2022.139524,1.22,1.175269721258078
elasticnet,0,train,R0091,https://doi.org/10.1039/d1qi01260f,1.23,1.1432131638943168
elasticnet,0,train,R0093,https://doi.org/10.1016/j.jallcom.2022.163703,1.09,0.9621849013772451
elasticnet,0,train,R0094,https://doi.org/10.1016/j.electacta.2022.140894,1.05,1.177730515148824
elasticnet,0,train,R0095,https://doi.org/10.1002/smll.202206611,0.98,1.1435623697334867
elasticnet,0,train,R0096,https://doi.org/10.1002/adsu.202300510,0.95,1.0551042525662786
elasticnet,0,train,R0097,https://doi.org/10.1002/adsu.202300510,1.2,1.2264441931796983
elasticnet,0,train,R0098,https://doi.org/10.1002/adsu.202300510,1.25,1.2264441931796983
elasticnet,0,train,R0099,https://doi.org/10.1021/acsami.2c19975,1.38,1.3444781999245303
elasticnet,0,train,R0100,https://doi.org/10.1021/acscatal.2c02544,1.15,1.2264441931796983
elasticnet,0,train,R0101,https://doi.org/10.1021/acscatal.2c02544,1.15,1.2264441931796983
elasticnet,0,train,R0102,https://www.science.org/doi/10.1126/sciadv.abq6261,1.2,1.177730515148824
elasticnet,0,train,R0103,https://doi.org/10.1007/s12274-022-5330-2,1.2,1.1432131638943168
elasticnet,0,train,R0104,https://doi.org/10.1007/s12274-022-5330-2,1.15,1.0867328088573744
elasticnet,0,train,R0105,https://doi.org/10.1007/s12274-022-5330-2,1.1,1.1432131638943168
elasticnet,0,train,R0106,https://doi.org/10.1007/s12274-022-5330-2,1.08,1.0867328088573744
elasticnet,0,train,R0107,https://doi.org/10.1016/j.ensm.2023.102829,1.2,1.188815398397516
elasticnet,0,train,R0108,https://doi.org/10.1016/j.cej.2022.138462,1.17,1.175269721258078
elasticnet,0,train,R0110,https://doi.org/10.1002/adma.202106436,1.2,1.1513321937927081
elasticnet,0,train,R0111,https://doi.org/10.1016/j.apcatb.2022.122203,1.25,1.3200031944263206
elasticnet,0,train,R0112,https://doi.org/10.1021/acsnano.3c05782,1.12,1.0660407800589962
elasticnet,0,train,R0113,https://doi.org/10.1039/d2ta03604e,0.85,1.0164727779483296
elasticnet,0,train,R0114,https://doi.org/10.1016/j.compositesb.2022.109727,1.1,1.177730515148824
elasticnet,0,train,R0115,https://doi.org/10.1016/j.ensm.2022.05.029,1.14,1.175269721258078
elasticnet,0,train,R0116,https://doi.org/10.1016/j.cej.2023.143351,1.23,1.2482850833980192
elasticnet,0,train,R0117,https://doi.org/10.1002/adfm.202209876,1.18,1.301836954334302
elasticnet,0,train,R0118,https://doi.org/10.1002/smll.202106707,1.42,1.3814833863579754
elasticnet,0,train,R0119,https://doi.org/10.1021/acsaem.3c02592,0.98,1.123808989701141
elasticnet,0,train,R0120,https://doi.org/10.1002/aenm.202204057,1.3,1.226391679366928
elasticnet,0,train,R0121,https://doi.org/10.1002/aenm.202204057,1.4,1.3883772483001884
elasticnet,0,train,R0122,https://doi.org/10.1002/aenm.202204057,1.5,1.353132065312915
elasticnet,0,train,R0123,https://doi.org/10.1021/acs.nanolett.3c03025,1.1,1.1432131638943168
elasticnet,0,train,R0124,https://doi.org/10.1021/acs.nanolett.3c03025,1.15,1.1432131638943168
elasticnet,0,train,R0125,https://sioc-journal.cn/Jwk_hxxb/EN/10.6023/A22050206,1.08,1.0867328088573744
elasticnet,0,train,R0126,https://doi.org/10.1016/j.jcis.2026.140244,1.04,1.0268119362032826
elasticnet,0,train,R0127,https://doi.org/10.1016/j.jechem.2026.01.056,1.25,1.1780363163020853
elasticnet,0,train,R0128,https://doi.org/10.1002/smll.202512953,1.25,1.2948971133621299
elasticnet,0,train,R0129,https://doi.org/10.1002/smll.202512953,1.39,1.3213763332496338
elasticnet,0,train,R0130,https://doi.org/10.1002/smll.202512953,1.45,1.3213763332496338
elasticnet,0,train,R0131,https://doi.org/10.1002/advs.202522315,1.0,1.1435623697334867
elasticnet,0,train,R0132,https://doi.org/10.1016/j.electacta.2025.147671,1.15,1.0660407800589962
elasticnet,0,train,R0133,https://doi.org/10.1021/acsaem.5c03033,1.25,1.2649967289707678
elasticnet,0,train,R0136,https://doi.org/10.1088/2631-6331/ae1925,1.3,1.3053730817042999
elasticnet,0,train,R0137,https://doi.org/10.1002/anie.202521423,1.2,1.1583263409556481
elasticnet,0,train,R0138,https://doi.org/10.1080/1536383X.2025.2583369,1.3,1.238604294211845
elasticnet,0,train,R0139,https://doi.org/10.1002/anie.202520097,1.2,1.1432131638943168
elasticnet,0,train,R0144,https://doi.org/10.1002/aoc.70327,1.41,1.3053730817042999
elasticnet,0,train,R0145,https://doi.org/10.1021/acs.langmuir.5c02644,1.1,1.0307722852486731
elasticnet,0,train,R0147,https://doi.org/10.1016/j.jcis.2025.138454,0.89,1.0462161103964585
elasticnet,0,train,R0149,https://doi.org/10.1002/anie.202509132,0.94,1.0164727779483296
elasticnet,0,train,R0150,https://doi.org/10.1016/j.jpowsour.2025.237653,1.15,1.123808989701141
elasticnet,0,train,R0153,https://doi.org/10.1016/j.carbon.2025.120482,1.25,1.1583263409556481
elasticnet,0,train,R0154,https://doi.org/10.1093/nsr/nwaf145,1.24,1.1432131638943168
elasticnet,0,train,R0159,https://doi.org/10.1016/j.cej.2025.162420,0.86,1.0011808543563554
elasticnet,0,train,R0160,https://doi.org/10.1039/d5nr00300h,0.77,1.0164727779483296
elasticnet,0,train,R0161,https://doi.org/10.1039/d5nr00300h,1.29,1.3053730817042999
elasticnet,0,train,R0162,https://doi.org/10.1021/jacs.4c15230,1.1,1.177730515148824
elasticnet,0,train,R0163,https://doi.org/10.1002/celc.202400626,1.4,1.3053730817042999
elasticnet,0,train,R0164,https://doi.org/10.1016/j.esci.2024.100310,1.08,1.1573486287502566
elasticnet,0,train,R0165,https://doi.org/10.1016/j.esci.2024.100310,1.1,1.1573486287502566
elasticnet,0,train,R0166,https://doi.org/10.1002/smll.202406516,1.2,1.177730515148824
elasticnet,0,train,R0170,https://doi.org/10.1002/aenm.202402925,1.4,1.3213763332496338
elasticnet,0,train,R0171,https://doi.org/10.1002/aenm.202402925,1.28,1.282839144054023
elasticnet,0,train,R0172,https://doi.org/10.1002/aenm.202402925,1.3,1.282839144054023
elasticnet,0,train,R0174,https://doi.org/10.1002/smll.202406525,1.25,1.2264441931796983
elasticnet,0,train,R0175,https://doi.org/10.1016/j.jpowsour.2024.235394,0.95,0.9648042727292383
elasticnet,0,train,R0176,https://doi.org/10.1016/j.jpowsour.2024.235394,1.0,1.123808989701141
elasticnet,0,train,R0177,https://doi.org/10.1002/cey2.587,1.35,1.3200031944263206
elasticnet,0,train,R0178,https://doi.org/10.1002/cey2.550,1.25,1.1712814239965839
elasticnet,0,train,R0180,https://doi.org/10.1016/j.est.2024.112780,1.3,1.292946473957272
elasticnet,0,train,R0181,https://doi.org/10.1016/j.est.2024.112780,1.45,1.3447921987274816
elasticnet,0,train,R0182,https://doi.org/10.1016/j.jcis.2024.06.137,1.25,1.2149408538635413
elasticnet,0,train,R0183,https://doi.org/10.1016/j.jcis.2024.06.137,1.4,1.3883772483001884
elasticnet,0,train,R0184,https://doi.org/10.1016/j.jcis.2024.06.137,1.45,1.3883772483001884
elasticnet,0,train,R0185,https://doi.org/10.1002/adma.202404319,1.2,1.0467847144183269
elasticnet,0,train,R0187,https://doi.org/10.1016/j.mtener.2024.101597,1.38,1.3447921987274816
elasticnet,0,train,R0189,https://doi.org/10.1016/j.ijoes.2024.100602,1.3,1.1583263409556481
elasticnet,0,train,R0190,https://doi.org/10.1016/j.jechem.2024.01.076,1.3,1.3130688302061768
elasticnet,0,train,R0191,https://doi.org/10.1016/j.jechem.2024.01.076,1.25,1.3130688302061768
elasticnet,0,train,R0192,https://doi.org/10.1016/j.jechem.2024.01.076,1.25,1.3417451392150965
elasticnet,0,train,R0193,https://doi.org/10.1002/aenm.202303766,0.95,0.9648042727292383
elasticnet,0,train,R0196,https://doi.org/10.1016/j.mtcomm.2024.108243,0.84,1.0164727779483296
elasticnet,0,train,R0197,https://doi.org/10.1016/j.jallcom.2024.173877,1.11,1.177730515148824
elasticnet,0,train,R0198,https://doi.org/10.1016/j.jpowsour.2024.234130,1.05,1.083228497040764
elasticnet,0,train,R0199,https://doi.org/10.1016/j.jpowsour.2024.234130,1.17,1.1583263409556481
elasticnet,0,train,R0200,https://doi.org/10.1021/jacs.3c12734,1.12,1.1230779279462628
elasticnet,0,test,R0010,https://doi.org/10.1016/j.cej.2020.124294,1.35,1.537834854871283
elasticnet,0,test,R0011,https://doi.org/10.1016/j.cej.2020.124294,1.4,1.537834854871283
elasticnet,0,test,R0015,https://doi.org/10.1016/j.flatc.2020.100221,1.25,1.2540890893793304
elasticnet,0,test,R0028,https://doi.org/10.1039/d0ta09195b,1.05,1.0307722852486731
elasticnet,0,test,R0029,https://doi.org/10.1039/d1ta00538c,1.3,1.1583263409556481
elasticnet,0,test,R0030,https://doi.org/10.1039/d1ta04830a,1.05,1.079212305215077
elasticnet,0,test,R0034,https://dx.doi.org/10.1021/acsnano.9b09646,1.45,1.3883772483001884
elasticnet,0,test,R0035,https://dx.doi.org/10.1021/acsami.0c02087,1.15,1.0867328088573744
elasticnet,0,test,R0048,https://doi.org/10.1002/aenm.202103910,1.0,0.9722559391899521
elasticnet,0,test,R0051,https://doi.org/10.1016/j.ensm.2023.102874,1.21,1.0621922056885973
elasticnet,0,test,R0052,https://doi.org/10.1016/j.ensm.2023.102989,1.1,1.0867328088573744
elasticnet,0,test,R0061,https://doi.org/10.1016/j.jelechem.2022.116810,1.15,1.1432131638943168
elasticnet,0,test,R0067,https://doi.org/10.3390/nano12142386,1.2,1.175269721258078
elasticnet,0,test,R0068,https://doi.org/10.1021/acsami.2c19975,1.03,1.0135637937964883
elasticnet,0,test,R0069,https://doi.org/10.1021/acsami.2c19975,1.38,1.3444781999245303
elasticnet,0,test,R0092,https://doi.org/10.1016/j.carbon.2022.04.080,1.32,1.3200031944263206
elasticnet,0,test,R0109,https://doi.org/10.1002/smll.202302598,1.25,1.3130688302061768
elasticnet,0,test,R0134,https://doi.org/10.1021/acsanm.5c04476,1.04,1.123808989701141
elasticnet,0,test,R0135,https://doi.org/10.1021/acsanm.5c04476,1.25,1.3130688302061768
elasticnet,0,test,R0140,https://doi.org/10.1016/j.jcis.2025.139355,0.8,1.0164727779483296
elasticnet,0,test,R0141,https://doi.org/10.1016/j.jcis.2025.139355,0.83,1.0164727779483296
elasticnet,0,test,R0142,https://doi.org/10.1021/acsnano.5c10218,0.96,0.9842084469224142
elasticnet,0,test,R0143,https://doi.org/10.1021/acsnano.5c10218,1.18,1.1432131638943168
elasticnet,0,test,R0146,https://doi.org/10.1016/j.electacta.2025.146925,1.1,1.177730515148824
elasticnet,0,test,R0148,https://doi.org/10.1038/s41598-025-11449-1,0.998,0.9842084469224142
elasticnet,0,test,R0151,https://doi.org/10.1021/acs.iecr.5c01518,1.18,1.2435961487914617
elasticnet,0,test,R0152,https://doi.org/10.1021/acs.iecr.5c01518,1.25,1.3130688302061768
elasticnet,0,test,R0155,https://doi.org/10.1016/j.jcis.2025.137782,1.36,1.3053730817042999
elasticnet,0,test,R0156,https://doi.org/10.1016/j.cej.2025.162908,1.3,1.2180518127814945
elasticnet,0,test,R0157,https://doi.org/10.1016/j.cej.2025.162908,1.35,1.226391679366928
elasticnet,0,test,R0158,https://doi.org/10.1016/j.cej.2025.162908,1.3,1.2180518127814945
elasticnet,0,test,R0167,https://doi.org/10.1002/anie.202418893,1.3,1.3200031944263206
elasticnet,0,test,R0168,https://doi.org/10.1016/j.electacta.2024.145384,1.01,1.0462161103964585
elasticnet,0,test,R0169,https://doi.org/10.1007/s10008-024-06115-x,1.4,1.340890450304851
elasticnet,0,test,R0173,https://doi.org/10.1021/acs.energyfuels.4c04356,0.94,0.9842084469224142
elasticnet,0,test,R0179,https://doi.org/10.1039/d4sc03242j,1.1,1.177730515148824
elasticnet,0,test,R0186,https://doi.org/10.1002/adma.202405440,1.4,1.340890450304851
elasticnet,0,test,R0188,https://doi.org/10.1016/j.jcis.2024.05.144,1.2,1.1786963282247265
elasticnet,0,test,R0194,https://doi.org/10.1002/smtd.202301728,1.22,1.1405613344436731
elasticnet,0,test,R0195,https://doi.org/10.1002/smtd.202301728,1.32,1.1405613344436731
elasticnet,1,train,R0001,https://doi.org/10.1016/j.electacta.2020.137645,1.3,1.2777510711782116
elasticnet,1,train,R0002,https://doi.org/10.1016/j.electacta.2020.137645,1.5,1.323851701110992
elasticnet,1,train,R0003,https://doi.org/10.1016/j.apcatb.2019.118283,1.27,1.2282447979314595
elasticnet,1,train,R0004,https://doi.org/10.1016/j.ssi.2021.115773,1.1,1.1836505631882677
elasticnet,1,train,R0005,https://doi.org/10.1016/j.ssi.2021.115773,1.4,1.376609606432845
elasticnet,1,train,R0006,https://doi.org/10.1016/j.jpowsour.2021.230374,1.24,1.230490829288564
elasticnet,1,train,R0007,https://doi.org/10.1016/j.jallcom.2019.152736,1.35,1.1827249682298175
elasticnet,1,train,R0008,https://doi.org/10.1016/j.jallcom.2020.153803,1.25,1.15533426069541
elasticnet,1,train,R0010,https://doi.org/10.1016/j.cej.2020.124294,1.35,1.5162877814732645
elasticnet,1,train,R0011,https://doi.org/10.1016/j.cej.2020.124294,1.4,1.5162877814732645
elasticnet,1,train,R0013,http://dx.doi.org/10.1016/j.jelechem.2020.114124,1.25,1.276176091222145
elasticnet,1,train,R0014,https://doi.org/10.1016/j.jechem.2020.07.053,0.98,1.1261766560865596
elasticnet,1,train,R0015,https://doi.org/10.1016/j.flatc.2020.100221,1.25,1.2312550443052734
elasticnet,1,train,R0017,https://doi.org/10.1016/j.jallcom.2020.154054,0.82,1.024911360919936
elasticnet,1,train,R0018,https://doi.org/10.1016/j.jpowsour.2020.228362,1.35,1.3185272714747611
elasticnet,1,train,R0019,https://doi.org/10.1016/j.jallcom.2020.157656,1.4,1.3247446505654656
elasticnet,1,train,R0020,https://doi.org/10.1002/aenm.202100110,0.95,1.0335318877445796
elasticnet,1,train,R0021,https://doi.org/10.1002/anie.202110116,1.4,1.2838087657451367
elasticnet,1,train,R0022,https://doi.org/10.1002/anie.202110116,1.3,1.2838087657451367
elasticnet,1,train,R0027,https://doi.org/10.1039/d0nr00866d,1.5,1.3993083963904018
elasticnet,1,train,R0028,https://doi.org/10.1039/d0ta09195b,1.05,1.0301703834786478
elasticnet,1,train,R0029,https://doi.org/10.1039/d1ta00538c,1.3,1.1694618194731832
elasticnet,1,train,R0030,https://doi.org/10.1039/d1ta04830a,1.05,1.087126016564002
elasticnet,1,train,R0033,https://dx.doi.org/10.1021/acsaem.0c01691,1.35,1.3257757557418814
elasticnet,1,train,R0034,https://dx.doi.org/10.1021/acsnano.9b09646,1.45,1.379424854785767
elasticnet,1,train,R0035,https://dx.doi.org/10.1021/acsami.0c02087,1.15,1.0853957778525842
elasticnet,1,train,R0036,https://doi.org/10.1002/er.7342,1.21,1.230490829288564
elasticnet,1,train,R0037,https://doi.org/10.1002/er.6806,1.0,1.023290418158482
elasticnet,1,train,R0038,https://doi.org/10.1021/acsami.1c08720,0.84,0.9848957418982123
elasticnet,1,train,R0041,https://doi.org/10.1007/s40242-020-0077-3,1.15,1.230490829288564
elasticnet,1,train,R0042,https://doi.org/10.1002/smll.202105752,1.4,1.3247446505654656
elasticnet,1,train,R0043,https://doi.org/10.1002/smll.202105752,1.25,1.2876020480502985
elasticnet,1,train,R0044,https://dx.doi.org/10.1021/acscatal.0c02608,1.35,1.3257757557418814
elasticnet,1,train,R0045,https://doi.org/10.1021/acsaem.1c01572,1.1,1.004081822353157
elasticnet,1,train,R0046,https://doi.org/10.1021/acsaem.1c01572,1.3,1.2838087657451367
elasticnet,1,train,R0047,https://doi.org/10.1002/aenm.202200791,1.0,0.9898505578397568
elasticnet,1,train,R0048,https://doi.org/10.1002/aenm.202103910,1.0,0.9898505578397568
elasticnet,1,train,R0049,https://doi.org/10.1016/j.apcatb.2022.121844,0.92,0.9974676380888401
elasticnet,1,train,R0050,https://doi.org/10.1002/aenm.202203660,1.33,1.3076917114699735
elasticnet,1,train,R0051,https://doi.org/10.1016/j.ensm.2023.102874,1.21,1.0815824936638205
elasticnet,1,train,R0052,https://doi.org/10.1016/j.ensm.2023.102989,1.1,1.0853957778525842
elasticnet,1,train,R0053,https://doi.org/10.1016/j.ensm.2022.07.026,1.1,1.092371097015829
elasticnet,1,train,R0057,https://doi.org/10.1002/smll.202205532,1.08,1.0335318877445796
elasticnet,1,train,R0058,https://doi.org/10.1016/j.electacta.2023.142096,0.99,1.0034960524901018
elasticnet,1,train,R0059,https://doi.org/10.1016/j.electacta.2022.140147,1.11,1.1072224698388577
elasticnet,1,train,R0060,https://doi.org/10.1021/acsami.1c22643,1.0,1.019343144029495
elasticnet,1,train,R0061,https://doi.org/10.1016/j.jelechem.2022.116810,1.15,1.1214112135539422
elasticnet,1,train,R0062,https://doi.org/10.1002/slct.202200870,1.04,1.024911360919936
elasticnet,1,train,R0063,https://doi.org/10.1002/slct.202200870,1.1,1.159635741244335
elasticnet,1,train,R0064,https://doi.org/10.1002/slct.202200870,1.11,1.1072224698388577
elasticnet,1,train,R0065,https://doi.org/10.1016/j.cej.2023.146775,1.0,1.1006483836169134
elasticnet,1,train,R0066,https://www.pnas.org/lookup/suppl/doi:10.1073/pnas.2301439120/-/DCSupplemental.,1.11,1.0983621874918597
elasticnet,1,train,R0067,https://doi.org/10.3390/nano12142386,1.2,1.1718532390334857
elasticnet,1,train,R0068,https://doi.org/10.1021/acsami.2c19975,1.03,1.0120588672146948
elasticnet,1,train,R0069,https://doi.org/10.1021/acsami.2c19975,1.38,1.3402320246668133
elasticnet,1,train,R0070,https://doi.org/10.1016/j.cej.2022.136852,1.06,1.024911360919936
elasticnet,1,train,R0071,https://doi.org/10.1039/d2ta07061h,1.34,1.376609606432845
elasticnet,1,train,R0072,https://doi.org/10.1016/j.ijhydene.2023.12.023,1.4,1.3200074374347581
elasticnet,1,train,R0073,https://doi.org/10.1016/j.jelechem.2022.116356,1.3,1.3076917114699735
elasticnet,1,train,R0074,https://doi.org/10.1002/smll.202204836,1.25,1.1694618194731832
elasticnet,1,train,R0075,https://doi.org/10.1002/smll.202204836,1.18,1.1072224698388577
elasticnet,1,train,R0076,https://doi.org/10.1002/admi.202102110,0.98,1.0107226172048516
elasticnet,1,train,R0077,https://doi.org/10.1002/admi.202102110,1.04,1.159635741244335
elasticnet,1,train,R0078,https://doi.org/10.1016/j.cej.2022.137684,1.29,1.3402320246668133
elasticnet,1,train,R0079,https://doi.org/10.1016/j.cej.2022.137684,1.41,1.2838087657451367
elasticnet,1,train,R0081,https://doi.org/10.1021/acs.jpcc.3c01042,1.2,1.1836505631882677
elasticnet,1,train,R0082,https://doi.org/10.1021/acs.jpcc.3c01042,1.25,1.1836505631882677
elasticnet,1,train,R0083,https://doi.org/10.1021/acs.jpcc.3c01042,1.25,1.1836505631882677
elasticnet,1,train,R0084,https://doi.org/10.1021/acsami.3c01599,1.17,1.230490829288564
elasticnet,1,train,R0085,https://doi.org/10.1021/jacs.2c11676,1.05,1.159635741244335
elasticnet,1,train,R0091,https://doi.org/10.1039/d1qi01260f,1.23,1.1214112135539422
elasticnet,1,train,R0092,https://doi.org/10.1016/j.carbon.2022.04.080,1.32,1.3076917114699735
elasticnet,1,train,R0093,https://doi.org/10.1016/j.jallcom.2022.163703,1.09,0.9885018565699863
elasticnet,1,train,R0095,https://doi.org/10.1002/smll.202206611,0.98,1.1261766560865596
elasticnet,1,train,R0096,https://doi.org/10.1002/adsu.202300510,0.95,1.0469779048083072
elasticnet,1,train,R0097,https://doi.org/10.1002/adsu.202300510,1.2,1.230490829288564
elasticnet,1,train,R0098,https://doi.org/10.1002/adsu.202300510,1.25,1.230490829288564
elasticnet,1,train,R0099,https://doi.org/10.1021/acsami.2c19975,1.38,1.3402320246668133
elasticnet,1,train,R0100,https://doi.org/10.1021/acscatal.2c02544,1.15,1.230490829288564
elasticnet,1,train,R0101,https://doi.org/10.1021/acscatal.2c02544,1.15,1.230490829288564
elasticnet,1,train,R0102,https://www.science.org/doi/10.1126/sciadv.abq6261,1.2,1.1836505631882677
elasticnet,1,train,R0103,https://doi.org/10.1007/s12274-022-5330-2,1.2,1.1214112135539422
elasticnet,1,train,R0104,https://doi.org/10.1007/s12274-022-5330-2,1.15,1.0853957778525842
elasticnet,1,train,R0105,https://doi.org/10.1007/s12274-022-5330-2,1.1,1.1214112135539422
elasticnet,1,train,R0106,https://doi.org/10.1007/s12274-022-5330-2,1.08,1.0853957778525842
elasticnet,1,train,R0107,https://doi.org/10.1016/j.ensm.2023.102829,1.2,1.2261252355771366
elasticnet,1,train,R0108,https://doi.org/10.1016/j.cej.2022.138462,1.17,1.1718532390334857
elasticnet,1,train,R0109,https://doi.org/10.1002/smll.202302598,1.25,1.2876020480502985
elasticnet,1,train,R0110,https://doi.org/10.1002/adma.202106436,1.2,1.1831595962128367
elasticnet,1,train,R0112,https://doi.org/10.1021/acsnano.3c05782,1.12,1.0714197238227856
elasticnet,1,train,R0113,https://doi.org/10.1039/d2ta03604e,0.85,1.024911360919936
elasticnet,1,train,R0116,https://doi.org/10.1016/j.cej.2023.143351,1.23,1.2344353989462735
elasticnet,1,train,R0117,https://doi.org/10.1002/adfm.202209876,1.18,1.2790209053640198
elasticnet,1,train,R0118,https://doi.org/10.1002/smll.202106707,1.42,1.376609606432845
elasticnet,1,train,R0119,https://doi.org/10.1021/acsaem.3c02592,0.98,1.1072224698388577
elasticnet,1,train,R0120,https://doi.org/10.1002/aenm.202204057,1.3,1.2282447979314595
elasticnet,1,train,R0121,https://doi.org/10.1002/aenm.202204057,1.4,1.379424854785767
elasticnet,1,train,R0122,https://doi.org/10.1002/aenm.202204057,1.5,1.3247446505654656
elasticnet,1,train,R0123,https://doi.org/10.1021/acs.nanolett.3c03025,1.1,1.1214112135539422
elasticnet,1,train,R0124,https://doi.org/10.1021/acs.nanolett.3c03025,1.15,1.1214112135539422
elasticnet,1,train,R0125,https://sioc-journal.cn/Jwk_hxxb/EN/10.6023/A22050206,1.08,1.0853957778525842
elasticnet,1,train,R0127,https://doi.org/10.1016/j.jechem.2026.01.056,1.25,1.1772448202710908
elasticnet,1,train,R0128,https://doi.org/10.1002/smll.202512953,1.25,1.3185272714747611
elasticnet,1,train,R0129,https://doi.org/10.1002/smll.202512953,1.39,1.323854896161349
elasticnet,1,train,R0130,https://doi.org/10.1002/smll.202512953,1.45,1.323854896161349
elasticnet,1,train,R0131,https://doi.org/10.1002/advs.202522315,1.0,1.1261766560865596
elasticnet,1,train,R0133,https://doi.org/10.1021/acsaem.5c03033,1.25,1.2600517221861622
elasticnet,1,train,R0134,https://doi.org/10.1021/acsanm.5c04476,1.04,1.1072224698388577
elasticnet,1,train,R0135,https://doi.org/10.1021/acsanm.5c04476,1.25,1.2876020480502985
elasticnet,1,train,R0138,https://doi.org/10.1080/1536383X.2025.2583369,1.3,1.2586219368766143
elasticnet,1,train,R0140,https://doi.org/10.1016/j.jcis.2025.139355,0.8,1.024911360919936
elasticnet,1,train,R0141,https://doi.org/10.1016/j.jcis.2025.139355,0.83,1.024911360919936
elasticnet,1,train,R0142,https://doi.org/10.1021/acsnano.5c10218,0.96,0.9848957418982123
elasticnet,1,train,R0143,https://doi.org/10.1021/acsnano.5c10218,1.18,1.1214112135539422
elasticnet,1,train,R0145,https://doi.org/10.1021/acs.langmuir.5c02644,1.1,1.0301703834786478
elasticnet,1,train,R0146,https://doi.org/10.1016/j.electacta.2025.146925,1.1,1.1836505631882677
elasticnet,1,train,R0147,https://doi.org/10.1016/j.jcis.2025.138454,0.89,1.0335318877445796
elasticnet,1,train,R0148,https://doi.org/10.1038/s41598-025-11449-1,0.998,0.9848957418982123
elasticnet,1,train,R0149,https://doi.org/10.1002/anie.202509132,0.94,1.024911360919936
elasticnet,1,train,R0150,https://doi.org/10.1016/j.jpowsour.2025.237653,1.15,1.1072224698388577
elasticnet,1,train,R0151,https://doi.org/10.1021/acs.iecr.5c01518,1.18,1.224831101043611
elasticnet,1,train,R0152,https://doi.org/10.1021/acs.iecr.5c01518,1.25,1.2876020480502985
elasticnet,1,train,R0153,https://doi.org/10.1016/j.carbon.2025.120482,1.25,1.1694618194731832
elasticnet,1,train,R0155,https://doi.org/10.1016/j.jcis.2025.137782,1.36,1.3034286316065515
elasticnet,1,train,R0156,https://doi.org/10.1016/j.cej.2025.162908,1.3,1.223507584800752
elasticnet,1,train,R0157,https://doi.org/10.1016/j.cej.2025.162908,1.35,1.2282447979314595
elasticnet,1,train,R0158,https://doi.org/10.1016/j.cej.2025.162908,1.3,1.223507584800752
elasticnet,1,train,R0159,https://doi.org/10.1016/j.cej.2025.162420,0.86,1.0093992287043878
elasticnet,1,train,R0160,https://doi.org/10.1039/d5nr00300h,0.77,1.024911360919936
elasticnet,1,train,R0161,https://doi.org/10.1039/d5nr00300h,1.29,1.3034286316065515
elasticnet,1,train,R0162,https://doi.org/10.1021/jacs.4c15230,1.1,1.1836505631882677
elasticnet,1,train,R0163,https://doi.org/10.1002/celc.202400626,1.4,1.3034286316065515
elasticnet,1,train,R0164,https://doi.org/10.1016/j.esci.2024.100310,1.08,1.159635741244335
elasticnet,1,train,R0165,https://doi.org/10.1016/j.esci.2024.100310,1.1,1.159635741244335
elasticnet,1,train,R0166,https://doi.org/10.1002/smll.202406516,1.2,1.1836505631882677
elasticnet,1,train,R0167,https://doi.org/10.1002/anie.202418893,1.3,1.3076917114699735
elasticnet,1,train,R0168,https://doi.org/10.1016/j.electacta.2024.145384,1.01,1.0335318877445796
elasticnet,1,train,R0169,https://doi.org/10.1007/s10008-024-06115-x,1.4,1.323851701110992
elasticnet,1,train,R0170,https://doi.org/10.1002/aenm.202402925,1.4,1.323854896161349
elasticnet,1,train,R0171,https://doi.org/10.1002/aenm.202402925,1.28,1.2838087657451367
elasticnet,1,train,R0172,https://doi.org/10.1002/aenm.202402925,1.3,1.2838087657451367
elasticnet,1,train,R0173,https://doi.org/10.1021/acs.energyfuels.4c04356,0.94,0.9848957418982123
elasticnet,1,train,R0177,https://doi.org/10.1002/cey2.587,1.35,1.3076917114699735
elasticnet,1,train,R0178,https://doi.org/10.1002/cey2.550,1.25,1.2027112026575426
elasticnet,1,train,R0179,https://doi.org/10.1039/d4sc03242j,1.1,1.1836505631882677
elasticnet,1,train,R0180,https://doi.org/10.1016/j.est.2024.112780,1.3,1.2901521452519438
elasticnet,1,train,R0181,https://doi.org/10.1016/j.est.2024.112780,1.45,1.3200074374347581
elasticnet,1,train,R0185,https://doi.org/10.1002/adma.202404319,1.2,1.0451591548888504
elasticnet,1,train,R0186,https://doi.org/10.1002/adma.202405440,1.4,1.323851701110992
elasticnet,1,train,R0187,https://doi.org/10.1016/j.mtener.2024.101597,1.38,1.3200074374347581
elasticnet,1,train,R0188,https://doi.org/10.1016/j.jcis.2024.05.144,1.2,1.1827249682298175
elasticnet,1,train,R0193,https://doi.org/10.1002/aenm.202303766,0.95,0.9707069981831278
elasticnet,1,train,R0194,https://doi.org/10.1002/smtd.202301728,1.22,1.1883280970913015
elasticnet,1,train,R0195,https://doi.org/10.1002/smtd.202301728,1.32,1.1883280970913015
elasticnet,1,train,R0196,https://doi.org/10.1016/j.mtcomm.2024.108243,0.84,1.024911360919936
elasticnet,1,train,R0197,https://doi.org/10.1016/j.jallcom.2024.173877,1.11,1.1836505631882677
elasticnet,1,train,R0198,https://doi.org/10.1016/j.jpowsour.2024.234130,1.05,1.095901558333
elasticnet,1,train,R0199,https://doi.org/10.1016/j.jpowsour.2024.234130,1.17,1.1694618194731832
elasticnet,1,train,R0200,https://doi.org/10.1021/jacs.3c12734,1.12,1.1025691503778328
elasticnet,1,test,R0009,https://doi.org/10.1016/j.jallcom.2020.158269,1.0,0.9987688344636578
elasticnet,1,test,R0012,https://doi.org/10.1016/j.cej.2021.128403,0.97,1.024911360919936
elasticnet,1,test,R0016,https://doi.org/10.1016/j.jallcom.2020.157945,1.012,1.024911360919936
elasticnet,1,test,R0023,https://doi.org/10.1021/acs.jpcc.1c05456,1.15,1.1836505631882677
elasticnet,1,test,R0024,https://doi.org/10.1021/acs.jpcc.1c05456,1.2,1.1836505631882677
elasticnet,1,test,R0025,https://doi.org/10.1021/acs.jpcc.1c05456,1.15,1.1836505631882677
elasticnet,1,test,R0026,https://doi.org/10.1039/d0cc05980c,1.2,1.1214112135539422
elasticnet,1,test,R0031,https://doi.org/10.1002/ente.201901257,1.15,1.1863190812076823
elasticnet,1,test,R0032,https://doi.org/10.1002/ente.201901257,1.2,1.1863190812076823
elasticnet,1,test,R0039,https://dx.doi.org/10.1021/acsami.9b21904,1.3,1.3257757557418814
elasticnet,1,test,R0040,https://doi.org/10.1007/s11581-021-04046-5,0.9,1.024911360919936
elasticnet,1,test,R0054,https://doi.org/10.1016/S1872‐2067(23)64409‐2,1.1,1.0853957778525842
elasticnet,1,test,R0055,https://doi.org/10.1016/S1872‐2067(23)64409‐2,1.15,1.0853957778525842
elasticnet,1,test,R0056,https://doi.org/10.1016/j.jallcom.2023.170130,1.29,1.230490829288564
elasticnet,1,test,R0080,https://doi.org/10.1016/j.est.2023.107329,1.01,1.072576698874161
elasticnet,1,test,R0086,https://doi.org/10.1016/j.est.2023.109342,1.35,1.3200074374347581
elasticnet,1,test,R0087,https://doi.org/10.1016/j.est.2023.109342,1.5,1.3200074374347581
elasticnet,1,test,R0088,https://doi.org/10.1016/j.est.2023.109342,1.4,1.3200074374347581
elasticnet,1,test,R0089,https://doi.org/10.1016/j.jcis.2022.12.148,1.28,1.3076917114699735
elasticnet,1,test,R0090,https://doi.org/10.1016/j.cej.2022.139524,1.22,1.1718532390334857
elasticnet,1,test,R0094,https://doi.org/10.1016/j.electacta.2022.140894,1.05,1.1836505631882677
elasticnet,1,test,R0111,https://doi.org/10.1016/j.apcatb.2022.122203,1.25,1.3076917114699735
elasticnet,1,test,R0114,https://doi.org/10.1016/j.compositesb.2022.109727,1.1,1.1836505631882677
elasticnet,1,test,R0115,https://doi.org/10.1016/j.ensm.2022.05.029,1.14,1.1718532390334857
elasticnet,1,test,R0126,https://doi.org/10.1016/j.jcis.2026.140244,1.04,1.019343144029495
elasticnet,1,test,R0132,https://doi.org/10.1016/j.electacta.2025.147671,1.15,1.0714197238227856
elasticnet,1,test,R0136,https://doi.org/10.1088/2631-6331/ae1925,1.3,1.3034286316065515
elasticnet,1,test,R0137,https://doi.org/10.1002/anie.202521423,1.2,1.1694618194731832
elasticnet,1,test,R0139,https://doi.org/10.1002/anie.202520097,1.2,1.1214112135539422
elasticnet,1,test,R0144,https://doi.org/10.1002/aoc.70327,1.41,1.3034286316065515
elasticnet,1,test,R0154,https://doi.org/10.1093/nsr/nwaf145,1.24,1.1214112135539422
elasticnet,1,test,R0174,https://doi.org/10.1002/smll.202406525,1.25,1.230490829288564
elasticnet,1,test,R0175,https://doi.org/10.1016/j.jpowsour.2024.235394,0.95,0.9707069981831278
elasticnet,1,test,R0176,https://doi.org/10.1016/j.jpowsour.2024.235394,1.0,1.1072224698388577
elasticnet,1,test,R0182,https://doi.org/10.1016/j.jcis.2024.06.137,1.25,1.217308208264986
elasticnet,1,test,R0183,https://doi.org/10.1016/j.jcis.2024.06.137,1.4,1.379424854785767
elasticnet,1,test,R0184,https://doi.org/10.1016/j.jcis.2024.06.137,1.45,1.379424854785767
elasticnet,1,test,R0189,https://doi.org/10.1016/j.ijoes.2024.100602,1.3,1.1694618194731832
elasticnet,1,test,R0190,https://doi.org/10.1016/j.jechem.2024.01.076,1.3,1.2876020480502985
elasticnet,1,test,R0191,https://doi.org/10.1016/j.jechem.2024.01.076,1.25,1.2876020480502985
elasticnet,1,test,R0192,https://doi.org/10.1016/j.jechem.2024.01.076,1.25,1.3512576107123173
elasticnet,2,train,R0003,https://doi.org/10.1016/j.apcatb.2019.118283,1.27,1.2020088468140504
elasticnet,2,train,R0007,https://doi.org/10.1016/j.jallcom.2019.152736,1.35,1.180675834246759
elasticnet,2,train,R0008,https://doi.org/10.1016/j.jallcom.2020.153803,1.25,1.1372386276555668
elasticnet,2,train,R0009,https://doi.org/10.1016/j.jallcom.2020.158269,1.0,0.9967877661186597
elasticnet,2,train,R0010,https://doi.org/10.1016/j.cej.2020.124294,1.35,1.4827838513322198
elasticnet,2,train,R0011,https://doi.org/10.1016/j.cej.2020.124294,1.4,1.4827838513322198
elasticnet,2,train,R0012,https://doi.org/10.1016/j.cej.2021.128403,0.97,1.0037729911730964
elasticnet,2,train,R0013,http://dx.doi.org/10.1016/j.jelechem.2020.114124,1.25,1.2630231761423798
elasticnet,2,train,R0014,https://doi.org/10.1016/j.jechem.2020.07.053,0.98,1.1630892260828036
elasticnet,2,train,R0015,https://doi.org/10.1016/j.flatc.2020.100221,1.25,1.268785876327562
elasticnet,2,train,R0016,https://doi.org/10.1016/j.jallcom.2020.157945,1.012,1.0037729911730964
elasticnet,2,train,R0017,https://doi.org/10.1016/j.jallcom.2020.154054,0.82,1.0037729911730964
elasticnet,2,train,R0019,https://doi.org/10.1016/j.jallcom.2020.157656,1.4,1.3402877736739265
elasticnet,2,train,R0020,https://doi.org/10.1002/aenm.202100110,0.95,1.0401730010202295
elasticnet,2,train,R0023,https://doi.org/10.1021/acs.jpcc.1c05456,1.15,1.179326214667626
elasticnet,2,train,R0024,https://doi.org/10.1021/acs.jpcc.1c05456,1.2,1.179326214667626
elasticnet,2,train,R0025,https://doi.org/10.1021/acs.jpcc.1c05456,1.15,1.179326214667626
elasticnet,2,train,R0026,https://doi.org/10.1039/d0cc05980c,1.2,1.1420519180329725
elasticnet,2,train,R0027,https://doi.org/10.1039/d0nr00866d,1.5,1.3980788048697808
elasticnet,2,train,R0028,https://doi.org/10.1039/d0ta09195b,1.05,1.0346429209621157
elasticnet,2,train,R0029,https://doi.org/10.1039/d1ta00538c,1.3,1.1742740189036798
elasticnet,2,train,R0030,https://doi.org/10.1039/d1ta04830a,1.05,1.0720412518631317
elasticnet,2,train,R0031,https://doi.org/10.1002/ente.201901257,1.15,1.1942747732603702
elasticnet,2,train,R0032,https://doi.org/10.1002/ente.201901257,1.2,1.1942747732603702
elasticnet,2,train,R0033,https://dx.doi.org/10.1021/acsaem.0c01691,1.35,1.3249027910306628
elasticnet,2,train,R0034,https://dx.doi.org/10.1021/acsnano.9b09646,1.45,1.3628664483235742
elasticnet,2,train,R0035,https://dx.doi.org/10.1021/acsami.0c02087,1.15,1.0849511605409674
elasticnet,2,train,R0036,https://doi.org/10.1002/er.7342,1.21,1.2171185503630075
elasticnet,2,train,R0038,https://doi.org/10.1021/acsami.1c08720,0.84,0.983650386254322
elasticnet,2,train,R0039,https://dx.doi.org/10.1021/acsami.9b21904,1.3,1.3249027910306628
elasticnet,2,train,R0040,https://doi.org/10.1007/s11581-021-04046-5,0.9,1.0037729911730964
elasticnet,2,train,R0041,https://doi.org/10.1007/s40242-020-0077-3,1.15,1.2171185503630075
elasticnet,2,train,R0042,https://doi.org/10.1002/smll.202105752,1.4,1.3402877736739265
elasticnet,2,train,R0043,https://doi.org/10.1002/smll.202105752,1.25,1.3035312519397602
elasticnet,2,train,R0047,https://doi.org/10.1002/aenm.202200791,1.0,0.9750276732249248
elasticnet,2,train,R0048,https://doi.org/10.1002/aenm.202103910,1.0,0.9750276732249248
elasticnet,2,train,R0049,https://doi.org/10.1016/j.apcatb.2022.121844,0.92,0.976386948479684
elasticnet,2,train,R0050,https://doi.org/10.1002/aenm.202203660,1.33,1.2803031627105657
elasticnet,2,train,R0051,https://doi.org/10.1016/j.ensm.2023.102874,1.21,1.0812947690048762
elasticnet,2,train,R0052,https://doi.org/10.1016/j.ensm.2023.102989,1.1,1.0849511605409674
elasticnet,2,train,R0054,https://doi.org/10.1016/S1872‐2067(23)64409‐2,1.1,1.0849511605409674
elasticnet,2,train,R0055,https://doi.org/10.1016/S1872‐2067(23)64409‐2,1.15,1.0849511605409674
elasticnet,2,train,R0056,https://doi.org/10.1016/j.jallcom.2023.170130,1.29,1.2171185503630075
elasticnet,2,train,R0058,https://doi.org/10.1016/j.electacta.2023.142096,0.99,1.016825583235546
elasticnet,2,train,R0059,https://doi.org/10.1016/j.electacta.2022.140147,1.11,1.1369997222690265
elasticnet,2,train,R0060,https://doi.org/10.1021/acsami.1c22643,1.0,1.0351208052562832
elasticnet,2,train,R0061,https://doi.org/10.1016/j.jelechem.2022.116810,1.15,1.1420519180329725
elasticnet,2,train,R0062,https://doi.org/10.1002/slct.202200870,1.04,1.0037729911730964
elasticnet,2,train,R0063,https://doi.org/10.1002/slct.202200870,1.1,1.157044779203534
elasticnet,2,train,R0064,https://doi.org/10.1002/slct.202200870,1.11,1.1369997222690265
elasticnet,2,train,R0065,https://doi.org/10.1016/j.cej.2023.146775,1.0,1.1018795917417987
elasticnet,2,train,R0066,https://www.pnas.org/lookup/suppl/doi:10.1073/pnas.2301439120/-/DCSupplemental.,1.11,1.1311742608787518
elasticnet,2,train,R0067,https://doi.org/10.3390/nano12142386,1.2,1.159893829128228
elasticnet,2,train,R0068,https://doi.org/10.1021/acsami.2c19975,1.03,1.0272788259110799
elasticnet,2,train,R0069,https://doi.org/10.1021/acsami.2c19975,1.38,1.3621945841707992
elasticnet,2,train,R0071,https://doi.org/10.1039/d2ta07061h,1.34,1.3688888376420096
elasticnet,2,train,R0072,https://doi.org/10.1016/j.ijhydene.2023.12.023,1.4,1.3441620957990912
elasticnet,2,train,R0074,https://doi.org/10.1002/smll.202204836,1.25,1.1742740189036798
elasticnet,2,train,R0075,https://doi.org/10.1002/smll.202204836,1.18,1.1369997222690265
elasticnet,2,train,R0076,https://doi.org/10.1002/admi.202102110,0.98,0.9987207954091504
elasticnet,2,train,R0077,https://doi.org/10.1002/admi.202102110,1.04,1.157044779203534
elasticnet,2,train,R0080,https://doi.org/10.1016/j.est.2023.107329,1.01,1.007782348404397
elasticnet,2,train,R0081,https://doi.org/10.1021/acs.jpcc.3c01042,1.2,1.179326214667626
elasticnet,2,train,R0082,https://doi.org/10.1021/acs.jpcc.3c01042,1.25,1.179326214667626
elasticnet,2,train,R0083,https://doi.org/10.1021/acs.jpcc.3c01042,1.25,1.179326214667626
elasticnet,2,train,R0084,https://doi.org/10.1021/acsami.3c01599,1.17,1.2171185503630075
elasticnet,2,train,R0085,https://doi.org/10.1021/jacs.2c11676,1.05,1.157044779203534
elasticnet,2,train,R0086,https://doi.org/10.1016/j.est.2023.109342,1.35,1.3441620957990912
elasticnet,2,train,R0087,https://doi.org/10.1016/j.est.2023.109342,1.5,1.3441620957990912
elasticnet,2,train,R0088,https://doi.org/10.1016/j.est.2023.109342,1.4,1.3441620957990912
elasticnet,2,train,R0089,https://doi.org/10.1016/j.jcis.2022.12.148,1.28,1.2803031627105657
elasticnet,2,train,R0090,https://doi.org/10.1016/j.cej.2022.139524,1.22,1.159893829128228
elasticnet,2,train,R0091,https://doi.org/10.1039/d1qi01260f,1.23,1.1420519180329725
elasticnet,2,train,R0092,https://doi.org/10.1016/j.carbon.2022.04.080,1.32,1.2803031627105657
elasticnet,2,train,R0094,https://doi.org/10.1016/j.electacta.2022.140894,1.05,1.179326214667626
elasticnet,2,train,R0095,https://doi.org/10.1002/smll.202206611,0.98,1.1630892260828036
elasticnet,2,train,R0096,https://doi.org/10.1002/adsu.202300510,0.95,1.0415211274493916
elasticnet,2,train,R0097,https://doi.org/10.1002/adsu.202300510,1.2,1.2171185503630075
elasticnet,2,train,R0098,https://doi.org/10.1002/adsu.202300510,1.25,1.2171185503630075
elasticnet,2,train,R0100,https://doi.org/10.1021/acscatal.2c02544,1.15,1.2171185503630075
elasticnet,2,train,R0101,https://doi.org/10.1021/acscatal.2c02544,1.15,1.2171185503630075
elasticnet,2,train,R0102,https://www.science.org/doi/10.1126/sciadv.abq6261,1.2,1.179326214667626
elasticnet,2,train,R0103,https://doi.org/10.1007/s12274-022-5330-2,1.2,1.1420519180329725
elasticnet,2,train,R0104,https://doi.org/10.1007/s12274-022-5330-2,1.15,1.0849511605409674
elasticnet,2,train,R0105,https://doi.org/10.1007/s12274-022-5330-2,1.1,1.1420519180329725
elasticnet,2,train,R0106,https://doi.org/10.1007/s12274-022-5330-2,1.08,1.0849511605409674
elasticnet,2,train,R0107,https://doi.org/10.1016/j.ensm.2023.102829,1.2,1.2024981298010795
elasticnet,2,train,R0109,https://doi.org/10.1002/smll.202302598,1.25,1.3035312519397602
elasticnet,2,train,R0110,https://doi.org/10.1002/adma.202106436,1.2,1.202851772953422
elasticnet,2,train,R0111,https://doi.org/10.1016/j.apcatb.2022.122203,1.25,1.2803031627105657
elasticnet,2,train,R0114,https://doi.org/10.1016/j.compositesb.2022.109727,1.1,1.179326214667626
elasticnet,2,train,R0115,https://doi.org/10.1016/j.ensm.2022.05.029,1.14,1.159893829128228
elasticnet,2,train,R0118,https://doi.org/10.1002/smll.202106707,1.42,1.3688888376420096
elasticnet,2,train,R0123,https://doi.org/10.1021/acs.nanolett.3c03025,1.1,1.1420519180329725
elasticnet,2,train,R0124,https://doi.org/10.1021/acs.nanolett.3c03025,1.15,1.1420519180329725
elasticnet,2,train,R0126,https://doi.org/10.1016/j.jcis.2026.140244,1.04,1.0351208052562832
elasticnet,2,train,R0127,https://doi.org/10.1016/j.jechem.2026.01.056,1.25,1.2043533814819365
elasticnet,2,train,R0128,https://doi.org/10.1002/smll.202512953,1.25,1.2951646734430509
elasticnet,2,train,R0129,https://doi.org/10.1002/smll.202512953,1.39,1.3297598253386078
elasticnet,2,train,R0130,https://doi.org/10.1002/smll.202512953,1.45,1.3297598253386078
elasticnet,2,train,R0132,https://doi.org/10.1016/j.electacta.2025.147671,1.15,1.0540281676285983
elasticnet,2,train,R0134,https://doi.org/10.1021/acsanm.5c04476,1.04,1.1369997222690265
elasticnet,2,train,R0135,https://doi.org/10.1021/acsanm.5c04476,1.25,1.3035312519397602
elasticnet,2,train,R0136,https://doi.org/10.1088/2631-6331/ae1925,1.3,1.3227841248362342
elasticnet,2,train,R0137,https://doi.org/10.1002/anie.202521423,1.2,1.1742740189036798
elasticnet,2,train,R0139,https://doi.org/10.1002/anie.202520097,1.2,1.1420519180329725
elasticnet,2,train,R0140,https://doi.org/10.1016/j.jcis.2025.139355,0.8,1.0037729911730964
elasticnet,2,train,R0141,https://doi.org/10.1016/j.jcis.2025.139355,0.83,1.0037729911730964
elasticnet,2,train,R0142,https://doi.org/10.1021/acsnano.5c10218,0.96,0.983650386254322
elasticnet,2,train,R0143,https://doi.org/10.1021/acsnano.5c10218,1.18,1.1420519180329725
elasticnet,2,train,R0144,https://doi.org/10.1002/aoc.70327,1.41,1.3227841248362342
elasticnet,2,train,R0145,https://doi.org/10.1021/acs.langmuir.5c02644,1.1,1.0346429209621157
elasticnet,2,train,R0146,https://doi.org/10.1016/j.electacta.2025.146925,1.1,1.179326214667626
elasticnet,2,train,R0148,https://doi.org/10.1038/s41598-025-11449-1,0.998,0.983650386254322
elasticnet,2,train,R0149,https://doi.org/10.1002/anie.202509132,0.94,1.0037729911730964
elasticnet,2,train,R0150,https://doi.org/10.1016/j.jpowsour.2025.237653,1.15,1.1369997222690265
elasticnet,2,train,R0151,https://doi.org/10.1021/acs.iecr.5c01518,1.18,1.2376367959966459
elasticnet,2,train,R0152,https://doi.org/10.1021/acs.iecr.5c01518,1.25,1.3035312519397602
elasticnet,2,train,R0154,https://doi.org/10.1093/nsr/nwaf145,1.24,1.1420519180329725
elasticnet,2,train,R0155,https://doi.org/10.1016/j.jcis.2025.137782,1.36,1.3227841248362342
elasticnet,2,train,R0156,https://doi.org/10.1016/j.cej.2025.162908,1.3,1.205883168939215
elasticnet,2,train,R0157,https://doi.org/10.1016/j.cej.2025.162908,1.35,1.2020088468140504
elasticnet,2,train,R0158,https://doi.org/10.1016/j.cej.2025.162908,1.3,1.205883168939215
elasticnet,2,train,R0159,https://doi.org/10.1016/j.cej.2025.162420,0.86,0.9619423960631549
elasticnet,2,train,R0160,https://doi.org/10.1039/d5nr00300h,0.77,1.0037729911730964
elasticnet,2,train,R0161,https://doi.org/10.1039/d5nr00300h,1.29,1.3227841248362342
elasticnet,2,train,R0162,https://doi.org/10.1021/jacs.4c15230,1.1,1.179326214667626
elasticnet,2,train,R0163,https://doi.org/10.1002/celc.202400626,1.4,1.3227841248362342
elasticnet,2,train,R0164,https://doi.org/10.1016/j.esci.2024.100310,1.08,1.157044779203534
elasticnet,2,train,R0165,https://doi.org/10.1016/j.esci.2024.100310,1.1,1.157044779203534
elasticnet,2,train,R0166,https://doi.org/10.1002/smll.202406516,1.2,1.179326214667626
elasticnet,2,train,R0167,https://doi.org/10.1002/anie.202418893,1.3,1.2803031627105657
elasticnet,2,train,R0168,https://doi.org/10.1016/j.electacta.2024.145384,1.01,1.0401730010202295
elasticnet,2,train,R0169,https://doi.org/10.1007/s10008-024-06115-x,1.4,1.2875585043137638
elasticnet,2,train,R0170,https://doi.org/10.1002/aenm.202402925,1.4,1.3297598253386078
elasticnet,2,train,R0171,https://doi.org/10.1002/aenm.202402925,1.28,1.1974827801767651
elasticnet,2,train,R0172,https://doi.org/10.1002/aenm.202402925,1.3,1.1974827801767651
elasticnet,2,train,R0173,https://doi.org/10.1021/acs.energyfuels.4c04356,0.94,0.983650386254322
elasticnet,2,train,R0174,https://doi.org/10.1002/smll.202406525,1.25,1.2171185503630075
elasticnet,2,train,R0175,https://doi.org/10.1016/j.jpowsour.2024.235394,0.95,0.9785981904903759
elasticnet,2,train,R0176,https://doi.org/10.1016/j.jpowsour.2024.235394,1.0,1.1369997222690265
elasticnet,2,train,R0177,https://doi.org/10.1002/cey2.587,1.35,1.2803031627105657
elasticnet,2,train,R0178,https://doi.org/10.1002/cey2.550,1.25,1.2049164110948072
elasticnet,2,train,R0179,https://doi.org/10.1039/d4sc03242j,1.1,1.179326214667626
elasticnet,2,train,R0180,https://doi.org/10.1016/j.est.2024.112780,1.3,1.2939461690547491
elasticnet,2,train,R0181,https://doi.org/10.1016/j.est.2024.112780,1.45,1.3441620957990912
elasticnet,2,train,R0182,https://doi.org/10.1016/j.jcis.2024.06.137,1.25,1.2018384054667048
elasticnet,2,train,R0183,https://doi.org/10.1016/j.jcis.2024.06.137,1.4,1.3628664483235742
elasticnet,2,train,R0184,https://doi.org/10.1016/j.jcis.2024.06.137,1.45,1.3628664483235742
elasticnet,2,train,R0186,https://doi.org/10.1002/adma.202405440,1.4,1.2875585043137638
elasticnet,2,train,R0187,https://doi.org/10.1016/j.mtener.2024.101597,1.38,1.3441620957990912
elasticnet,2,train,R0188,https://doi.org/10.1016/j.jcis.2024.05.144,1.2,1.180675834246759
elasticnet,2,train,R0189,https://doi.org/10.1016/j.ijoes.2024.100602,1.3,1.1742740189036798
elasticnet,2,train,R0190,https://doi.org/10.1016/j.jechem.2024.01.076,1.3,1.3035312519397602
elasticnet,2,train,R0191,https://doi.org/10.1016/j.jechem.2024.01.076,1.25,1.3035312519397602
elasticnet,2,train,R0192,https://doi.org/10.1016/j.jechem.2024.01.076,1.25,1.3194813597009243
elasticnet,2,train,R0194,https://doi.org/10.1002/smtd.202301728,1.22,1.17713759894303
elasticnet,2,train,R0195,https://doi.org/10.1002/smtd.202301728,1.32,1.17713759894303
elasticnet,2,train,R0196,https://doi.org/10.1016/j.mtcomm.2024.108243,0.84,1.0037729911730964
elasticnet,2,train,R0197,https://doi.org/10.1016/j.jallcom.2024.173877,1.11,1.179326214667626
elasticnet,2,train,R0198,https://doi.org/10.1016/j.jpowsour.2024.234130,1.05,1.1124337284772199
elasticnet,2,train,R0199,https://doi.org/10.1016/j.jpowsour.2024.234130,1.17,1.1742740189036798
elasticnet,2,train,R0200,https://doi.org/10.1021/jacs.3c12734,1.12,1.1141754285097405
elasticnet,2,test,R0001,https://doi.org/10.1016/j.electacta.2020.137645,1.3,1.1973315180765083
elasticnet,2,test,R0002,https://doi.org/10.1016/j.electacta.2020.137645,1.5,1.2875585043137638
elasticnet,2,test,R0004,https://doi.org/10.1016/j.ssi.2021.115773,1.1,1.179326214667626
elasticnet,2,test,R0005,https://doi.org/10.1016/j.ssi.2021.115773,1.4,1.3688888376420096
elasticnet,2,test,R0006,https://doi.org/10.1016/j.jpowsour.2021.230374,1.24,1.2171185503630075
elasticnet,2,test,R0018,https://doi.org/10.1016/j.jpowsour.2020.228362,1.35,1.2951646734430509
elasticnet,2,test,R0021,https://doi.org/10.1002/anie.202110116,1.4,1.1974827801767651
elasticnet,2,test,R0022,https://doi.org/10.1002/anie.202110116,1.3,1.1974827801767651
elasticnet,2,test,R0037,https://doi.org/10.1002/er.6806,1.0,0.9347149528112844
elasticnet,2,test,R0044,https://dx.doi.org/10.1021/acscatal.0c02608,1.35,1.3249027910306628
elasticnet,2,test,R0045,https://doi.org/10.1021/acsaem.1c01572,1.1,0.936135955917504
elasticnet,2,test,R0046,https://doi.org/10.1021/acsaem.1c01572,1.3,1.1974827801767651
elasticnet,2,test,R0053,https://doi.org/10.1016/j.ensm.2022.07.026,1.1,1.0707872613961615
elasticnet,2,test,R0057,https://doi.org/10.1002/smll.202205532,1.08,1.0401730010202295
elasticnet,2,test,R0070,https://doi.org/10.1016/j.cej.2022.136852,1.06,1.0037729911730964
elasticnet,2,test,R0073,https://doi.org/10.1016/j.jelechem.2022.116356,1.3,1.2803031627105657
elasticnet,2,test,R0078,https://doi.org/10.1016/j.cej.2022.137684,1.29,1.3621945841707992
elasticnet,2,test,R0079,https://doi.org/10.1016/j.cej.2022.137684,1.41,1.1974827801767651
elasticnet,2,test,R0093,https://doi.org/10.1016/j.jallcom.2022.163703,1.09,0.9594853272957388
elasticnet,2,test,R0099,https://doi.org/10.1021/acsami.2c19975,1.38,1.3621945841707992
elasticnet,2,test,R0108,https://doi.org/10.1016/j.cej.2022.138462,1.17,1.159893829128228
elasticnet,2,test,R0112,https://doi.org/10.1021/acsnano.3c05782,1.12,1.0540281676285983
elasticnet,2,test,R0113,https://doi.org/10.1039/d2ta03604e,0.85,1.0037729911730964
elasticnet,2,test,R0116,https://doi.org/10.1016/j.cej.2023.143351,1.23,1.2343068866672453
elasticnet,2,test,R0117,https://doi.org/10.1002/adfm.202209876,1.18,1.303109439678383
elasticnet,2,test,R0119,https://doi.org/10.1021/acsaem.3c02592,0.98,1.1369997222690265
elasticnet,2,test,R0120,https://doi.org/10.1002/aenm.202204057,1.3,1.2020088468140504
elasticnet,2,test,R0121,https://doi.org/10.1002/aenm.202204057,1.4,1.3628664483235742
elasticnet,2,test,R0122,https://doi.org/10.1002/aenm.202204057,1.5,1.3402877736739265
elasticnet,2,test,R0125,https://sioc-journal.cn/Jwk_hxxb/EN/10.6023/A22050206,1.08,1.0849511605409674
elasticnet,2,test,R0131,https://doi.org/10.1002/advs.202522315,1.0,1.1630892260828036
elasticnet,2,test,R0133,https://doi.org/10.1021/acsaem.5c03033,1.25,1.203737491890216
elasticnet,2,test,R0138,https://doi.org/10.1080/1536383X.2025.2583369,1.3,1.2762548289843645
elasticnet,2,test,R0147,https://doi.org/10.1016/j.jcis.2025.138454,0.89,1.0401730010202295
elasticnet,2,test,R0153,https://doi.org/10.1016/j.carbon.2025.120482,1.25,1.1742740189036798
elasticnet,2,test,R0185,https://doi.org/10.1002/adma.202404319,1.2,1.0214108712585925
elasticnet,2,test,R0193,https://doi.org/10.1002/aenm.202303766,0.95,0.9785981904903759
elasticnet,3,train,R0001,https://doi.org/10.1016/j.electacta.2020.137645,1.3,1.256573102280357
elasticnet,3,train,R0002,https://doi.org/10.1016/j.electacta.2020.137645,1.5,1.3227560754637275
elasticnet,3,train,R0003,https://doi.org/10.1016/j.apcatb.2019.118283,1.27,1.235542604816927
elasticnet,3,train,R0004,https://doi.org/10.1016/j.ssi.2021.115773,1.1,1.18021330056996
elasticnet,3,train,R0005,https://doi.org/10.1016/j.ssi.2021.115773,1.4,1.3652488877030045
elasticnet,3,train,R0006,https://doi.org/10.1016/j.jpowsour.2021.230374,1.24,1.23168456350976
elasticnet,3,train,R0009,https://doi.org/10.1016/j.jallcom.2020.158269,1.0,1.0138954756962657
elasticnet,3,train,R0010,https://doi.org/10.1016/j.cej.2020.124294,1.35,1.496961493747299
elasticnet,3,train,R0011,https://doi.org/10.1016/j.cej.2020.124294,1.4,1.496961493747299
elasticnet,3,train,R0012,https://doi.org/10.1016/j.cej.2021.128403,0.97,1.0479805915701235
elasticnet,3,train,R0013,http://dx.doi.org/10.1016/j.jelechem.2020.114124,1.25,1.2706005397432683
elasticnet,3,train,R0014,https://doi.org/10.1016/j.jechem.2020.07.053,0.98,1.1221551174749191
elasticnet,3,train,R0015,https://doi.org/10.1016/j.flatc.2020.100221,1.25,1.2196245773978214
elasticnet,3,train,R0016,https://doi.org/10.1016/j.jallcom.2020.157945,1.012,1.0479805915701235
elasticnet,3,train,R0018,https://doi.org/10.1016/j.jpowsour.2020.228362,1.35,1.314502250279379
elasticnet,3,train,R0021,https://doi.org/10.1002/anie.202110116,1.4,1.2744912016710217
elasticnet,3,train,R0022,https://doi.org/10.1002/anie.202110116,1.3,1.2744912016710217
elasticnet,3,train,R0023,https://doi.org/10.1021/acs.jpcc.1c05456,1.15,1.18021330056996
elasticnet,3,train,R0024,https://doi.org/10.1021/acs.jpcc.1c05456,1.2,1.18021330056996
elasticnet,3,train,R0025,https://doi.org/10.1021/acs.jpcc.1c05456,1.15,1.18021330056996
elasticnet,3,train,R0026,https://doi.org/10.1039/d0cc05980c,1.2,1.1401236042982859
elasticnet,3,train,R0028,https://doi.org/10.1039/d0ta09195b,1.05,1.0523851965264432
elasticnet,3,train,R0029,https://doi.org/10.1039/d1ta00538c,1.3,1.1604645863313625
elasticnet,3,train,R0030,https://doi.org/10.1039/d1ta04830a,1.05,1.0714376681521611
elasticnet,3,train,R0031,https://doi.org/10.1002/ente.201901257,1.15,1.1590454853907324
elasticnet,3,train,R0032,https://doi.org/10.1002/ente.201901257,1.2,1.1590454853907324
elasticnet,3,train,R0033,https://dx.doi.org/10.1021/acsaem.0c01691,1.35,1.3149449631514538
elasticnet,3,train,R0034,https://dx.doi.org/10.1021/acsnano.9b09646,1.45,1.37364240513549
elasticnet,3,train,R0035,https://dx.doi.org/10.1021/acsami.0c02087,1.15,1.0873940087013694
elasticnet,3,train,R0037,https://doi.org/10.1002/er.6806,1.0,1.0350525980839866
elasticnet,3,train,R0039,https://dx.doi.org/10.1021/acsami.9b21904,1.3,1.3149449631514538
elasticnet,3,train,R0040,https://doi.org/10.1007/s11581-021-04046-5,0.9,1.0479805915701235
elasticnet,3,train,R0042,https://doi.org/10.1002/smll.202105752,1.4,1.3276856175450893
elasticnet,3,train,R0043,https://doi.org/10.1002/smll.202105752,1.25,1.2948773070635657
elasticnet,3,train,R0044,https://dx.doi.org/10.1021/acscatal.0c02608,1.35,1.3149449631514538
elasticnet,3,train,R0045,https://doi.org/10.1021/acsaem.1c01572,1.1,1.03306087974491
elasticnet,3,train,R0046,https://doi.org/10.1021/acsaem.1c01572,1.3,1.2744912016710217
elasticnet,3,train,R0047,https://doi.org/10.1002/aenm.202200791,1.0,1.0028613643295587
elasticnet,3,train,R0048,https://doi.org/10.1002/aenm.202103910,1.0,1.0028613643295587
elasticnet,3,train,R0049,https://doi.org/10.1016/j.apcatb.2022.121844,0.92,1.0151778468164012
elasticnet,3,train,R0051,https://doi.org/10.1016/j.ensm.2023.102874,1.21,1.0755515285926316
elasticnet,3,train,R0052,https://doi.org/10.1016/j.ensm.2023.102989,1.1,1.0873940087013694
elasticnet,3,train,R0053,https://doi.org/10.1016/j.ensm.2022.07.026,1.1,1.09346691750674
elasticnet,3,train,R0054,https://doi.org/10.1016/S1872‐2067(23)64409‐2,1.1,1.0873940087013694
elasticnet,3,train,R0055,https://doi.org/10.1016/S1872‐2067(23)64409‐2,1.15,1.0873940087013694
elasticnet,3,train,R0056,https://doi.org/10.1016/j.jallcom.2023.170130,1.29,1.23168456350976
elasticnet,3,train,R0057,https://doi.org/10.1002/smll.202205532,1.08,1.0496853788372917
elasticnet,3,train,R0058,https://doi.org/10.1016/j.electacta.2023.142096,0.99,1.0221423250220025
elasticnet,3,train,R0059,https://doi.org/10.1016/j.electacta.2022.140147,1.11,1.1203748900596884
elasticnet,3,train,R0061,https://doi.org/10.1016/j.jelechem.2022.116810,1.15,1.1401236042982859
elasticnet,3,train,R0062,https://doi.org/10.1002/slct.202200870,1.04,1.0479805915701235
elasticnet,3,train,R0063,https://doi.org/10.1002/slct.202200870,1.1,1.1649395949280505
elasticnet,3,train,R0064,https://doi.org/10.1002/slct.202200870,1.11,1.1203748900596884
elasticnet,3,train,R0065,https://doi.org/10.1016/j.cej.2023.146775,1.0,1.1018986398336637
elasticnet,3,train,R0066,https://www.pnas.org/lookup/suppl/doi:10.1073/pnas.2301439120/-/DCSupplemental.,1.11,1.080195136371198
elasticnet,3,train,R0067,https://doi.org/10.3390/nano12142386,1.2,1.183477802451832
elasticnet,3,train,R0068,https://doi.org/10.1021/acsami.2c19975,1.03,1.0121011684578574
elasticnet,3,train,R0069,https://doi.org/10.1021/acsami.2c19975,1.38,1.3145663605937052
elasticnet,3,train,R0070,https://doi.org/10.1016/j.cej.2022.136852,1.06,1.0479805915701235
elasticnet,3,train,R0072,https://doi.org/10.1016/j.ijhydene.2023.12.023,1.4,1.318111856065658
elasticnet,3,train,R0073,https://doi.org/10.1016/j.jelechem.2022.116356,1.3,1.3017968545103138
elasticnet,3,train,R0076,https://doi.org/10.1002/admi.202102110,0.98,1.0282318773315258
elasticnet,3,train,R0077,https://doi.org/10.1002/admi.202102110,1.04,1.1649395949280505
elasticnet,3,train,R0078,https://doi.org/10.1016/j.cej.2022.137684,1.29,1.3145663605937052
elasticnet,3,train,R0079,https://doi.org/10.1016/j.cej.2022.137684,1.41,1.2744912016710217
elasticnet,3,train,R0080,https://doi.org/10.1016/j.est.2023.107329,1.01,1.060643986965086
elasticnet,3,train,R0081,https://doi.org/10.1021/acs.jpcc.3c01042,1.2,1.18021330056996
elasticnet,3,train,R0082,https://doi.org/10.1021/acs.jpcc.3c01042,1.25,1.18021330056996
elasticnet,3,train,R0083,https://doi.org/10.1021/acs.jpcc.3c01042,1.25,1.18021330056996
elasticnet,3,train,R0085,https://doi.org/10.1021/jacs.2c11676,1.05,1.1649395949280505
elasticnet,3,train,R0086,https://doi.org/10.1016/j.est.2023.109342,1.35,1.318111856065658
elasticnet,3,train,R0087,https://doi.org/10.1016/j.est.2023.109342,1.5,1.318111856065658
elasticnet,3,train,R0088,https://doi.org/10.1016/j.est.2023.109342,1.4,1.318111856065658
elasticnet,3,train,R0089,https://doi.org/10.1016/j.jcis.2022.12.148,1.28,1.3017968545103138
elasticnet,3,train,R0090,https://doi.org/10.1016/j.cej.2022.139524,1.22,1.183477802451832
elasticnet,3,train,R0092,https://doi.org/10.1016/j.carbon.2022.04.080,1.32,1.3017968545103138
elasticnet,3,train,R0093,https://doi.org/10.1016/j.jallcom.2022.163703,1.09,1.0114600653145966
elasticnet,3,train,R0094,https://doi.org/10.1016/j.electacta.2022.140894,1.05,1.18021330056996
elasticnet,3,train,R0096,https://doi.org/10.1002/adsu.202300510,0.95,1.054890042172758
elasticnet,3,train,R0097,https://doi.org/10.1002/adsu.202300510,1.2,1.23168456350976
elasticnet,3,train,R0098,https://doi.org/10.1002/adsu.202300510,1.25,1.23168456350976
elasticnet,3,train,R0099,https://doi.org/10.1021/acsami.2c19975,1.38,1.3145663605937052
elasticnet,3,train,R0103,https://doi.org/10.1007/s12274-022-5330-2,1.2,1.1401236042982859
elasticnet,3,train,R0104,https://doi.org/10.1007/s12274-022-5330-2,1.15,1.0873940087013694
elasticnet,3,train,R0105,https://doi.org/10.1007/s12274-022-5330-2,1.1,1.1401236042982859
elasticnet,3,train,R0106,https://doi.org/10.1007/s12274-022-5330-2,1.08,1.0873940087013694
elasticnet,3,train,R0107,https://doi.org/10.1016/j.ensm.2023.102829,1.2,1.2104230647572156
elasticnet,3,train,R0108,https://doi.org/10.1016/j.cej.2022.138462,1.17,1.183477802451832
elasticnet,3,train,R0109,https://doi.org/10.1002/smll.202302598,1.25,1.2948773070635657
elasticnet,3,train,R0110,https://doi.org/10.1002/adma.202106436,1.2,1.179692332873061
elasticnet,3,train,R0111,https://doi.org/10.1016/j.apcatb.2022.122203,1.25,1.3017968545103138
elasticnet,3,train,R0112,https://doi.org/10.1021/acsnano.3c05782,1.12,1.088829454492096
elasticnet,3,train,R0113,https://doi.org/10.1039/d2ta03604e,0.85,1.0479805915701235
elasticnet,3,train,R0114,https://doi.org/10.1016/j.compositesb.2022.109727,1.1,1.18021330056996
elasticnet,3,train,R0115,https://doi.org/10.1016/j.ensm.2022.05.029,1.14,1.183477802451832
elasticnet,3,train,R0116,https://doi.org/10.1016/j.cej.2023.143351,1.23,1.2334518397598868
elasticnet,3,train,R0117,https://doi.org/10.1002/adfm.202209876,1.18,1.2829430574902427
elasticnet,3,train,R0118,https://doi.org/10.1002/smll.202106707,1.42,1.3652488877030045
elasticnet,3,train,R0119,https://doi.org/10.1021/acsaem.3c02592,0.98,1.1203748900596884
elasticnet,3,train,R0120,https://doi.org/10.1002/aenm.202204057,1.3,1.235542604816927
elasticnet,3,train,R0121,https://doi.org/10.1002/aenm.202204057,1.4,1.37364240513549
elasticnet,3,train,R0122,https://doi.org/10.1002/aenm.202204057,1.5,1.3276856175450893
elasticnet,3,train,R0125,https://sioc-journal.cn/Jwk_hxxb/EN/10.6023/A22050206,1.08,1.0873940087013694
elasticnet,3,train,R0126,https://doi.org/10.1016/j.jcis.2026.140244,1.04,1.029936664598694
elasticnet,3,train,R0131,https://doi.org/10.1002/advs.202522315,1.0,1.1221551174749191
elasticnet,3,train,R0132,https://doi.org/10.1016/j.electacta.2025.147671,1.15,1.088829454492096
elasticnet,3,train,R0133,https://doi.org/10.1021/acsaem.5c03033,1.25,1.2529648454973716
elasticnet,3,train,R0134,https://doi.org/10.1021/acsanm.5c04476,1.04,1.1203748900596884
elasticnet,3,train,R0135,https://doi.org/10.1021/acsanm.5c04476,1.25,1.2948773070635657
elasticnet,3,train,R0136,https://doi.org/10.1088/2631-6331/ae1925,1.3,1.3145489964342496
elasticnet,3,train,R0137,https://doi.org/10.1002/anie.202521423,1.2,1.1604645863313625
elasticnet,3,train,R0138,https://doi.org/10.1080/1536383X.2025.2583369,1.3,1.2503312154776072
elasticnet,3,train,R0139,https://doi.org/10.1002/anie.202520097,1.2,1.1401236042982859
elasticnet,3,train,R0140,https://doi.org/10.1016/j.jcis.2025.139355,0.8,1.0479805915701235
elasticnet,3,train,R0141,https://doi.org/10.1016/j.jcis.2025.139355,0.83,1.0479805915701235
elasticnet,3,train,R0142,https://doi.org/10.1021/acsnano.5c10218,0.96,1.012523283340814
elasticnet,3,train,R0143,https://doi.org/10.1021/acsnano.5c10218,1.18,1.1401236042982859
elasticnet,3,train,R0144,https://doi.org/10.1002/aoc.70327,1.41,1.3145489964342496
elasticnet,3,train,R0145,https://doi.org/10.1021/acs.langmuir.5c02644,1.1,1.0523851965264432
elasticnet,3,train,R0146,https://doi.org/10.1016/j.electacta.2025.146925,1.1,1.18021330056996
elasticnet,3,train,R0147,https://doi.org/10.1016/j.jcis.2025.138454,0.89,1.0496853788372917
elasticnet,3,train,R0148,https://doi.org/10.1038/s41598-025-11449-1,0.998,1.012523283340814
elasticnet,3,train,R0150,https://doi.org/10.1016/j.jpowsour.2025.237653,1.15,1.1203748900596884
elasticnet,3,train,R0151,https://doi.org/10.1021/acs.iecr.5c01518,1.18,1.2324559805903486
elasticnet,3,train,R0152,https://doi.org/10.1021/acs.iecr.5c01518,1.25,1.2948773070635657
elasticnet,3,train,R0153,https://doi.org/10.1016/j.carbon.2025.120482,1.25,1.1604645863313625
elasticnet,3,train,R0154,https://doi.org/10.1093/nsr/nwaf145,1.24,1.1401236042982859
elasticnet,3,train,R0155,https://doi.org/10.1016/j.jcis.2025.137782,1.36,1.3145489964342496
elasticnet,3,train,R0156,https://doi.org/10.1016/j.cej.2025.162908,1.3,1.2259688433374953
elasticnet,3,train,R0157,https://doi.org/10.1016/j.cej.2025.162908,1.35,1.235542604816927
elasticnet,3,train,R0158,https://doi.org/10.1016/j.cej.2025.162908,1.3,1.2259688433374953
elasticnet,3,train,R0162,https://doi.org/10.1021/jacs.4c15230,1.1,1.18021330056996
elasticnet,3,train,R0164,https://doi.org/10.1016/j.esci.2024.100310,1.08,1.1649395949280505
elasticnet,3,train,R0165,https://doi.org/10.1016/j.esci.2024.100310,1.1,1.1649395949280505
elasticnet,3,train,R0166,https://doi.org/10.1002/smll.202406516,1.2,1.18021330056996
elasticnet,3,train,R0167,https://doi.org/10.1002/anie.202418893,1.3,1.3017968545103138
elasticnet,3,train,R0168,https://doi.org/10.1016/j.electacta.2024.145384,1.01,1.0496853788372917
elasticnet,3,train,R0169,https://doi.org/10.1007/s10008-024-06115-x,1.4,1.3227560754637275
elasticnet,3,train,R0170,https://doi.org/10.1002/aenm.202402925,1.4,1.314745791317546
elasticnet,3,train,R0171,https://doi.org/10.1002/aenm.202402925,1.28,1.2744912016710217
elasticnet,3,train,R0172,https://doi.org/10.1002/aenm.202402925,1.3,1.2744912016710217
elasticnet,3,train,R0173,https://doi.org/10.1021/acs.energyfuels.4c04356,0.94,1.012523283340814
elasticnet,3,train,R0174,https://doi.org/10.1002/smll.202406525,1.25,1.23168456350976
elasticnet,3,train,R0175,https://doi.org/10.1016/j.jpowsour.2024.235394,0.95,0.9927745691022163
elasticnet,3,train,R0176,https://doi.org/10.1016/j.jpowsour.2024.235394,1.0,1.1203748900596884
elasticnet,3,train,R0179,https://doi.org/10.1039/d4sc03242j,1.1,1.18021330056996
elasticnet,3,train,R0182,https://doi.org/10.1016/j.jcis.2024.06.137,1.25,1.2312382753995141
elasticnet,3,train,R0183,https://doi.org/10.1016/j.jcis.2024.06.137,1.4,1.37364240513549
elasticnet,3,train,R0184,https://doi.org/10.1016/j.jcis.2024.06.137,1.45,1.37364240513549
elasticnet,3,train,R0185,https://doi.org/10.1002/adma.202404319,1.2,1.0846326179461476
elasticnet,3,train,R0186,https://doi.org/10.1002/adma.202405440,1.4,1.3227560754637275
elasticnet,3,train,R0188,https://doi.org/10.1016/j.jcis.2024.05.144,1.2,1.1683660834173386
elasticnet,3,train,R0189,https://doi.org/10.1016/j.ijoes.2024.100602,1.3,1.1604645863313625
elasticnet,3,train,R0190,https://doi.org/10.1016/j.jechem.2024.01.076,1.3,1.2948773070635657
elasticnet,3,train,R0191,https://doi.org/10.1016/j.jechem.2024.01.076,1.25,1.2948773070635657
elasticnet,3,train,R0192,https://doi.org/10.1016/j.jechem.2024.01.076,1.25,1.3433309284990622
elasticnet,3,train,R0193,https://doi.org/10.1002/aenm.202303766,0.95,0.9927745691022163
elasticnet,3,train,R0194,https://doi.org/10.1002/smtd.202301728,1.22,1.1872365353132857
elasticnet,3,train,R0195,https://doi.org/10.1002/smtd.202301728,1.32,1.1872365353132857
elasticnet,3,train,R0196,https://doi.org/10.1016/j.mtcomm.2024.108243,0.84,1.0479805915701235
elasticnet,3,train,R0198,https://doi.org/10.1016/j.jpowsour.2024.234130,1.05,1.0742955135257457
elasticnet,3,train,R0199,https://doi.org/10.1016/j.jpowsour.2024.234130,1.17,1.1604645863313625
elasticnet,3,train,R0200,https://doi.org/10.1021/jacs.3c12734,1.12,1.1336388789356175
elasticnet,3,test,R0007,https://doi.org/10.1016/j.jallcom.2019.152736,1.35,1.1683660834173386
elasticnet,3,test,R0008,https://doi.org/10.1016/j.jallcom.2020.153803,1.25,1.1337531781750307
elasticnet,3,test,R0017,https://doi.org/10.1016/j.jallcom.2020.154054,0.82,1.0479805915701235
elasticnet,3,test,R0019,https://doi.org/10.1016/j.jallcom.2020.157656,1.4,1.3276856175450893
elasticnet,3,test,R0020,https://doi.org/10.1002/aenm.202100110,0.95,1.0496853788372917
elasticnet,3,test,R0027,https://doi.org/10.1039/d0nr00866d,1.5,1.2992973994112198
elasticnet,3,test,R0036,https://doi.org/10.1002/er.7342,1.21,1.23168456350976
elasticnet,3,test,R0038,https://doi.org/10.1021/acsami.1c08720,0.84,1.012523283340814
elasticnet,3,test,R0041,https://doi.org/10.1007/s40242-020-0077-3,1.15,1.23168456350976
elasticnet,3,test,R0050,https://doi.org/10.1002/aenm.202203660,1.33,1.3017968545103138
elasticnet,3,test,R0060,https://doi.org/10.1021/acsami.1c22643,1.0,1.029936664598694
elasticnet,3,test,R0071,https://doi.org/10.1039/d2ta07061h,1.34,1.3652488877030045
elasticnet,3,test,R0074,https://doi.org/10.1002/smll.202204836,1.25,1.1604645863313625
elasticnet,3,test,R0075,https://doi.org/10.1002/smll.202204836,1.18,1.1203748900596884
elasticnet,3,test,R0084,https://doi.org/10.1021/acsami.3c01599,1.17,1.23168456350976
elasticnet,3,test,R0091,https://doi.org/10.1039/d1qi01260f,1.23,1.1401236042982859
elasticnet,3,test,R0095,https://doi.org/10.1002/smll.202206611,0.98,1.1221551174749191
elasticnet,3,test,R0100,https://doi.org/10.1021/acscatal.2c02544,1.15,1.23168456350976
elasticnet,3,test,R0101,https://doi.org/10.1021/acscatal.2c02544,1.15,1.23168456350976
elasticnet,3,test,R0102,https://www.science.org/doi/10.1126/sciadv.abq6261,1.2,1.18021330056996
elasticnet,3,test,R0123,https://doi.org/10.1021/acs.nanolett.3c03025,1.1,1.1401236042982859
elasticnet,3,test,R0124,https://doi.org/10.1021/acs.nanolett.3c03025,1.15,1.1401236042982859
elasticnet,3,test,R0127,https://doi.org/10.1016/j.jechem.2026.01.056,1.25,1.1338813988036829
elasticnet,3,test,R0128,https://doi.org/10.1002/smll.202512953,1.25,1.314502250279379
elasticnet,3,test,R0129,https://doi.org/10.1002/smll.202512953,1.39,1.314745791317546
elasticnet,3,test,R0130,https://doi.org/10.1002/smll.202512953,1.45,1.314745791317546
elasticnet,3,test,R0149,https://doi.org/10.1002/anie.202509132,0.94,1.0479805915701235
elasticnet,3,test,R0159,https://doi.org/10.1016/j.cej.2025.162420,0.86,1.0393338583598477
elasticnet,3,test,R0160,https://doi.org/10.1039/d5nr00300h,0.77,1.0479805915701235
elasticnet,3,test,R0161,https://doi.org/10.1039/d5nr00300h,1.29,1.3145489964342496
elasticnet,3,test,R0163,https://doi.org/10.1002/celc.202400626,1.4,1.3145489964342496
elasticnet,3,test,R0177,https://doi.org/10.1002/cey2.587,1.35,1.3017968545103138
elasticnet,3,test,R0178,https://doi.org/10.1002/cey2.550,1.25,1.189321097482285
elasticnet,3,test,R0180,https://doi.org/10.1016/j.est.2024.112780,1.3,1.2691650939525416
elasticnet,3,test,R0181,https://doi.org/10.1016/j.est.2024.112780,1.45,1.318111856065658
elasticnet,3,test,R0187,https://doi.org/10.1016/j.mtener.2024.101597,1.38,1.318111856065658
elasticnet,3,test,R0197,https://doi.org/10.1016/j.jallcom.2024.173877,1.11,1.18021330056996
elasticnet,4,train,R0001,https://doi.org/10.1016/j.electacta.2020.137645,1.3,1.2624488063437658
elasticnet,4,train,R0002,https://doi.org/10.1016/j.electacta.2020.137645,1.5,1.3168157983972268
elasticnet,4,train,R0004,https://doi.org/10.1016/j.ssi.2021.115773,1.1,1.1817513836181244
elasticnet,4,train,R0005,https://doi.org/10.1016/j.ssi.2021.115773,1.4,1.3913151297534867
elasticnet,4,train,R0006,https://doi.org/10.1016/j.jpowsour.2021.230374,1.24,1.233908069584248
elasticnet,4,train,R0007,https://doi.org/10.1016/j.jallcom.2019.152736,1.35,1.1791381626514899
elasticnet,4,train,R0008,https://doi.org/10.1016/j.jallcom.2020.153803,1.25,1.1751701508353378
elasticnet,4,train,R0009,https://doi.org/10.1016/j.jallcom.2020.158269,1.0,1.028031095616062
elasticnet,4,train,R0010,https://doi.org/10.1016/j.cej.2020.124294,1.35,1.5102386549974092
elasticnet,4,train,R0011,https://doi.org/10.1016/j.cej.2020.124294,1.4,1.5102386549974092
elasticnet,4,train,R0012,https://doi.org/10.1016/j.cej.2021.128403,0.97,1.0219482396897797
elasticnet,4,train,R0015,https://doi.org/10.1016/j.flatc.2020.100221,1.25,1.2384930743948332
elasticnet,4,train,R0016,https://doi.org/10.1016/j.jallcom.2020.157945,1.012,1.0219482396897797
elasticnet,4,train,R0017,https://doi.org/10.1016/j.jallcom.2020.154054,0.82,1.0219482396897797
elasticnet,4,train,R0018,https://doi.org/10.1016/j.jpowsour.2020.228362,1.35,1.3015700515054967
elasticnet,4,train,R0019,https://doi.org/10.1016/j.jallcom.2020.157656,1.4,1.3298549108565418
elasticnet,4,train,R0020,https://doi.org/10.1002/aenm.202100110,0.95,1.0400617296842949
elasticnet,4,train,R0021,https://doi.org/10.1002/anie.202110116,1.4,1.272877554853305
elasticnet,4,train,R0022,https://doi.org/10.1002/anie.202110116,1.3,1.272877554853305
elasticnet,4,train,R0023,https://doi.org/10.1021/acs.jpcc.1c05456,1.15,1.1817513836181244
elasticnet,4,train,R0024,https://doi.org/10.1021/acs.jpcc.1c05456,1.2,1.1817513836181244
elasticnet,4,train,R0025,https://doi.org/10.1021/acs.jpcc.1c05456,1.15,1.1817513836181244
elasticnet,4,train,R0026,https://doi.org/10.1039/d0cc05980c,1.2,1.131947886443368
elasticnet,4,train,R0027,https://doi.org/10.1039/d0nr00866d,1.5,1.4005494185750804
elasticnet,4,train,R0028,https://doi.org/10.1039/d0ta09195b,1.05,1.0215019409319215
elasticnet,4,train,R0029,https://doi.org/10.1039/d1ta00538c,1.3,1.1756253370514713
elasticnet,4,train,R0030,https://doi.org/10.1039/d1ta04830a,1.05,1.0735644459156952
elasticnet,4,train,R0031,https://doi.org/10.1002/ente.201901257,1.15,1.218303819747905
elasticnet,4,train,R0032,https://doi.org/10.1002/ente.201901257,1.2,1.218303819747905
elasticnet,4,train,R0034,https://dx.doi.org/10.1021/acsnano.9b09646,1.45,1.3930254264663064
elasticnet,4,train,R0035,https://dx.doi.org/10.1021/acsami.0c02087,1.15,1.099404468049501
elasticnet,4,train,R0036,https://doi.org/10.1002/er.7342,1.21,1.233908069584248
elasticnet,4,train,R0037,https://doi.org/10.1002/er.6806,1.0,1.0308741084161208
elasticnet,4,train,R0038,https://doi.org/10.1021/acsami.1c08720,0.84,0.9816283277063151
elasticnet,4,train,R0039,https://dx.doi.org/10.1021/acsami.9b21904,1.3,1.3131621825804907
elasticnet,4,train,R0040,https://doi.org/10.1007/s11581-021-04046-5,0.9,1.0219482396897797
elasticnet,4,train,R0041,https://doi.org/10.1007/s40242-020-0077-3,1.15,1.233908069584248
elasticnet,4,train,R0044,https://dx.doi.org/10.1021/acscatal.0c02608,1.35,1.3131621825804907
elasticnet,4,train,R0045,https://doi.org/10.1021/acsaem.1c01572,1.1,1.0163904481185673
elasticnet,4,train,R0046,https://doi.org/10.1021/acsaem.1c01572,1.3,1.272877554853305
elasticnet,4,train,R0048,https://doi.org/10.1002/aenm.202103910,1.0,1.005467942448723
elasticnet,4,train,R0050,https://doi.org/10.1002/aenm.202203660,1.33,1.3100131979037026
elasticnet,4,train,R0051,https://doi.org/10.1016/j.ensm.2023.102874,1.21,1.0837391802923981
elasticnet,4,train,R0052,https://doi.org/10.1016/j.ensm.2023.102989,1.1,1.099404468049501
elasticnet,4,train,R0053,https://doi.org/10.1016/j.ensm.2022.07.026,1.1,1.083028294397894
elasticnet,4,train,R0054,https://doi.org/10.1016/S1872‐2067(23)64409‐2,1.1,1.099404468049501
elasticnet,4,train,R0055,https://doi.org/10.1016/S1872‐2067(23)64409‐2,1.15,1.099404468049501
elasticnet,4,train,R0056,https://doi.org/10.1016/j.jallcom.2023.170130,1.29,1.233908069584248
elasticnet,4,train,R0057,https://doi.org/10.1002/smll.202205532,1.08,1.0400617296842949
elasticnet,4,train,R0060,https://doi.org/10.1021/acsami.1c22643,1.0,1.0339356831176418
elasticnet,4,train,R0061,https://doi.org/10.1016/j.jelechem.2022.116810,1.15,1.131947886443368
elasticnet,4,train,R0067,https://doi.org/10.3390/nano12142386,1.2,1.1936638111103595
elasticnet,4,train,R0068,https://doi.org/10.1021/acsami.2c19975,1.03,1.0377708037294564
elasticnet,4,train,R0069,https://doi.org/10.1021/acsami.2c19975,1.38,1.3292131994212355
elasticnet,4,train,R0070,https://doi.org/10.1016/j.cej.2022.136852,1.06,1.0219482396897797
elasticnet,4,train,R0071,https://doi.org/10.1039/d2ta07061h,1.34,1.3913151297534867
elasticnet,4,train,R0073,https://doi.org/10.1016/j.jelechem.2022.116356,1.3,1.3100131979037026
elasticnet,4,train,R0074,https://doi.org/10.1002/smll.202204836,1.25,1.1756253370514713
elasticnet,4,train,R0075,https://doi.org/10.1002/smll.202204836,1.18,1.1258218398767148
elasticnet,4,train,R0078,https://doi.org/10.1016/j.cej.2022.137684,1.29,1.3292131994212355
elasticnet,4,train,R0079,https://doi.org/10.1016/j.cej.2022.137684,1.41,1.272877554853305
elasticnet,4,train,R0080,https://doi.org/10.1016/j.est.2023.107329,1.01,1.1093109455632433
elasticnet,4,train,R0084,https://doi.org/10.1021/acsami.3c01599,1.17,1.233908069584248
elasticnet,4,train,R0086,https://doi.org/10.1016/j.est.2023.109342,1.35,1.3274849740650227
elasticnet,4,train,R0087,https://doi.org/10.1016/j.est.2023.109342,1.5,1.3274849740650227
elasticnet,4,train,R0088,https://doi.org/10.1016/j.est.2023.109342,1.4,1.3274849740650227
elasticnet,4,train,R0089,https://doi.org/10.1016/j.jcis.2022.12.148,1.28,1.3100131979037026
elasticnet,4,train,R0090,https://doi.org/10.1016/j.cej.2022.139524,1.22,1.1936638111103595
elasticnet,4,train,R0091,https://doi.org/10.1039/d1qi01260f,1.23,1.131947886443368
elasticnet,4,train,R0092,https://doi.org/10.1016/j.carbon.2022.04.080,1.32,1.3100131979037026
elasticnet,4,train,R0093,https://doi.org/10.1016/j.jallcom.2022.163703,1.09,1.0082372040841807
elasticnet,4,train,R0094,https://doi.org/10.1016/j.electacta.2022.140894,1.05,1.1817513836181244
elasticnet,4,train,R0095,https://doi.org/10.1002/smll.202206611,0.98,1.144994389031467
elasticnet,4,train,R0099,https://doi.org/10.1021/acsami.2c19975,1.38,1.3292131994212355
elasticnet,4,train,R0100,https://doi.org/10.1021/acscatal.2c02544,1.15,1.233908069584248
elasticnet,4,train,R0101,https://doi.org/10.1021/acscatal.2c02544,1.15,1.233908069584248
elasticnet,4,train,R0102,https://www.science.org/doi/10.1126/sciadv.abq6261,1.2,1.1817513836181244
elasticnet,4,train,R0108,https://doi.org/10.1016/j.cej.2022.138462,1.17,1.1936638111103595
elasticnet,4,train,R0109,https://doi.org/10.1002/smll.202302598,1.25,1.2969521982765093
elasticnet,4,train,R0111,https://doi.org/10.1016/j.apcatb.2022.122203,1.25,1.3100131979037026
elasticnet,4,train,R0112,https://doi.org/10.1021/acsnano.3c05782,1.12,1.0889645926288707
elasticnet,4,train,R0113,https://doi.org/10.1039/d2ta03604e,0.85,1.0219482396897797
elasticnet,4,train,R0114,https://doi.org/10.1016/j.compositesb.2022.109727,1.1,1.1817513836181244
elasticnet,4,train,R0115,https://doi.org/10.1016/j.ensm.2022.05.029,1.14,1.1936638111103595
elasticnet,4,train,R0116,https://doi.org/10.1016/j.cej.2023.143351,1.23,1.2353734829585192
elasticnet,4,train,R0117,https://doi.org/10.1002/adfm.202209876,1.18,1.2932629813275913
elasticnet,4,train,R0119,https://doi.org/10.1021/acsaem.3c02592,0.98,1.1258218398767148
elasticnet,4,train,R0120,https://doi.org/10.1002/aenm.202204057,1.3,1.2198552641029534
elasticnet,4,train,R0121,https://doi.org/10.1002/aenm.202204057,1.4,1.3930254264663064
elasticnet,4,train,R0122,https://doi.org/10.1002/aenm.202204057,1.5,1.3298549108565418
elasticnet,4,train,R0123,https://doi.org/10.1021/acs.nanolett.3c03025,1.1,1.131947886443368
elasticnet,4,train,R0124,https://doi.org/10.1021/acs.nanolett.3c03025,1.15,1.131947886443368
elasticnet,4,train,R0125,https://sioc-journal.cn/Jwk_hxxb/EN/10.6023/A22050206,1.08,1.099404468049501
elasticnet,4,train,R0126,https://doi.org/10.1016/j.jcis.2026.140244,1.04,1.0339356831176418
elasticnet,4,train,R0127,https://doi.org/10.1016/j.jechem.2026.01.056,1.25,1.2030233489432474
elasticnet,4,train,R0128,https://doi.org/10.1002/smll.202512953,1.25,1.3015700515054967
elasticnet,4,train,R0129,https://doi.org/10.1002/smll.202512953,1.39,1.3163227384252798
elasticnet,4,train,R0130,https://doi.org/10.1002/smll.202512953,1.45,1.3163227384252798
elasticnet,4,train,R0131,https://doi.org/10.1002/advs.202522315,1.0,1.144994389031467
elasticnet,4,train,R0132,https://doi.org/10.1016/j.electacta.2025.147671,1.15,1.0889645926288707
elasticnet,4,train,R0133,https://doi.org/10.1021/acsaem.5c03033,1.25,1.2443844898170815
elasticnet,4,train,R0134,https://doi.org/10.1021/acsanm.5c04476,1.04,1.1258218398767148
elasticnet,4,train,R0135,https://doi.org/10.1021/acsanm.5c04476,1.25,1.2969521982765093
elasticnet,4,train,R0136,https://doi.org/10.1088/2631-6331/ae1925,1.3,1.3244893872490677
elasticnet,4,train,R0137,https://doi.org/10.1002/anie.202521423,1.2,1.1756253370514713
elasticnet,4,train,R0138,https://doi.org/10.1080/1536383X.2025.2583369,1.3,1.280981773481806
elasticnet,4,train,R0139,https://doi.org/10.1002/anie.202520097,1.2,1.131947886443368
elasticnet,4,train,R0140,https://doi.org/10.1016/j.jcis.2025.139355,0.8,1.0219482396897797
elasticnet,4,train,R0141,https://doi.org/10.1016/j.jcis.2025.139355,0.83,1.0219482396897797
elasticnet,4,train,R0142,https://doi.org/10.1021/acsnano.5c10218,0.96,0.9816283277063151
elasticnet,4,train,R0143,https://doi.org/10.1021/acsnano.5c10218,1.18,1.131947886443368
elasticnet,4,train,R0144,https://doi.org/10.1002/aoc.70327,1.41,1.3244893872490677
elasticnet,4,train,R0146,https://doi.org/10.1016/j.electacta.2025.146925,1.1,1.1817513836181244
elasticnet,4,train,R0147,https://doi.org/10.1016/j.jcis.2025.138454,0.89,1.0400617296842949
elasticnet,4,train,R0148,https://doi.org/10.1038/s41598-025-11449-1,0.998,0.9816283277063151
elasticnet,4,train,R0149,https://doi.org/10.1002/anie.202509132,0.94,1.0219482396897797
elasticnet,4,train,R0151,https://doi.org/10.1021/acs.iecr.5c01518,1.18,1.2306921649622673
elasticnet,4,train,R0152,https://doi.org/10.1021/acs.iecr.5c01518,1.25,1.2969521982765093
elasticnet,4,train,R0153,https://doi.org/10.1016/j.carbon.2025.120482,1.25,1.1756253370514713
elasticnet,4,train,R0154,https://doi.org/10.1093/nsr/nwaf145,1.24,1.131947886443368
elasticnet,4,train,R0155,https://doi.org/10.1016/j.jcis.2025.137782,1.36,1.3244893872490677
elasticnet,4,train,R0156,https://doi.org/10.1016/j.cej.2025.162908,1.3,1.2174853273114343
elasticnet,4,train,R0157,https://doi.org/10.1016/j.cej.2025.162908,1.35,1.2198552641029534
elasticnet,4,train,R0158,https://doi.org/10.1016/j.cej.2025.162908,1.3,1.2174853273114343
elasticnet,4,train,R0159,https://doi.org/10.1016/j.cej.2025.162420,0.86,0.990162718784911
elasticnet,4,train,R0160,https://doi.org/10.1039/d5nr00300h,0.77,1.0219482396897797
elasticnet,4,train,R0161,https://doi.org/10.1039/d5nr00300h,1.29,1.3244893872490677
elasticnet,4,train,R0163,https://doi.org/10.1002/celc.202400626,1.4,1.3244893872490677
elasticnet,4,train,R0167,https://doi.org/10.1002/anie.202418893,1.3,1.3100131979037026
elasticnet,4,train,R0168,https://doi.org/10.1016/j.electacta.2024.145384,1.01,1.0400617296842949
elasticnet,4,train,R0169,https://doi.org/10.1007/s10008-024-06115-x,1.4,1.3168157983972268
elasticnet,4,train,R0173,https://doi.org/10.1021/acs.energyfuels.4c04356,0.94,0.9816283277063151
elasticnet,4,train,R0174,https://doi.org/10.1002/smll.202406525,1.25,1.233908069584248
elasticnet,4,train,R0175,https://doi.org/10.1016/j.jpowsour.2024.235394,0.95,0.9755022811396621
elasticnet,4,train,R0176,https://doi.org/10.1016/j.jpowsour.2024.235394,1.0,1.1258218398767148
elasticnet,4,train,R0177,https://doi.org/10.1002/cey2.587,1.35,1.3100131979037026
elasticnet,4,train,R0178,https://doi.org/10.1002/cey2.550,1.25,1.2165145999467863
elasticnet,4,train,R0179,https://doi.org/10.1039/d4sc03242j,1.1,1.1817513836181244
elasticnet,4,train,R0180,https://doi.org/10.1016/j.est.2024.112780,1.3,1.2970557866926282
elasticnet,4,train,R0181,https://doi.org/10.1016/j.est.2024.112780,1.45,1.3274849740650227
elasticnet,4,train,R0182,https://doi.org/10.1016/j.jcis.2024.06.137,1.25,1.2136989426593294
elasticnet,4,train,R0183,https://doi.org/10.1016/j.jcis.2024.06.137,1.4,1.3930254264663064
elasticnet,4,train,R0184,https://doi.org/10.1016/j.jcis.2024.06.137,1.45,1.3930254264663064
elasticnet,4,train,R0185,https://doi.org/10.1002/adma.202404319,1.2,1.0606554326446826
elasticnet,4,train,R0186,https://doi.org/10.1002/adma.202405440,1.4,1.3168157983972268
elasticnet,4,train,R0187,https://doi.org/10.1016/j.mtener.2024.101597,1.38,1.3274849740650227
elasticnet,4,train,R0188,https://doi.org/10.1016/j.jcis.2024.05.144,1.2,1.1791381626514899
elasticnet,4,train,R0189,https://doi.org/10.1016/j.ijoes.2024.100602,1.3,1.1756253370514713
elasticnet,4,train,R0190,https://doi.org/10.1016/j.jechem.2024.01.076,1.3,1.2969521982765093
elasticnet,4,train,R0191,https://doi.org/10.1016/j.jechem.2024.01.076,1.25,1.2969521982765093
elasticnet,4,train,R0192,https://doi.org/10.1016/j.jechem.2024.01.076,1.25,1.3427531643600188
elasticnet,4,train,R0193,https://doi.org/10.1002/aenm.202303766,0.95,0.9755022811396621
elasticnet,4,train,R0194,https://doi.org/10.1002/smtd.202301728,1.22,1.1977285178646262
elasticnet,4,train,R0195,https://doi.org/10.1002/smtd.202301728,1.32,1.1977285178646262
elasticnet,4,train,R0197,https://doi.org/10.1016/j.jallcom.2024.173877,1.11,1.1817513836181244
elasticnet,4,test,R0003,https://doi.org/10.1016/j.apcatb.2019.118283,1.27,1.2198552641029534
elasticnet,4,test,R0013,http://dx.doi.org/10.1016/j.jelechem.2020.114124,1.25,1.286615911271998
elasticnet,4,test,R0014,https://doi.org/10.1016/j.jechem.2020.07.053,0.98,1.144994389031467
elasticnet,4,test,R0033,https://dx.doi.org/10.1021/acsaem.0c01691,1.35,1.3131621825804907
elasticnet,4,test,R0042,https://doi.org/10.1002/smll.202105752,1.4,1.3298549108565418
elasticnet,4,test,R0043,https://doi.org/10.1002/smll.202105752,1.25,1.2969521982765093
elasticnet,4,test,R0047,https://doi.org/10.1002/aenm.202200791,1.0,1.005467942448723
elasticnet,4,test,R0049,https://doi.org/10.1016/j.apcatb.2022.121844,0.92,1.0360968460598425
elasticnet,4,test,R0058,https://doi.org/10.1016/j.electacta.2023.142096,0.99,1.0094218644522706
elasticnet,4,test,R0059,https://doi.org/10.1016/j.electacta.2022.140147,1.11,1.1258218398767148
elasticnet,4,test,R0062,https://doi.org/10.1002/slct.202200870,1.04,1.0219482396897797
elasticnet,4,test,R0063,https://doi.org/10.1002/slct.202200870,1.1,1.1882143184705776
elasticnet,4,test,R0064,https://doi.org/10.1002/slct.202200870,1.11,1.1258218398767148
elasticnet,4,test,R0065,https://doi.org/10.1016/j.cej.2023.146775,1.0,1.2686049331620084
elasticnet,4,test,R0066,https://www.pnas.org/lookup/suppl/doi:10.1073/pnas.2301439120/-/DCSupplemental.,1.11,0.9780191738702357
elasticnet,4,test,R0072,https://doi.org/10.1016/j.ijhydene.2023.12.023,1.4,1.3274849740650227
elasticnet,4,test,R0076,https://doi.org/10.1002/admi.202102110,0.98,1.0158221931231266
elasticnet,4,test,R0077,https://doi.org/10.1002/admi.202102110,1.04,1.1882143184705776
elasticnet,4,test,R0081,https://doi.org/10.1021/acs.jpcc.3c01042,1.2,1.1817513836181244
elasticnet,4,test,R0082,https://doi.org/10.1021/acs.jpcc.3c01042,1.25,1.1817513836181244
elasticnet,4,test,R0083,https://doi.org/10.1021/acs.jpcc.3c01042,1.25,1.1817513836181244
elasticnet,4,test,R0085,https://doi.org/10.1021/jacs.2c11676,1.05,1.1882143184705776
elasticnet,4,test,R0096,https://doi.org/10.1002/adsu.202300510,0.95,1.0486639846010675
elasticnet,4,test,R0097,https://doi.org/10.1002/adsu.202300510,1.2,1.233908069584248
elasticnet,4,test,R0098,https://doi.org/10.1002/adsu.202300510,1.25,1.233908069584248
elasticnet,4,test,R0103,https://doi.org/10.1007/s12274-022-5330-2,1.2,1.131947886443368
elasticnet,4,test,R0104,https://doi.org/10.1007/s12274-022-5330-2,1.15,1.099404468049501
elasticnet,4,test,R0105,https://doi.org/10.1007/s12274-022-5330-2,1.1,1.131947886443368
elasticnet,4,test,R0106,https://doi.org/10.1007/s12274-022-5330-2,1.08,1.099404468049501
elasticnet,4,test,R0107,https://doi.org/10.1016/j.ensm.2023.102829,1.2,1.2447453703174782
elasticnet,4,test,R0110,https://doi.org/10.1002/adma.202106436,1.2,1.1960623607580747
elasticnet,4,test,R0118,https://doi.org/10.1002/smll.202106707,1.42,1.3913151297534867
elasticnet,4,test,R0145,https://doi.org/10.1021/acs.langmuir.5c02644,1.1,1.0215019409319215
elasticnet,4,test,R0150,https://doi.org/10.1016/j.jpowsour.2025.237653,1.15,1.1258218398767148
elasticnet,4,test,R0162,https://doi.org/10.1021/jacs.4c15230,1.1,1.1817513836181244
elasticnet,4,test,R0164,https://doi.org/10.1016/j.esci.2024.100310,1.08,1.1882143184705776
elasticnet,4,test,R0165,https://doi.org/10.1016/j.esci.2024.100310,1.1,1.1882143184705776
elasticnet,4,test,R0166,https://doi.org/10.1002/smll.202406516,1.2,1.1817513836181244
elasticnet,4,test,R0170,https://doi.org/10.1002/aenm.202402925,1.4,1.3163227384252798
elasticnet,4,test,R0171,https://doi.org/10.1002/aenm.202402925,1.28,1.272877554853305
elasticnet,4,test,R0172,https://doi.org/10.1002/aenm.202402925,1.3,1.272877554853305
elasticnet,4,test,R0196,https://doi.org/10.1016/j.mtcomm.2024.108243,0.84,1.0219482396897797
elasticnet,4,test,R0198,https://doi.org/10.1016/j.jpowsour.2024.234130,1.05,1.0945291393666463
elasticnet,4,test,R0199,https://doi.org/10.1016/j.jpowsour.2024.234130,1.17,1.1756253370514713
elasticnet,4,test,R0200,https://doi.org/10.1021/jacs.3c12734,1.12,1.090128171670747
extratrees,0,train,R0001,https://doi.org/10.1016/j.electacta.2020.137645,1.3,1.3024974131750662
extratrees,0,train,R0002,https://doi.org/10.1016/j.electacta.2020.137645,1.5,1.4856707851734325
extratrees,0,train,R0003,https://doi.org/10.1016/j.apcatb.2019.118283,1.27,1.2774569444444426
extratrees,0,train,R0004,https://doi.org/10.1016/j.ssi.2021.115773,1.1,1.1586105718355797
extratrees,0,train,R0005,https://doi.org/10.1016/j.ssi.2021.115773,1.4,1.3875150462962902
extratrees,0,train,R0006,https://doi.org/10.1016/j.jpowsour.2021.230374,1.24,1.2052283854180446
extratrees,0,train,R0007,https://doi.org/10.1016/j.jallcom.2019.152736,1.35,1.3195916666666696
extratrees,0,train,R0008,https://doi.org/10.1016/j.jallcom.2020.153803,1.25,1.2418578431372544
extratrees,0,train,R0009,https://doi.org/10.1016/j.jallcom.2020.158269,1.0,1.0300446825396814
extratrees,0,train,R0012,https://doi.org/10.1016/j.cej.2021.128403,0.97,0.920214988344986
extratrees,0,train,R0013,http://dx.doi.org/10.1016/j.jelechem.2020.114124,1.25,1.2667208333333297
extratrees,0,train,R0014,https://doi.org/10.1016/j.jechem.2020.07.053,0.98,1.0094583333333285
extratrees,0,train,R0016,https://doi.org/10.1016/j.jallcom.2020.157945,1.012,0.920214988344986
extratrees,0,train,R0017,https://doi.org/10.1016/j.jallcom.2020.154054,0.82,0.920214988344986
extratrees,0,train,R0018,https://doi.org/10.1016/j.jpowsour.2020.228362,1.35,1.302610660820667
extratrees,0,train,R0019,https://doi.org/10.1016/j.jallcom.2020.157656,1.4,1.432779861111114
extratrees,0,train,R0020,https://doi.org/10.1002/aenm.202100110,0.95,0.9739863492063489
extratrees,0,train,R0021,https://doi.org/10.1002/anie.202110116,1.4,1.3319189968691412
extratrees,0,train,R0022,https://doi.org/10.1002/anie.202110116,1.3,1.3319189968691412
extratrees,0,train,R0023,https://doi.org/10.1021/acs.jpcc.1c05456,1.15,1.1586105718355797
extratrees,0,train,R0024,https://doi.org/10.1021/acs.jpcc.1c05456,1.2,1.1586105718355797
extratrees,0,train,R0025,https://doi.org/10.1021/acs.jpcc.1c05456,1.15,1.1586105718355797
extratrees,0,train,R0026,https://doi.org/10.1039/d0cc05980c,1.2,1.1772090089861877
extratrees,0,train,R0027,https://doi.org/10.1039/d0nr00866d,1.5,1.4964866666666667
extratrees,0,train,R0031,https://doi.org/10.1002/ente.201901257,1.15,1.1897934708881317
extratrees,0,train,R0032,https://doi.org/10.1002/ente.201901257,1.2,1.1897934708881317
extratrees,0,train,R0033,https://dx.doi.org/10.1021/acsaem.0c01691,1.35,1.33321383638148
extratrees,0,train,R0036,https://doi.org/10.1002/er.7342,1.21,1.2052283854180446
extratrees,0,train,R0037,https://doi.org/10.1002/er.6806,1.0,1.0024694444444437
extratrees,0,train,R0038,https://doi.org/10.1021/acsami.1c08720,0.84,0.8518444444444409
extratrees,0,train,R0039,https://dx.doi.org/10.1021/acsami.9b21904,1.3,1.33321383638148
extratrees,0,train,R0040,https://doi.org/10.1007/s11581-021-04046-5,0.9,0.920214988344986
extratrees,0,train,R0041,https://doi.org/10.1007/s40242-020-0077-3,1.15,1.2052283854180446
extratrees,0,train,R0042,https://doi.org/10.1002/smll.202105752,1.4,1.432779861111114
extratrees,0,train,R0043,https://doi.org/10.1002/smll.202105752,1.25,1.2612055555555548
extratrees,0,train,R0044,https://dx.doi.org/10.1021/acscatal.0c02608,1.35,1.33321383638148
extratrees,0,train,R0045,https://doi.org/10.1021/acsaem.1c01572,1.1,1.0818805555555575
extratrees,0,train,R0046,https://doi.org/10.1021/acsaem.1c01572,1.3,1.3319189968691412
extratrees,0,train,R0047,https://doi.org/10.1002/aenm.202200791,1.0,0.994665238095237
extratrees,0,train,R0049,https://doi.org/10.1016/j.apcatb.2022.121844,0.92,0.9422627661227638
extratrees,0,train,R0050,https://doi.org/10.1002/aenm.202203660,1.33,1.3026913359788417
extratrees,0,train,R0053,https://doi.org/10.1016/j.ensm.2022.07.026,1.1,1.038455555555549
extratrees,0,train,R0054,https://doi.org/10.1016/S1872‐2067(23)64409‐2,1.1,1.1120219047619075
extratrees,0,train,R0055,https://doi.org/10.1016/S1872‐2067(23)64409‐2,1.15,1.1120219047619075
extratrees,0,train,R0056,https://doi.org/10.1016/j.jallcom.2023.170130,1.29,1.2052283854180446
extratrees,0,train,R0057,https://doi.org/10.1002/smll.202205532,1.08,0.9739863492063489
extratrees,0,train,R0058,https://doi.org/10.1016/j.electacta.2023.142096,0.99,0.983253571428571
extratrees,0,train,R0059,https://doi.org/10.1016/j.electacta.2022.140147,1.11,1.0883232086753802
extratrees,0,train,R0060,https://doi.org/10.1021/acsami.1c22643,1.0,1.0169805555555542
extratrees,0,train,R0062,https://doi.org/10.1002/slct.202200870,1.04,0.920214988344986
extratrees,0,train,R0063,https://doi.org/10.1002/slct.202200870,1.1,1.0744198753420557
extratrees,0,train,R0064,https://doi.org/10.1002/slct.202200870,1.11,1.0883232086753802
extratrees,0,train,R0065,https://doi.org/10.1016/j.cej.2023.146775,1.0,1.0111249999999996
extratrees,0,train,R0066,https://www.pnas.org/lookup/suppl/doi:10.1073/pnas.2301439120/-/DCSupplemental.,1.11,1.1135425213675267
extratrees,0,train,R0070,https://doi.org/10.1016/j.cej.2022.136852,1.06,0.920214988344986
extratrees,0,train,R0071,https://doi.org/10.1039/d2ta07061h,1.34,1.3875150462962902
extratrees,0,train,R0072,https://doi.org/10.1016/j.ijhydene.2023.12.023,1.4,1.413203935185191
extratrees,0,train,R0073,https://doi.org/10.1016/j.jelechem.2022.116356,1.3,1.3026913359788417
extratrees,0,train,R0074,https://doi.org/10.1002/smll.202204836,1.25,1.2344780148082595
extratrees,0,train,R0075,https://doi.org/10.1002/smll.202204836,1.18,1.0883232086753802
extratrees,0,train,R0076,https://doi.org/10.1002/admi.202102110,0.98,0.9731299999999986
extratrees,0,train,R0077,https://doi.org/10.1002/admi.202102110,1.04,1.0744198753420557
extratrees,0,train,R0078,https://doi.org/10.1016/j.cej.2022.137684,1.29,1.334011522306665
extratrees,0,train,R0079,https://doi.org/10.1016/j.cej.2022.137684,1.41,1.3319189968691412
extratrees,0,train,R0080,https://doi.org/10.1016/j.est.2023.107329,1.01,1.0002230158730137
extratrees,0,train,R0081,https://doi.org/10.1021/acs.jpcc.3c01042,1.2,1.1586105718355797
extratrees,0,train,R0082,https://doi.org/10.1021/acs.jpcc.3c01042,1.25,1.1586105718355797
extratrees,0,train,R0083,https://doi.org/10.1021/acs.jpcc.3c01042,1.25,1.1586105718355797
extratrees,0,train,R0084,https://doi.org/10.1021/acsami.3c01599,1.17,1.2052283854180446
extratrees,0,train,R0085,https://doi.org/10.1021/jacs.2c11676,1.05,1.0744198753420557
extratrees,0,train,R0086,https://doi.org/10.1016/j.est.2023.109342,1.35,1.413203935185191
extratrees,0,train,R0087,https://doi.org/10.1016/j.est.2023.109342,1.5,1.413203935185191
extratrees,0,train,R0088,https://doi.org/10.1016/j.est.2023.109342,1.4,1.413203935185191
extratrees,0,train,R0089,https://doi.org/10.1016/j.jcis.2022.12.148,1.28,1.3026913359788417
extratrees,0,train,R0090,https://doi.org/10.1016/j.cej.2022.139524,1.22,1.1764367867639662
extratrees,0,train,R0091,https://doi.org/10.1039/d1qi01260f,1.23,1.1772090089861877
extratrees,0,train,R0093,https://doi.org/10.1016/j.jallcom.2022.163703,1.09,1.0652194444444434
extratrees,0,train,R0094,https://doi.org/10.1016/j.electacta.2022.140894,1.05,1.1586105718355797
extratrees,0,train,R0095,https://doi.org/10.1002/smll.202206611,0.98,1.0094583333333285
extratrees,0,train,R0096,https://doi.org/10.1002/adsu.202300510,0.95,0.9603161111111073
extratrees,0,train,R0097,https://doi.org/10.1002/adsu.202300510,1.2,1.2052283854180446
extratrees,0,train,R0098,https://doi.org/10.1002/adsu.202300510,1.25,1.2052283854180446
extratrees,0,train,R0099,https://doi.org/10.1021/acsami.2c19975,1.38,1.334011522306665
extratrees,0,train,R0100,https://doi.org/10.1021/acscatal.2c02544,1.15,1.2052283854180446
extratrees,0,train,R0101,https://doi.org/10.1021/acscatal.2c02544,1.15,1.2052283854180446
extratrees,0,train,R0102,https://www.science.org/doi/10.1126/sciadv.abq6261,1.2,1.1586105718355797
extratrees,0,train,R0103,https://doi.org/10.1007/s12274-022-5330-2,1.2,1.1772090089861877
extratrees,0,train,R0104,https://doi.org/10.1007/s12274-022-5330-2,1.15,1.1120219047619075
extratrees,0,train,R0105,https://doi.org/10.1007/s12274-022-5330-2,1.1,1.1772090089861877
extratrees,0,train,R0106,https://doi.org/10.1007/s12274-022-5330-2,1.08,1.1120219047619075
extratrees,0,train,R0107,https://doi.org/10.1016/j.ensm.2023.102829,1.2,1.2299893733516796
extratrees,0,train,R0108,https://doi.org/10.1016/j.cej.2022.138462,1.17,1.1764367867639662
extratrees,0,train,R0110,https://doi.org/10.1002/adma.202106436,1.2,1.2139763616557708
extratrees,0,train,R0111,https://doi.org/10.1016/j.apcatb.2022.122203,1.25,1.3026913359788417
extratrees,0,train,R0112,https://doi.org/10.1021/acsnano.3c05782,1.12,1.1350841269841223
extratrees,0,train,R0113,https://doi.org/10.1039/d2ta03604e,0.85,0.920214988344986
extratrees,0,train,R0114,https://doi.org/10.1016/j.compositesb.2022.109727,1.1,1.1586105718355797
extratrees,0,train,R0115,https://doi.org/10.1016/j.ensm.2022.05.029,1.14,1.1764367867639662
extratrees,0,train,R0116,https://doi.org/10.1016/j.cej.2023.143351,1.23,1.2409444444444475
extratrees,0,train,R0117,https://doi.org/10.1002/adfm.202209876,1.18,1.1935722222222267
extratrees,0,train,R0118,https://doi.org/10.1002/smll.202106707,1.42,1.3875150462962902
extratrees,0,train,R0119,https://doi.org/10.1021/acsaem.3c02592,0.98,1.0883232086753802
extratrees,0,train,R0120,https://doi.org/10.1002/aenm.202204057,1.3,1.2774569444444426
extratrees,0,train,R0121,https://doi.org/10.1002/aenm.202204057,1.4,1.416968750000005
extratrees,0,train,R0122,https://doi.org/10.1002/aenm.202204057,1.5,1.432779861111114
extratrees,0,train,R0123,https://doi.org/10.1021/acs.nanolett.3c03025,1.1,1.1772090089861877
extratrees,0,train,R0124,https://doi.org/10.1021/acs.nanolett.3c03025,1.15,1.1772090089861877
extratrees,0,train,R0125,https://sioc-journal.cn/Jwk_hxxb/EN/10.6023/A22050206,1.08,1.1120219047619075
extratrees,0,train,R0126,https://doi.org/10.1016/j.jcis.2026.140244,1.04,1.0169805555555542
extratrees,0,train,R0127,https://doi.org/10.1016/j.jechem.2026.01.056,1.25,1.2550431623931633
extratrees,0,train,R0128,https://doi.org/10.1002/smll.202512953,1.25,1.302610660820667
extratrees,0,train,R0129,https://doi.org/10.1002/smll.202512953,1.39,1.4141315384615445
extratrees,0,train,R0130,https://doi.org/10.1002/smll.202512953,1.45,1.4141315384615445
extratrees,0,train,R0131,https://doi.org/10.1002/advs.202522315,1.0,1.0094583333333285
extratrees,0,train,R0132,https://doi.org/10.1016/j.electacta.2025.147671,1.15,1.1350841269841223
extratrees,0,train,R0133,https://doi.org/10.1021/acsaem.5c03033,1.25,1.2535072222222228
extratrees,0,train,R0136,https://doi.org/10.1088/2631-6331/ae1925,1.3,1.349787813792966
extratrees,0,train,R0137,https://doi.org/10.1002/anie.202521423,1.2,1.2344780148082595
extratrees,0,train,R0138,https://doi.org/10.1080/1536383X.2025.2583369,1.3,1.2605688935999524
extratrees,0,train,R0139,https://doi.org/10.1002/anie.202520097,1.2,1.1772090089861877
extratrees,0,train,R0144,https://doi.org/10.1002/aoc.70327,1.41,1.349787813792966
extratrees,0,train,R0145,https://doi.org/10.1021/acs.langmuir.5c02644,1.1,1.1043047008547018
extratrees,0,train,R0147,https://doi.org/10.1016/j.jcis.2025.138454,0.89,0.9739863492063489
extratrees,0,train,R0149,https://doi.org/10.1002/anie.202509132,0.94,0.920214988344986
extratrees,0,train,R0150,https://doi.org/10.1016/j.jpowsour.2025.237653,1.15,1.0883232086753802
extratrees,0,train,R0153,https://doi.org/10.1016/j.carbon.2025.120482,1.25,1.2344780148082595
extratrees,0,train,R0154,https://doi.org/10.1093/nsr/nwaf145,1.24,1.1772090089861877
extratrees,0,train,R0159,https://doi.org/10.1016/j.cej.2025.162420,0.86,0.8517555555555522
extratrees,0,train,R0160,https://doi.org/10.1039/d5nr00300h,0.77,0.920214988344986
extratrees,0,train,R0161,https://doi.org/10.1039/d5nr00300h,1.29,1.349787813792966
extratrees,0,train,R0162,https://doi.org/10.1021/jacs.4c15230,1.1,1.1586105718355797
extratrees,0,train,R0163,https://doi.org/10.1002/celc.202400626,1.4,1.349787813792966
extratrees,0,train,R0164,https://doi.org/10.1016/j.esci.2024.100310,1.08,1.0744198753420557
extratrees,0,train,R0165,https://doi.org/10.1016/j.esci.2024.100310,1.1,1.0744198753420557
extratrees,0,train,R0166,https://doi.org/10.1002/smll.202406516,1.2,1.1586105718355797
extratrees,0,train,R0170,https://doi.org/10.1002/aenm.202402925,1.4,1.4141315384615445
extratrees,0,train,R0171,https://doi.org/10.1002/aenm.202402925,1.28,1.3319189968691412
extratrees,0,train,R0172,https://doi.org/10.1002/aenm.202402925,1.3,1.3319189968691412
extratrees,0,train,R0174,https://doi.org/10.1002/smll.202406525,1.25,1.2052283854180446
extratrees,0,train,R0175,https://doi.org/10.1016/j.jpowsour.2024.235394,0.95,0.9573381196581173
extratrees,0,train,R0176,https://doi.org/10.1016/j.jpowsour.2024.235394,1.0,1.0883232086753802
extratrees,0,train,R0177,https://doi.org/10.1002/cey2.587,1.35,1.3026913359788417
extratrees,0,train,R0178,https://doi.org/10.1002/cey2.550,1.25,1.2448386632430757
extratrees,0,train,R0180,https://doi.org/10.1016/j.est.2024.112780,1.3,1.2873652777777755
extratrees,0,train,R0181,https://doi.org/10.1016/j.est.2024.112780,1.45,1.413203935185191
extratrees,0,train,R0182,https://doi.org/10.1016/j.jcis.2024.06.137,1.25,1.2452944444444474
extratrees,0,train,R0183,https://doi.org/10.1016/j.jcis.2024.06.137,1.4,1.416968750000005
extratrees,0,train,R0184,https://doi.org/10.1016/j.jcis.2024.06.137,1.45,1.416968750000005
extratrees,0,train,R0185,https://doi.org/10.1002/adma.202404319,1.2,1.191768589743584
extratrees,0,train,R0187,https://doi.org/10.1016/j.mtener.2024.101597,1.38,1.413203935185191
extratrees,0,train,R0189,https://doi.org/10.1016/j.ijoes.2024.100602,1.3,1.2344780148082595
extratrees,0,train,R0190,https://doi.org/10.1016/j.jechem.2024.01.076,1.3,1.2612055555555548
extratrees,0,train,R0191,https://doi.org/10.1016/j.jechem.2024.01.076,1.25,1.2612055555555548
extratrees,0,train,R0192,https://doi.org/10.1016/j.jechem.2024.01.076,1.25,1.2455388888888916
extratrees,0,train,R0193,https://doi.org/10.1002/aenm.202303766,0.95,0.9573381196581173
extratrees,0,train,R0196,https://doi.org/10.1016/j.mtcomm.2024.108243,0.84,0.920214988344986
extratrees,0,train,R0197,https://doi.org/10.1016/j.jallcom.2024.173877,1.11,1.1586105718355797
extratrees,0,train,R0198,https://doi.org/10.1016/j.jpowsour.2024.234130,1.05,1.0512472222222236
extratrees,0,train,R0199,https://doi.org/10.1016/j.jpowsour.2024.234130,1.17,1.2344780148082595
extratrees,0,train,R0200,https://doi.org/10.1021/jacs.3c12734,1.12,1.1154614482136262
extratrees,0,test,R0010,https://doi.org/10.1016/j.cej.2020.124294,1.35,1.3814570370370391
extratrees,0,test,R0011,https://doi.org/10.1016/j.cej.2020.124294,1.4,1.3814570370370391
extratrees,0,test,R0015,https://doi.org/10.1016/j.flatc.2020.100221,1.25,1.221719444444448
extratrees,0,test,R0028,https://doi.org/10.1039/d0ta09195b,1.05,1.1043047008547018
extratrees,0,test,R0029,https://doi.org/10.1039/d1ta00538c,1.3,1.2344780148082595
extratrees,0,test,R0030,https://doi.org/10.1039/d1ta04830a,1.05,1.0610967777777773
extratrees,0,test,R0034,https://dx.doi.org/10.1021/acsnano.9b09646,1.45,1.416968750000005
extratrees,0,test,R0035,https://dx.doi.org/10.1021/acsami.0c02087,1.15,1.1120219047619075
extratrees,0,test,R0048,https://doi.org/10.1002/aenm.202103910,1.0,0.994665238095237
extratrees,0,test,R0051,https://doi.org/10.1016/j.ensm.2023.102874,1.21,1.06501388888889
extratrees,0,test,R0052,https://doi.org/10.1016/j.ensm.2023.102989,1.1,1.1120219047619075
extratrees,0,test,R0061,https://doi.org/10.1016/j.jelechem.2022.116810,1.15,1.1772090089861877
extratrees,0,test,R0067,https://doi.org/10.3390/nano12142386,1.2,1.1764367867639662
extratrees,0,test,R0068,https://doi.org/10.1021/acsami.2c19975,1.03,1.046825793650793
extratrees,0,test,R0069,https://doi.org/10.1021/acsami.2c19975,1.38,1.334011522306665
extratrees,0,test,R0092,https://doi.org/10.1016/j.carbon.2022.04.080,1.32,1.3026913359788417
extratrees,0,test,R0109,https://doi.org/10.1002/smll.202302598,1.25,1.2612055555555548
extratrees,0,test,R0134,https://doi.org/10.1021/acsanm.5c04476,1.04,1.0883232086753802
extratrees,0,test,R0135,https://doi.org/10.1021/acsanm.5c04476,1.25,1.2612055555555548
extratrees,0,test,R0140,https://doi.org/10.1016/j.jcis.2025.139355,0.8,0.920214988344986
extratrees,0,test,R0141,https://doi.org/10.1016/j.jcis.2025.139355,0.83,0.920214988344986
extratrees,0,test,R0142,https://doi.org/10.1021/acsnano.5c10218,0.96,0.8518444444444409
extratrees,0,test,R0143,https://doi.org/10.1021/acsnano.5c10218,1.18,1.1772090089861877
extratrees,0,test,R0146,https://doi.org/10.1016/j.electacta.2025.146925,1.1,1.1586105718355797
extratrees,0,test,R0148,https://doi.org/10.1038/s41598-025-11449-1,0.998,0.8518444444444409
extratrees,0,test,R0151,https://doi.org/10.1021/acs.iecr.5c01518,1.18,1.244755555555559
extratrees,0,test,R0152,https://doi.org/10.1021/acs.iecr.5c01518,1.25,1.2612055555555548
extratrees,0,test,R0155,https://doi.org/10.1016/j.jcis.2025.137782,1.36,1.349787813792966
extratrees,0,test,R0156,https://doi.org/10.1016/j.cej.2025.162908,1.3,1.2764374999999983
extratrees,0,test,R0157,https://doi.org/10.1016/j.cej.2025.162908,1.35,1.2774569444444426
extratrees,0,test,R0158,https://doi.org/10.1016/j.cej.2025.162908,1.3,1.2764374999999983
extratrees,0,test,R0167,https://doi.org/10.1002/anie.202418893,1.3,1.3026913359788417
extratrees,0,test,R0168,https://doi.org/10.1016/j.electacta.2024.145384,1.01,0.9739863492063489
extratrees,0,test,R0169,https://doi.org/10.1007/s10008-024-06115-x,1.4,1.4856707851734325
extratrees,0,test,R0173,https://doi.org/10.1021/acs.energyfuels.4c04356,0.94,0.8518444444444409
extratrees,0,test,R0179,https://doi.org/10.1039/d4sc03242j,1.1,1.1586105718355797
extratrees,0,test,R0186,https://doi.org/10.1002/adma.202405440,1.4,1.4856707851734325
extratrees,0,test,R0188,https://doi.org/10.1016/j.jcis.2024.05.144,1.2,1.3195916666666696
extratrees,0,test,R0194,https://doi.org/10.1002/smtd.202301728,1.22,1.2423738219732345
extratrees,0,test,R0195,https://doi.org/10.1002/smtd.202301728,1.32,1.2423738219732345
extratrees,1,train,R0001,https://doi.org/10.1016/j.electacta.2020.137645,1.3,1.3006675503795764
extratrees,1,train,R0002,https://doi.org/10.1016/j.electacta.2020.137645,1.5,1.428124206590323
extratrees,1,train,R0003,https://doi.org/10.1016/j.apcatb.2019.118283,1.27,1.3062510714285758
extratrees,1,train,R0004,https://doi.org/10.1016/j.ssi.2021.115773,1.1,1.161106445330499
extratrees,1,train,R0005,https://doi.org/10.1016/j.ssi.2021.115773,1.4,1.387449610259618
extratrees,1,train,R0006,https://doi.org/10.1016/j.jpowsour.2021.230374,1.24,1.1897495084175065
extratrees,1,train,R0007,https://doi.org/10.1016/j.jallcom.2019.152736,1.35,1.2730440476190423
extratrees,1,train,R0008,https://doi.org/10.1016/j.jallcom.2020.153803,1.25,1.249772380952381
extratrees,1,train,R0010,https://doi.org/10.1016/j.cej.2020.124294,1.35,1.3760202451802588
extratrees,1,train,R0011,https://doi.org/10.1016/j.cej.2020.124294,1.4,1.3760202451802588
extratrees,1,train,R0013,http://dx.doi.org/10.1016/j.jelechem.2020.114124,1.25,1.250172500000001
extratrees,1,train,R0014,https://doi.org/10.1016/j.jechem.2020.07.053,0.98,1.008997222222218
extratrees,1,train,R0015,https://doi.org/10.1016/j.flatc.2020.100221,1.25,1.2268887301587277
extratrees,1,train,R0017,https://doi.org/10.1016/j.jallcom.2020.154054,0.82,0.8833333333333309
extratrees,1,train,R0018,https://doi.org/10.1016/j.jpowsour.2020.228362,1.35,1.3025268137973198
extratrees,1,train,R0019,https://doi.org/10.1016/j.jallcom.2020.157656,1.4,1.4317648365611026
extratrees,1,train,R0020,https://doi.org/10.1002/aenm.202100110,0.95,0.9826329629629604
extratrees,1,train,R0021,https://doi.org/10.1002/anie.202110116,1.4,1.3320783308028492
extratrees,1,train,R0022,https://doi.org/10.1002/anie.202110116,1.3,1.3320783308028492
extratrees,1,train,R0027,https://doi.org/10.1039/d0nr00866d,1.5,1.496261111111111
extratrees,1,train,R0028,https://doi.org/10.1039/d0ta09195b,1.05,1.0851111111111076
extratrees,1,train,R0029,https://doi.org/10.1039/d1ta00538c,1.3,1.2430207756132807
extratrees,1,train,R0030,https://doi.org/10.1039/d1ta04830a,1.05,1.051044444444448
extratrees,1,train,R0033,https://dx.doi.org/10.1021/acsaem.0c01691,1.35,1.3504884291148755
extratrees,1,train,R0034,https://dx.doi.org/10.1021/acsnano.9b09646,1.45,1.4248578555669547
extratrees,1,train,R0035,https://dx.doi.org/10.1021/acsami.0c02087,1.15,1.1120000000000028
extratrees,1,train,R0036,https://doi.org/10.1002/er.7342,1.21,1.1897495084175065
extratrees,1,train,R0037,https://doi.org/10.1002/er.6806,1.0,0.9976444444444443
extratrees,1,train,R0038,https://doi.org/10.1021/acsami.1c08720,0.84,0.9345000000000077
extratrees,1,train,R0041,https://doi.org/10.1007/s40242-020-0077-3,1.15,1.1897495084175065
extratrees,1,train,R0042,https://doi.org/10.1002/smll.202105752,1.4,1.4317648365611026
extratrees,1,train,R0043,https://doi.org/10.1002/smll.202105752,1.25,1.249889021164021
extratrees,1,train,R0044,https://dx.doi.org/10.1021/acscatal.0c02608,1.35,1.3504884291148755
extratrees,1,train,R0045,https://doi.org/10.1021/acsaem.1c01572,1.1,1.0966083333333354
extratrees,1,train,R0046,https://doi.org/10.1021/acsaem.1c01572,1.3,1.3320783308028492
extratrees,1,train,R0047,https://doi.org/10.1002/aenm.202200791,1.0,0.9904796296296283
extratrees,1,train,R0048,https://doi.org/10.1002/aenm.202103910,1.0,0.9904796296296283
extratrees,1,train,R0049,https://doi.org/10.1016/j.apcatb.2022.121844,0.92,0.9534527777777754
extratrees,1,train,R0050,https://doi.org/10.1002/aenm.202203660,1.33,1.3217653925374098
extratrees,1,train,R0051,https://doi.org/10.1016/j.ensm.2023.102874,1.21,1.1941136111111088
extratrees,1,train,R0052,https://doi.org/10.1016/j.ensm.2023.102989,1.1,1.1120000000000028
extratrees,1,train,R0053,https://doi.org/10.1016/j.ensm.2022.07.026,1.1,1.0377972222222163
extratrees,1,train,R0057,https://doi.org/10.1002/smll.202205532,1.08,0.9826329629629604
extratrees,1,train,R0058,https://doi.org/10.1016/j.electacta.2023.142096,0.99,0.9845729629629651
extratrees,1,train,R0059,https://doi.org/10.1016/j.electacta.2022.140147,1.11,1.0950630952381002
extratrees,1,train,R0060,https://doi.org/10.1021/acsami.1c22643,1.0,0.998269074074074
extratrees,1,train,R0061,https://doi.org/10.1016/j.jelechem.2022.116810,1.15,1.1588098460038962
extratrees,1,train,R0062,https://doi.org/10.1002/slct.202200870,1.04,0.8833333333333309
extratrees,1,train,R0063,https://doi.org/10.1002/slct.202200870,1.1,1.0740850000000066
extratrees,1,train,R0064,https://doi.org/10.1002/slct.202200870,1.11,1.0950630952381002
extratrees,1,train,R0065,https://doi.org/10.1016/j.cej.2023.146775,1.0,1.0002111111111112
extratrees,1,train,R0066,https://www.pnas.org/lookup/suppl/doi:10.1073/pnas.2301439120/-/DCSupplemental.,1.11,1.1124227152477215
extratrees,1,train,R0067,https://doi.org/10.3390/nano12142386,1.2,1.1844889571150115
extratrees,1,train,R0068,https://doi.org/10.1021/acsami.2c19975,1.03,1.0518027777777792
extratrees,1,train,R0069,https://doi.org/10.1021/acsami.2c19975,1.38,1.3484327080922338
extratrees,1,train,R0070,https://doi.org/10.1016/j.cej.2022.136852,1.06,0.8833333333333309
extratrees,1,train,R0071,https://doi.org/10.1039/d2ta07061h,1.34,1.387449610259618
extratrees,1,train,R0072,https://doi.org/10.1016/j.ijhydene.2023.12.023,1.4,1.4088161380374085
extratrees,1,train,R0073,https://doi.org/10.1016/j.jelechem.2022.116356,1.3,1.3217653925374098
extratrees,1,train,R0074,https://doi.org/10.1002/smll.202204836,1.25,1.2430207756132807
extratrees,1,train,R0075,https://doi.org/10.1002/smll.202204836,1.18,1.0950630952381002
extratrees,1,train,R0076,https://doi.org/10.1002/admi.202102110,0.98,0.9820427777777765
extratrees,1,train,R0077,https://doi.org/10.1002/admi.202102110,1.04,1.0740850000000066
extratrees,1,train,R0078,https://doi.org/10.1016/j.cej.2022.137684,1.29,1.3484327080922338
extratrees,1,train,R0079,https://doi.org/10.1016/j.cej.2022.137684,1.41,1.3320783308028492
extratrees,1,train,R0081,https://doi.org/10.1021/acs.jpcc.3c01042,1.2,1.161106445330499
extratrees,1,train,R0082,https://doi.org/10.1021/acs.jpcc.3c01042,1.25,1.161106445330499
extratrees,1,train,R0083,https://doi.org/10.1021/acs.jpcc.3c01042,1.25,1.161106445330499
extratrees,1,train,R0084,https://doi.org/10.1021/acsami.3c01599,1.17,1.1897495084175065
extratrees,1,train,R0085,https://doi.org/10.1021/jacs.2c11676,1.05,1.0740850000000066
extratrees,1,train,R0091,https://doi.org/10.1039/d1qi01260f,1.23,1.1588098460038962
extratrees,1,train,R0092,https://doi.org/10.1016/j.carbon.2022.04.080,1.32,1.3217653925374098
extratrees,1,train,R0093,https://doi.org/10.1016/j.jallcom.2022.163703,1.09,1.0644888888888906
extratrees,1,train,R0095,https://doi.org/10.1002/smll.202206611,0.98,1.008997222222218
extratrees,1,train,R0096,https://doi.org/10.1002/adsu.202300510,0.95,0.9553999999999963
extratrees,1,train,R0097,https://doi.org/10.1002/adsu.202300510,1.2,1.1897495084175065
extratrees,1,train,R0098,https://doi.org/10.1002/adsu.202300510,1.25,1.1897495084175065
extratrees,1,train,R0099,https://doi.org/10.1021/acsami.2c19975,1.38,1.3484327080922338
extratrees,1,train,R0100,https://doi.org/10.1021/acscatal.2c02544,1.15,1.1897495084175065
extratrees,1,train,R0101,https://doi.org/10.1021/acscatal.2c02544,1.15,1.1897495084175065
extratrees,1,train,R0102,https://www.science.org/doi/10.1126/sciadv.abq6261,1.2,1.161106445330499
extratrees,1,train,R0103,https://doi.org/10.1007/s12274-022-5330-2,1.2,1.1588098460038962
extratrees,1,train,R0104,https://doi.org/10.1007/s12274-022-5330-2,1.15,1.1120000000000028
extratrees,1,train,R0105,https://doi.org/10.1007/s12274-022-5330-2,1.1,1.1588098460038962
extratrees,1,train,R0106,https://doi.org/10.1007/s12274-022-5330-2,1.08,1.1120000000000028
extratrees,1,train,R0107,https://doi.org/10.1016/j.ensm.2023.102829,1.2,1.2228587698412683
extratrees,1,train,R0108,https://doi.org/10.1016/j.cej.2022.138462,1.17,1.1844889571150115
extratrees,1,train,R0109,https://doi.org/10.1002/smll.202302598,1.25,1.249889021164021
extratrees,1,train,R0110,https://doi.org/10.1002/adma.202106436,1.2,1.2026051587301554
extratrees,1,train,R0112,https://doi.org/10.1021/acsnano.3c05782,1.12,1.1261388888888924
extratrees,1,train,R0113,https://doi.org/10.1039/d2ta03604e,0.85,0.8833333333333309
extratrees,1,train,R0116,https://doi.org/10.1016/j.cej.2023.143351,1.23,1.2265152116402138
extratrees,1,train,R0117,https://doi.org/10.1002/adfm.202209876,1.18,1.198868095238095
extratrees,1,train,R0118,https://doi.org/10.1002/smll.202106707,1.42,1.387449610259618
extratrees,1,train,R0119,https://doi.org/10.1021/acsaem.3c02592,0.98,1.0950630952381002
extratrees,1,train,R0120,https://doi.org/10.1002/aenm.202204057,1.3,1.3062510714285758
extratrees,1,train,R0121,https://doi.org/10.1002/aenm.202204057,1.4,1.4248578555669547
extratrees,1,train,R0122,https://doi.org/10.1002/aenm.202204057,1.5,1.4317648365611026
extratrees,1,train,R0123,https://doi.org/10.1021/acs.nanolett.3c03025,1.1,1.1588098460038962
extratrees,1,train,R0124,https://doi.org/10.1021/acs.nanolett.3c03025,1.15,1.1588098460038962
extratrees,1,train,R0125,https://sioc-journal.cn/Jwk_hxxb/EN/10.6023/A22050206,1.08,1.1120000000000028
extratrees,1,train,R0127,https://doi.org/10.1016/j.jechem.2026.01.056,1.25,1.2474363492063496
extratrees,1,train,R0128,https://doi.org/10.1002/smll.202512953,1.25,1.3025268137973198
extratrees,1,train,R0129,https://doi.org/10.1002/smll.202512953,1.39,1.4124542855843039
extratrees,1,train,R0130,https://doi.org/10.1002/smll.202512953,1.45,1.4124542855843039
extratrees,1,train,R0131,https://doi.org/10.1002/advs.202522315,1.0,1.008997222222218
extratrees,1,train,R0133,https://doi.org/10.1021/acsaem.5c03033,1.25,1.2500550000000001
extratrees,1,train,R0134,https://doi.org/10.1021/acsanm.5c04476,1.04,1.0950630952381002
extratrees,1,train,R0135,https://doi.org/10.1021/acsanm.5c04476,1.25,1.249889021164021
extratrees,1,train,R0138,https://doi.org/10.1080/1536383X.2025.2583369,1.3,1.276378540089541
extratrees,1,train,R0140,https://doi.org/10.1016/j.jcis.2025.139355,0.8,0.8833333333333309
extratrees,1,train,R0141,https://doi.org/10.1016/j.jcis.2025.139355,0.83,0.8833333333333309
extratrees,1,train,R0142,https://doi.org/10.1021/acsnano.5c10218,0.96,0.9345000000000077
extratrees,1,train,R0143,https://doi.org/10.1021/acsnano.5c10218,1.18,1.1588098460038962
extratrees,1,train,R0145,https://doi.org/10.1021/acs.langmuir.5c02644,1.1,1.0851111111111076
extratrees,1,train,R0146,https://doi.org/10.1016/j.electacta.2025.146925,1.1,1.161106445330499
extratrees,1,train,R0147,https://doi.org/10.1016/j.jcis.2025.138454,0.89,0.9826329629629604
extratrees,1,train,R0148,https://doi.org/10.1038/s41598-025-11449-1,0.998,0.9345000000000077
extratrees,1,train,R0149,https://doi.org/10.1002/anie.202509132,0.94,0.8833333333333309
extratrees,1,train,R0150,https://doi.org/10.1016/j.jpowsour.2025.237653,1.15,1.0950630952381002
extratrees,1,train,R0151,https://doi.org/10.1021/acs.iecr.5c01518,1.18,1.1903300000000034
extratrees,1,train,R0152,https://doi.org/10.1021/acs.iecr.5c01518,1.25,1.249889021164021
extratrees,1,train,R0153,https://doi.org/10.1016/j.carbon.2025.120482,1.25,1.2430207756132807
extratrees,1,train,R0155,https://doi.org/10.1016/j.jcis.2025.137782,1.36,1.3511493558270533
extratrees,1,train,R0156,https://doi.org/10.1016/j.cej.2025.162908,1.3,1.2996788492063558
extratrees,1,train,R0157,https://doi.org/10.1016/j.cej.2025.162908,1.35,1.3062510714285758
extratrees,1,train,R0158,https://doi.org/10.1016/j.cej.2025.162908,1.3,1.2996788492063558
extratrees,1,train,R0159,https://doi.org/10.1016/j.cej.2025.162420,0.86,0.8602000000000064
extratrees,1,train,R0160,https://doi.org/10.1039/d5nr00300h,0.77,0.8833333333333309
extratrees,1,train,R0161,https://doi.org/10.1039/d5nr00300h,1.29,1.3511493558270533
extratrees,1,train,R0162,https://doi.org/10.1021/jacs.4c15230,1.1,1.161106445330499
extratrees,1,train,R0163,https://doi.org/10.1002/celc.202400626,1.4,1.3511493558270533
extratrees,1,train,R0164,https://doi.org/10.1016/j.esci.2024.100310,1.08,1.0740850000000066
extratrees,1,train,R0165,https://doi.org/10.1016/j.esci.2024.100310,1.1,1.0740850000000066
extratrees,1,train,R0166,https://doi.org/10.1002/smll.202406516,1.2,1.161106445330499
extratrees,1,train,R0167,https://doi.org/10.1002/anie.202418893,1.3,1.3217653925374098
extratrees,1,train,R0168,https://doi.org/10.1016/j.electacta.2024.145384,1.01,0.9826329629629604
extratrees,1,train,R0169,https://doi.org/10.1007/s10008-024-06115-x,1.4,1.428124206590323
extratrees,1,train,R0170,https://doi.org/10.1002/aenm.202402925,1.4,1.4124542855843039
extratrees,1,train,R0171,https://doi.org/10.1002/aenm.202402925,1.28,1.3320783308028492
extratrees,1,train,R0172,https://doi.org/10.1002/aenm.202402925,1.3,1.3320783308028492
extratrees,1,train,R0173,https://doi.org/10.1021/acs.energyfuels.4c04356,0.94,0.9345000000000077
extratrees,1,train,R0177,https://doi.org/10.1002/cey2.587,1.35,1.3217653925374098
extratrees,1,train,R0178,https://doi.org/10.1002/cey2.550,1.25,1.250128346560846
extratrees,1,train,R0179,https://doi.org/10.1039/d4sc03242j,1.1,1.161106445330499
extratrees,1,train,R0180,https://doi.org/10.1016/j.est.2024.112780,1.3,1.296329960317466
extratrees,1,train,R0181,https://doi.org/10.1016/j.est.2024.112780,1.45,1.4088161380374085
extratrees,1,train,R0185,https://doi.org/10.1002/adma.202404319,1.2,1.1751377777777743
extratrees,1,train,R0186,https://doi.org/10.1002/adma.202405440,1.4,1.428124206590323
extratrees,1,train,R0187,https://doi.org/10.1016/j.mtener.2024.101597,1.38,1.4088161380374085
extratrees,1,train,R0188,https://doi.org/10.1016/j.jcis.2024.05.144,1.2,1.2730440476190423
extratrees,1,train,R0193,https://doi.org/10.1002/aenm.202303766,0.95,0.9576462962962923
extratrees,1,train,R0194,https://doi.org/10.1002/smtd.202301728,1.22,1.2699971957671912
extratrees,1,train,R0195,https://doi.org/10.1002/smtd.202301728,1.32,1.2699971957671912
extratrees,1,train,R0196,https://doi.org/10.1016/j.mtcomm.2024.108243,0.84,0.8833333333333309
extratrees,1,train,R0197,https://doi.org/10.1016/j.jallcom.2024.173877,1.11,1.161106445330499
extratrees,1,train,R0198,https://doi.org/10.1016/j.jpowsour.2024.234130,1.05,1.0610555555555594
extratrees,1,train,R0199,https://doi.org/10.1016/j.jpowsour.2024.234130,1.17,1.2430207756132807
extratrees,1,train,R0200,https://doi.org/10.1021/jacs.3c12734,1.12,1.1159770634920676
extratrees,1,test,R0009,https://doi.org/10.1016/j.jallcom.2020.158269,1.0,1.0576605555555574
extratrees,1,test,R0012,https://doi.org/10.1016/j.cej.2021.128403,0.97,0.8833333333333309
extratrees,1,test,R0016,https://doi.org/10.1016/j.jallcom.2020.157945,1.012,0.8833333333333309
extratrees,1,test,R0023,https://doi.org/10.1021/acs.jpcc.1c05456,1.15,1.161106445330499
extratrees,1,test,R0024,https://doi.org/10.1021/acs.jpcc.1c05456,1.2,1.161106445330499
extratrees,1,test,R0025,https://doi.org/10.1021/acs.jpcc.1c05456,1.15,1.161106445330499
extratrees,1,test,R0026,https://doi.org/10.1039/d0cc05980c,1.2,1.1588098460038962
extratrees,1,test,R0031,https://doi.org/10.1002/ente.201901257,1.15,1.195368690476191
extratrees,1,test,R0032,https://doi.org/10.1002/ente.201901257,1.2,1.195368690476191
extratrees,1,test,R0039,https://dx.doi.org/10.1021/acsami.9b21904,1.3,1.3504884291148755
extratrees,1,test,R0040,https://doi.org/10.1007/s11581-021-04046-5,0.9,0.8833333333333309
extratrees,1,test,R0054,https://doi.org/10.1016/S1872‐2067(23)64409‐2,1.1,1.1120000000000028
extratrees,1,test,R0055,https://doi.org/10.1016/S1872‐2067(23)64409‐2,1.15,1.1120000000000028
extratrees,1,test,R0056,https://doi.org/10.1016/j.jallcom.2023.170130,1.29,1.1897495084175065
extratrees,1,test,R0080,https://doi.org/10.1016/j.est.2023.107329,1.01,1.0615741269841263
extratrees,1,test,R0086,https://doi.org/10.1016/j.est.2023.109342,1.35,1.4088161380374085
extratrees,1,test,R0087,https://doi.org/10.1016/j.est.2023.109342,1.5,1.4088161380374085
extratrees,1,test,R0088,https://doi.org/10.1016/j.est.2023.109342,1.4,1.4088161380374085
extratrees,1,test,R0089,https://doi.org/10.1016/j.jcis.2022.12.148,1.28,1.3217653925374098
extratrees,1,test,R0090,https://doi.org/10.1016/j.cej.2022.139524,1.22,1.1844889571150115
extratrees,1,test,R0094,https://doi.org/10.1016/j.electacta.2022.140894,1.05,1.161106445330499
extratrees,1,test,R0111,https://doi.org/10.1016/j.apcatb.2022.122203,1.25,1.3217653925374098
extratrees,1,test,R0114,https://doi.org/10.1016/j.compositesb.2022.109727,1.1,1.161106445330499
extratrees,1,test,R0115,https://doi.org/10.1016/j.ensm.2022.05.029,1.14,1.1844889571150115
extratrees,1,test,R0126,https://doi.org/10.1016/j.jcis.2026.140244,1.04,0.998269074074074
extratrees,1,test,R0132,https://doi.org/10.1016/j.electacta.2025.147671,1.15,1.1261388888888924
extratrees,1,test,R0136,https://doi.org/10.1088/2631-6331/ae1925,1.3,1.3511493558270533
extratrees,1,test,R0137,https://doi.org/10.1002/anie.202521423,1.2,1.2430207756132807
extratrees,1,test,R0139,https://doi.org/10.1002/anie.202520097,1.2,1.1588098460038962
extratrees,1,test,R0144,https://doi.org/10.1002/aoc.70327,1.41,1.3511493558270533
extratrees,1,test,R0154,https://doi.org/10.1093/nsr/nwaf145,1.24,1.1588098460038962
extratrees,1,test,R0174,https://doi.org/10.1002/smll.202406525,1.25,1.1897495084175065
extratrees,1,test,R0175,https://doi.org/10.1016/j.jpowsour.2024.235394,0.95,0.9576462962962923
extratrees,1,test,R0176,https://doi.org/10.1016/j.jpowsour.2024.235394,1.0,1.0950630952381002
extratrees,1,test,R0182,https://doi.org/10.1016/j.jcis.2024.06.137,1.25,1.2358027116402126
extratrees,1,test,R0183,https://doi.org/10.1016/j.jcis.2024.06.137,1.4,1.4248578555669547
extratrees,1,test,R0184,https://doi.org/10.1016/j.jcis.2024.06.137,1.45,1.4248578555669547
extratrees,1,test,R0189,https://doi.org/10.1016/j.ijoes.2024.100602,1.3,1.2430207756132807
extratrees,1,test,R0190,https://doi.org/10.1016/j.jechem.2024.01.076,1.3,1.249889021164021
extratrees,1,test,R0191,https://doi.org/10.1016/j.jechem.2024.01.076,1.25,1.249889021164021
extratrees,1,test,R0192,https://doi.org/10.1016/j.jechem.2024.01.076,1.25,1.2636250000000007
extratrees,2,train,R0003,https://doi.org/10.1016/j.apcatb.2019.118283,1.27,1.3072577777777803
extratrees,2,train,R0007,https://doi.org/10.1016/j.jallcom.2019.152736,1.35,1.2718411111111068
extratrees,2,train,R0008,https://doi.org/10.1016/j.jallcom.2020.153803,1.25,1.2434914529914518
extratrees,2,train,R0009,https://doi.org/10.1016/j.jallcom.2020.158269,1.0,1.0023927513227506
extratrees,2,train,R0010,https://doi.org/10.1016/j.cej.2020.124294,1.35,1.376220669096984
extratrees,2,train,R0011,https://doi.org/10.1016/j.cej.2020.124294,1.4,1.376220669096984
extratrees,2,train,R0012,https://doi.org/10.1016/j.cej.2021.128403,0.97,0.8922000000000022
extratrees,2,train,R0013,http://dx.doi.org/10.1016/j.jelechem.2020.114124,1.25,1.2527694444444444
extratrees,2,train,R0014,https://doi.org/10.1016/j.jechem.2020.07.053,0.98,1.0129333333333344
extratrees,2,train,R0015,https://doi.org/10.1016/j.flatc.2020.100221,1.25,1.245972222222223
extratrees,2,train,R0016,https://doi.org/10.1016/j.jallcom.2020.157945,1.012,0.8922000000000022
extratrees,2,train,R0017,https://doi.org/10.1016/j.jallcom.2020.154054,0.82,0.8922000000000022
extratrees,2,train,R0019,https://doi.org/10.1016/j.jallcom.2020.157656,1.4,1.401253399732358
extratrees,2,train,R0020,https://doi.org/10.1002/aenm.202100110,0.95,0.9802221957671958
extratrees,2,train,R0023,https://doi.org/10.1021/acs.jpcc.1c05456,1.15,1.154660376743048
extratrees,2,train,R0024,https://doi.org/10.1021/acs.jpcc.1c05456,1.2,1.154660376743048
extratrees,2,train,R0025,https://doi.org/10.1021/acs.jpcc.1c05456,1.15,1.154660376743048
extratrees,2,train,R0026,https://doi.org/10.1039/d0cc05980c,1.2,1.1751563381458443
extratrees,2,train,R0027,https://doi.org/10.1039/d0nr00866d,1.5,1.4953761904761906
extratrees,2,train,R0028,https://doi.org/10.1039/d0ta09195b,1.05,1.0720333333333285
extratrees,2,train,R0029,https://doi.org/10.1039/d1ta00538c,1.3,1.243374840102716
extratrees,2,train,R0030,https://doi.org/10.1039/d1ta04830a,1.05,1.0463027777777791
extratrees,2,train,R0031,https://doi.org/10.1002/ente.201901257,1.15,1.1847224872975246
extratrees,2,train,R0032,https://doi.org/10.1002/ente.201901257,1.2,1.1847224872975246
extratrees,2,train,R0033,https://dx.doi.org/10.1021/acsaem.0c01691,1.35,1.3273717188367131
extratrees,2,train,R0034,https://dx.doi.org/10.1021/acsnano.9b09646,1.45,1.4314868246407901
extratrees,2,train,R0035,https://dx.doi.org/10.1021/acsami.0c02087,1.15,1.1216666666666693
extratrees,2,train,R0036,https://doi.org/10.1002/er.7342,1.21,1.2013436404961781
extratrees,2,train,R0038,https://doi.org/10.1021/acsami.1c08720,0.84,0.934490333333341
extratrees,2,train,R0039,https://dx.doi.org/10.1021/acsami.9b21904,1.3,1.3273717188367131
extratrees,2,train,R0040,https://doi.org/10.1007/s11581-021-04046-5,0.9,0.8922000000000022
extratrees,2,train,R0041,https://doi.org/10.1007/s40242-020-0077-3,1.15,1.2013436404961781
extratrees,2,train,R0042,https://doi.org/10.1002/smll.202105752,1.4,1.401253399732358
extratrees,2,train,R0043,https://doi.org/10.1002/smll.202105752,1.25,1.2582467724867687
extratrees,2,train,R0047,https://doi.org/10.1002/aenm.202200791,1.0,0.9999616402116398
extratrees,2,train,R0048,https://doi.org/10.1002/aenm.202103910,1.0,0.9999616402116398
extratrees,2,train,R0049,https://doi.org/10.1016/j.apcatb.2022.121844,0.92,0.9208442222222186
extratrees,2,train,R0050,https://doi.org/10.1002/aenm.202203660,1.33,1.3052361111111166
extratrees,2,train,R0051,https://doi.org/10.1016/j.ensm.2023.102874,1.21,1.1897916666666646
extratrees,2,train,R0052,https://doi.org/10.1016/j.ensm.2023.102989,1.1,1.1216666666666693
extratrees,2,train,R0054,https://doi.org/10.1016/S1872‐2067(23)64409‐2,1.1,1.1216666666666693
extratrees,2,train,R0055,https://doi.org/10.1016/S1872‐2067(23)64409‐2,1.15,1.1216666666666693
extratrees,2,train,R0056,https://doi.org/10.1016/j.jallcom.2023.170130,1.29,1.2013436404961781
extratrees,2,train,R0058,https://doi.org/10.1016/j.electacta.2023.142096,0.99,0.9859066666666668
extratrees,2,train,R0059,https://doi.org/10.1016/j.electacta.2022.140147,1.11,1.0983274531024558
extratrees,2,train,R0060,https://doi.org/10.1021/acsami.1c22643,1.0,1.016275925925925
extratrees,2,train,R0061,https://doi.org/10.1016/j.jelechem.2022.116810,1.15,1.1751563381458443
extratrees,2,train,R0062,https://doi.org/10.1002/slct.202200870,1.04,0.8922000000000022
extratrees,2,train,R0063,https://doi.org/10.1002/slct.202200870,1.1,1.0741418181818247
extratrees,2,train,R0064,https://doi.org/10.1002/slct.202200870,1.11,1.0983274531024558
extratrees,2,train,R0065,https://doi.org/10.1016/j.cej.2023.146775,1.0,1.0043849735449726
extratrees,2,train,R0066,https://www.pnas.org/lookup/suppl/doi:10.1073/pnas.2301439120/-/DCSupplemental.,1.11,1.076108333333338
extratrees,2,train,R0067,https://doi.org/10.3390/nano12142386,1.2,1.186111568376069
extratrees,2,train,R0068,https://doi.org/10.1021/acsami.2c19975,1.03,1.0343555555555533
extratrees,2,train,R0069,https://doi.org/10.1021/acsami.2c19975,1.38,1.3739433203672784
extratrees,2,train,R0071,https://doi.org/10.1039/d2ta07061h,1.34,1.380658372537333
extratrees,2,train,R0072,https://doi.org/10.1016/j.ijhydene.2023.12.023,1.4,1.4125911775101458
extratrees,2,train,R0074,https://doi.org/10.1002/smll.202204836,1.25,1.243374840102716
extratrees,2,train,R0075,https://doi.org/10.1002/smll.202204836,1.18,1.0983274531024558
extratrees,2,train,R0076,https://doi.org/10.1002/admi.202102110,0.98,0.9776616666666653
extratrees,2,train,R0077,https://doi.org/10.1002/admi.202102110,1.04,1.0741418181818247
extratrees,2,train,R0080,https://doi.org/10.1016/j.est.2023.107329,1.01,1.0070066402116375
extratrees,2,train,R0081,https://doi.org/10.1021/acs.jpcc.3c01042,1.2,1.154660376743048
extratrees,2,train,R0082,https://doi.org/10.1021/acs.jpcc.3c01042,1.25,1.154660376743048
extratrees,2,train,R0083,https://doi.org/10.1021/acs.jpcc.3c01042,1.25,1.154660376743048
extratrees,2,train,R0084,https://doi.org/10.1021/acsami.3c01599,1.17,1.2013436404961781
extratrees,2,train,R0085,https://doi.org/10.1021/jacs.2c11676,1.05,1.0741418181818247
extratrees,2,train,R0086,https://doi.org/10.1016/j.est.2023.109342,1.35,1.4125911775101458
extratrees,2,train,R0087,https://doi.org/10.1016/j.est.2023.109342,1.5,1.4125911775101458
extratrees,2,train,R0088,https://doi.org/10.1016/j.est.2023.109342,1.4,1.4125911775101458
extratrees,2,train,R0089,https://doi.org/10.1016/j.jcis.2022.12.148,1.28,1.3052361111111166
extratrees,2,train,R0090,https://doi.org/10.1016/j.cej.2022.139524,1.22,1.186111568376069
extratrees,2,train,R0091,https://doi.org/10.1039/d1qi01260f,1.23,1.1751563381458443
extratrees,2,train,R0092,https://doi.org/10.1016/j.carbon.2022.04.080,1.32,1.3052361111111166
extratrees,2,train,R0094,https://doi.org/10.1016/j.electacta.2022.140894,1.05,1.154660376743048
extratrees,2,train,R0095,https://doi.org/10.1002/smll.202206611,0.98,1.0129333333333344
extratrees,2,train,R0096,https://doi.org/10.1002/adsu.202300510,0.95,0.9627222222222209
extratrees,2,train,R0097,https://doi.org/10.1002/adsu.202300510,1.2,1.2013436404961781
extratrees,2,train,R0098,https://doi.org/10.1002/adsu.202300510,1.25,1.2013436404961781
extratrees,2,train,R0100,https://doi.org/10.1021/acscatal.2c02544,1.15,1.2013436404961781
extratrees,2,train,R0101,https://doi.org/10.1021/acscatal.2c02544,1.15,1.2013436404961781
extratrees,2,train,R0102,https://www.science.org/doi/10.1126/sciadv.abq6261,1.2,1.154660376743048
extratrees,2,train,R0103,https://doi.org/10.1007/s12274-022-5330-2,1.2,1.1751563381458443
extratrees,2,train,R0104,https://doi.org/10.1007/s12274-022-5330-2,1.15,1.1216666666666693
extratrees,2,train,R0105,https://doi.org/10.1007/s12274-022-5330-2,1.1,1.1751563381458443
extratrees,2,train,R0106,https://doi.org/10.1007/s12274-022-5330-2,1.08,1.1216666666666693
extratrees,2,train,R0107,https://doi.org/10.1016/j.ensm.2023.102829,1.2,1.2029677443830251
extratrees,2,train,R0109,https://doi.org/10.1002/smll.202302598,1.25,1.2582467724867687
extratrees,2,train,R0110,https://doi.org/10.1002/adma.202106436,1.2,1.202886310911307
extratrees,2,train,R0111,https://doi.org/10.1016/j.apcatb.2022.122203,1.25,1.3052361111111166
extratrees,2,train,R0114,https://doi.org/10.1016/j.compositesb.2022.109727,1.1,1.154660376743048
extratrees,2,train,R0115,https://doi.org/10.1016/j.ensm.2022.05.029,1.14,1.186111568376069
extratrees,2,train,R0118,https://doi.org/10.1002/smll.202106707,1.42,1.380658372537333
extratrees,2,train,R0123,https://doi.org/10.1021/acs.nanolett.3c03025,1.1,1.1751563381458443
extratrees,2,train,R0124,https://doi.org/10.1021/acs.nanolett.3c03025,1.15,1.1751563381458443
extratrees,2,train,R0126,https://doi.org/10.1016/j.jcis.2026.140244,1.04,1.016275925925925
extratrees,2,train,R0127,https://doi.org/10.1016/j.jechem.2026.01.056,1.25,1.2435303418803407
extratrees,2,train,R0128,https://doi.org/10.1002/smll.202512953,1.25,1.2581666666666664
extratrees,2,train,R0129,https://doi.org/10.1002/smll.202512953,1.39,1.4119015621255262
extratrees,2,train,R0130,https://doi.org/10.1002/smll.202512953,1.45,1.4119015621255262
extratrees,2,train,R0132,https://doi.org/10.1016/j.electacta.2025.147671,1.15,1.155880555555554
extratrees,2,train,R0134,https://doi.org/10.1021/acsanm.5c04476,1.04,1.0983274531024558
extratrees,2,train,R0135,https://doi.org/10.1021/acsanm.5c04476,1.25,1.2582467724867687
extratrees,2,train,R0136,https://doi.org/10.1088/2631-6331/ae1925,1.3,1.3525885442335381
extratrees,2,train,R0137,https://doi.org/10.1002/anie.202521423,1.2,1.243374840102716
extratrees,2,train,R0139,https://doi.org/10.1002/anie.202520097,1.2,1.1751563381458443
extratrees,2,train,R0140,https://doi.org/10.1016/j.jcis.2025.139355,0.8,0.8922000000000022
extratrees,2,train,R0141,https://doi.org/10.1016/j.jcis.2025.139355,0.83,0.8922000000000022
extratrees,2,train,R0142,https://doi.org/10.1021/acsnano.5c10218,0.96,0.934490333333341
extratrees,2,train,R0143,https://doi.org/10.1021/acsnano.5c10218,1.18,1.1751563381458443
extratrees,2,train,R0144,https://doi.org/10.1002/aoc.70327,1.41,1.3525885442335381
extratrees,2,train,R0145,https://doi.org/10.1021/acs.langmuir.5c02644,1.1,1.0720333333333285
extratrees,2,train,R0146,https://doi.org/10.1016/j.electacta.2025.146925,1.1,1.154660376743048
extratrees,2,train,R0148,https://doi.org/10.1038/s41598-025-11449-1,0.998,0.934490333333341
extratrees,2,train,R0149,https://doi.org/10.1002/anie.202509132,0.94,0.8922000000000022
extratrees,2,train,R0150,https://doi.org/10.1016/j.jpowsour.2025.237653,1.15,1.0983274531024558
extratrees,2,train,R0151,https://doi.org/10.1021/acs.iecr.5c01518,1.18,1.1871379629629666
extratrees,2,train,R0152,https://doi.org/10.1021/acs.iecr.5c01518,1.25,1.2582467724867687
extratrees,2,train,R0154,https://doi.org/10.1093/nsr/nwaf145,1.24,1.1751563381458443
extratrees,2,train,R0155,https://doi.org/10.1016/j.jcis.2025.137782,1.36,1.3525885442335381
extratrees,2,train,R0156,https://doi.org/10.1016/j.cej.2025.162908,1.3,1.3005300000000064
extratrees,2,train,R0157,https://doi.org/10.1016/j.cej.2025.162908,1.35,1.3072577777777803
extratrees,2,train,R0158,https://doi.org/10.1016/j.cej.2025.162908,1.3,1.3005300000000064
extratrees,2,train,R0159,https://doi.org/10.1016/j.cej.2025.162420,0.86,0.8608500000000064
extratrees,2,train,R0160,https://doi.org/10.1039/d5nr00300h,0.77,0.8922000000000022
extratrees,2,train,R0161,https://doi.org/10.1039/d5nr00300h,1.29,1.3525885442335381
extratrees,2,train,R0162,https://doi.org/10.1021/jacs.4c15230,1.1,1.154660376743048
extratrees,2,train,R0163,https://doi.org/10.1002/celc.202400626,1.4,1.3525885442335381
extratrees,2,train,R0164,https://doi.org/10.1016/j.esci.2024.100310,1.08,1.0741418181818247
extratrees,2,train,R0165,https://doi.org/10.1016/j.esci.2024.100310,1.1,1.0741418181818247
extratrees,2,train,R0166,https://doi.org/10.1002/smll.202406516,1.2,1.154660376743048
extratrees,2,train,R0167,https://doi.org/10.1002/anie.202418893,1.3,1.3052361111111166
extratrees,2,train,R0168,https://doi.org/10.1016/j.electacta.2024.145384,1.01,0.9802221957671958
extratrees,2,train,R0169,https://doi.org/10.1007/s10008-024-06115-x,1.4,1.3635988888888926
extratrees,2,train,R0170,https://doi.org/10.1002/aenm.202402925,1.4,1.4119015621255262
extratrees,2,train,R0171,https://doi.org/10.1002/aenm.202402925,1.28,1.3243611111111184
extratrees,2,train,R0172,https://doi.org/10.1002/aenm.202402925,1.3,1.3243611111111184
extratrees,2,train,R0173,https://doi.org/10.1021/acs.energyfuels.4c04356,0.94,0.934490333333341
extratrees,2,train,R0174,https://doi.org/10.1002/smll.202406525,1.25,1.2013436404961781
extratrees,2,train,R0175,https://doi.org/10.1016/j.jpowsour.2024.235394,0.95,0.9589999999999971
extratrees,2,train,R0176,https://doi.org/10.1016/j.jpowsour.2024.235394,1.0,1.0983274531024558
extratrees,2,train,R0177,https://doi.org/10.1002/cey2.587,1.35,1.3052361111111166
extratrees,2,train,R0178,https://doi.org/10.1002/cey2.550,1.25,1.2433546958313624
extratrees,2,train,R0179,https://doi.org/10.1039/d4sc03242j,1.1,1.154660376743048
extratrees,2,train,R0180,https://doi.org/10.1016/j.est.2024.112780,1.3,1.2968466666666718
extratrees,2,train,R0181,https://doi.org/10.1016/j.est.2024.112780,1.45,1.4125911775101458
extratrees,2,train,R0182,https://doi.org/10.1016/j.jcis.2024.06.137,1.25,1.2490461111111104
extratrees,2,train,R0183,https://doi.org/10.1016/j.jcis.2024.06.137,1.4,1.4314868246407901
extratrees,2,train,R0184,https://doi.org/10.1016/j.jcis.2024.06.137,1.45,1.4314868246407901
extratrees,2,train,R0186,https://doi.org/10.1002/adma.202405440,1.4,1.3635988888888926
extratrees,2,train,R0187,https://doi.org/10.1016/j.mtener.2024.101597,1.38,1.4125911775101458
extratrees,2,train,R0188,https://doi.org/10.1016/j.jcis.2024.05.144,1.2,1.2718411111111068
extratrees,2,train,R0189,https://doi.org/10.1016/j.ijoes.2024.100602,1.3,1.243374840102716
extratrees,2,train,R0190,https://doi.org/10.1016/j.jechem.2024.01.076,1.3,1.2582467724867687
extratrees,2,train,R0191,https://doi.org/10.1016/j.jechem.2024.01.076,1.25,1.2582467724867687
extratrees,2,train,R0192,https://doi.org/10.1016/j.jechem.2024.01.076,1.25,1.250861111111111
extratrees,2,train,R0194,https://doi.org/10.1002/smtd.202301728,1.22,1.2700094444444399
extratrees,2,train,R0195,https://doi.org/10.1002/smtd.202301728,1.32,1.2700094444444399
extratrees,2,train,R0196,https://doi.org/10.1016/j.mtcomm.2024.108243,0.84,0.8922000000000022
extratrees,2,train,R0197,https://doi.org/10.1016/j.jallcom.2024.173877,1.11,1.154660376743048
extratrees,2,train,R0198,https://doi.org/10.1016/j.jpowsour.2024.234130,1.05,1.0649500000000032
extratrees,2,train,R0199,https://doi.org/10.1016/j.jpowsour.2024.234130,1.17,1.243374840102716
extratrees,2,train,R0200,https://doi.org/10.1021/jacs.3c12734,1.12,1.092691190476195
extratrees,2,test,R0001,https://doi.org/10.1016/j.electacta.2020.137645,1.3,1.3218916666666733
extratrees,2,test,R0002,https://doi.org/10.1016/j.electacta.2020.137645,1.5,1.3635988888888926
extratrees,2,test,R0004,https://doi.org/10.1016/j.ssi.2021.115773,1.1,1.154660376743048
extratrees,2,test,R0005,https://doi.org/10.1016/j.ssi.2021.115773,1.4,1.380658372537333
extratrees,2,test,R0006,https://doi.org/10.1016/j.jpowsour.2021.230374,1.24,1.2013436404961781
extratrees,2,test,R0018,https://doi.org/10.1016/j.jpowsour.2020.228362,1.35,1.2581666666666664
extratrees,2,test,R0021,https://doi.org/10.1002/anie.202110116,1.4,1.3243611111111184
extratrees,2,test,R0022,https://doi.org/10.1002/anie.202110116,1.3,1.3243611111111184
extratrees,2,test,R0037,https://doi.org/10.1002/er.6806,1.0,1.0562425555555557
extratrees,2,test,R0044,https://dx.doi.org/10.1021/acscatal.0c02608,1.35,1.3273717188367131
extratrees,2,test,R0045,https://doi.org/10.1021/acsaem.1c01572,1.1,1.08355288888889
extratrees,2,test,R0046,https://doi.org/10.1021/acsaem.1c01572,1.3,1.3243611111111184
extratrees,2,test,R0053,https://doi.org/10.1016/j.ensm.2022.07.026,1.1,1.0601972222222227
extratrees,2,test,R0057,https://doi.org/10.1002/smll.202205532,1.08,0.9802221957671958
extratrees,2,test,R0070,https://doi.org/10.1016/j.cej.2022.136852,1.06,0.8922000000000022
extratrees,2,test,R0073,https://doi.org/10.1016/j.jelechem.2022.116356,1.3,1.3052361111111166
extratrees,2,test,R0078,https://doi.org/10.1016/j.cej.2022.137684,1.29,1.3739433203672784
extratrees,2,test,R0079,https://doi.org/10.1016/j.cej.2022.137684,1.41,1.3243611111111184
extratrees,2,test,R0093,https://doi.org/10.1016/j.jallcom.2022.163703,1.09,0.9665577777777777
extratrees,2,test,R0099,https://doi.org/10.1021/acsami.2c19975,1.38,1.3739433203672784
extratrees,2,test,R0108,https://doi.org/10.1016/j.cej.2022.138462,1.17,1.186111568376069
extratrees,2,test,R0112,https://doi.org/10.1021/acsnano.3c05782,1.12,1.155880555555554
extratrees,2,test,R0113,https://doi.org/10.1039/d2ta03604e,0.85,0.8922000000000022
extratrees,2,test,R0116,https://doi.org/10.1016/j.cej.2023.143351,1.23,1.2379479629629624
extratrees,2,test,R0117,https://doi.org/10.1002/adfm.202209876,1.18,1.2663472222222192
extratrees,2,test,R0119,https://doi.org/10.1021/acsaem.3c02592,0.98,1.0983274531024558
extratrees,2,test,R0120,https://doi.org/10.1002/aenm.202204057,1.3,1.3072577777777803
extratrees,2,test,R0121,https://doi.org/10.1002/aenm.202204057,1.4,1.4314868246407901
extratrees,2,test,R0122,https://doi.org/10.1002/aenm.202204057,1.5,1.401253399732358
extratrees,2,test,R0125,https://sioc-journal.cn/Jwk_hxxb/EN/10.6023/A22050206,1.08,1.1216666666666693
extratrees,2,test,R0131,https://doi.org/10.1002/advs.202522315,1.0,1.0129333333333344
extratrees,2,test,R0133,https://doi.org/10.1021/acsaem.5c03033,1.25,1.2685694444444475
extratrees,2,test,R0138,https://doi.org/10.1080/1536383X.2025.2583369,1.3,1.2161325627775965
extratrees,2,test,R0147,https://doi.org/10.1016/j.jcis.2025.138454,0.89,0.9802221957671958
extratrees,2,test,R0153,https://doi.org/10.1016/j.carbon.2025.120482,1.25,1.243374840102716
extratrees,2,test,R0185,https://doi.org/10.1002/adma.202404319,1.2,0.9469246666666681
extratrees,2,test,R0193,https://doi.org/10.1002/aenm.202303766,0.95,0.9589999999999971
extratrees,3,train,R0001,https://doi.org/10.1016/j.electacta.2020.137645,1.3,1.3016542857142914
extratrees,3,train,R0002,https://doi.org/10.1016/j.electacta.2020.137645,1.5,1.432054808590106
extratrees,3,train,R0003,https://doi.org/10.1016/j.apcatb.2019.118283,1.27,1.3057130158730201
extratrees,3,train,R0004,https://doi.org/10.1016/j.ssi.2021.115773,1.1,1.1500111111111082
extratrees,3,train,R0005,https://doi.org/10.1016/j.ssi.2021.115773,1.4,1.4097460784313804
extratrees,3,train,R0006,https://doi.org/10.1016/j.jpowsour.2021.230374,1.24,1.2465632684840353
extratrees,3,train,R0009,https://doi.org/10.1016/j.jallcom.2020.158269,1.0,1.0167266262060375
extratrees,3,train,R0010,https://doi.org/10.1016/j.cej.2020.124294,1.35,1.375354027149321
extratrees,3,train,R0011,https://doi.org/10.1016/j.cej.2020.124294,1.4,1.375354027149321
extratrees,3,train,R0012,https://doi.org/10.1016/j.cej.2021.128403,0.97,0.9224411851851829
extratrees,3,train,R0013,http://dx.doi.org/10.1016/j.jelechem.2020.114124,1.25,1.2503980158730164
extratrees,3,train,R0014,https://doi.org/10.1016/j.jechem.2020.07.053,0.98,1.0288527777777778
extratrees,3,train,R0015,https://doi.org/10.1016/j.flatc.2020.100221,1.25,1.2254632962531078
extratrees,3,train,R0016,https://doi.org/10.1016/j.jallcom.2020.157945,1.012,0.9224411851851829
extratrees,3,train,R0018,https://doi.org/10.1016/j.jpowsour.2020.228362,1.35,1.347715192307696
extratrees,3,train,R0021,https://doi.org/10.1002/anie.202110116,1.4,1.3324801404151378
extratrees,3,train,R0022,https://doi.org/10.1002/anie.202110116,1.3,1.3324801404151378
extratrees,3,train,R0023,https://doi.org/10.1021/acs.jpcc.1c05456,1.15,1.1500111111111082
extratrees,3,train,R0024,https://doi.org/10.1021/acs.jpcc.1c05456,1.2,1.1500111111111082
extratrees,3,train,R0025,https://doi.org/10.1021/acs.jpcc.1c05456,1.15,1.1500111111111082
extratrees,3,train,R0026,https://doi.org/10.1039/d0cc05980c,1.2,1.1814406593406572
extratrees,3,train,R0028,https://doi.org/10.1039/d0ta09195b,1.05,1.0818699494949473
extratrees,3,train,R0029,https://doi.org/10.1039/d1ta00538c,1.3,1.2442244752741898
extratrees,3,train,R0030,https://doi.org/10.1039/d1ta04830a,1.05,1.049163583638586
extratrees,3,train,R0031,https://doi.org/10.1002/ente.201901257,1.15,1.1694247863247924
extratrees,3,train,R0032,https://doi.org/10.1002/ente.201901257,1.2,1.1694247863247924
extratrees,3,train,R0033,https://dx.doi.org/10.1021/acsaem.0c01691,1.35,1.3342761843711815
extratrees,3,train,R0034,https://dx.doi.org/10.1021/acsnano.9b09646,1.45,1.4251857609710623
extratrees,3,train,R0035,https://dx.doi.org/10.1021/acsami.0c02087,1.15,1.1157155844155813
extratrees,3,train,R0037,https://doi.org/10.1002/er.6806,1.0,1.0016278431372552
extratrees,3,train,R0039,https://dx.doi.org/10.1021/acsami.9b21904,1.3,1.3342761843711815
extratrees,3,train,R0040,https://doi.org/10.1007/s11581-021-04046-5,0.9,0.9224411851851829
extratrees,3,train,R0042,https://doi.org/10.1002/smll.202105752,1.4,1.4496738562091431
extratrees,3,train,R0043,https://doi.org/10.1002/smll.202105752,1.25,1.2572899391935002
extratrees,3,train,R0044,https://dx.doi.org/10.1021/acscatal.0c02608,1.35,1.3342761843711815
extratrees,3,train,R0045,https://doi.org/10.1021/acsaem.1c01572,1.1,1.085761111111114
extratrees,3,train,R0046,https://doi.org/10.1021/acsaem.1c01572,1.3,1.3324801404151378
extratrees,3,train,R0047,https://doi.org/10.1002/aenm.202200791,1.0,0.9986327373171477
extratrees,3,train,R0048,https://doi.org/10.1002/aenm.202103910,1.0,0.9986327373171477
extratrees,3,train,R0049,https://doi.org/10.1016/j.apcatb.2022.121844,0.92,0.9322642539682507
extratrees,3,train,R0051,https://doi.org/10.1016/j.ensm.2023.102874,1.21,1.19626410675381
extratrees,3,train,R0052,https://doi.org/10.1016/j.ensm.2023.102989,1.1,1.1157155844155813
extratrees,3,train,R0053,https://doi.org/10.1016/j.ensm.2022.07.026,1.1,1.043783333333333
extratrees,3,train,R0054,https://doi.org/10.1016/S1872‐2067(23)64409‐2,1.1,1.1157155844155813
extratrees,3,train,R0055,https://doi.org/10.1016/S1872‐2067(23)64409‐2,1.15,1.1157155844155813
extratrees,3,train,R0056,https://doi.org/10.1016/j.jallcom.2023.170130,1.29,1.2465632684840353
extratrees,3,train,R0057,https://doi.org/10.1002/smll.202205532,1.08,0.9981310706504828
extratrees,3,train,R0058,https://doi.org/10.1016/j.electacta.2023.142096,0.99,0.9892180547774702
extratrees,3,train,R0059,https://doi.org/10.1016/j.electacta.2022.140147,1.11,1.065030178155176
extratrees,3,train,R0061,https://doi.org/10.1016/j.jelechem.2022.116810,1.15,1.1814406593406572
extratrees,3,train,R0062,https://doi.org/10.1002/slct.202200870,1.04,0.9224411851851829
extratrees,3,train,R0063,https://doi.org/10.1002/slct.202200870,1.1,1.073867797202804
extratrees,3,train,R0064,https://doi.org/10.1002/slct.202200870,1.11,1.065030178155176
extratrees,3,train,R0065,https://doi.org/10.1016/j.cej.2023.146775,1.0,1.0002863881108
extratrees,3,train,R0066,https://www.pnas.org/lookup/suppl/doi:10.1073/pnas.2301439120/-/DCSupplemental.,1.11,1.1088166666666728
extratrees,3,train,R0067,https://doi.org/10.3390/nano12142386,1.2,1.1824692307692342
extratrees,3,train,R0068,https://doi.org/10.1021/acsami.2c19975,1.03,1.0394705555555552
extratrees,3,train,R0069,https://doi.org/10.1021/acsami.2c19975,1.38,1.347715192307696
extratrees,3,train,R0070,https://doi.org/10.1016/j.cej.2022.136852,1.06,0.9224411851851829
extratrees,3,train,R0072,https://doi.org/10.1016/j.ijhydene.2023.12.023,1.4,1.412471078431379
extratrees,3,train,R0073,https://doi.org/10.1016/j.jelechem.2022.116356,1.3,1.2900000000000054
extratrees,3,train,R0076,https://doi.org/10.1002/admi.202102110,0.98,0.9800722222222208
extratrees,3,train,R0077,https://doi.org/10.1002/admi.202102110,1.04,1.073867797202804
extratrees,3,train,R0078,https://doi.org/10.1016/j.cej.2022.137684,1.29,1.347715192307696
extratrees,3,train,R0079,https://doi.org/10.1016/j.cej.2022.137684,1.41,1.3324801404151378
extratrees,3,train,R0080,https://doi.org/10.1016/j.est.2023.107329,1.01,1.0050028960473059
extratrees,3,train,R0081,https://doi.org/10.1021/acs.jpcc.3c01042,1.2,1.1500111111111082
extratrees,3,train,R0082,https://doi.org/10.1021/acs.jpcc.3c01042,1.25,1.1500111111111082
extratrees,3,train,R0083,https://doi.org/10.1021/acs.jpcc.3c01042,1.25,1.1500111111111082
extratrees,3,train,R0085,https://doi.org/10.1021/jacs.2c11676,1.05,1.073867797202804
extratrees,3,train,R0086,https://doi.org/10.1016/j.est.2023.109342,1.35,1.412471078431379
extratrees,3,train,R0087,https://doi.org/10.1016/j.est.2023.109342,1.5,1.412471078431379
extratrees,3,train,R0088,https://doi.org/10.1016/j.est.2023.109342,1.4,1.412471078431379
extratrees,3,train,R0089,https://doi.org/10.1016/j.jcis.2022.12.148,1.28,1.2900000000000054
extratrees,3,train,R0090,https://doi.org/10.1016/j.cej.2022.139524,1.22,1.1824692307692342
extratrees,3,train,R0092,https://doi.org/10.1016/j.carbon.2022.04.080,1.32,1.2900000000000054
extratrees,3,train,R0093,https://doi.org/10.1016/j.jallcom.2022.163703,1.09,1.0692722222222226
extratrees,3,train,R0094,https://doi.org/10.1016/j.electacta.2022.140894,1.05,1.1500111111111082
extratrees,3,train,R0096,https://doi.org/10.1002/adsu.202300510,0.95,0.9597709383753469
extratrees,3,train,R0097,https://doi.org/10.1002/adsu.202300510,1.2,1.2465632684840353
extratrees,3,train,R0098,https://doi.org/10.1002/adsu.202300510,1.25,1.2465632684840353
extratrees,3,train,R0099,https://doi.org/10.1021/acsami.2c19975,1.38,1.347715192307696
extratrees,3,train,R0103,https://doi.org/10.1007/s12274-022-5330-2,1.2,1.1814406593406572
extratrees,3,train,R0104,https://doi.org/10.1007/s12274-022-5330-2,1.15,1.1157155844155813
extratrees,3,train,R0105,https://doi.org/10.1007/s12274-022-5330-2,1.1,1.1814406593406572
extratrees,3,train,R0106,https://doi.org/10.1007/s12274-022-5330-2,1.08,1.1157155844155813
extratrees,3,train,R0107,https://doi.org/10.1016/j.ensm.2023.102829,1.2,1.211073508034789
extratrees,3,train,R0108,https://doi.org/10.1016/j.cej.2022.138462,1.17,1.1824692307692342
extratrees,3,train,R0109,https://doi.org/10.1002/smll.202302598,1.25,1.2572899391935002
extratrees,3,train,R0110,https://doi.org/10.1002/adma.202106436,1.2,1.2075820961717987
extratrees,3,train,R0111,https://doi.org/10.1016/j.apcatb.2022.122203,1.25,1.2900000000000054
extratrees,3,train,R0112,https://doi.org/10.1021/acsnano.3c05782,1.12,1.1360921717171673
extratrees,3,train,R0113,https://doi.org/10.1039/d2ta03604e,0.85,0.9224411851851829
extratrees,3,train,R0114,https://doi.org/10.1016/j.compositesb.2022.109727,1.1,1.1500111111111082
extratrees,3,train,R0115,https://doi.org/10.1016/j.ensm.2022.05.029,1.14,1.1824692307692342
extratrees,3,train,R0116,https://doi.org/10.1016/j.cej.2023.143351,1.23,1.2297949476572643
extratrees,3,train,R0117,https://doi.org/10.1002/adfm.202209876,1.18,1.2036342684753314
extratrees,3,train,R0118,https://doi.org/10.1002/smll.202106707,1.42,1.4097460784313804
extratrees,3,train,R0119,https://doi.org/10.1021/acsaem.3c02592,0.98,1.065030178155176
extratrees,3,train,R0120,https://doi.org/10.1002/aenm.202204057,1.3,1.3057130158730201
extratrees,3,train,R0121,https://doi.org/10.1002/aenm.202204057,1.4,1.4251857609710623
extratrees,3,train,R0122,https://doi.org/10.1002/aenm.202204057,1.5,1.4496738562091431
extratrees,3,train,R0125,https://sioc-journal.cn/Jwk_hxxb/EN/10.6023/A22050206,1.08,1.1157155844155813
extratrees,3,train,R0126,https://doi.org/10.1016/j.jcis.2026.140244,1.04,1.0248958712202827
extratrees,3,train,R0131,https://doi.org/10.1002/advs.202522315,1.0,1.0288527777777778
extratrees,3,train,R0132,https://doi.org/10.1016/j.electacta.2025.147671,1.15,1.1360921717171673
extratrees,3,train,R0133,https://doi.org/10.1021/acsaem.5c03033,1.25,1.2472899999999993
extratrees,3,train,R0134,https://doi.org/10.1021/acsanm.5c04476,1.04,1.065030178155176
extratrees,3,train,R0135,https://doi.org/10.1021/acsanm.5c04476,1.25,1.2572899391935002
extratrees,3,train,R0136,https://doi.org/10.1088/2631-6331/ae1925,1.3,1.3565521153846176
extratrees,3,train,R0137,https://doi.org/10.1002/anie.202521423,1.2,1.2442244752741898
extratrees,3,train,R0138,https://doi.org/10.1080/1536383X.2025.2583369,1.3,1.2830148343473688
extratrees,3,train,R0139,https://doi.org/10.1002/anie.202520097,1.2,1.1814406593406572
extratrees,3,train,R0140,https://doi.org/10.1016/j.jcis.2025.139355,0.8,0.9224411851851829
extratrees,3,train,R0141,https://doi.org/10.1016/j.jcis.2025.139355,0.83,0.9224411851851829
extratrees,3,train,R0142,https://doi.org/10.1021/acsnano.5c10218,0.96,0.9650180494864632
extratrees,3,train,R0143,https://doi.org/10.1021/acsnano.5c10218,1.18,1.1814406593406572
extratrees,3,train,R0144,https://doi.org/10.1002/aoc.70327,1.41,1.3565521153846176
extratrees,3,train,R0145,https://doi.org/10.1021/acs.langmuir.5c02644,1.1,1.0818699494949473
extratrees,3,train,R0146,https://doi.org/10.1016/j.electacta.2025.146925,1.1,1.1500111111111082
extratrees,3,train,R0147,https://doi.org/10.1016/j.jcis.2025.138454,0.89,0.9981310706504828
extratrees,3,train,R0148,https://doi.org/10.1038/s41598-025-11449-1,0.998,0.9650180494864632
extratrees,3,train,R0150,https://doi.org/10.1016/j.jpowsour.2025.237653,1.15,1.065030178155176
extratrees,3,train,R0151,https://doi.org/10.1021/acs.iecr.5c01518,1.18,1.1896388888888922
extratrees,3,train,R0152,https://doi.org/10.1021/acs.iecr.5c01518,1.25,1.2572899391935002
extratrees,3,train,R0153,https://doi.org/10.1016/j.carbon.2025.120482,1.25,1.2442244752741898
extratrees,3,train,R0154,https://doi.org/10.1093/nsr/nwaf145,1.24,1.1814406593406572
extratrees,3,train,R0155,https://doi.org/10.1016/j.jcis.2025.137782,1.36,1.3565521153846176
extratrees,3,train,R0156,https://doi.org/10.1016/j.cej.2025.162908,1.3,1.2996491269841337
extratrees,3,train,R0157,https://doi.org/10.1016/j.cej.2025.162908,1.35,1.3057130158730201
extratrees,3,train,R0158,https://doi.org/10.1016/j.cej.2025.162908,1.3,1.2996491269841337
extratrees,3,train,R0162,https://doi.org/10.1021/jacs.4c15230,1.1,1.1500111111111082
extratrees,3,train,R0164,https://doi.org/10.1016/j.esci.2024.100310,1.08,1.073867797202804
extratrees,3,train,R0165,https://doi.org/10.1016/j.esci.2024.100310,1.1,1.073867797202804
extratrees,3,train,R0166,https://doi.org/10.1002/smll.202406516,1.2,1.1500111111111082
extratrees,3,train,R0167,https://doi.org/10.1002/anie.202418893,1.3,1.2900000000000054
extratrees,3,train,R0168,https://doi.org/10.1016/j.electacta.2024.145384,1.01,0.9981310706504828
extratrees,3,train,R0169,https://doi.org/10.1007/s10008-024-06115-x,1.4,1.432054808590106
extratrees,3,train,R0170,https://doi.org/10.1002/aenm.202402925,1.4,1.398925607448102
extratrees,3,train,R0171,https://doi.org/10.1002/aenm.202402925,1.28,1.3324801404151378
extratrees,3,train,R0172,https://doi.org/10.1002/aenm.202402925,1.3,1.3324801404151378
extratrees,3,train,R0173,https://doi.org/10.1021/acs.energyfuels.4c04356,0.94,0.9650180494864632
extratrees,3,train,R0174,https://doi.org/10.1002/smll.202406525,1.25,1.2465632684840353
extratrees,3,train,R0175,https://doi.org/10.1016/j.jpowsour.2024.235394,0.95,0.9526124939309016
extratrees,3,train,R0176,https://doi.org/10.1016/j.jpowsour.2024.235394,1.0,1.065030178155176
extratrees,3,train,R0179,https://doi.org/10.1039/d4sc03242j,1.1,1.1500111111111082
extratrees,3,train,R0182,https://doi.org/10.1016/j.jcis.2024.06.137,1.25,1.248353020001584
extratrees,3,train,R0183,https://doi.org/10.1016/j.jcis.2024.06.137,1.4,1.4251857609710623
extratrees,3,train,R0184,https://doi.org/10.1016/j.jcis.2024.06.137,1.45,1.4251857609710623
extratrees,3,train,R0185,https://doi.org/10.1002/adma.202404319,1.2,1.1861861111111072
extratrees,3,train,R0186,https://doi.org/10.1002/adma.202405440,1.4,1.432054808590106
extratrees,3,train,R0188,https://doi.org/10.1016/j.jcis.2024.05.144,1.2,1.209611169114106
extratrees,3,train,R0189,https://doi.org/10.1016/j.ijoes.2024.100602,1.3,1.2442244752741898
extratrees,3,train,R0190,https://doi.org/10.1016/j.jechem.2024.01.076,1.3,1.2572899391935002
extratrees,3,train,R0191,https://doi.org/10.1016/j.jechem.2024.01.076,1.25,1.2572899391935002
extratrees,3,train,R0192,https://doi.org/10.1016/j.jechem.2024.01.076,1.25,1.24536771467095
extratrees,3,train,R0193,https://doi.org/10.1002/aenm.202303766,0.95,0.9526124939309016
extratrees,3,train,R0194,https://doi.org/10.1002/smtd.202301728,1.22,1.2652206279981588
extratrees,3,train,R0195,https://doi.org/10.1002/smtd.202301728,1.32,1.2652206279981588
extratrees,3,train,R0196,https://doi.org/10.1016/j.mtcomm.2024.108243,0.84,0.9224411851851829
extratrees,3,train,R0198,https://doi.org/10.1016/j.jpowsour.2024.234130,1.05,1.0614138888888929
extratrees,3,train,R0199,https://doi.org/10.1016/j.jpowsour.2024.234130,1.17,1.2442244752741898
extratrees,3,train,R0200,https://doi.org/10.1021/jacs.3c12734,1.12,1.11305555555556
extratrees,3,test,R0007,https://doi.org/10.1016/j.jallcom.2019.152736,1.35,1.209611169114106
extratrees,3,test,R0008,https://doi.org/10.1016/j.jallcom.2020.153803,1.25,1.1811997863247914
extratrees,3,test,R0017,https://doi.org/10.1016/j.jallcom.2020.154054,0.82,0.9224411851851829
extratrees,3,test,R0019,https://doi.org/10.1016/j.jallcom.2020.157656,1.4,1.4496738562091431
extratrees,3,test,R0020,https://doi.org/10.1002/aenm.202100110,0.95,0.9981310706504828
extratrees,3,test,R0027,https://doi.org/10.1039/d0nr00866d,1.5,1.3392797625250594
extratrees,3,test,R0036,https://doi.org/10.1002/er.7342,1.21,1.2465632684840353
extratrees,3,test,R0038,https://doi.org/10.1021/acsami.1c08720,0.84,0.9650180494864632
extratrees,3,test,R0041,https://doi.org/10.1007/s40242-020-0077-3,1.15,1.2465632684840353
extratrees,3,test,R0050,https://doi.org/10.1002/aenm.202203660,1.33,1.2900000000000054
extratrees,3,test,R0060,https://doi.org/10.1021/acsami.1c22643,1.0,1.0248958712202827
extratrees,3,test,R0071,https://doi.org/10.1039/d2ta07061h,1.34,1.4097460784313804
extratrees,3,test,R0074,https://doi.org/10.1002/smll.202204836,1.25,1.2442244752741898
extratrees,3,test,R0075,https://doi.org/10.1002/smll.202204836,1.18,1.065030178155176
extratrees,3,test,R0084,https://doi.org/10.1021/acsami.3c01599,1.17,1.2465632684840353
extratrees,3,test,R0091,https://doi.org/10.1039/d1qi01260f,1.23,1.1814406593406572
extratrees,3,test,R0095,https://doi.org/10.1002/smll.202206611,0.98,1.0288527777777778
extratrees,3,test,R0100,https://doi.org/10.1021/acscatal.2c02544,1.15,1.2465632684840353
extratrees,3,test,R0101,https://doi.org/10.1021/acscatal.2c02544,1.15,1.2465632684840353
extratrees,3,test,R0102,https://www.science.org/doi/10.1126/sciadv.abq6261,1.2,1.1500111111111082
extratrees,3,test,R0123,https://doi.org/10.1021/acs.nanolett.3c03025,1.1,1.1814406593406572
extratrees,3,test,R0124,https://doi.org/10.1021/acs.nanolett.3c03025,1.15,1.1814406593406572
extratrees,3,test,R0127,https://doi.org/10.1016/j.jechem.2026.01.056,1.25,1.1787949494949548
extratrees,3,test,R0128,https://doi.org/10.1002/smll.202512953,1.25,1.347715192307696
extratrees,3,test,R0129,https://doi.org/10.1002/smll.202512953,1.39,1.398925607448102
extratrees,3,test,R0130,https://doi.org/10.1002/smll.202512953,1.45,1.398925607448102
extratrees,3,test,R0149,https://doi.org/10.1002/anie.202509132,0.94,0.9224411851851829
extratrees,3,test,R0159,https://doi.org/10.1016/j.cej.2025.162420,0.86,0.9927591216931226
extratrees,3,test,R0160,https://doi.org/10.1039/d5nr00300h,0.77,0.9224411851851829
extratrees,3,test,R0161,https://doi.org/10.1039/d5nr00300h,1.29,1.3565521153846176
extratrees,3,test,R0163,https://doi.org/10.1002/celc.202400626,1.4,1.3565521153846176
extratrees,3,test,R0177,https://doi.org/10.1002/cey2.587,1.35,1.2900000000000054
extratrees,3,test,R0178,https://doi.org/10.1002/cey2.550,1.25,1.234835346659127
extratrees,3,test,R0180,https://doi.org/10.1016/j.est.2024.112780,1.3,1.2619575396825415
extratrees,3,test,R0181,https://doi.org/10.1016/j.est.2024.112780,1.45,1.412471078431379
extratrees,3,test,R0187,https://doi.org/10.1016/j.mtener.2024.101597,1.38,1.412471078431379
extratrees,3,test,R0197,https://doi.org/10.1016/j.jallcom.2024.173877,1.11,1.1500111111111082
extratrees,4,train,R0001,https://doi.org/10.1016/j.electacta.2020.137645,1.3,1.3067936244552558
extratrees,4,train,R0002,https://doi.org/10.1016/j.electacta.2020.137645,1.5,1.4201993803660122
extratrees,4,train,R0004,https://doi.org/10.1016/j.ssi.2021.115773,1.1,1.1262024242424211
extratrees,4,train,R0005,https://doi.org/10.1016/j.ssi.2021.115773,1.4,1.3733341269841288
extratrees,4,train,R0006,https://doi.org/10.1016/j.jpowsour.2021.230374,1.24,1.2003419318181827
extratrees,4,train,R0007,https://doi.org/10.1016/j.jallcom.2019.152736,1.35,1.2715811111111068
extratrees,4,train,R0008,https://doi.org/10.1016/j.jallcom.2020.153803,1.25,1.237175694444442
extratrees,4,train,R0009,https://doi.org/10.1016/j.jallcom.2020.158269,1.0,1.0183861111111094
extratrees,4,train,R0010,https://doi.org/10.1016/j.cej.2020.124294,1.35,1.3735465079365095
extratrees,4,train,R0011,https://doi.org/10.1016/j.cej.2020.124294,1.4,1.3735465079365095
extratrees,4,train,R0012,https://doi.org/10.1016/j.cej.2021.128403,0.97,0.8951999999999949
extratrees,4,train,R0015,https://doi.org/10.1016/j.flatc.2020.100221,1.25,1.2267749999999968
extratrees,4,train,R0016,https://doi.org/10.1016/j.jallcom.2020.157945,1.012,0.8951999999999949
extratrees,4,train,R0017,https://doi.org/10.1016/j.jallcom.2020.154054,0.82,0.8951999999999949
extratrees,4,train,R0018,https://doi.org/10.1016/j.jpowsour.2020.228362,1.35,1.3070186588652943
extratrees,4,train,R0019,https://doi.org/10.1016/j.jallcom.2020.157656,1.4,1.4492584415584346
extratrees,4,train,R0020,https://doi.org/10.1002/aenm.202100110,0.95,0.9824999999999974
extratrees,4,train,R0021,https://doi.org/10.1002/anie.202110116,1.4,1.351380222116857
extratrees,4,train,R0022,https://doi.org/10.1002/anie.202110116,1.3,1.351380222116857
extratrees,4,train,R0023,https://doi.org/10.1021/acs.jpcc.1c05456,1.15,1.1262024242424211
extratrees,4,train,R0024,https://doi.org/10.1021/acs.jpcc.1c05456,1.2,1.1262024242424211
extratrees,4,train,R0025,https://doi.org/10.1021/acs.jpcc.1c05456,1.15,1.1262024242424211
extratrees,4,train,R0026,https://doi.org/10.1039/d0cc05980c,1.2,1.181362678171499
extratrees,4,train,R0027,https://doi.org/10.1039/d0nr00866d,1.5,1.496554603174603
extratrees,4,train,R0028,https://doi.org/10.1039/d0ta09195b,1.05,1.0737500000000042
extratrees,4,train,R0029,https://doi.org/10.1039/d1ta00538c,1.3,1.2595145607333793
extratrees,4,train,R0030,https://doi.org/10.1039/d1ta04830a,1.05,1.0480638888888922
extratrees,4,train,R0031,https://doi.org/10.1002/ente.201901257,1.15,1.1883828048340563
extratrees,4,train,R0032,https://doi.org/10.1002/ente.201901257,1.2,1.1883828048340563
extratrees,4,train,R0034,https://dx.doi.org/10.1021/acsnano.9b09646,1.45,1.4254781240981311
extratrees,4,train,R0035,https://dx.doi.org/10.1021/acsami.0c02087,1.15,1.1160000000000017
extratrees,4,train,R0036,https://doi.org/10.1002/er.7342,1.21,1.2003419318181827
extratrees,4,train,R0037,https://doi.org/10.1002/er.6806,1.0,1.009411111111109
extratrees,4,train,R0038,https://doi.org/10.1021/acsami.1c08720,0.84,0.9345000000000077
extratrees,4,train,R0039,https://dx.doi.org/10.1021/acsami.9b21904,1.3,1.3272473168739443
extratrees,4,train,R0040,https://doi.org/10.1007/s11581-021-04046-5,0.9,0.8951999999999949
extratrees,4,train,R0041,https://doi.org/10.1007/s40242-020-0077-3,1.15,1.2003419318181827
extratrees,4,train,R0044,https://dx.doi.org/10.1021/acscatal.0c02608,1.35,1.3272473168739443
extratrees,4,train,R0045,https://doi.org/10.1021/acsaem.1c01572,1.1,1.086130555555558
extratrees,4,train,R0046,https://doi.org/10.1021/acsaem.1c01572,1.3,1.351380222116857
extratrees,4,train,R0048,https://doi.org/10.1002/aenm.202103910,1.0,1.0090499999999976
extratrees,4,train,R0050,https://doi.org/10.1002/aenm.202203660,1.33,1.3045258921633893
extratrees,4,train,R0051,https://doi.org/10.1016/j.ensm.2023.102874,1.21,1.207080555555552
extratrees,4,train,R0052,https://doi.org/10.1016/j.ensm.2023.102989,1.1,1.1160000000000017
extratrees,4,train,R0053,https://doi.org/10.1016/j.ensm.2022.07.026,1.1,1.0432805555555538
extratrees,4,train,R0054,https://doi.org/10.1016/S1872‐2067(23)64409‐2,1.1,1.1160000000000017
extratrees,4,train,R0055,https://doi.org/10.1016/S1872‐2067(23)64409‐2,1.15,1.1160000000000017
extratrees,4,train,R0056,https://doi.org/10.1016/j.jallcom.2023.170130,1.29,1.2003419318181827
extratrees,4,train,R0057,https://doi.org/10.1002/smll.202205532,1.08,0.9824999999999974
extratrees,4,train,R0060,https://doi.org/10.1021/acsami.1c22643,1.0,1.022444444444445
extratrees,4,train,R0061,https://doi.org/10.1016/j.jelechem.2022.116810,1.15,1.181362678171499
extratrees,4,train,R0067,https://doi.org/10.3390/nano12142386,1.2,1.1833730948381718
extratrees,4,train,R0068,https://doi.org/10.1021/acsami.2c19975,1.03,1.0340166666666655
extratrees,4,train,R0069,https://doi.org/10.1021/acsami.2c19975,1.38,1.347473110524745
extratrees,4,train,R0070,https://doi.org/10.1016/j.cej.2022.136852,1.06,0.8951999999999949
extratrees,4,train,R0071,https://doi.org/10.1039/d2ta07061h,1.34,1.3733341269841288
extratrees,4,train,R0073,https://doi.org/10.1016/j.jelechem.2022.116356,1.3,1.3045258921633893
extratrees,4,train,R0074,https://doi.org/10.1002/smll.202204836,1.25,1.2595145607333793
extratrees,4,train,R0075,https://doi.org/10.1002/smll.202204836,1.18,1.0502916666666724
extratrees,4,train,R0078,https://doi.org/10.1016/j.cej.2022.137684,1.29,1.347473110524745
extratrees,4,train,R0079,https://doi.org/10.1016/j.cej.2022.137684,1.41,1.351380222116857
extratrees,4,train,R0080,https://doi.org/10.1016/j.est.2023.107329,1.01,1.0067666666666637
extratrees,4,train,R0084,https://doi.org/10.1021/acsami.3c01599,1.17,1.2003419318181827
extratrees,4,train,R0086,https://doi.org/10.1016/j.est.2023.109342,1.35,1.415464126984124
extratrees,4,train,R0087,https://doi.org/10.1016/j.est.2023.109342,1.5,1.415464126984124
extratrees,4,train,R0088,https://doi.org/10.1016/j.est.2023.109342,1.4,1.415464126984124
extratrees,4,train,R0089,https://doi.org/10.1016/j.jcis.2022.12.148,1.28,1.3045258921633893
extratrees,4,train,R0090,https://doi.org/10.1016/j.cej.2022.139524,1.22,1.1833730948381718
extratrees,4,train,R0091,https://doi.org/10.1039/d1qi01260f,1.23,1.181362678171499
extratrees,4,train,R0092,https://doi.org/10.1016/j.carbon.2022.04.080,1.32,1.3045258921633893
extratrees,4,train,R0093,https://doi.org/10.1016/j.jallcom.2022.163703,1.09,1.0731416666666658
extratrees,4,train,R0094,https://doi.org/10.1016/j.electacta.2022.140894,1.05,1.1262024242424211
extratrees,4,train,R0095,https://doi.org/10.1002/smll.202206611,0.98,1.0217666666666658
extratrees,4,train,R0099,https://doi.org/10.1021/acsami.2c19975,1.38,1.347473110524745
extratrees,4,train,R0100,https://doi.org/10.1021/acscatal.2c02544,1.15,1.2003419318181827
extratrees,4,train,R0101,https://doi.org/10.1021/acscatal.2c02544,1.15,1.2003419318181827
extratrees,4,train,R0102,https://www.science.org/doi/10.1126/sciadv.abq6261,1.2,1.1262024242424211
extratrees,4,train,R0108,https://doi.org/10.1016/j.cej.2022.138462,1.17,1.1833730948381718
extratrees,4,train,R0109,https://doi.org/10.1002/smll.202302598,1.25,1.2600910173160123
extratrees,4,train,R0111,https://doi.org/10.1016/j.apcatb.2022.122203,1.25,1.3045258921633893
extratrees,4,train,R0112,https://doi.org/10.1021/acsnano.3c05782,1.12,1.1355527777777732
extratrees,4,train,R0113,https://doi.org/10.1039/d2ta03604e,0.85,0.8951999999999949
extratrees,4,train,R0114,https://doi.org/10.1016/j.compositesb.2022.109727,1.1,1.1262024242424211
extratrees,4,train,R0115,https://doi.org/10.1016/j.ensm.2022.05.029,1.14,1.1833730948381718
extratrees,4,train,R0116,https://doi.org/10.1016/j.cej.2023.143351,1.23,1.232188492063495
extratrees,4,train,R0117,https://doi.org/10.1002/adfm.202209876,1.18,1.2014055555555543
extratrees,4,train,R0119,https://doi.org/10.1021/acsaem.3c02592,0.98,1.0502916666666724
extratrees,4,train,R0120,https://doi.org/10.1002/aenm.202204057,1.3,1.3215559829059778
extratrees,4,train,R0121,https://doi.org/10.1002/aenm.202204057,1.4,1.4254781240981311
extratrees,4,train,R0122,https://doi.org/10.1002/aenm.202204057,1.5,1.4492584415584346
extratrees,4,train,R0123,https://doi.org/10.1021/acs.nanolett.3c03025,1.1,1.181362678171499
extratrees,4,train,R0124,https://doi.org/10.1021/acs.nanolett.3c03025,1.15,1.181362678171499
extratrees,4,train,R0125,https://sioc-journal.cn/Jwk_hxxb/EN/10.6023/A22050206,1.08,1.1160000000000017
extratrees,4,train,R0126,https://doi.org/10.1016/j.jcis.2026.140244,1.04,1.022444444444445
extratrees,4,train,R0127,https://doi.org/10.1016/j.jechem.2026.01.056,1.25,1.235747916666664
extratrees,4,train,R0128,https://doi.org/10.1002/smll.202512953,1.25,1.3070186588652943
extratrees,4,train,R0129,https://doi.org/10.1002/smll.202512953,1.39,1.416848345567479
extratrees,4,train,R0130,https://doi.org/10.1002/smll.202512953,1.45,1.416848345567479
extratrees,4,train,R0131,https://doi.org/10.1002/advs.202522315,1.0,1.0217666666666658
extratrees,4,train,R0132,https://doi.org/10.1016/j.electacta.2025.147671,1.15,1.1355527777777732
extratrees,4,train,R0133,https://doi.org/10.1021/acsaem.5c03033,1.25,1.2620496779388075
extratrees,4,train,R0134,https://doi.org/10.1021/acsanm.5c04476,1.04,1.0502916666666724
extratrees,4,train,R0135,https://doi.org/10.1021/acsanm.5c04476,1.25,1.2600910173160123
extratrees,4,train,R0136,https://doi.org/10.1088/2631-6331/ae1925,1.3,1.354561650780775
extratrees,4,train,R0137,https://doi.org/10.1002/anie.202521423,1.2,1.2595145607333793
extratrees,4,train,R0138,https://doi.org/10.1080/1536383X.2025.2583369,1.3,1.2932238372738385
extratrees,4,train,R0139,https://doi.org/10.1002/anie.202520097,1.2,1.181362678171499
extratrees,4,train,R0140,https://doi.org/10.1016/j.jcis.2025.139355,0.8,0.8951999999999949
extratrees,4,train,R0141,https://doi.org/10.1016/j.jcis.2025.139355,0.83,0.8951999999999949
extratrees,4,train,R0142,https://doi.org/10.1021/acsnano.5c10218,0.96,0.9345000000000077
extratrees,4,train,R0143,https://doi.org/10.1021/acsnano.5c10218,1.18,1.181362678171499
extratrees,4,train,R0144,https://doi.org/10.1002/aoc.70327,1.41,1.354561650780775
extratrees,4,train,R0146,https://doi.org/10.1016/j.electacta.2025.146925,1.1,1.1262024242424211
extratrees,4,train,R0147,https://doi.org/10.1016/j.jcis.2025.138454,0.89,0.9824999999999974
extratrees,4,train,R0148,https://doi.org/10.1038/s41598-025-11449-1,0.998,0.9345000000000077
extratrees,4,train,R0149,https://doi.org/10.1002/anie.202509132,0.94,0.8951999999999949
extratrees,4,train,R0151,https://doi.org/10.1021/acs.iecr.5c01518,1.18,1.1825611111111156
extratrees,4,train,R0152,https://doi.org/10.1021/acs.iecr.5c01518,1.25,1.2600910173160123
extratrees,4,train,R0153,https://doi.org/10.1016/j.carbon.2025.120482,1.25,1.2595145607333793
extratrees,4,train,R0154,https://doi.org/10.1093/nsr/nwaf145,1.24,1.181362678171499
extratrees,4,train,R0155,https://doi.org/10.1016/j.jcis.2025.137782,1.36,1.354561650780775
extratrees,4,train,R0156,https://doi.org/10.1016/j.cej.2025.162908,1.3,1.3012782051282115
extratrees,4,train,R0157,https://doi.org/10.1016/j.cej.2025.162908,1.35,1.3215559829059778
extratrees,4,train,R0158,https://doi.org/10.1016/j.cej.2025.162908,1.3,1.3012782051282115
extratrees,4,train,R0159,https://doi.org/10.1016/j.cej.2025.162420,0.86,0.8600000000000066
extratrees,4,train,R0160,https://doi.org/10.1039/d5nr00300h,0.77,0.8951999999999949
extratrees,4,train,R0161,https://doi.org/10.1039/d5nr00300h,1.29,1.354561650780775
extratrees,4,train,R0163,https://doi.org/10.1002/celc.202400626,1.4,1.354561650780775
extratrees,4,train,R0167,https://doi.org/10.1002/anie.202418893,1.3,1.3045258921633893
extratrees,4,train,R0168,https://doi.org/10.1016/j.electacta.2024.145384,1.01,0.9824999999999974
extratrees,4,train,R0169,https://doi.org/10.1007/s10008-024-06115-x,1.4,1.4201993803660122
extratrees,4,train,R0173,https://doi.org/10.1021/acs.energyfuels.4c04356,0.94,0.9345000000000077
extratrees,4,train,R0174,https://doi.org/10.1002/smll.202406525,1.25,1.2003419318181827
extratrees,4,train,R0175,https://doi.org/10.1016/j.jpowsour.2024.235394,0.95,0.9506249999999947
extratrees,4,train,R0176,https://doi.org/10.1016/j.jpowsour.2024.235394,1.0,1.0502916666666724
extratrees,4,train,R0177,https://doi.org/10.1002/cey2.587,1.35,1.3045258921633893
extratrees,4,train,R0178,https://doi.org/10.1002/cey2.550,1.25,1.2589069047619033
extratrees,4,train,R0179,https://doi.org/10.1039/d4sc03242j,1.1,1.1262024242424211
extratrees,4,train,R0180,https://doi.org/10.1016/j.est.2024.112780,1.3,1.3009976495726552
extratrees,4,train,R0181,https://doi.org/10.1016/j.est.2024.112780,1.45,1.415464126984124
extratrees,4,train,R0182,https://doi.org/10.1016/j.jcis.2024.06.137,1.25,1.2479890331890335
extratrees,4,train,R0183,https://doi.org/10.1016/j.jcis.2024.06.137,1.4,1.4254781240981311
extratrees,4,train,R0184,https://doi.org/10.1016/j.jcis.2024.06.137,1.45,1.4254781240981311
extratrees,4,train,R0185,https://doi.org/10.1002/adma.202404319,1.2,1.1752927350427316
extratrees,4,train,R0186,https://doi.org/10.1002/adma.202405440,1.4,1.4201993803660122
extratrees,4,train,R0187,https://doi.org/10.1016/j.mtener.2024.101597,1.38,1.415464126984124
extratrees,4,train,R0188,https://doi.org/10.1016/j.jcis.2024.05.144,1.2,1.2715811111111068
extratrees,4,train,R0189,https://doi.org/10.1016/j.ijoes.2024.100602,1.3,1.2595145607333793
extratrees,4,train,R0190,https://doi.org/10.1016/j.jechem.2024.01.076,1.3,1.2600910173160123
extratrees,4,train,R0191,https://doi.org/10.1016/j.jechem.2024.01.076,1.25,1.2600910173160123
extratrees,4,train,R0192,https://doi.org/10.1016/j.jechem.2024.01.076,1.25,1.2506805555555558
extratrees,4,train,R0193,https://doi.org/10.1002/aenm.202303766,0.95,0.9506249999999947
extratrees,4,train,R0194,https://doi.org/10.1002/smtd.202301728,1.22,1.2705449999999954
extratrees,4,train,R0195,https://doi.org/10.1002/smtd.202301728,1.32,1.2705449999999954
extratrees,4,train,R0197,https://doi.org/10.1016/j.jallcom.2024.173877,1.11,1.1262024242424211
extratrees,4,test,R0003,https://doi.org/10.1016/j.apcatb.2019.118283,1.27,1.3215559829059778
extratrees,4,test,R0013,http://dx.doi.org/10.1016/j.jelechem.2020.114124,1.25,1.2954329365079411
extratrees,4,test,R0014,https://doi.org/10.1016/j.jechem.2020.07.053,0.98,1.0217666666666658
extratrees,4,test,R0033,https://dx.doi.org/10.1021/acsaem.0c01691,1.35,1.3272473168739443
extratrees,4,test,R0042,https://doi.org/10.1002/smll.202105752,1.4,1.4492584415584346
extratrees,4,test,R0043,https://doi.org/10.1002/smll.202105752,1.25,1.2600910173160123
extratrees,4,test,R0047,https://doi.org/10.1002/aenm.202200791,1.0,1.0090499999999976
extratrees,4,test,R0049,https://doi.org/10.1016/j.apcatb.2022.121844,0.92,1.0323805555555543
extratrees,4,test,R0058,https://doi.org/10.1016/j.electacta.2023.142096,0.99,0.9760776666666646
extratrees,4,test,R0059,https://doi.org/10.1016/j.electacta.2022.140147,1.11,1.0502916666666724
extratrees,4,test,R0062,https://doi.org/10.1002/slct.202200870,1.04,0.8951999999999949
extratrees,4,test,R0063,https://doi.org/10.1002/slct.202200870,1.1,1.1309658336108364
extratrees,4,test,R0064,https://doi.org/10.1002/slct.202200870,1.11,1.0502916666666724
extratrees,4,test,R0065,https://doi.org/10.1016/j.cej.2023.146775,1.0,1.2055295555555534
extratrees,4,test,R0066,https://www.pnas.org/lookup/suppl/doi:10.1073/pnas.2301439120/-/DCSupplemental.,1.11,1.1350547702297713
extratrees,4,test,R0072,https://doi.org/10.1016/j.ijhydene.2023.12.023,1.4,1.415464126984124
extratrees,4,test,R0076,https://doi.org/10.1002/admi.202102110,0.98,0.9448019999999963
extratrees,4,test,R0077,https://doi.org/10.1002/admi.202102110,1.04,1.1309658336108364
extratrees,4,test,R0081,https://doi.org/10.1021/acs.jpcc.3c01042,1.2,1.1262024242424211
extratrees,4,test,R0082,https://doi.org/10.1021/acs.jpcc.3c01042,1.25,1.1262024242424211
extratrees,4,test,R0083,https://doi.org/10.1021/acs.jpcc.3c01042,1.25,1.1262024242424211
extratrees,4,test,R0085,https://doi.org/10.1021/jacs.2c11676,1.05,1.1309658336108364
extratrees,4,test,R0096,https://doi.org/10.1002/adsu.202300510,0.95,1.0320608333333319
extratrees,4,test,R0097,https://doi.org/10.1002/adsu.202300510,1.2,1.2003419318181827
extratrees,4,test,R0098,https://doi.org/10.1002/adsu.202300510,1.25,1.2003419318181827
extratrees,4,test,R0103,https://doi.org/10.1007/s12274-022-5330-2,1.2,1.181362678171499
extratrees,4,test,R0104,https://doi.org/10.1007/s12274-022-5330-2,1.15,1.1160000000000017
extratrees,4,test,R0105,https://doi.org/10.1007/s12274-022-5330-2,1.1,1.181362678171499
extratrees,4,test,R0106,https://doi.org/10.1007/s12274-022-5330-2,1.08,1.1160000000000017
extratrees,4,test,R0107,https://doi.org/10.1016/j.ensm.2023.102829,1.2,1.266181637899137
extratrees,4,test,R0110,https://doi.org/10.1002/adma.202106436,1.2,1.2245811111111087
extratrees,4,test,R0118,https://doi.org/10.1002/smll.202106707,1.42,1.3733341269841288
extratrees,4,test,R0145,https://doi.org/10.1021/acs.langmuir.5c02644,1.1,1.0737500000000042
extratrees,4,test,R0150,https://doi.org/10.1016/j.jpowsour.2025.237653,1.15,1.0502916666666724
extratrees,4,test,R0162,https://doi.org/10.1021/jacs.4c15230,1.1,1.1262024242424211
extratrees,4,test,R0164,https://doi.org/10.1016/j.esci.2024.100310,1.08,1.1309658336108364
extratrees,4,test,R0165,https://doi.org/10.1016/j.esci.2024.100310,1.1,1.1309658336108364
extratrees,4,test,R0166,https://doi.org/10.1002/smll.202406516,1.2,1.1262024242424211
extratrees,4,test,R0170,https://doi.org/10.1002/aenm.202402925,1.4,1.416848345567479
extratrees,4,test,R0171,https://doi.org/10.1002/aenm.202402925,1.28,1.351380222116857
extratrees,4,test,R0172,https://doi.org/10.1002/aenm.202402925,1.3,1.351380222116857
extratrees,4,test,R0196,https://doi.org/10.1016/j.mtcomm.2024.108243,0.84,0.8951999999999949
extratrees,4,test,R0198,https://doi.org/10.1016/j.jpowsour.2024.234130,1.05,1.1716983333333317
extratrees,4,test,R0199,https://doi.org/10.1016/j.jpowsour.2024.234130,1.17,1.2595145607333793
extratrees,4,test,R0200,https://doi.org/10.1021/jacs.3c12734,1.12,1.0996847498797515
gradientboosting,0,train,R0001,https://doi.org/10.1016/j.electacta.2020.137645,1.3,1.3085768474483113
gradientboosting,0,train,R0002,https://doi.org/10.1016/j.electacta.2020.137645,1.5,1.3603138374564812
gradientboosting,0,train,R0003,https://doi.org/10.1016/j.apcatb.2019.118283,1.27,1.293226215251216
gradientboosting,0,train,R0004,https://doi.org/10.1016/j.ssi.2021.115773,1.1,1.1649224895661068
gradientboosting,0,train,R0005,https://doi.org/10.1016/j.ssi.2021.115773,1.4,1.3880500886661735
gradientboosting,0,train,R0006,https://doi.org/10.1016/j.jpowsour.2021.230374,1.24,1.2175656317180048
gradientboosting,0,train,R0007,https://doi.org/10.1016/j.jallcom.2019.152736,1.35,1.2989821913518018
gradientboosting,0,train,R0008,https://doi.org/10.1016/j.jallcom.2020.153803,1.25,1.2332162279056833
gradientboosting,0,train,R0009,https://doi.org/10.1016/j.jallcom.2020.158269,1.0,1.0209222400420999
gradientboosting,0,train,R0012,https://doi.org/10.1016/j.cej.2021.128403,0.97,0.9277460372237348
gradientboosting,0,train,R0013,http://dx.doi.org/10.1016/j.jelechem.2020.114124,1.25,1.2812165751382412
gradientboosting,0,train,R0014,https://doi.org/10.1016/j.jechem.2020.07.053,0.98,1.017386334247693
gradientboosting,0,train,R0016,https://doi.org/10.1016/j.jallcom.2020.157945,1.012,0.9277460372237348
gradientboosting,0,train,R0017,https://doi.org/10.1016/j.jallcom.2020.154054,0.82,0.9277460372237348
gradientboosting,0,train,R0018,https://doi.org/10.1016/j.jpowsour.2020.228362,1.35,1.3109425620601525
gradientboosting,0,train,R0019,https://doi.org/10.1016/j.jallcom.2020.157656,1.4,1.4099721660558258
gradientboosting,0,train,R0020,https://doi.org/10.1002/aenm.202100110,0.95,0.9786136746944422
gradientboosting,0,train,R0021,https://doi.org/10.1002/anie.202110116,1.4,1.3290704760400653
gradientboosting,0,train,R0022,https://doi.org/10.1002/anie.202110116,1.3,1.3290704760400653
gradientboosting,0,train,R0023,https://doi.org/10.1021/acs.jpcc.1c05456,1.15,1.1649224895661068
gradientboosting,0,train,R0024,https://doi.org/10.1021/acs.jpcc.1c05456,1.2,1.1649224895661068
gradientboosting,0,train,R0025,https://doi.org/10.1021/acs.jpcc.1c05456,1.15,1.1649224895661068
gradientboosting,0,train,R0026,https://doi.org/10.1039/d0cc05980c,1.2,1.1713555472405959
gradientboosting,0,train,R0027,https://doi.org/10.1039/d0nr00866d,1.5,1.4730223733635937
gradientboosting,0,train,R0031,https://doi.org/10.1002/ente.201901257,1.15,1.1778497863977626
gradientboosting,0,train,R0032,https://doi.org/10.1002/ente.201901257,1.2,1.1778497863977626
gradientboosting,0,train,R0033,https://dx.doi.org/10.1021/acsaem.0c01691,1.35,1.3398053723904977
gradientboosting,0,train,R0036,https://doi.org/10.1002/er.7342,1.21,1.2175656317180048
gradientboosting,0,train,R0037,https://doi.org/10.1002/er.6806,1.0,1.0135986869777764
gradientboosting,0,train,R0038,https://doi.org/10.1021/acsami.1c08720,0.84,0.8618404601708053
gradientboosting,0,train,R0039,https://dx.doi.org/10.1021/acsami.9b21904,1.3,1.3398053723904977
gradientboosting,0,train,R0040,https://doi.org/10.1007/s11581-021-04046-5,0.9,0.9277460372237348
gradientboosting,0,train,R0041,https://doi.org/10.1007/s40242-020-0077-3,1.15,1.2175656317180048
gradientboosting,0,train,R0042,https://doi.org/10.1002/smll.202105752,1.4,1.4099721660558258
gradientboosting,0,train,R0043,https://doi.org/10.1002/smll.202105752,1.25,1.2674453040924605
gradientboosting,0,train,R0044,https://dx.doi.org/10.1021/acscatal.0c02608,1.35,1.3398053723904977
gradientboosting,0,train,R0045,https://doi.org/10.1021/acsaem.1c01572,1.1,1.0714877629421038
gradientboosting,0,train,R0046,https://doi.org/10.1021/acsaem.1c01572,1.3,1.3290704760400653
gradientboosting,0,train,R0047,https://doi.org/10.1002/aenm.202200791,1.0,0.9968152887704613
gradientboosting,0,train,R0049,https://doi.org/10.1016/j.apcatb.2022.121844,0.92,0.9324929281996674
gradientboosting,0,train,R0050,https://doi.org/10.1002/aenm.202203660,1.33,1.3086794576238725
gradientboosting,0,train,R0053,https://doi.org/10.1016/j.ensm.2022.07.026,1.1,1.0882708707586555
gradientboosting,0,train,R0054,https://doi.org/10.1016/S1872‐2067(23)64409‐2,1.1,1.1139009776855988
gradientboosting,0,train,R0055,https://doi.org/10.1016/S1872‐2067(23)64409‐2,1.15,1.1139009776855988
gradientboosting,0,train,R0056,https://doi.org/10.1016/j.jallcom.2023.170130,1.29,1.2175656317180048
gradientboosting,0,train,R0057,https://doi.org/10.1002/smll.202205532,1.08,0.9786136746944422
gradientboosting,0,train,R0058,https://doi.org/10.1016/j.electacta.2023.142096,0.99,0.9838350208115668
gradientboosting,0,train,R0059,https://doi.org/10.1016/j.electacta.2022.140147,1.11,1.1030852415581058
gradientboosting,0,train,R0060,https://doi.org/10.1021/acsami.1c22643,1.0,1.0061830866546144
gradientboosting,0,train,R0062,https://doi.org/10.1002/slct.202200870,1.04,0.9277460372237348
gradientboosting,0,train,R0063,https://doi.org/10.1002/slct.202200870,1.1,1.0889381836773868
gradientboosting,0,train,R0064,https://doi.org/10.1002/slct.202200870,1.11,1.1030852415581058
gradientboosting,0,train,R0065,https://doi.org/10.1016/j.cej.2023.146775,1.0,0.9957389233953803
gradientboosting,0,train,R0066,https://www.pnas.org/lookup/suppl/doi:10.1073/pnas.2301439120/-/DCSupplemental.,1.11,1.109077470185142
gradientboosting,0,train,R0070,https://doi.org/10.1016/j.cej.2022.136852,1.06,0.9277460372237348
gradientboosting,0,train,R0071,https://doi.org/10.1039/d2ta07061h,1.34,1.3880500886661735
gradientboosting,0,train,R0072,https://doi.org/10.1016/j.ijhydene.2023.12.023,1.4,1.4015703305483345
gradientboosting,0,train,R0073,https://doi.org/10.1016/j.jelechem.2022.116356,1.3,1.3086794576238725
gradientboosting,0,train,R0074,https://doi.org/10.1002/smll.202204836,1.25,1.2153435594047024
gradientboosting,0,train,R0075,https://doi.org/10.1002/smll.202204836,1.18,1.1030852415581058
gradientboosting,0,train,R0076,https://doi.org/10.1002/admi.202102110,0.98,0.9702051225738917
gradientboosting,0,train,R0077,https://doi.org/10.1002/admi.202102110,1.04,1.0889381836773868
gradientboosting,0,train,R0078,https://doi.org/10.1016/j.cej.2022.137684,1.29,1.33612742437535
gradientboosting,0,train,R0079,https://doi.org/10.1016/j.cej.2022.137684,1.41,1.3290704760400653
gradientboosting,0,train,R0080,https://doi.org/10.1016/j.est.2023.107329,1.01,1.0009753201343932
gradientboosting,0,train,R0081,https://doi.org/10.1021/acs.jpcc.3c01042,1.2,1.1649224895661068
gradientboosting,0,train,R0082,https://doi.org/10.1021/acs.jpcc.3c01042,1.25,1.1649224895661068
gradientboosting,0,train,R0083,https://doi.org/10.1021/acs.jpcc.3c01042,1.25,1.1649224895661068
gradientboosting,0,train,R0084,https://doi.org/10.1021/acsami.3c01599,1.17,1.2175656317180048
gradientboosting,0,train,R0085,https://doi.org/10.1021/jacs.2c11676,1.05,1.0889381836773868
gradientboosting,0,train,R0086,https://doi.org/10.1016/j.est.2023.109342,1.35,1.4015703305483345
gradientboosting,0,train,R0087,https://doi.org/10.1016/j.est.2023.109342,1.5,1.4015703305483345
gradientboosting,0,train,R0088,https://doi.org/10.1016/j.est.2023.109342,1.4,1.4015703305483345
gradientboosting,0,train,R0089,https://doi.org/10.1016/j.jcis.2022.12.148,1.28,1.3086794576238725
gradientboosting,0,train,R0090,https://doi.org/10.1016/j.cej.2022.139524,1.22,1.1718076399948667
gradientboosting,0,train,R0091,https://doi.org/10.1039/d1qi01260f,1.23,1.1713555472405959
gradientboosting,0,train,R0093,https://doi.org/10.1016/j.jallcom.2022.163703,1.09,1.0711776390606045
gradientboosting,0,train,R0094,https://doi.org/10.1016/j.electacta.2022.140894,1.05,1.1649224895661068
gradientboosting,0,train,R0095,https://doi.org/10.1002/smll.202206611,0.98,1.017386334247693
gradientboosting,0,train,R0096,https://doi.org/10.1002/adsu.202300510,0.95,0.9670415836667138
gradientboosting,0,train,R0097,https://doi.org/10.1002/adsu.202300510,1.2,1.2175656317180048
gradientboosting,0,train,R0098,https://doi.org/10.1002/adsu.202300510,1.25,1.2175656317180048
gradientboosting,0,train,R0099,https://doi.org/10.1021/acsami.2c19975,1.38,1.33612742437535
gradientboosting,0,train,R0100,https://doi.org/10.1021/acscatal.2c02544,1.15,1.2175656317180048
gradientboosting,0,train,R0101,https://doi.org/10.1021/acscatal.2c02544,1.15,1.2175656317180048
gradientboosting,0,train,R0102,https://www.science.org/doi/10.1126/sciadv.abq6261,1.2,1.1649224895661068
gradientboosting,0,train,R0103,https://doi.org/10.1007/s12274-022-5330-2,1.2,1.1713555472405959
gradientboosting,0,train,R0104,https://doi.org/10.1007/s12274-022-5330-2,1.15,1.1139009776855988
gradientboosting,0,train,R0105,https://doi.org/10.1007/s12274-022-5330-2,1.1,1.1713555472405959
gradientboosting,0,train,R0106,https://doi.org/10.1007/s12274-022-5330-2,1.08,1.1139009776855988
gradientboosting,0,train,R0107,https://doi.org/10.1016/j.ensm.2023.102829,1.2,1.2286010833565615
gradientboosting,0,train,R0108,https://doi.org/10.1016/j.cej.2022.138462,1.17,1.1718076399948667
gradientboosting,0,train,R0110,https://doi.org/10.1002/adma.202106436,1.2,1.2070386791755143
gradientboosting,0,train,R0111,https://doi.org/10.1016/j.apcatb.2022.122203,1.25,1.3086794576238725
gradientboosting,0,train,R0112,https://doi.org/10.1021/acsnano.3c05782,1.12,1.1286403842746908
gradientboosting,0,train,R0113,https://doi.org/10.1039/d2ta03604e,0.85,0.9277460372237348
gradientboosting,0,train,R0114,https://doi.org/10.1016/j.compositesb.2022.109727,1.1,1.1649224895661068
gradientboosting,0,train,R0115,https://doi.org/10.1016/j.ensm.2022.05.029,1.14,1.1718076399948667
gradientboosting,0,train,R0116,https://doi.org/10.1016/j.cej.2023.143351,1.23,1.236646698574036
gradientboosting,0,train,R0117,https://doi.org/10.1002/adfm.202209876,1.18,1.211993972485147
gradientboosting,0,train,R0118,https://doi.org/10.1002/smll.202106707,1.42,1.3880500886661735
gradientboosting,0,train,R0119,https://doi.org/10.1021/acsaem.3c02592,0.98,1.1030852415581058
gradientboosting,0,train,R0120,https://doi.org/10.1002/aenm.202204057,1.3,1.293226215251216
gradientboosting,0,train,R0121,https://doi.org/10.1002/aenm.202204057,1.4,1.406669546290547
gradientboosting,0,train,R0122,https://doi.org/10.1002/aenm.202204057,1.5,1.4099721660558258
gradientboosting,0,train,R0123,https://doi.org/10.1021/acs.nanolett.3c03025,1.1,1.1713555472405959
gradientboosting,0,train,R0124,https://doi.org/10.1021/acs.nanolett.3c03025,1.15,1.1713555472405959
gradientboosting,0,train,R0125,https://sioc-journal.cn/Jwk_hxxb/EN/10.6023/A22050206,1.08,1.1139009776855988
gradientboosting,0,train,R0126,https://doi.org/10.1016/j.jcis.2026.140244,1.04,1.0061830866546144
gradientboosting,0,train,R0127,https://doi.org/10.1016/j.jechem.2026.01.056,1.25,1.2408538684352473
gradientboosting,0,train,R0128,https://doi.org/10.1002/smll.202512953,1.25,1.3109425620601525
gradientboosting,0,train,R0129,https://doi.org/10.1002/smll.202512953,1.39,1.3975323750748547
gradientboosting,0,train,R0130,https://doi.org/10.1002/smll.202512953,1.45,1.3975323750748547
gradientboosting,0,train,R0131,https://doi.org/10.1002/advs.202522315,1.0,1.017386334247693
gradientboosting,0,train,R0132,https://doi.org/10.1016/j.electacta.2025.147671,1.15,1.1286403842746908
gradientboosting,0,train,R0133,https://doi.org/10.1021/acsaem.5c03033,1.25,1.265114136322916
gradientboosting,0,train,R0136,https://doi.org/10.1088/2631-6331/ae1925,1.3,1.3463891263914858
gradientboosting,0,train,R0137,https://doi.org/10.1002/anie.202521423,1.2,1.2153435594047024
gradientboosting,0,train,R0138,https://doi.org/10.1080/1536383X.2025.2583369,1.3,1.2394502183579283
gradientboosting,0,train,R0139,https://doi.org/10.1002/anie.202520097,1.2,1.1713555472405959
gradientboosting,0,train,R0144,https://doi.org/10.1002/aoc.70327,1.41,1.3463891263914858
gradientboosting,0,train,R0145,https://doi.org/10.1021/acs.langmuir.5c02644,1.1,1.0821143757962612
gradientboosting,0,train,R0147,https://doi.org/10.1016/j.jcis.2025.138454,0.89,0.9786136746944422
gradientboosting,0,train,R0149,https://doi.org/10.1002/anie.202509132,0.94,0.9277460372237348
gradientboosting,0,train,R0150,https://doi.org/10.1016/j.jpowsour.2025.237653,1.15,1.1030852415581058
gradientboosting,0,train,R0153,https://doi.org/10.1016/j.carbon.2025.120482,1.25,1.2153435594047024
gradientboosting,0,train,R0154,https://doi.org/10.1093/nsr/nwaf145,1.24,1.1713555472405959
gradientboosting,0,train,R0159,https://doi.org/10.1016/j.cej.2025.162420,0.86,0.8686454824094211
gradientboosting,0,train,R0160,https://doi.org/10.1039/d5nr00300h,0.77,0.9277460372237348
gradientboosting,0,train,R0161,https://doi.org/10.1039/d5nr00300h,1.29,1.3463891263914858
gradientboosting,0,train,R0162,https://doi.org/10.1021/jacs.4c15230,1.1,1.1649224895661068
gradientboosting,0,train,R0163,https://doi.org/10.1002/celc.202400626,1.4,1.3463891263914858
gradientboosting,0,train,R0164,https://doi.org/10.1016/j.esci.2024.100310,1.08,1.0889381836773868
gradientboosting,0,train,R0165,https://doi.org/10.1016/j.esci.2024.100310,1.1,1.0889381836773868
gradientboosting,0,train,R0166,https://doi.org/10.1002/smll.202406516,1.2,1.1649224895661068
gradientboosting,0,train,R0170,https://doi.org/10.1002/aenm.202402925,1.4,1.3975323750748547
gradientboosting,0,train,R0171,https://doi.org/10.1002/aenm.202402925,1.28,1.3290704760400653
gradientboosting,0,train,R0172,https://doi.org/10.1002/aenm.202402925,1.3,1.3290704760400653
gradientboosting,0,train,R0174,https://doi.org/10.1002/smll.202406525,1.25,1.2175656317180048
gradientboosting,0,train,R0175,https://doi.org/10.1016/j.jpowsour.2024.235394,0.95,0.9560394156721882
gradientboosting,0,train,R0176,https://doi.org/10.1016/j.jpowsour.2024.235394,1.0,1.1030852415581058
gradientboosting,0,train,R0177,https://doi.org/10.1002/cey2.587,1.35,1.3086794576238725
gradientboosting,0,train,R0178,https://doi.org/10.1002/cey2.550,1.25,1.2374179020727922
gradientboosting,0,train,R0180,https://doi.org/10.1016/j.est.2024.112780,1.3,1.2898312989670455
gradientboosting,0,train,R0181,https://doi.org/10.1016/j.est.2024.112780,1.45,1.4015703305483345
gradientboosting,0,train,R0182,https://doi.org/10.1016/j.jcis.2024.06.137,1.25,1.2457721707633804
gradientboosting,0,train,R0183,https://doi.org/10.1016/j.jcis.2024.06.137,1.4,1.406669546290547
gradientboosting,0,train,R0184,https://doi.org/10.1016/j.jcis.2024.06.137,1.45,1.406669546290547
gradientboosting,0,train,R0185,https://doi.org/10.1002/adma.202404319,1.2,1.1864653434340802
gradientboosting,0,train,R0187,https://doi.org/10.1016/j.mtener.2024.101597,1.38,1.4015703305483345
gradientboosting,0,train,R0189,https://doi.org/10.1016/j.ijoes.2024.100602,1.3,1.2153435594047024
gradientboosting,0,train,R0190,https://doi.org/10.1016/j.jechem.2024.01.076,1.3,1.2674453040924605
gradientboosting,0,train,R0191,https://doi.org/10.1016/j.jechem.2024.01.076,1.25,1.2674453040924605
gradientboosting,0,train,R0192,https://doi.org/10.1016/j.jechem.2024.01.076,1.25,1.2436411021730762
gradientboosting,0,train,R0193,https://doi.org/10.1002/aenm.202303766,0.95,0.9560394156721882
gradientboosting,0,train,R0196,https://doi.org/10.1016/j.mtcomm.2024.108243,0.84,0.9277460372237348
gradientboosting,0,train,R0197,https://doi.org/10.1016/j.jallcom.2024.173877,1.11,1.1649224895661068
gradientboosting,0,train,R0198,https://doi.org/10.1016/j.jpowsour.2024.234130,1.05,1.0770922168044381
gradientboosting,0,train,R0199,https://doi.org/10.1016/j.jpowsour.2024.234130,1.17,1.2153435594047024
gradientboosting,0,train,R0200,https://doi.org/10.1021/jacs.3c12734,1.12,1.1024717085204205
gradientboosting,0,test,R0010,https://doi.org/10.1016/j.cej.2020.124294,1.35,1.3862986833673279
gradientboosting,0,test,R0011,https://doi.org/10.1016/j.cej.2020.124294,1.4,1.3862986833673279
gradientboosting,0,test,R0015,https://doi.org/10.1016/j.flatc.2020.100221,1.25,1.2097811915065684
gradientboosting,0,test,R0028,https://doi.org/10.1039/d0ta09195b,1.05,1.0821143757962612
gradientboosting,0,test,R0029,https://doi.org/10.1039/d1ta00538c,1.3,1.2153435594047024
gradientboosting,0,test,R0030,https://doi.org/10.1039/d1ta04830a,1.05,1.06651166356292
gradientboosting,0,test,R0034,https://dx.doi.org/10.1021/acsnano.9b09646,1.45,1.406669546290547
gradientboosting,0,test,R0035,https://dx.doi.org/10.1021/acsami.0c02087,1.15,1.1139009776855988
gradientboosting,0,test,R0048,https://doi.org/10.1002/aenm.202103910,1.0,0.9968152887704613
gradientboosting,0,test,R0051,https://doi.org/10.1016/j.ensm.2023.102874,1.21,1.100081163588217
gradientboosting,0,test,R0052,https://doi.org/10.1016/j.ensm.2023.102989,1.1,1.1139009776855988
gradientboosting,0,test,R0061,https://doi.org/10.1016/j.jelechem.2022.116810,1.15,1.1713555472405959
gradientboosting,0,test,R0067,https://doi.org/10.3390/nano12142386,1.2,1.1718076399948667
gradientboosting,0,test,R0068,https://doi.org/10.1021/acsami.2c19975,1.03,1.0222713281610227
gradientboosting,0,test,R0069,https://doi.org/10.1021/acsami.2c19975,1.38,1.33612742437535
gradientboosting,0,test,R0092,https://doi.org/10.1016/j.carbon.2022.04.080,1.32,1.3086794576238725
gradientboosting,0,test,R0109,https://doi.org/10.1002/smll.202302598,1.25,1.2674453040924605
gradientboosting,0,test,R0134,https://doi.org/10.1021/acsanm.5c04476,1.04,1.1030852415581058
gradientboosting,0,test,R0135,https://doi.org/10.1021/acsanm.5c04476,1.25,1.2674453040924605
gradientboosting,0,test,R0140,https://doi.org/10.1016/j.jcis.2025.139355,0.8,0.9277460372237348
gradientboosting,0,test,R0141,https://doi.org/10.1016/j.jcis.2025.139355,0.83,0.9277460372237348
gradientboosting,0,test,R0142,https://doi.org/10.1021/acsnano.5c10218,0.96,0.8618404601708053
gradientboosting,0,test,R0143,https://doi.org/10.1021/acsnano.5c10218,1.18,1.1713555472405959
gradientboosting,0,test,R0146,https://doi.org/10.1016/j.electacta.2025.146925,1.1,1.1649224895661068
gradientboosting,0,test,R0148,https://doi.org/10.1038/s41598-025-11449-1,0.998,0.8618404601708053
gradientboosting,0,test,R0151,https://doi.org/10.1021/acs.iecr.5c01518,1.18,1.2574172630611984
gradientboosting,0,test,R0152,https://doi.org/10.1021/acs.iecr.5c01518,1.25,1.2674453040924605
gradientboosting,0,test,R0155,https://doi.org/10.1016/j.jcis.2025.137782,1.36,1.3463891263914858
gradientboosting,0,test,R0156,https://doi.org/10.1016/j.cej.2025.162908,1.3,1.3006326791370866
gradientboosting,0,test,R0157,https://doi.org/10.1016/j.cej.2025.162908,1.35,1.293226215251216
gradientboosting,0,test,R0158,https://doi.org/10.1016/j.cej.2025.162908,1.3,1.3006326791370866
gradientboosting,0,test,R0167,https://doi.org/10.1002/anie.202418893,1.3,1.3086794576238725
gradientboosting,0,test,R0168,https://doi.org/10.1016/j.electacta.2024.145384,1.01,0.9786136746944422
gradientboosting,0,test,R0169,https://doi.org/10.1007/s10008-024-06115-x,1.4,1.3603138374564812
gradientboosting,0,test,R0173,https://doi.org/10.1021/acs.energyfuels.4c04356,0.94,0.8618404601708053
gradientboosting,0,test,R0179,https://doi.org/10.1039/d4sc03242j,1.1,1.1649224895661068
gradientboosting,0,test,R0186,https://doi.org/10.1002/adma.202405440,1.4,1.3603138374564812
gradientboosting,0,test,R0188,https://doi.org/10.1016/j.jcis.2024.05.144,1.2,1.2989821913518018
gradientboosting,0,test,R0194,https://doi.org/10.1002/smtd.202301728,1.22,1.2570785997166933
gradientboosting,0,test,R0195,https://doi.org/10.1002/smtd.202301728,1.32,1.2570785997166933
gradientboosting,1,train,R0001,https://doi.org/10.1016/j.electacta.2020.137645,1.3,1.3034403513055732
gradientboosting,1,train,R0002,https://doi.org/10.1016/j.electacta.2020.137645,1.5,1.3877526478933768
gradientboosting,1,train,R0003,https://doi.org/10.1016/j.apcatb.2019.118283,1.27,1.308328133383545
gradientboosting,1,train,R0004,https://doi.org/10.1016/j.ssi.2021.115773,1.1,1.1659497581592284
gradientboosting,1,train,R0005,https://doi.org/10.1016/j.ssi.2021.115773,1.4,1.3816532257315455
gradientboosting,1,train,R0006,https://doi.org/10.1016/j.jpowsour.2021.230374,1.24,1.2059998508226424
gradientboosting,1,train,R0007,https://doi.org/10.1016/j.jallcom.2019.152736,1.35,1.2461507838898132
gradientboosting,1,train,R0008,https://doi.org/10.1016/j.jallcom.2020.153803,1.25,1.2454961088546415
gradientboosting,1,train,R0010,https://doi.org/10.1016/j.cej.2020.124294,1.35,1.3822023521775109
gradientboosting,1,train,R0011,https://doi.org/10.1016/j.cej.2020.124294,1.4,1.3822023521775109
gradientboosting,1,train,R0013,http://dx.doi.org/10.1016/j.jelechem.2020.114124,1.25,1.276091927941431
gradientboosting,1,train,R0014,https://doi.org/10.1016/j.jechem.2020.07.053,0.98,1.0124938572599487
gradientboosting,1,train,R0015,https://doi.org/10.1016/j.flatc.2020.100221,1.25,1.2482289379230924
gradientboosting,1,train,R0017,https://doi.org/10.1016/j.jallcom.2020.154054,0.82,0.8943219141094583
gradientboosting,1,train,R0018,https://doi.org/10.1016/j.jpowsour.2020.228362,1.35,1.312527342532048
gradientboosting,1,train,R0019,https://doi.org/10.1016/j.jallcom.2020.157656,1.4,1.4127534292091206
gradientboosting,1,train,R0020,https://doi.org/10.1002/aenm.202100110,0.95,0.9815594030701562
gradientboosting,1,train,R0021,https://doi.org/10.1002/anie.202110116,1.4,1.3303610884255972
gradientboosting,1,train,R0022,https://doi.org/10.1002/anie.202110116,1.3,1.3303610884255972
gradientboosting,1,train,R0027,https://doi.org/10.1039/d0nr00866d,1.5,1.4750503823604069
gradientboosting,1,train,R0028,https://doi.org/10.1039/d0ta09195b,1.05,1.0675925481620503
gradientboosting,1,train,R0029,https://doi.org/10.1039/d1ta00538c,1.3,1.2235805862633713
gradientboosting,1,train,R0030,https://doi.org/10.1039/d1ta04830a,1.05,1.056653740947915
gradientboosting,1,train,R0033,https://dx.doi.org/10.1021/acsaem.0c01691,1.35,1.3601185819002248
gradientboosting,1,train,R0034,https://dx.doi.org/10.1021/acsnano.9b09646,1.45,1.4127534292091206
gradientboosting,1,train,R0035,https://dx.doi.org/10.1021/acsami.0c02087,1.15,1.1072909667684645
gradientboosting,1,train,R0036,https://doi.org/10.1002/er.7342,1.21,1.2059998508226424
gradientboosting,1,train,R0037,https://doi.org/10.1002/er.6806,1.0,1.0061039216328331
gradientboosting,1,train,R0038,https://doi.org/10.1021/acsami.1c08720,0.84,0.9317347902161127
gradientboosting,1,train,R0041,https://doi.org/10.1007/s40242-020-0077-3,1.15,1.2059998508226424
gradientboosting,1,train,R0042,https://doi.org/10.1002/smll.202105752,1.4,1.4127534292091206
gradientboosting,1,train,R0043,https://doi.org/10.1002/smll.202105752,1.25,1.246210080526487
gradientboosting,1,train,R0044,https://dx.doi.org/10.1021/acscatal.0c02608,1.35,1.3601185819002248
gradientboosting,1,train,R0045,https://doi.org/10.1021/acsaem.1c01572,1.1,1.07367195056849
gradientboosting,1,train,R0046,https://doi.org/10.1021/acsaem.1c01572,1.3,1.3303610884255972
gradientboosting,1,train,R0047,https://doi.org/10.1002/aenm.202200791,1.0,1.0018265128029054
gradientboosting,1,train,R0048,https://doi.org/10.1002/aenm.202103910,1.0,1.0018265128029054
gradientboosting,1,train,R0049,https://doi.org/10.1016/j.apcatb.2022.121844,0.92,0.9383329245611911
gradientboosting,1,train,R0050,https://doi.org/10.1002/aenm.202203660,1.33,1.3282911488416709
gradientboosting,1,train,R0051,https://doi.org/10.1016/j.ensm.2023.102874,1.21,1.188917686966195
gradientboosting,1,train,R0052,https://doi.org/10.1016/j.ensm.2023.102989,1.1,1.1072909667684645
gradientboosting,1,train,R0053,https://doi.org/10.1016/j.ensm.2022.07.026,1.1,1.084441658291607
gradientboosting,1,train,R0057,https://doi.org/10.1002/smll.202205532,1.08,0.9815594030701562
gradientboosting,1,train,R0058,https://doi.org/10.1016/j.electacta.2023.142096,0.99,0.9806630345567063
gradientboosting,1,train,R0059,https://doi.org/10.1016/j.electacta.2022.140147,1.11,1.1055854075001823
gradientboosting,1,train,R0060,https://doi.org/10.1021/acsami.1c22643,1.0,1.0116625563445902
gradientboosting,1,train,R0061,https://doi.org/10.1016/j.jelechem.2022.116810,1.15,1.1595577813461713
gradientboosting,1,train,R0062,https://doi.org/10.1002/slct.202200870,1.04,0.8943219141094583
gradientboosting,1,train,R0063,https://doi.org/10.1002/slct.202200870,1.1,1.0839024595775115
gradientboosting,1,train,R0064,https://doi.org/10.1002/slct.202200870,1.11,1.1055854075001823
gradientboosting,1,train,R0065,https://doi.org/10.1016/j.cej.2023.146775,1.0,0.9986507493557641
gradientboosting,1,train,R0066,https://www.pnas.org/lookup/suppl/doi:10.1073/pnas.2301439120/-/DCSupplemental.,1.11,1.1010982122877622
gradientboosting,1,train,R0067,https://doi.org/10.3390/nano12142386,1.2,1.1728452023085623
gradientboosting,1,train,R0068,https://doi.org/10.1021/acsami.2c19975,1.03,1.0459663398634973
gradientboosting,1,train,R0069,https://doi.org/10.1021/acsami.2c19975,1.38,1.3476277962187473
gradientboosting,1,train,R0070,https://doi.org/10.1016/j.cej.2022.136852,1.06,0.8943219141094583
gradientboosting,1,train,R0071,https://doi.org/10.1039/d2ta07061h,1.34,1.3816532257315455
gradientboosting,1,train,R0072,https://doi.org/10.1016/j.ijhydene.2023.12.023,1.4,1.3872336441500908
gradientboosting,1,train,R0073,https://doi.org/10.1016/j.jelechem.2022.116356,1.3,1.3282911488416709
gradientboosting,1,train,R0074,https://doi.org/10.1002/smll.202204836,1.25,1.2235805862633713
gradientboosting,1,train,R0075,https://doi.org/10.1002/smll.202204836,1.18,1.1055854075001823
gradientboosting,1,train,R0076,https://doi.org/10.1002/admi.202102110,0.98,0.9520839390837341
gradientboosting,1,train,R0077,https://doi.org/10.1002/admi.202102110,1.04,1.0839024595775115
gradientboosting,1,train,R0078,https://doi.org/10.1016/j.cej.2022.137684,1.29,1.3476277962187473
gradientboosting,1,train,R0079,https://doi.org/10.1016/j.cej.2022.137684,1.41,1.3303610884255972
gradientboosting,1,train,R0081,https://doi.org/10.1021/acs.jpcc.3c01042,1.2,1.1659497581592284
gradientboosting,1,train,R0082,https://doi.org/10.1021/acs.jpcc.3c01042,1.25,1.1659497581592284
gradientboosting,1,train,R0083,https://doi.org/10.1021/acs.jpcc.3c01042,1.25,1.1659497581592284
gradientboosting,1,train,R0084,https://doi.org/10.1021/acsami.3c01599,1.17,1.2059998508226424
gradientboosting,1,train,R0085,https://doi.org/10.1021/jacs.2c11676,1.05,1.0839024595775115
gradientboosting,1,train,R0091,https://doi.org/10.1039/d1qi01260f,1.23,1.1595577813461713
gradientboosting,1,train,R0092,https://doi.org/10.1016/j.carbon.2022.04.080,1.32,1.3282911488416709
gradientboosting,1,train,R0093,https://doi.org/10.1016/j.jallcom.2022.163703,1.09,1.0714145354002411
gradientboosting,1,train,R0095,https://doi.org/10.1002/smll.202206611,0.98,1.0124938572599487
gradientboosting,1,train,R0096,https://doi.org/10.1002/adsu.202300510,0.95,0.9620287481231106
gradientboosting,1,train,R0097,https://doi.org/10.1002/adsu.202300510,1.2,1.2059998508226424
gradientboosting,1,train,R0098,https://doi.org/10.1002/adsu.202300510,1.25,1.2059998508226424
gradientboosting,1,train,R0099,https://doi.org/10.1021/acsami.2c19975,1.38,1.3476277962187473
gradientboosting,1,train,R0100,https://doi.org/10.1021/acscatal.2c02544,1.15,1.2059998508226424
gradientboosting,1,train,R0101,https://doi.org/10.1021/acscatal.2c02544,1.15,1.2059998508226424
gradientboosting,1,train,R0102,https://www.science.org/doi/10.1126/sciadv.abq6261,1.2,1.1659497581592284
gradientboosting,1,train,R0103,https://doi.org/10.1007/s12274-022-5330-2,1.2,1.1595577813461713
gradientboosting,1,train,R0104,https://doi.org/10.1007/s12274-022-5330-2,1.15,1.1072909667684645
gradientboosting,1,train,R0105,https://doi.org/10.1007/s12274-022-5330-2,1.1,1.1595577813461713
gradientboosting,1,train,R0106,https://doi.org/10.1007/s12274-022-5330-2,1.08,1.1072909667684645
gradientboosting,1,train,R0107,https://doi.org/10.1016/j.ensm.2023.102829,1.2,1.2259066341323581
gradientboosting,1,train,R0108,https://doi.org/10.1016/j.cej.2022.138462,1.17,1.1728452023085623
gradientboosting,1,train,R0109,https://doi.org/10.1002/smll.202302598,1.25,1.246210080526487
gradientboosting,1,train,R0110,https://doi.org/10.1002/adma.202106436,1.2,1.2104679922708184
gradientboosting,1,train,R0112,https://doi.org/10.1021/acsnano.3c05782,1.12,1.1260602307979148
gradientboosting,1,train,R0113,https://doi.org/10.1039/d2ta03604e,0.85,0.8943219141094583
gradientboosting,1,train,R0116,https://doi.org/10.1016/j.cej.2023.143351,1.23,1.2324737673661874
gradientboosting,1,train,R0117,https://doi.org/10.1002/adfm.202209876,1.18,1.2216416984337346
gradientboosting,1,train,R0118,https://doi.org/10.1002/smll.202106707,1.42,1.3816532257315455
gradientboosting,1,train,R0119,https://doi.org/10.1021/acsaem.3c02592,0.98,1.1055854075001823
gradientboosting,1,train,R0120,https://doi.org/10.1002/aenm.202204057,1.3,1.308328133383545
gradientboosting,1,train,R0121,https://doi.org/10.1002/aenm.202204057,1.4,1.4127534292091206
gradientboosting,1,train,R0122,https://doi.org/10.1002/aenm.202204057,1.5,1.4127534292091206
gradientboosting,1,train,R0123,https://doi.org/10.1021/acs.nanolett.3c03025,1.1,1.1595577813461713
gradientboosting,1,train,R0124,https://doi.org/10.1021/acs.nanolett.3c03025,1.15,1.1595577813461713
gradientboosting,1,train,R0125,https://sioc-journal.cn/Jwk_hxxb/EN/10.6023/A22050206,1.08,1.1072909667684645
gradientboosting,1,train,R0127,https://doi.org/10.1016/j.jechem.2026.01.056,1.25,1.2464355501214757
gradientboosting,1,train,R0128,https://doi.org/10.1002/smll.202512953,1.25,1.312527342532048
gradientboosting,1,train,R0129,https://doi.org/10.1002/smll.202512953,1.39,1.399647589643479
gradientboosting,1,train,R0130,https://doi.org/10.1002/smll.202512953,1.45,1.399647589643479
gradientboosting,1,train,R0131,https://doi.org/10.1002/advs.202522315,1.0,1.0124938572599487
gradientboosting,1,train,R0133,https://doi.org/10.1021/acsaem.5c03033,1.25,1.2676613653962667
gradientboosting,1,train,R0134,https://doi.org/10.1021/acsanm.5c04476,1.04,1.1055854075001823
gradientboosting,1,train,R0135,https://doi.org/10.1021/acsanm.5c04476,1.25,1.246210080526487
gradientboosting,1,train,R0138,https://doi.org/10.1080/1536383X.2025.2583369,1.3,1.2424330737503873
gradientboosting,1,train,R0140,https://doi.org/10.1016/j.jcis.2025.139355,0.8,0.8943219141094583
gradientboosting,1,train,R0141,https://doi.org/10.1016/j.jcis.2025.139355,0.83,0.8943219141094583
gradientboosting,1,train,R0142,https://doi.org/10.1021/acsnano.5c10218,0.96,0.9317347902161127
gradientboosting,1,train,R0143,https://doi.org/10.1021/acsnano.5c10218,1.18,1.1595577813461713
gradientboosting,1,train,R0145,https://doi.org/10.1021/acs.langmuir.5c02644,1.1,1.0675925481620503
gradientboosting,1,train,R0146,https://doi.org/10.1016/j.electacta.2025.146925,1.1,1.1659497581592284
gradientboosting,1,train,R0147,https://doi.org/10.1016/j.jcis.2025.138454,0.89,0.9815594030701562
gradientboosting,1,train,R0148,https://doi.org/10.1038/s41598-025-11449-1,0.998,0.9317347902161127
gradientboosting,1,train,R0149,https://doi.org/10.1002/anie.202509132,0.94,0.8943219141094583
gradientboosting,1,train,R0150,https://doi.org/10.1016/j.jpowsour.2025.237653,1.15,1.1055854075001823
gradientboosting,1,train,R0151,https://doi.org/10.1021/acs.iecr.5c01518,1.18,1.198917617775352
gradientboosting,1,train,R0152,https://doi.org/10.1021/acs.iecr.5c01518,1.25,1.246210080526487
gradientboosting,1,train,R0153,https://doi.org/10.1016/j.carbon.2025.120482,1.25,1.2235805862633713
gradientboosting,1,train,R0155,https://doi.org/10.1016/j.jcis.2025.137782,1.36,1.3460105369352031
gradientboosting,1,train,R0156,https://doi.org/10.1016/j.cej.2025.162908,1.3,1.2987621983592628
gradientboosting,1,train,R0157,https://doi.org/10.1016/j.cej.2025.162908,1.35,1.308328133383545
gradientboosting,1,train,R0158,https://doi.org/10.1016/j.cej.2025.162908,1.3,1.2987621983592628
gradientboosting,1,train,R0159,https://doi.org/10.1016/j.cej.2025.162420,0.86,0.8769449049980945
gradientboosting,1,train,R0160,https://doi.org/10.1039/d5nr00300h,0.77,0.8943219141094583
gradientboosting,1,train,R0161,https://doi.org/10.1039/d5nr00300h,1.29,1.3460105369352031
gradientboosting,1,train,R0162,https://doi.org/10.1021/jacs.4c15230,1.1,1.1659497581592284
gradientboosting,1,train,R0163,https://doi.org/10.1002/celc.202400626,1.4,1.3460105369352031
gradientboosting,1,train,R0164,https://doi.org/10.1016/j.esci.2024.100310,1.08,1.0839024595775115
gradientboosting,1,train,R0165,https://doi.org/10.1016/j.esci.2024.100310,1.1,1.0839024595775115
gradientboosting,1,train,R0166,https://doi.org/10.1002/smll.202406516,1.2,1.1659497581592284
gradientboosting,1,train,R0167,https://doi.org/10.1002/anie.202418893,1.3,1.3282911488416709
gradientboosting,1,train,R0168,https://doi.org/10.1016/j.electacta.2024.145384,1.01,0.9815594030701562
gradientboosting,1,train,R0169,https://doi.org/10.1007/s10008-024-06115-x,1.4,1.3877526478933768
gradientboosting,1,train,R0170,https://doi.org/10.1002/aenm.202402925,1.4,1.399647589643479
gradientboosting,1,train,R0171,https://doi.org/10.1002/aenm.202402925,1.28,1.3303610884255972
gradientboosting,1,train,R0172,https://doi.org/10.1002/aenm.202402925,1.3,1.3303610884255972
gradientboosting,1,train,R0173,https://doi.org/10.1021/acs.energyfuels.4c04356,0.94,0.9317347902161127
gradientboosting,1,train,R0177,https://doi.org/10.1002/cey2.587,1.35,1.3282911488416709
gradientboosting,1,train,R0178,https://doi.org/10.1002/cey2.550,1.25,1.2433390432644977
gradientboosting,1,train,R0179,https://doi.org/10.1039/d4sc03242j,1.1,1.1659497581592284
gradientboosting,1,train,R0180,https://doi.org/10.1016/j.est.2024.112780,1.3,1.2905401274197692
gradientboosting,1,train,R0181,https://doi.org/10.1016/j.est.2024.112780,1.45,1.3872336441500908
gradientboosting,1,train,R0185,https://doi.org/10.1002/adma.202404319,1.2,1.1826860842831923
gradientboosting,1,train,R0186,https://doi.org/10.1002/adma.202405440,1.4,1.3877526478933768
gradientboosting,1,train,R0187,https://doi.org/10.1016/j.mtener.2024.101597,1.38,1.3872336441500908
gradientboosting,1,train,R0188,https://doi.org/10.1016/j.jcis.2024.05.144,1.2,1.2461507838898132
gradientboosting,1,train,R0193,https://doi.org/10.1002/aenm.202303766,0.95,0.972158953717189
gradientboosting,1,train,R0194,https://doi.org/10.1002/smtd.202301728,1.22,1.2633068371592584
gradientboosting,1,train,R0195,https://doi.org/10.1002/smtd.202301728,1.32,1.2633068371592584
gradientboosting,1,train,R0196,https://doi.org/10.1016/j.mtcomm.2024.108243,0.84,0.8943219141094583
gradientboosting,1,train,R0197,https://doi.org/10.1016/j.jallcom.2024.173877,1.11,1.1659497581592284
gradientboosting,1,train,R0198,https://doi.org/10.1016/j.jpowsour.2024.234130,1.05,1.0815289249978124
gradientboosting,1,train,R0199,https://doi.org/10.1016/j.jpowsour.2024.234130,1.17,1.2235805862633713
gradientboosting,1,train,R0200,https://doi.org/10.1021/jacs.3c12734,1.12,1.113392790250355
gradientboosting,1,test,R0009,https://doi.org/10.1016/j.jallcom.2020.158269,1.0,1.0638870613922413
gradientboosting,1,test,R0012,https://doi.org/10.1016/j.cej.2021.128403,0.97,0.8943219141094583
gradientboosting,1,test,R0016,https://doi.org/10.1016/j.jallcom.2020.157945,1.012,0.8943219141094583
gradientboosting,1,test,R0023,https://doi.org/10.1021/acs.jpcc.1c05456,1.15,1.1659497581592284
gradientboosting,1,test,R0024,https://doi.org/10.1021/acs.jpcc.1c05456,1.2,1.1659497581592284
gradientboosting,1,test,R0025,https://doi.org/10.1021/acs.jpcc.1c05456,1.15,1.1659497581592284
gradientboosting,1,test,R0026,https://doi.org/10.1039/d0cc05980c,1.2,1.1595577813461713
gradientboosting,1,test,R0031,https://doi.org/10.1002/ente.201901257,1.15,1.1906067476416062
gradientboosting,1,test,R0032,https://doi.org/10.1002/ente.201901257,1.2,1.1906067476416062
gradientboosting,1,test,R0039,https://dx.doi.org/10.1021/acsami.9b21904,1.3,1.3601185819002248
gradientboosting,1,test,R0040,https://doi.org/10.1007/s11581-021-04046-5,0.9,0.8943219141094583
gradientboosting,1,test,R0054,https://doi.org/10.1016/S1872‐2067(23)64409‐2,1.1,1.1072909667684645
gradientboosting,1,test,R0055,https://doi.org/10.1016/S1872‐2067(23)64409‐2,1.15,1.1072909667684645
gradientboosting,1,test,R0056,https://doi.org/10.1016/j.jallcom.2023.170130,1.29,1.2059998508226424
gradientboosting,1,test,R0080,https://doi.org/10.1016/j.est.2023.107329,1.01,0.9829175415944612
gradientboosting,1,test,R0086,https://doi.org/10.1016/j.est.2023.109342,1.35,1.3872336441500908
gradientboosting,1,test,R0087,https://doi.org/10.1016/j.est.2023.109342,1.5,1.3872336441500908
gradientboosting,1,test,R0088,https://doi.org/10.1016/j.est.2023.109342,1.4,1.3872336441500908
gradientboosting,1,test,R0089,https://doi.org/10.1016/j.jcis.2022.12.148,1.28,1.3282911488416709
gradientboosting,1,test,R0090,https://doi.org/10.1016/j.cej.2022.139524,1.22,1.1728452023085623
gradientboosting,1,test,R0094,https://doi.org/10.1016/j.electacta.2022.140894,1.05,1.1659497581592284
gradientboosting,1,test,R0111,https://doi.org/10.1016/j.apcatb.2022.122203,1.25,1.3282911488416709
gradientboosting,1,test,R0114,https://doi.org/10.1016/j.compositesb.2022.109727,1.1,1.1659497581592284
gradientboosting,1,test,R0115,https://doi.org/10.1016/j.ensm.2022.05.029,1.14,1.1728452023085623
gradientboosting,1,test,R0126,https://doi.org/10.1016/j.jcis.2026.140244,1.04,1.0116625563445902
gradientboosting,1,test,R0132,https://doi.org/10.1016/j.electacta.2025.147671,1.15,1.1260602307979148
gradientboosting,1,test,R0136,https://doi.org/10.1088/2631-6331/ae1925,1.3,1.3460105369352031
gradientboosting,1,test,R0137,https://doi.org/10.1002/anie.202521423,1.2,1.2235805862633713
gradientboosting,1,test,R0139,https://doi.org/10.1002/anie.202520097,1.2,1.1595577813461713
gradientboosting,1,test,R0144,https://doi.org/10.1002/aoc.70327,1.41,1.3460105369352031
gradientboosting,1,test,R0154,https://doi.org/10.1093/nsr/nwaf145,1.24,1.1595577813461713
gradientboosting,1,test,R0174,https://doi.org/10.1002/smll.202406525,1.25,1.2059998508226424
gradientboosting,1,test,R0175,https://doi.org/10.1016/j.jpowsour.2024.235394,0.95,0.972158953717189
gradientboosting,1,test,R0176,https://doi.org/10.1016/j.jpowsour.2024.235394,1.0,1.1055854075001823
gradientboosting,1,test,R0182,https://doi.org/10.1016/j.jcis.2024.06.137,1.25,1.2358299287029344
gradientboosting,1,test,R0183,https://doi.org/10.1016/j.jcis.2024.06.137,1.4,1.4127534292091206
gradientboosting,1,test,R0184,https://doi.org/10.1016/j.jcis.2024.06.137,1.45,1.4127534292091206
gradientboosting,1,test,R0189,https://doi.org/10.1016/j.ijoes.2024.100602,1.3,1.2235805862633713
gradientboosting,1,test,R0190,https://doi.org/10.1016/j.jechem.2024.01.076,1.3,1.246210080526487
gradientboosting,1,test,R0191,https://doi.org/10.1016/j.jechem.2024.01.076,1.25,1.246210080526487
gradientboosting,1,test,R0192,https://doi.org/10.1016/j.jechem.2024.01.076,1.25,1.2198363455502244
gradientboosting,2,train,R0003,https://doi.org/10.1016/j.apcatb.2019.118283,1.27,1.3109655678212222
gradientboosting,2,train,R0007,https://doi.org/10.1016/j.jallcom.2019.152736,1.35,1.2527523227935642
gradientboosting,2,train,R0008,https://doi.org/10.1016/j.jallcom.2020.153803,1.25,1.238139246075756
gradientboosting,2,train,R0009,https://doi.org/10.1016/j.jallcom.2020.158269,1.0,1.01368873721972
gradientboosting,2,train,R0010,https://doi.org/10.1016/j.cej.2020.124294,1.35,1.3820819715565087
gradientboosting,2,train,R0011,https://doi.org/10.1016/j.cej.2020.124294,1.4,1.3820819715565087
gradientboosting,2,train,R0012,https://doi.org/10.1016/j.cej.2021.128403,0.97,0.9004776926020831
gradientboosting,2,train,R0013,http://dx.doi.org/10.1016/j.jelechem.2020.114124,1.25,1.2715743964685335
gradientboosting,2,train,R0014,https://doi.org/10.1016/j.jechem.2020.07.053,0.98,1.0133221542927895
gradientboosting,2,train,R0015,https://doi.org/10.1016/j.flatc.2020.100221,1.25,1.247893228702567
gradientboosting,2,train,R0016,https://doi.org/10.1016/j.jallcom.2020.157945,1.012,0.9004776926020831
gradientboosting,2,train,R0017,https://doi.org/10.1016/j.jallcom.2020.154054,0.82,0.9004776926020831
gradientboosting,2,train,R0019,https://doi.org/10.1016/j.jallcom.2020.157656,1.4,1.3891152106714408
gradientboosting,2,train,R0020,https://doi.org/10.1002/aenm.202100110,0.95,0.9818797068034367
gradientboosting,2,train,R0023,https://doi.org/10.1021/acs.jpcc.1c05456,1.15,1.1620298198400636
gradientboosting,2,train,R0024,https://doi.org/10.1021/acs.jpcc.1c05456,1.2,1.1620298198400636
gradientboosting,2,train,R0025,https://doi.org/10.1021/acs.jpcc.1c05456,1.15,1.1620298198400636
gradientboosting,2,train,R0026,https://doi.org/10.1039/d0cc05980c,1.2,1.169741644112811
gradientboosting,2,train,R0027,https://doi.org/10.1039/d0nr00866d,1.5,1.47175181882018
gradientboosting,2,train,R0028,https://doi.org/10.1039/d0ta09195b,1.05,1.070726020654273
gradientboosting,2,train,R0029,https://doi.org/10.1039/d1ta00538c,1.3,1.2171221429561847
gradientboosting,2,train,R0030,https://doi.org/10.1039/d1ta04830a,1.05,1.0587442088743404
gradientboosting,2,train,R0031,https://doi.org/10.1002/ente.201901257,1.15,1.1712505582943762
gradientboosting,2,train,R0032,https://doi.org/10.1002/ente.201901257,1.2,1.1712505582943762
gradientboosting,2,train,R0033,https://dx.doi.org/10.1021/acsaem.0c01691,1.35,1.3421019523169884
gradientboosting,2,train,R0034,https://dx.doi.org/10.1021/acsnano.9b09646,1.45,1.3994899947667705
gradientboosting,2,train,R0035,https://dx.doi.org/10.1021/acsami.0c02087,1.15,1.12070086615862
gradientboosting,2,train,R0036,https://doi.org/10.1002/er.7342,1.21,1.2142904186809498
gradientboosting,2,train,R0038,https://doi.org/10.1021/acsami.1c08720,0.84,0.9328701318388871
gradientboosting,2,train,R0039,https://dx.doi.org/10.1021/acsami.9b21904,1.3,1.3421019523169884
gradientboosting,2,train,R0040,https://doi.org/10.1007/s11581-021-04046-5,0.9,0.9004776926020831
gradientboosting,2,train,R0041,https://doi.org/10.1007/s40242-020-0077-3,1.15,1.2142904186809498
gradientboosting,2,train,R0042,https://doi.org/10.1002/smll.202105752,1.4,1.3891152106714408
gradientboosting,2,train,R0043,https://doi.org/10.1002/smll.202105752,1.25,1.260058471401342
gradientboosting,2,train,R0047,https://doi.org/10.1002/aenm.202200791,1.0,0.9946421707137042
gradientboosting,2,train,R0048,https://doi.org/10.1002/aenm.202103910,1.0,0.9946421707137042
gradientboosting,2,train,R0049,https://doi.org/10.1016/j.apcatb.2022.121844,0.92,0.936158454554073
gradientboosting,2,train,R0050,https://doi.org/10.1002/aenm.202203660,1.33,1.3070192060814612
gradientboosting,2,train,R0051,https://doi.org/10.1016/j.ensm.2023.102874,1.21,1.1968729616808913
gradientboosting,2,train,R0052,https://doi.org/10.1016/j.ensm.2023.102989,1.1,1.12070086615862
gradientboosting,2,train,R0054,https://doi.org/10.1016/S1872‐2067(23)64409‐2,1.1,1.12070086615862
gradientboosting,2,train,R0055,https://doi.org/10.1016/S1872‐2067(23)64409‐2,1.15,1.12070086615862
gradientboosting,2,train,R0056,https://doi.org/10.1016/j.jallcom.2023.170130,1.29,1.2142904186809498
gradientboosting,2,train,R0058,https://doi.org/10.1016/j.electacta.2023.142096,0.99,0.9813869399460173
gradientboosting,2,train,R0059,https://doi.org/10.1016/j.electacta.2022.140147,1.11,1.117879660846083
gradientboosting,2,train,R0060,https://doi.org/10.1021/acsami.1c22643,1.0,1.0210936665488666
gradientboosting,2,train,R0061,https://doi.org/10.1016/j.jelechem.2022.116810,1.15,1.169741644112811
gradientboosting,2,train,R0062,https://doi.org/10.1002/slct.202200870,1.04,0.9004776926020831
gradientboosting,2,train,R0063,https://doi.org/10.1002/slct.202200870,1.1,1.0872042627816103
gradientboosting,2,train,R0064,https://doi.org/10.1002/slct.202200870,1.11,1.117879660846083
gradientboosting,2,train,R0065,https://doi.org/10.1016/j.cej.2023.146775,1.0,1.0060902694610765
gradientboosting,2,train,R0066,https://www.pnas.org/lookup/suppl/doi:10.1073/pnas.2301439120/-/DCSupplemental.,1.11,1.1212982848723652
gradientboosting,2,train,R0067,https://doi.org/10.3390/nano12142386,1.2,1.1782796863908132
gradientboosting,2,train,R0068,https://doi.org/10.1021/acsami.2c19975,1.03,1.0205467736240705
gradientboosting,2,train,R0069,https://doi.org/10.1021/acsami.2c19975,1.38,1.3777902211708113
gradientboosting,2,train,R0071,https://doi.org/10.1039/d2ta07061h,1.34,1.3873153515566505
gradientboosting,2,train,R0072,https://doi.org/10.1016/j.ijhydene.2023.12.023,1.4,1.3935374158958094
gradientboosting,2,train,R0074,https://doi.org/10.1002/smll.202204836,1.25,1.2171221429561847
gradientboosting,2,train,R0075,https://doi.org/10.1002/smll.202204836,1.18,1.117879660846083
gradientboosting,2,train,R0076,https://doi.org/10.1002/admi.202102110,0.98,0.955285449908746
gradientboosting,2,train,R0077,https://doi.org/10.1002/admi.202102110,1.04,1.0872042627816103
gradientboosting,2,train,R0080,https://doi.org/10.1016/j.est.2023.107329,1.01,1.00914267351421
gradientboosting,2,train,R0081,https://doi.org/10.1021/acs.jpcc.3c01042,1.2,1.1620298198400636
gradientboosting,2,train,R0082,https://doi.org/10.1021/acs.jpcc.3c01042,1.25,1.1620298198400636
gradientboosting,2,train,R0083,https://doi.org/10.1021/acs.jpcc.3c01042,1.25,1.1620298198400636
gradientboosting,2,train,R0084,https://doi.org/10.1021/acsami.3c01599,1.17,1.2142904186809498
gradientboosting,2,train,R0085,https://doi.org/10.1021/jacs.2c11676,1.05,1.0872042627816103
gradientboosting,2,train,R0086,https://doi.org/10.1016/j.est.2023.109342,1.35,1.3935374158958094
gradientboosting,2,train,R0087,https://doi.org/10.1016/j.est.2023.109342,1.5,1.3935374158958094
gradientboosting,2,train,R0088,https://doi.org/10.1016/j.est.2023.109342,1.4,1.3935374158958094
gradientboosting,2,train,R0089,https://doi.org/10.1016/j.jcis.2022.12.148,1.28,1.3070192060814612
gradientboosting,2,train,R0090,https://doi.org/10.1016/j.cej.2022.139524,1.22,1.1782796863908132
gradientboosting,2,train,R0091,https://doi.org/10.1039/d1qi01260f,1.23,1.169741644112811
gradientboosting,2,train,R0092,https://doi.org/10.1016/j.carbon.2022.04.080,1.32,1.3070192060814612
gradientboosting,2,train,R0094,https://doi.org/10.1016/j.electacta.2022.140894,1.05,1.1620298198400636
gradientboosting,2,train,R0095,https://doi.org/10.1002/smll.202206611,0.98,1.0133221542927895
gradientboosting,2,train,R0096,https://doi.org/10.1002/adsu.202300510,0.95,0.9640549795165174
gradientboosting,2,train,R0097,https://doi.org/10.1002/adsu.202300510,1.2,1.2142904186809498
gradientboosting,2,train,R0098,https://doi.org/10.1002/adsu.202300510,1.25,1.2142904186809498
gradientboosting,2,train,R0100,https://doi.org/10.1021/acscatal.2c02544,1.15,1.2142904186809498
gradientboosting,2,train,R0101,https://doi.org/10.1021/acscatal.2c02544,1.15,1.2142904186809498
gradientboosting,2,train,R0102,https://www.science.org/doi/10.1126/sciadv.abq6261,1.2,1.1620298198400636
gradientboosting,2,train,R0103,https://doi.org/10.1007/s12274-022-5330-2,1.2,1.169741644112811
gradientboosting,2,train,R0104,https://doi.org/10.1007/s12274-022-5330-2,1.15,1.12070086615862
gradientboosting,2,train,R0105,https://doi.org/10.1007/s12274-022-5330-2,1.1,1.169741644112811
gradientboosting,2,train,R0106,https://doi.org/10.1007/s12274-022-5330-2,1.08,1.12070086615862
gradientboosting,2,train,R0107,https://doi.org/10.1016/j.ensm.2023.102829,1.2,1.2182390779903212
gradientboosting,2,train,R0109,https://doi.org/10.1002/smll.202302598,1.25,1.260058471401342
gradientboosting,2,train,R0110,https://doi.org/10.1002/adma.202106436,1.2,1.208406583912315
gradientboosting,2,train,R0111,https://doi.org/10.1016/j.apcatb.2022.122203,1.25,1.3070192060814612
gradientboosting,2,train,R0114,https://doi.org/10.1016/j.compositesb.2022.109727,1.1,1.1620298198400636
gradientboosting,2,train,R0115,https://doi.org/10.1016/j.ensm.2022.05.029,1.14,1.1782796863908132
gradientboosting,2,train,R0118,https://doi.org/10.1002/smll.202106707,1.42,1.3873153515566505
gradientboosting,2,train,R0123,https://doi.org/10.1021/acs.nanolett.3c03025,1.1,1.169741644112811
gradientboosting,2,train,R0124,https://doi.org/10.1021/acs.nanolett.3c03025,1.15,1.169741644112811
gradientboosting,2,train,R0126,https://doi.org/10.1016/j.jcis.2026.140244,1.04,1.0210936665488666
gradientboosting,2,train,R0127,https://doi.org/10.1016/j.jechem.2026.01.056,1.25,1.2398055525299287
gradientboosting,2,train,R0128,https://doi.org/10.1002/smll.202512953,1.25,1.2782617238558052
gradientboosting,2,train,R0129,https://doi.org/10.1002/smll.202512953,1.39,1.3972453590398
gradientboosting,2,train,R0130,https://doi.org/10.1002/smll.202512953,1.45,1.3972453590398
gradientboosting,2,train,R0132,https://doi.org/10.1016/j.electacta.2025.147671,1.15,1.1342608901454134
gradientboosting,2,train,R0134,https://doi.org/10.1021/acsanm.5c04476,1.04,1.117879660846083
gradientboosting,2,train,R0135,https://doi.org/10.1021/acsanm.5c04476,1.25,1.260058471401342
gradientboosting,2,train,R0136,https://doi.org/10.1088/2631-6331/ae1925,1.3,1.3456798725897254
gradientboosting,2,train,R0137,https://doi.org/10.1002/anie.202521423,1.2,1.2171221429561847
gradientboosting,2,train,R0139,https://doi.org/10.1002/anie.202520097,1.2,1.169741644112811
gradientboosting,2,train,R0140,https://doi.org/10.1016/j.jcis.2025.139355,0.8,0.9004776926020831
gradientboosting,2,train,R0141,https://doi.org/10.1016/j.jcis.2025.139355,0.83,0.9004776926020831
gradientboosting,2,train,R0142,https://doi.org/10.1021/acsnano.5c10218,0.96,0.9328701318388871
gradientboosting,2,train,R0143,https://doi.org/10.1021/acsnano.5c10218,1.18,1.169741644112811
gradientboosting,2,train,R0144,https://doi.org/10.1002/aoc.70327,1.41,1.3456798725897254
gradientboosting,2,train,R0145,https://doi.org/10.1021/acs.langmuir.5c02644,1.1,1.070726020654273
gradientboosting,2,train,R0146,https://doi.org/10.1016/j.electacta.2025.146925,1.1,1.1620298198400636
gradientboosting,2,train,R0148,https://doi.org/10.1038/s41598-025-11449-1,0.998,0.9328701318388871
gradientboosting,2,train,R0149,https://doi.org/10.1002/anie.202509132,0.94,0.9004776926020831
gradientboosting,2,train,R0150,https://doi.org/10.1016/j.jpowsour.2025.237653,1.15,1.117879660846083
gradientboosting,2,train,R0151,https://doi.org/10.1021/acs.iecr.5c01518,1.18,1.2106141669038326
gradientboosting,2,train,R0152,https://doi.org/10.1021/acs.iecr.5c01518,1.25,1.260058471401342
gradientboosting,2,train,R0154,https://doi.org/10.1093/nsr/nwaf145,1.24,1.169741644112811
gradientboosting,2,train,R0155,https://doi.org/10.1016/j.jcis.2025.137782,1.36,1.3456798725897254
gradientboosting,2,train,R0156,https://doi.org/10.1016/j.cej.2025.162908,1.3,1.3109285531656552
gradientboosting,2,train,R0157,https://doi.org/10.1016/j.cej.2025.162908,1.35,1.3109655678212222
gradientboosting,2,train,R0158,https://doi.org/10.1016/j.cej.2025.162908,1.3,1.3109285531656552
gradientboosting,2,train,R0159,https://doi.org/10.1016/j.cej.2025.162420,0.86,0.8741551369105783
gradientboosting,2,train,R0160,https://doi.org/10.1039/d5nr00300h,0.77,0.9004776926020831
gradientboosting,2,train,R0161,https://doi.org/10.1039/d5nr00300h,1.29,1.3456798725897254
gradientboosting,2,train,R0162,https://doi.org/10.1021/jacs.4c15230,1.1,1.1620298198400636
gradientboosting,2,train,R0163,https://doi.org/10.1002/celc.202400626,1.4,1.3456798725897254
gradientboosting,2,train,R0164,https://doi.org/10.1016/j.esci.2024.100310,1.08,1.0872042627816103
gradientboosting,2,train,R0165,https://doi.org/10.1016/j.esci.2024.100310,1.1,1.0872042627816103
gradientboosting,2,train,R0166,https://doi.org/10.1002/smll.202406516,1.2,1.1620298198400636
gradientboosting,2,train,R0167,https://doi.org/10.1002/anie.202418893,1.3,1.3070192060814612
gradientboosting,2,train,R0168,https://doi.org/10.1016/j.electacta.2024.145384,1.01,0.9818797068034367
gradientboosting,2,train,R0169,https://doi.org/10.1007/s10008-024-06115-x,1.4,1.3540807865605629
gradientboosting,2,train,R0170,https://doi.org/10.1002/aenm.202402925,1.4,1.3972453590398
gradientboosting,2,train,R0171,https://doi.org/10.1002/aenm.202402925,1.28,1.2910525404736068
gradientboosting,2,train,R0172,https://doi.org/10.1002/aenm.202402925,1.3,1.2910525404736068
gradientboosting,2,train,R0173,https://doi.org/10.1021/acs.energyfuels.4c04356,0.94,0.9328701318388871
gradientboosting,2,train,R0174,https://doi.org/10.1002/smll.202406525,1.25,1.2142904186809498
gradientboosting,2,train,R0175,https://doi.org/10.1016/j.jpowsour.2024.235394,0.95,0.9727936405201215
gradientboosting,2,train,R0176,https://doi.org/10.1016/j.jpowsour.2024.235394,1.0,1.117879660846083
gradientboosting,2,train,R0177,https://doi.org/10.1002/cey2.587,1.35,1.3070192060814612
gradientboosting,2,train,R0178,https://doi.org/10.1002/cey2.550,1.25,1.2421416776774963
gradientboosting,2,train,R0179,https://doi.org/10.1039/d4sc03242j,1.1,1.1620298198400636
gradientboosting,2,train,R0180,https://doi.org/10.1016/j.est.2024.112780,1.3,1.2960774337397571
gradientboosting,2,train,R0181,https://doi.org/10.1016/j.est.2024.112780,1.45,1.3935374158958094
gradientboosting,2,train,R0182,https://doi.org/10.1016/j.jcis.2024.06.137,1.25,1.2422445419476227
gradientboosting,2,train,R0183,https://doi.org/10.1016/j.jcis.2024.06.137,1.4,1.3994899947667705
gradientboosting,2,train,R0184,https://doi.org/10.1016/j.jcis.2024.06.137,1.45,1.3994899947667705
gradientboosting,2,train,R0186,https://doi.org/10.1002/adma.202405440,1.4,1.3540807865605629
gradientboosting,2,train,R0187,https://doi.org/10.1016/j.mtener.2024.101597,1.38,1.3935374158958094
gradientboosting,2,train,R0188,https://doi.org/10.1016/j.jcis.2024.05.144,1.2,1.2527523227935642
gradientboosting,2,train,R0189,https://doi.org/10.1016/j.ijoes.2024.100602,1.3,1.2171221429561847
gradientboosting,2,train,R0190,https://doi.org/10.1016/j.jechem.2024.01.076,1.3,1.260058471401342
gradientboosting,2,train,R0191,https://doi.org/10.1016/j.jechem.2024.01.076,1.25,1.260058471401342
gradientboosting,2,train,R0192,https://doi.org/10.1016/j.jechem.2024.01.076,1.25,1.2468394014098618
gradientboosting,2,train,R0194,https://doi.org/10.1002/smtd.202301728,1.22,1.254813573211669
gradientboosting,2,train,R0195,https://doi.org/10.1002/smtd.202301728,1.32,1.254813573211669
gradientboosting,2,train,R0196,https://doi.org/10.1016/j.mtcomm.2024.108243,0.84,0.9004776926020831
gradientboosting,2,train,R0197,https://doi.org/10.1016/j.jallcom.2024.173877,1.11,1.1620298198400636
gradientboosting,2,train,R0198,https://doi.org/10.1016/j.jpowsour.2024.234130,1.05,1.0722142661400638
gradientboosting,2,train,R0199,https://doi.org/10.1016/j.jpowsour.2024.234130,1.17,1.2171221429561847
gradientboosting,2,train,R0200,https://doi.org/10.1021/jacs.3c12734,1.12,1.1063276721127389
gradientboosting,2,test,R0001,https://doi.org/10.1016/j.electacta.2020.137645,1.3,1.296860669836425
gradientboosting,2,test,R0002,https://doi.org/10.1016/j.electacta.2020.137645,1.5,1.3540807865605629
gradientboosting,2,test,R0004,https://doi.org/10.1016/j.ssi.2021.115773,1.1,1.1620298198400636
gradientboosting,2,test,R0005,https://doi.org/10.1016/j.ssi.2021.115773,1.4,1.3873153515566505
gradientboosting,2,test,R0006,https://doi.org/10.1016/j.jpowsour.2021.230374,1.24,1.2142904186809498
gradientboosting,2,test,R0018,https://doi.org/10.1016/j.jpowsour.2020.228362,1.35,1.2782617238558052
gradientboosting,2,test,R0021,https://doi.org/10.1002/anie.202110116,1.4,1.2910525404736068
gradientboosting,2,test,R0022,https://doi.org/10.1002/anie.202110116,1.3,1.2910525404736068
gradientboosting,2,test,R0037,https://doi.org/10.1002/er.6806,1.0,0.9778073409553449
gradientboosting,2,test,R0044,https://dx.doi.org/10.1021/acscatal.0c02608,1.35,1.3421019523169884
gradientboosting,2,test,R0045,https://doi.org/10.1021/acsaem.1c01572,1.1,0.9908310761454677
gradientboosting,2,test,R0046,https://doi.org/10.1021/acsaem.1c01572,1.3,1.2910525404736068
gradientboosting,2,test,R0053,https://doi.org/10.1016/j.ensm.2022.07.026,1.1,1.0244235158802446
gradientboosting,2,test,R0057,https://doi.org/10.1002/smll.202205532,1.08,0.9818797068034367
gradientboosting,2,test,R0070,https://doi.org/10.1016/j.cej.2022.136852,1.06,0.9004776926020831
gradientboosting,2,test,R0073,https://doi.org/10.1016/j.jelechem.2022.116356,1.3,1.3070192060814612
gradientboosting,2,test,R0078,https://doi.org/10.1016/j.cej.2022.137684,1.29,1.3777902211708113
gradientboosting,2,test,R0079,https://doi.org/10.1016/j.cej.2022.137684,1.41,1.2910525404736068
gradientboosting,2,test,R0093,https://doi.org/10.1016/j.jallcom.2022.163703,1.09,0.9744750945208892
gradientboosting,2,test,R0099,https://doi.org/10.1021/acsami.2c19975,1.38,1.3777902211708113
gradientboosting,2,test,R0108,https://doi.org/10.1016/j.cej.2022.138462,1.17,1.1782796863908132
gradientboosting,2,test,R0112,https://doi.org/10.1021/acsnano.3c05782,1.12,1.1342608901454134
gradientboosting,2,test,R0113,https://doi.org/10.1039/d2ta03604e,0.85,0.9004776926020831
gradientboosting,2,test,R0116,https://doi.org/10.1016/j.cej.2023.143351,1.23,1.2289337267164753
gradientboosting,2,test,R0117,https://doi.org/10.1002/adfm.202209876,1.18,1.2664237887841892
gradientboosting,2,test,R0119,https://doi.org/10.1021/acsaem.3c02592,0.98,1.117879660846083
gradientboosting,2,test,R0120,https://doi.org/10.1002/aenm.202204057,1.3,1.3109655678212222
gradientboosting,2,test,R0121,https://doi.org/10.1002/aenm.202204057,1.4,1.3994899947667705
gradientboosting,2,test,R0122,https://doi.org/10.1002/aenm.202204057,1.5,1.3891152106714408
gradientboosting,2,test,R0125,https://sioc-journal.cn/Jwk_hxxb/EN/10.6023/A22050206,1.08,1.12070086615862
gradientboosting,2,test,R0131,https://doi.org/10.1002/advs.202522315,1.0,1.0133221542927895
gradientboosting,2,test,R0133,https://doi.org/10.1021/acsaem.5c03033,1.25,1.2886833590034483
gradientboosting,2,test,R0138,https://doi.org/10.1080/1536383X.2025.2583369,1.3,1.2226176686677959
gradientboosting,2,test,R0147,https://doi.org/10.1016/j.jcis.2025.138454,0.89,0.9818797068034367
gradientboosting,2,test,R0153,https://doi.org/10.1016/j.carbon.2025.120482,1.25,1.2171221429561847
gradientboosting,2,test,R0185,https://doi.org/10.1002/adma.202404319,1.2,1.0512215099207152
gradientboosting,2,test,R0193,https://doi.org/10.1002/aenm.202303766,0.95,0.9727936405201215
gradientboosting,3,train,R0001,https://doi.org/10.1016/j.electacta.2020.137645,1.3,1.304397912078304
gradientboosting,3,train,R0002,https://doi.org/10.1016/j.electacta.2020.137645,1.5,1.3986296057922971
gradientboosting,3,train,R0003,https://doi.org/10.1016/j.apcatb.2019.118283,1.27,1.3097071348208957
gradientboosting,3,train,R0004,https://doi.org/10.1016/j.ssi.2021.115773,1.1,1.1553869885860164
gradientboosting,3,train,R0005,https://doi.org/10.1016/j.ssi.2021.115773,1.4,1.3966075847270687
gradientboosting,3,train,R0006,https://doi.org/10.1016/j.jpowsour.2021.230374,1.24,1.2470025067481698
gradientboosting,3,train,R0009,https://doi.org/10.1016/j.jallcom.2020.158269,1.0,1.02053474877301
gradientboosting,3,train,R0010,https://doi.org/10.1016/j.cej.2020.124294,1.35,1.3782688770470128
gradientboosting,3,train,R0011,https://doi.org/10.1016/j.cej.2020.124294,1.4,1.3782688770470128
gradientboosting,3,train,R0012,https://doi.org/10.1016/j.cej.2021.128403,0.97,0.9316103861325068
gradientboosting,3,train,R0013,http://dx.doi.org/10.1016/j.jelechem.2020.114124,1.25,1.27732877241094
gradientboosting,3,train,R0014,https://doi.org/10.1016/j.jechem.2020.07.053,0.98,1.0181968758552409
gradientboosting,3,train,R0015,https://doi.org/10.1016/j.flatc.2020.100221,1.25,1.2343309437228025
gradientboosting,3,train,R0016,https://doi.org/10.1016/j.jallcom.2020.157945,1.012,0.9316103861325068
gradientboosting,3,train,R0018,https://doi.org/10.1016/j.jpowsour.2020.228362,1.35,1.3557796671055153
gradientboosting,3,train,R0021,https://doi.org/10.1002/anie.202110116,1.4,1.3261478707333652
gradientboosting,3,train,R0022,https://doi.org/10.1002/anie.202110116,1.3,1.3261478707333652
gradientboosting,3,train,R0023,https://doi.org/10.1021/acs.jpcc.1c05456,1.15,1.1553869885860164
gradientboosting,3,train,R0024,https://doi.org/10.1021/acs.jpcc.1c05456,1.2,1.1553869885860164
gradientboosting,3,train,R0025,https://doi.org/10.1021/acs.jpcc.1c05456,1.15,1.1553869885860164
gradientboosting,3,train,R0026,https://doi.org/10.1039/d0cc05980c,1.2,1.1788059166351015
gradientboosting,3,train,R0028,https://doi.org/10.1039/d0ta09195b,1.05,1.0682076837038021
gradientboosting,3,train,R0029,https://doi.org/10.1039/d1ta00538c,1.3,1.2287894894873652
gradientboosting,3,train,R0030,https://doi.org/10.1039/d1ta04830a,1.05,1.05387577741639
gradientboosting,3,train,R0031,https://doi.org/10.1002/ente.201901257,1.15,1.1715292703488898
gradientboosting,3,train,R0032,https://doi.org/10.1002/ente.201901257,1.2,1.1715292703488898
gradientboosting,3,train,R0033,https://dx.doi.org/10.1021/acsaem.0c01691,1.35,1.3347862173643692
gradientboosting,3,train,R0034,https://dx.doi.org/10.1021/acsnano.9b09646,1.45,1.4214653430904605
gradientboosting,3,train,R0035,https://dx.doi.org/10.1021/acsami.0c02087,1.15,1.11501610777098
gradientboosting,3,train,R0037,https://doi.org/10.1002/er.6806,1.0,1.0066098829009489
gradientboosting,3,train,R0039,https://dx.doi.org/10.1021/acsami.9b21904,1.3,1.3347862173643692
gradientboosting,3,train,R0040,https://doi.org/10.1007/s11581-021-04046-5,0.9,0.9316103861325068
gradientboosting,3,train,R0042,https://doi.org/10.1002/smll.202105752,1.4,1.4184565266366893
gradientboosting,3,train,R0043,https://doi.org/10.1002/smll.202105752,1.25,1.2570712233837498
gradientboosting,3,train,R0044,https://dx.doi.org/10.1021/acscatal.0c02608,1.35,1.3347862173643692
gradientboosting,3,train,R0045,https://doi.org/10.1021/acsaem.1c01572,1.1,1.081633471063383
gradientboosting,3,train,R0046,https://doi.org/10.1021/acsaem.1c01572,1.3,1.3261478707333652
gradientboosting,3,train,R0047,https://doi.org/10.1002/aenm.202200791,1.0,0.9993629228023088
gradientboosting,3,train,R0048,https://doi.org/10.1002/aenm.202103910,1.0,0.9993629228023088
gradientboosting,3,train,R0049,https://doi.org/10.1016/j.apcatb.2022.121844,0.92,0.937093715862618
gradientboosting,3,train,R0051,https://doi.org/10.1016/j.ensm.2023.102874,1.21,1.200100730031048
gradientboosting,3,train,R0052,https://doi.org/10.1016/j.ensm.2023.102989,1.1,1.11501610777098
gradientboosting,3,train,R0053,https://doi.org/10.1016/j.ensm.2022.07.026,1.1,1.0817192640248183
gradientboosting,3,train,R0054,https://doi.org/10.1016/S1872‐2067(23)64409‐2,1.1,1.11501610777098
gradientboosting,3,train,R0055,https://doi.org/10.1016/S1872‐2067(23)64409‐2,1.15,1.11501610777098
gradientboosting,3,train,R0056,https://doi.org/10.1016/j.jallcom.2023.170130,1.29,1.2470025067481698
gradientboosting,3,train,R0057,https://doi.org/10.1002/smll.202205532,1.08,0.9947968611131676
gradientboosting,3,train,R0058,https://doi.org/10.1016/j.electacta.2023.142096,0.99,0.9832867110536971
gradientboosting,3,train,R0059,https://doi.org/10.1016/j.electacta.2022.140147,1.11,1.0820532851976126
gradientboosting,3,train,R0061,https://doi.org/10.1016/j.jelechem.2022.116810,1.15,1.1788059166351015
gradientboosting,3,train,R0062,https://doi.org/10.1002/slct.202200870,1.04,0.9316103861325068
gradientboosting,3,train,R0063,https://doi.org/10.1002/slct.202200870,1.1,1.0789848460085099
gradientboosting,3,train,R0064,https://doi.org/10.1002/slct.202200870,1.11,1.0820532851976126
gradientboosting,3,train,R0065,https://doi.org/10.1016/j.cej.2023.146775,1.0,0.9965419340451893
gradientboosting,3,train,R0066,https://www.pnas.org/lookup/suppl/doi:10.1073/pnas.2301439120/-/DCSupplemental.,1.11,1.1048536467744747
gradientboosting,3,train,R0067,https://doi.org/10.3390/nano12142386,1.2,1.183919326519286
gradientboosting,3,train,R0068,https://doi.org/10.1021/acsami.2c19975,1.03,1.0278868209642218
gradientboosting,3,train,R0069,https://doi.org/10.1021/acsami.2c19975,1.38,1.3481920869874549
gradientboosting,3,train,R0070,https://doi.org/10.1016/j.cej.2022.136852,1.06,0.9316103861325068
gradientboosting,3,train,R0072,https://doi.org/10.1016/j.ijhydene.2023.12.023,1.4,1.3988122410802635
gradientboosting,3,train,R0073,https://doi.org/10.1016/j.jelechem.2022.116356,1.3,1.3003024057769301
gradientboosting,3,train,R0076,https://doi.org/10.1002/admi.202102110,0.98,0.9490076941220398
gradientboosting,3,train,R0077,https://doi.org/10.1002/admi.202102110,1.04,1.0789848460085099
gradientboosting,3,train,R0078,https://doi.org/10.1016/j.cej.2022.137684,1.29,1.3481920869874549
gradientboosting,3,train,R0079,https://doi.org/10.1016/j.cej.2022.137684,1.41,1.3261478707333652
gradientboosting,3,train,R0080,https://doi.org/10.1016/j.est.2023.107329,1.01,1.0061172445652327
gradientboosting,3,train,R0081,https://doi.org/10.1021/acs.jpcc.3c01042,1.2,1.1553869885860164
gradientboosting,3,train,R0082,https://doi.org/10.1021/acs.jpcc.3c01042,1.25,1.1553869885860164
gradientboosting,3,train,R0083,https://doi.org/10.1021/acs.jpcc.3c01042,1.25,1.1553869885860164
gradientboosting,3,train,R0085,https://doi.org/10.1021/jacs.2c11676,1.05,1.0789848460085099
gradientboosting,3,train,R0086,https://doi.org/10.1016/j.est.2023.109342,1.35,1.3988122410802635
gradientboosting,3,train,R0087,https://doi.org/10.1016/j.est.2023.109342,1.5,1.3988122410802635
gradientboosting,3,train,R0088,https://doi.org/10.1016/j.est.2023.109342,1.4,1.3988122410802635
gradientboosting,3,train,R0089,https://doi.org/10.1016/j.jcis.2022.12.148,1.28,1.3003024057769301
gradientboosting,3,train,R0090,https://doi.org/10.1016/j.cej.2022.139524,1.22,1.183919326519286
gradientboosting,3,train,R0092,https://doi.org/10.1016/j.carbon.2022.04.080,1.32,1.3003024057769301
gradientboosting,3,train,R0093,https://doi.org/10.1016/j.jallcom.2022.163703,1.09,1.074669899213691
gradientboosting,3,train,R0094,https://doi.org/10.1016/j.electacta.2022.140894,1.05,1.1553869885860164
gradientboosting,3,train,R0096,https://doi.org/10.1002/adsu.202300510,0.95,0.9657399604346559
gradientboosting,3,train,R0097,https://doi.org/10.1002/adsu.202300510,1.2,1.2470025067481698
gradientboosting,3,train,R0098,https://doi.org/10.1002/adsu.202300510,1.25,1.2470025067481698
gradientboosting,3,train,R0099,https://doi.org/10.1021/acsami.2c19975,1.38,1.3481920869874549
gradientboosting,3,train,R0103,https://doi.org/10.1007/s12274-022-5330-2,1.2,1.1788059166351015
gradientboosting,3,train,R0104,https://doi.org/10.1007/s12274-022-5330-2,1.15,1.11501610777098
gradientboosting,3,train,R0105,https://doi.org/10.1007/s12274-022-5330-2,1.1,1.1788059166351015
gradientboosting,3,train,R0106,https://doi.org/10.1007/s12274-022-5330-2,1.08,1.11501610777098
gradientboosting,3,train,R0107,https://doi.org/10.1016/j.ensm.2023.102829,1.2,1.2298029103024821
gradientboosting,3,train,R0108,https://doi.org/10.1016/j.cej.2022.138462,1.17,1.183919326519286
gradientboosting,3,train,R0109,https://doi.org/10.1002/smll.202302598,1.25,1.2570712233837498
gradientboosting,3,train,R0110,https://doi.org/10.1002/adma.202106436,1.2,1.212792780228839
gradientboosting,3,train,R0111,https://doi.org/10.1016/j.apcatb.2022.122203,1.25,1.3003024057769301
gradientboosting,3,train,R0112,https://doi.org/10.1021/acsnano.3c05782,1.12,1.1287343251550042
gradientboosting,3,train,R0113,https://doi.org/10.1039/d2ta03604e,0.85,0.9316103861325068
gradientboosting,3,train,R0114,https://doi.org/10.1016/j.compositesb.2022.109727,1.1,1.1553869885860164
gradientboosting,3,train,R0115,https://doi.org/10.1016/j.ensm.2022.05.029,1.14,1.183919326519286
gradientboosting,3,train,R0116,https://doi.org/10.1016/j.cej.2023.143351,1.23,1.2331474823368431
gradientboosting,3,train,R0117,https://doi.org/10.1002/adfm.202209876,1.18,1.2335455453144073
gradientboosting,3,train,R0118,https://doi.org/10.1002/smll.202106707,1.42,1.3966075847270687
gradientboosting,3,train,R0119,https://doi.org/10.1021/acsaem.3c02592,0.98,1.0820532851976126
gradientboosting,3,train,R0120,https://doi.org/10.1002/aenm.202204057,1.3,1.3097071348208957
gradientboosting,3,train,R0121,https://doi.org/10.1002/aenm.202204057,1.4,1.4214653430904605
gradientboosting,3,train,R0122,https://doi.org/10.1002/aenm.202204057,1.5,1.4184565266366893
gradientboosting,3,train,R0125,https://sioc-journal.cn/Jwk_hxxb/EN/10.6023/A22050206,1.08,1.11501610777098
gradientboosting,3,train,R0126,https://doi.org/10.1016/j.jcis.2026.140244,1.04,1.017762248635351
gradientboosting,3,train,R0131,https://doi.org/10.1002/advs.202522315,1.0,1.0181968758552409
gradientboosting,3,train,R0132,https://doi.org/10.1016/j.electacta.2025.147671,1.15,1.1287343251550042
gradientboosting,3,train,R0133,https://doi.org/10.1021/acsaem.5c03033,1.25,1.2674818998168411
gradientboosting,3,train,R0134,https://doi.org/10.1021/acsanm.5c04476,1.04,1.0820532851976126
gradientboosting,3,train,R0135,https://doi.org/10.1021/acsanm.5c04476,1.25,1.2570712233837498
gradientboosting,3,train,R0136,https://doi.org/10.1088/2631-6331/ae1925,1.3,1.3529837464822128
gradientboosting,3,train,R0137,https://doi.org/10.1002/anie.202521423,1.2,1.2287894894873652
gradientboosting,3,train,R0138,https://doi.org/10.1080/1536383X.2025.2583369,1.3,1.2588634434555226
gradientboosting,3,train,R0139,https://doi.org/10.1002/anie.202520097,1.2,1.1788059166351015
gradientboosting,3,train,R0140,https://doi.org/10.1016/j.jcis.2025.139355,0.8,0.9316103861325068
gradientboosting,3,train,R0141,https://doi.org/10.1016/j.jcis.2025.139355,0.83,0.9316103861325068
gradientboosting,3,train,R0142,https://doi.org/10.1021/acsnano.5c10218,0.96,0.9626820122143543
gradientboosting,3,train,R0143,https://doi.org/10.1021/acsnano.5c10218,1.18,1.1788059166351015
gradientboosting,3,train,R0144,https://doi.org/10.1002/aoc.70327,1.41,1.3529837464822128
gradientboosting,3,train,R0145,https://doi.org/10.1021/acs.langmuir.5c02644,1.1,1.0682076837038021
gradientboosting,3,train,R0146,https://doi.org/10.1016/j.electacta.2025.146925,1.1,1.1553869885860164
gradientboosting,3,train,R0147,https://doi.org/10.1016/j.jcis.2025.138454,0.89,0.9947968611131676
gradientboosting,3,train,R0148,https://doi.org/10.1038/s41598-025-11449-1,0.998,0.9626820122143543
gradientboosting,3,train,R0150,https://doi.org/10.1016/j.jpowsour.2025.237653,1.15,1.0820532851976126
gradientboosting,3,train,R0151,https://doi.org/10.1021/acs.iecr.5c01518,1.18,1.1967110693610137
gradientboosting,3,train,R0152,https://doi.org/10.1021/acs.iecr.5c01518,1.25,1.2570712233837498
gradientboosting,3,train,R0153,https://doi.org/10.1016/j.carbon.2025.120482,1.25,1.2287894894873652
gradientboosting,3,train,R0154,https://doi.org/10.1093/nsr/nwaf145,1.24,1.1788059166351015
gradientboosting,3,train,R0155,https://doi.org/10.1016/j.jcis.2025.137782,1.36,1.3529837464822128
gradientboosting,3,train,R0156,https://doi.org/10.1016/j.cej.2025.162908,1.3,1.3018628821301066
gradientboosting,3,train,R0157,https://doi.org/10.1016/j.cej.2025.162908,1.35,1.3097071348208957
gradientboosting,3,train,R0158,https://doi.org/10.1016/j.cej.2025.162908,1.3,1.3018628821301066
gradientboosting,3,train,R0162,https://doi.org/10.1021/jacs.4c15230,1.1,1.1553869885860164
gradientboosting,3,train,R0164,https://doi.org/10.1016/j.esci.2024.100310,1.08,1.0789848460085099
gradientboosting,3,train,R0165,https://doi.org/10.1016/j.esci.2024.100310,1.1,1.0789848460085099
gradientboosting,3,train,R0166,https://doi.org/10.1002/smll.202406516,1.2,1.1553869885860164
gradientboosting,3,train,R0167,https://doi.org/10.1002/anie.202418893,1.3,1.3003024057769301
gradientboosting,3,train,R0168,https://doi.org/10.1016/j.electacta.2024.145384,1.01,0.9947968611131676
gradientboosting,3,train,R0169,https://doi.org/10.1007/s10008-024-06115-x,1.4,1.3986296057922971
gradientboosting,3,train,R0170,https://doi.org/10.1002/aenm.202402925,1.4,1.382020238623166
gradientboosting,3,train,R0171,https://doi.org/10.1002/aenm.202402925,1.28,1.3261478707333652
gradientboosting,3,train,R0172,https://doi.org/10.1002/aenm.202402925,1.3,1.3261478707333652
gradientboosting,3,train,R0173,https://doi.org/10.1021/acs.energyfuels.4c04356,0.94,0.9626820122143543
gradientboosting,3,train,R0174,https://doi.org/10.1002/smll.202406525,1.25,1.2470025067481698
gradientboosting,3,train,R0175,https://doi.org/10.1016/j.jpowsour.2024.235394,0.95,0.9592891614455468
gradientboosting,3,train,R0176,https://doi.org/10.1016/j.jpowsour.2024.235394,1.0,1.0820532851976126
gradientboosting,3,train,R0179,https://doi.org/10.1039/d4sc03242j,1.1,1.1553869885860164
gradientboosting,3,train,R0182,https://doi.org/10.1016/j.jcis.2024.06.137,1.25,1.2449011675186583
gradientboosting,3,train,R0183,https://doi.org/10.1016/j.jcis.2024.06.137,1.4,1.4214653430904605
gradientboosting,3,train,R0184,https://doi.org/10.1016/j.jcis.2024.06.137,1.45,1.4214653430904605
gradientboosting,3,train,R0185,https://doi.org/10.1002/adma.202404319,1.2,1.187057332447371
gradientboosting,3,train,R0186,https://doi.org/10.1002/adma.202405440,1.4,1.3986296057922971
gradientboosting,3,train,R0188,https://doi.org/10.1016/j.jcis.2024.05.144,1.2,1.221614301986546
gradientboosting,3,train,R0189,https://doi.org/10.1016/j.ijoes.2024.100602,1.3,1.2287894894873652
gradientboosting,3,train,R0190,https://doi.org/10.1016/j.jechem.2024.01.076,1.3,1.2570712233837498
gradientboosting,3,train,R0191,https://doi.org/10.1016/j.jechem.2024.01.076,1.25,1.2570712233837498
gradientboosting,3,train,R0192,https://doi.org/10.1016/j.jechem.2024.01.076,1.25,1.2474530601414624
gradientboosting,3,train,R0193,https://doi.org/10.1002/aenm.202303766,0.95,0.9592891614455468
gradientboosting,3,train,R0194,https://doi.org/10.1002/smtd.202301728,1.22,1.2626227349859884
gradientboosting,3,train,R0195,https://doi.org/10.1002/smtd.202301728,1.32,1.2626227349859884
gradientboosting,3,train,R0196,https://doi.org/10.1016/j.mtcomm.2024.108243,0.84,0.9316103861325068
gradientboosting,3,train,R0198,https://doi.org/10.1016/j.jpowsour.2024.234130,1.05,1.0728568768226647
gradientboosting,3,train,R0199,https://doi.org/10.1016/j.jpowsour.2024.234130,1.17,1.2287894894873652
gradientboosting,3,train,R0200,https://doi.org/10.1021/jacs.3c12734,1.12,1.1057735060396685
gradientboosting,3,test,R0007,https://doi.org/10.1016/j.jallcom.2019.152736,1.35,1.221614301986546
gradientboosting,3,test,R0008,https://doi.org/10.1016/j.jallcom.2020.153803,1.25,1.1903425322445094
gradientboosting,3,test,R0017,https://doi.org/10.1016/j.jallcom.2020.154054,0.82,0.9316103861325068
gradientboosting,3,test,R0019,https://doi.org/10.1016/j.jallcom.2020.157656,1.4,1.4184565266366893
gradientboosting,3,test,R0020,https://doi.org/10.1002/aenm.202100110,0.95,0.9947968611131676
gradientboosting,3,test,R0027,https://doi.org/10.1039/d0nr00866d,1.5,1.3678325662496789
gradientboosting,3,test,R0036,https://doi.org/10.1002/er.7342,1.21,1.2470025067481698
gradientboosting,3,test,R0038,https://doi.org/10.1021/acsami.1c08720,0.84,0.9626820122143543
gradientboosting,3,test,R0041,https://doi.org/10.1007/s40242-020-0077-3,1.15,1.2470025067481698
gradientboosting,3,test,R0050,https://doi.org/10.1002/aenm.202203660,1.33,1.3003024057769301
gradientboosting,3,test,R0060,https://doi.org/10.1021/acsami.1c22643,1.0,1.017762248635351
gradientboosting,3,test,R0071,https://doi.org/10.1039/d2ta07061h,1.34,1.3966075847270687
gradientboosting,3,test,R0074,https://doi.org/10.1002/smll.202204836,1.25,1.2287894894873652
gradientboosting,3,test,R0075,https://doi.org/10.1002/smll.202204836,1.18,1.0820532851976126
gradientboosting,3,test,R0084,https://doi.org/10.1021/acsami.3c01599,1.17,1.2470025067481698
gradientboosting,3,test,R0091,https://doi.org/10.1039/d1qi01260f,1.23,1.1788059166351015
gradientboosting,3,test,R0095,https://doi.org/10.1002/smll.202206611,0.98,1.0181968758552409
gradientboosting,3,test,R0100,https://doi.org/10.1021/acscatal.2c02544,1.15,1.2470025067481698
gradientboosting,3,test,R0101,https://doi.org/10.1021/acscatal.2c02544,1.15,1.2470025067481698
gradientboosting,3,test,R0102,https://www.science.org/doi/10.1126/sciadv.abq6261,1.2,1.1553869885860164
gradientboosting,3,test,R0123,https://doi.org/10.1021/acs.nanolett.3c03025,1.1,1.1788059166351015
gradientboosting,3,test,R0124,https://doi.org/10.1021/acs.nanolett.3c03025,1.15,1.1788059166351015
gradientboosting,3,test,R0127,https://doi.org/10.1016/j.jechem.2026.01.056,1.25,1.17459283873079
gradientboosting,3,test,R0128,https://doi.org/10.1002/smll.202512953,1.25,1.3557796671055153
gradientboosting,3,test,R0129,https://doi.org/10.1002/smll.202512953,1.39,1.382020238623166
gradientboosting,3,test,R0130,https://doi.org/10.1002/smll.202512953,1.45,1.382020238623166
gradientboosting,3,test,R0149,https://doi.org/10.1002/anie.202509132,0.94,0.9316103861325068
gradientboosting,3,test,R0159,https://doi.org/10.1016/j.cej.2025.162420,0.86,0.985465010919394
gradientboosting,3,test,R0160,https://doi.org/10.1039/d5nr00300h,0.77,0.9316103861325068
gradientboosting,3,test,R0161,https://doi.org/10.1039/d5nr00300h,1.29,1.3529837464822128
gradientboosting,3,test,R0163,https://doi.org/10.1002/celc.202400626,1.4,1.3529837464822128
gradientboosting,3,test,R0177,https://doi.org/10.1002/cey2.587,1.35,1.3003024057769301
gradientboosting,3,test,R0178,https://doi.org/10.1002/cey2.550,1.25,1.2298746507353568
gradientboosting,3,test,R0180,https://doi.org/10.1016/j.est.2024.112780,1.3,1.306871102285021
gradientboosting,3,test,R0181,https://doi.org/10.1016/j.est.2024.112780,1.45,1.3988122410802635
gradientboosting,3,test,R0187,https://doi.org/10.1016/j.mtener.2024.101597,1.38,1.3988122410802635
gradientboosting,3,test,R0197,https://doi.org/10.1016/j.jallcom.2024.173877,1.11,1.1553869885860164
gradientboosting,4,train,R0001,https://doi.org/10.1016/j.electacta.2020.137645,1.3,1.3039819931045924
gradientboosting,4,train,R0002,https://doi.org/10.1016/j.electacta.2020.137645,1.5,1.3821704104616293
gradientboosting,4,train,R0004,https://doi.org/10.1016/j.ssi.2021.115773,1.1,1.1355538051472502
gradientboosting,4,train,R0005,https://doi.org/10.1016/j.ssi.2021.115773,1.4,1.3847557715250987
gradientboosting,4,train,R0006,https://doi.org/10.1016/j.jpowsour.2021.230374,1.24,1.2183274765158778
gradientboosting,4,train,R0007,https://doi.org/10.1016/j.jallcom.2019.152736,1.35,1.2487925415089016
gradientboosting,4,train,R0008,https://doi.org/10.1016/j.jallcom.2020.153803,1.25,1.228014709145072
gradientboosting,4,train,R0009,https://doi.org/10.1016/j.jallcom.2020.158269,1.0,1.0173017088121208
gradientboosting,4,train,R0010,https://doi.org/10.1016/j.cej.2020.124294,1.35,1.3751105471937541
gradientboosting,4,train,R0011,https://doi.org/10.1016/j.cej.2020.124294,1.4,1.3751105471937541
gradientboosting,4,train,R0012,https://doi.org/10.1016/j.cej.2021.128403,0.97,0.9035943853020079
gradientboosting,4,train,R0015,https://doi.org/10.1016/j.flatc.2020.100221,1.25,1.241664834127211
gradientboosting,4,train,R0016,https://doi.org/10.1016/j.jallcom.2020.157945,1.012,0.9035943853020079
gradientboosting,4,train,R0017,https://doi.org/10.1016/j.jallcom.2020.154054,0.82,0.9035943853020079
gradientboosting,4,train,R0018,https://doi.org/10.1016/j.jpowsour.2020.228362,1.35,1.3193116124870734
gradientboosting,4,train,R0019,https://doi.org/10.1016/j.jallcom.2020.157656,1.4,1.4172721381607736
gradientboosting,4,train,R0020,https://doi.org/10.1002/aenm.202100110,0.95,0.9888632071091513
gradientboosting,4,train,R0021,https://doi.org/10.1002/anie.202110116,1.4,1.3527421484914461
gradientboosting,4,train,R0022,https://doi.org/10.1002/anie.202110116,1.3,1.3527421484914461
gradientboosting,4,train,R0023,https://doi.org/10.1021/acs.jpcc.1c05456,1.15,1.1355538051472502
gradientboosting,4,train,R0024,https://doi.org/10.1021/acs.jpcc.1c05456,1.2,1.1355538051472502
gradientboosting,4,train,R0025,https://doi.org/10.1021/acs.jpcc.1c05456,1.15,1.1355538051472502
gradientboosting,4,train,R0026,https://doi.org/10.1039/d0cc05980c,1.2,1.1759291048300737
gradientboosting,4,train,R0027,https://doi.org/10.1039/d0nr00866d,1.5,1.471746838273204
gradientboosting,4,train,R0028,https://doi.org/10.1039/d0ta09195b,1.05,1.0481273400352966
gradientboosting,4,train,R0029,https://doi.org/10.1039/d1ta00538c,1.3,1.2364986385775154
gradientboosting,4,train,R0030,https://doi.org/10.1039/d1ta04830a,1.05,1.0610205909171437
gradientboosting,4,train,R0031,https://doi.org/10.1002/ente.201901257,1.15,1.1726780926093665
gradientboosting,4,train,R0032,https://doi.org/10.1002/ente.201901257,1.2,1.1726780926093665
gradientboosting,4,train,R0034,https://dx.doi.org/10.1021/acsnano.9b09646,1.45,1.4167178867967056
gradientboosting,4,train,R0035,https://dx.doi.org/10.1021/acsami.0c02087,1.15,1.1159009903793924
gradientboosting,4,train,R0036,https://doi.org/10.1002/er.7342,1.21,1.2183274765158778
gradientboosting,4,train,R0037,https://doi.org/10.1002/er.6806,1.0,1.0060700373086968
gradientboosting,4,train,R0038,https://doi.org/10.1021/acsami.1c08720,0.84,0.9342780165518974
gradientboosting,4,train,R0039,https://dx.doi.org/10.1021/acsami.9b21904,1.3,1.333807478123121
gradientboosting,4,train,R0040,https://doi.org/10.1007/s11581-021-04046-5,0.9,0.9035943853020079
gradientboosting,4,train,R0041,https://doi.org/10.1007/s40242-020-0077-3,1.15,1.2183274765158778
gradientboosting,4,train,R0044,https://dx.doi.org/10.1021/acscatal.0c02608,1.35,1.333807478123121
gradientboosting,4,train,R0045,https://doi.org/10.1021/acsaem.1c01572,1.1,1.0761691568987526
gradientboosting,4,train,R0046,https://doi.org/10.1021/acsaem.1c01572,1.3,1.3527421484914461
gradientboosting,4,train,R0048,https://doi.org/10.1002/aenm.202103910,1.0,1.011058875526181
gradientboosting,4,train,R0050,https://doi.org/10.1002/aenm.202203660,1.33,1.30904374452734
gradientboosting,4,train,R0051,https://doi.org/10.1016/j.ensm.2023.102874,1.21,1.2146329086317935
gradientboosting,4,train,R0052,https://doi.org/10.1016/j.ensm.2023.102989,1.1,1.1159009903793924
gradientboosting,4,train,R0053,https://doi.org/10.1016/j.ensm.2022.07.026,1.1,1.0872338203225222
gradientboosting,4,train,R0054,https://doi.org/10.1016/S1872‐2067(23)64409‐2,1.1,1.1159009903793924
gradientboosting,4,train,R0055,https://doi.org/10.1016/S1872‐2067(23)64409‐2,1.15,1.1159009903793924
gradientboosting,4,train,R0056,https://doi.org/10.1016/j.jallcom.2023.170130,1.29,1.2183274765158778
gradientboosting,4,train,R0057,https://doi.org/10.1002/smll.202205532,1.08,0.9888632071091513
gradientboosting,4,train,R0060,https://doi.org/10.1021/acsami.1c22643,1.0,1.0109020059430789
gradientboosting,4,train,R0061,https://doi.org/10.1016/j.jelechem.2022.116810,1.15,1.1759291048300737
gradientboosting,4,train,R0067,https://doi.org/10.3390/nano12142386,1.2,1.1785836656914617
gradientboosting,4,train,R0068,https://doi.org/10.1021/acsami.2c19975,1.03,1.0276617002251278
gradientboosting,4,train,R0069,https://doi.org/10.1021/acsami.2c19975,1.38,1.345580114364466
gradientboosting,4,train,R0070,https://doi.org/10.1016/j.cej.2022.136852,1.06,0.9035943853020079
gradientboosting,4,train,R0071,https://doi.org/10.1039/d2ta07061h,1.34,1.3847557715250987
gradientboosting,4,train,R0073,https://doi.org/10.1016/j.jelechem.2022.116356,1.3,1.30904374452734
gradientboosting,4,train,R0074,https://doi.org/10.1002/smll.202204836,1.25,1.2364986385775154
gradientboosting,4,train,R0075,https://doi.org/10.1002/smll.202204836,1.18,1.0818496226523404
gradientboosting,4,train,R0078,https://doi.org/10.1016/j.cej.2022.137684,1.29,1.345580114364466
gradientboosting,4,train,R0079,https://doi.org/10.1016/j.cej.2022.137684,1.41,1.3527421484914461
gradientboosting,4,train,R0080,https://doi.org/10.1016/j.est.2023.107329,1.01,1.0114535720952218
gradientboosting,4,train,R0084,https://doi.org/10.1021/acsami.3c01599,1.17,1.2183274765158778
gradientboosting,4,train,R0086,https://doi.org/10.1016/j.est.2023.109342,1.35,1.3929204168422433
gradientboosting,4,train,R0087,https://doi.org/10.1016/j.est.2023.109342,1.5,1.3929204168422433
gradientboosting,4,train,R0088,https://doi.org/10.1016/j.est.2023.109342,1.4,1.3929204168422433
gradientboosting,4,train,R0089,https://doi.org/10.1016/j.jcis.2022.12.148,1.28,1.30904374452734
gradientboosting,4,train,R0090,https://doi.org/10.1016/j.cej.2022.139524,1.22,1.1785836656914617
gradientboosting,4,train,R0091,https://doi.org/10.1039/d1qi01260f,1.23,1.1759291048300737
gradientboosting,4,train,R0092,https://doi.org/10.1016/j.carbon.2022.04.080,1.32,1.30904374452734
gradientboosting,4,train,R0093,https://doi.org/10.1016/j.jallcom.2022.163703,1.09,1.0744789210211299
gradientboosting,4,train,R0094,https://doi.org/10.1016/j.electacta.2022.140894,1.05,1.1355538051472502
gradientboosting,4,train,R0095,https://doi.org/10.1002/smll.202206611,0.98,1.0341651758092045
gradientboosting,4,train,R0099,https://doi.org/10.1021/acsami.2c19975,1.38,1.345580114364466
gradientboosting,4,train,R0100,https://doi.org/10.1021/acscatal.2c02544,1.15,1.2183274765158778
gradientboosting,4,train,R0101,https://doi.org/10.1021/acscatal.2c02544,1.15,1.2183274765158778
gradientboosting,4,train,R0102,https://www.science.org/doi/10.1126/sciadv.abq6261,1.2,1.1355538051472502
gradientboosting,4,train,R0108,https://doi.org/10.1016/j.cej.2022.138462,1.17,1.1785836656914617
gradientboosting,4,train,R0109,https://doi.org/10.1002/smll.202302598,1.25,1.2556389459129997
gradientboosting,4,train,R0111,https://doi.org/10.1016/j.apcatb.2022.122203,1.25,1.30904374452734
gradientboosting,4,train,R0112,https://doi.org/10.1021/acsnano.3c05782,1.12,1.129759889738041
gradientboosting,4,train,R0113,https://doi.org/10.1039/d2ta03604e,0.85,0.9035943853020079
gradientboosting,4,train,R0114,https://doi.org/10.1016/j.compositesb.2022.109727,1.1,1.1355538051472502
gradientboosting,4,train,R0115,https://doi.org/10.1016/j.ensm.2022.05.029,1.14,1.1785836656914617
gradientboosting,4,train,R0116,https://doi.org/10.1016/j.cej.2023.143351,1.23,1.2333407520545823
gradientboosting,4,train,R0117,https://doi.org/10.1002/adfm.202209876,1.18,1.2296825619025784
gradientboosting,4,train,R0119,https://doi.org/10.1021/acsaem.3c02592,0.98,1.0818496226523404
gradientboosting,4,train,R0120,https://doi.org/10.1002/aenm.202204057,1.3,1.3277915745116635
gradientboosting,4,train,R0121,https://doi.org/10.1002/aenm.202204057,1.4,1.4167178867967056
gradientboosting,4,train,R0122,https://doi.org/10.1002/aenm.202204057,1.5,1.4172721381607736
gradientboosting,4,train,R0123,https://doi.org/10.1021/acs.nanolett.3c03025,1.1,1.1759291048300737
gradientboosting,4,train,R0124,https://doi.org/10.1021/acs.nanolett.3c03025,1.15,1.1759291048300737
gradientboosting,4,train,R0125,https://sioc-journal.cn/Jwk_hxxb/EN/10.6023/A22050206,1.08,1.1159009903793924
gradientboosting,4,train,R0126,https://doi.org/10.1016/j.jcis.2026.140244,1.04,1.0109020059430789
gradientboosting,4,train,R0127,https://doi.org/10.1016/j.jechem.2026.01.056,1.25,1.237098236174664
gradientboosting,4,train,R0128,https://doi.org/10.1002/smll.202512953,1.25,1.3193116124870734
gradientboosting,4,train,R0129,https://doi.org/10.1002/smll.202512953,1.39,1.4001420699165374
gradientboosting,4,train,R0130,https://doi.org/10.1002/smll.202512953,1.45,1.4001420699165374
gradientboosting,4,train,R0131,https://doi.org/10.1002/advs.202522315,1.0,1.0341651758092045
gradientboosting,4,train,R0132,https://doi.org/10.1016/j.electacta.2025.147671,1.15,1.129759889738041
gradientboosting,4,train,R0133,https://doi.org/10.1021/acsaem.5c03033,1.25,1.277311957000634
gradientboosting,4,train,R0134,https://doi.org/10.1021/acsanm.5c04476,1.04,1.0818496226523404
gradientboosting,4,train,R0135,https://doi.org/10.1021/acsanm.5c04476,1.25,1.2556389459129997
gradientboosting,4,train,R0136,https://doi.org/10.1088/2631-6331/ae1925,1.3,1.3518798585885
gradientboosting,4,train,R0137,https://doi.org/10.1002/anie.202521423,1.2,1.2364986385775154
gradientboosting,4,train,R0138,https://doi.org/10.1080/1536383X.2025.2583369,1.3,1.262061717259058
gradientboosting,4,train,R0139,https://doi.org/10.1002/anie.202520097,1.2,1.1759291048300737
gradientboosting,4,train,R0140,https://doi.org/10.1016/j.jcis.2025.139355,0.8,0.9035943853020079
gradientboosting,4,train,R0141,https://doi.org/10.1016/j.jcis.2025.139355,0.83,0.9035943853020079
gradientboosting,4,train,R0142,https://doi.org/10.1021/acsnano.5c10218,0.96,0.9342780165518974
gradientboosting,4,train,R0143,https://doi.org/10.1021/acsnano.5c10218,1.18,1.1759291048300737
gradientboosting,4,train,R0144,https://doi.org/10.1002/aoc.70327,1.41,1.3518798585885
gradientboosting,4,train,R0146,https://doi.org/10.1016/j.electacta.2025.146925,1.1,1.1355538051472502
gradientboosting,4,train,R0147,https://doi.org/10.1016/j.jcis.2025.138454,0.89,0.9888632071091513
gradientboosting,4,train,R0148,https://doi.org/10.1038/s41598-025-11449-1,0.998,0.9342780165518974
gradientboosting,4,train,R0149,https://doi.org/10.1002/anie.202509132,0.94,0.9035943853020079
gradientboosting,4,train,R0151,https://doi.org/10.1021/acs.iecr.5c01518,1.18,1.1998005620014591
gradientboosting,4,train,R0152,https://doi.org/10.1021/acs.iecr.5c01518,1.25,1.2556389459129997
gradientboosting,4,train,R0153,https://doi.org/10.1016/j.carbon.2025.120482,1.25,1.2364986385775154
gradientboosting,4,train,R0154,https://doi.org/10.1093/nsr/nwaf145,1.24,1.1759291048300737
gradientboosting,4,train,R0155,https://doi.org/10.1016/j.jcis.2025.137782,1.36,1.3518798585885
gradientboosting,4,train,R0156,https://doi.org/10.1016/j.cej.2025.162908,1.3,1.3085701183452438
gradientboosting,4,train,R0157,https://doi.org/10.1016/j.cej.2025.162908,1.35,1.3277915745116635
gradientboosting,4,train,R0158,https://doi.org/10.1016/j.cej.2025.162908,1.3,1.3085701183452438
gradientboosting,4,train,R0159,https://doi.org/10.1016/j.cej.2025.162420,0.86,0.8884520668998643
gradientboosting,4,train,R0160,https://doi.org/10.1039/d5nr00300h,0.77,0.9035943853020079
gradientboosting,4,train,R0161,https://doi.org/10.1039/d5nr00300h,1.29,1.3518798585885
gradientboosting,4,train,R0163,https://doi.org/10.1002/celc.202400626,1.4,1.3518798585885
gradientboosting,4,train,R0167,https://doi.org/10.1002/anie.202418893,1.3,1.30904374452734
gradientboosting,4,train,R0168,https://doi.org/10.1016/j.electacta.2024.145384,1.01,0.9888632071091513
gradientboosting,4,train,R0169,https://doi.org/10.1007/s10008-024-06115-x,1.4,1.3821704104616293
gradientboosting,4,train,R0173,https://doi.org/10.1021/acs.energyfuels.4c04356,0.94,0.9342780165518974
gradientboosting,4,train,R0174,https://doi.org/10.1002/smll.202406525,1.25,1.2183274765158778
gradientboosting,4,train,R0175,https://doi.org/10.1016/j.jpowsour.2024.235394,0.95,0.9493070446481244
gradientboosting,4,train,R0176,https://doi.org/10.1016/j.jpowsour.2024.235394,1.0,1.0818496226523404
gradientboosting,4,train,R0177,https://doi.org/10.1002/cey2.587,1.35,1.30904374452734
gradientboosting,4,train,R0178,https://doi.org/10.1002/cey2.550,1.25,1.2517942783566993
gradientboosting,4,train,R0179,https://doi.org/10.1039/d4sc03242j,1.1,1.1355538051472502
gradientboosting,4,train,R0180,https://doi.org/10.1016/j.est.2024.112780,1.3,1.3045862339861016
gradientboosting,4,train,R0181,https://doi.org/10.1016/j.est.2024.112780,1.45,1.3929204168422433
gradientboosting,4,train,R0182,https://doi.org/10.1016/j.jcis.2024.06.137,1.25,1.245908413293925
gradientboosting,4,train,R0183,https://doi.org/10.1016/j.jcis.2024.06.137,1.4,1.4167178867967056
gradientboosting,4,train,R0184,https://doi.org/10.1016/j.jcis.2024.06.137,1.45,1.4167178867967056
gradientboosting,4,train,R0185,https://doi.org/10.1002/adma.202404319,1.2,1.1885764162118864
gradientboosting,4,train,R0186,https://doi.org/10.1002/adma.202405440,1.4,1.3821704104616293
gradientboosting,4,train,R0187,https://doi.org/10.1016/j.mtener.2024.101597,1.38,1.3929204168422433
gradientboosting,4,train,R0188,https://doi.org/10.1016/j.jcis.2024.05.144,1.2,1.2487925415089016
gradientboosting,4,train,R0189,https://doi.org/10.1016/j.ijoes.2024.100602,1.3,1.2364986385775154
gradientboosting,4,train,R0190,https://doi.org/10.1016/j.jechem.2024.01.076,1.3,1.2556389459129997
gradientboosting,4,train,R0191,https://doi.org/10.1016/j.jechem.2024.01.076,1.25,1.2556389459129997
gradientboosting,4,train,R0192,https://doi.org/10.1016/j.jechem.2024.01.076,1.25,1.2485825401816826
gradientboosting,4,train,R0193,https://doi.org/10.1002/aenm.202303766,0.95,0.9493070446481244
gradientboosting,4,train,R0194,https://doi.org/10.1002/smtd.202301728,1.22,1.2695151775438773
gradientboosting,4,train,R0195,https://doi.org/10.1002/smtd.202301728,1.32,1.2695151775438773
gradientboosting,4,train,R0197,https://doi.org/10.1016/j.jallcom.2024.173877,1.11,1.1355538051472502
gradientboosting,4,test,R0003,https://doi.org/10.1016/j.apcatb.2019.118283,1.27,1.3277915745116635
gradientboosting,4,test,R0013,http://dx.doi.org/10.1016/j.jelechem.2020.114124,1.25,1.3340927857312936
gradientboosting,4,test,R0014,https://doi.org/10.1016/j.jechem.2020.07.053,0.98,1.0341651758092045
gradientboosting,4,test,R0033,https://dx.doi.org/10.1021/acsaem.0c01691,1.35,1.333807478123121
gradientboosting,4,test,R0042,https://doi.org/10.1002/smll.202105752,1.4,1.4172721381607736
gradientboosting,4,test,R0043,https://doi.org/10.1002/smll.202105752,1.25,1.2556389459129997
gradientboosting,4,test,R0047,https://doi.org/10.1002/aenm.202200791,1.0,1.011058875526181
gradientboosting,4,test,R0049,https://doi.org/10.1016/j.apcatb.2022.121844,0.92,1.0096148977310966
gradientboosting,4,test,R0058,https://doi.org/10.1016/j.electacta.2023.142096,0.99,0.9393474472721252
gradientboosting,4,test,R0059,https://doi.org/10.1016/j.electacta.2022.140147,1.11,1.0818496226523404
gradientboosting,4,test,R0062,https://doi.org/10.1002/slct.202200870,1.04,0.9035943853020079
gradientboosting,4,test,R0063,https://doi.org/10.1002/slct.202200870,1.1,1.1017815503893476
gradientboosting,4,test,R0064,https://doi.org/10.1002/slct.202200870,1.11,1.0818496226523404
gradientboosting,4,test,R0065,https://doi.org/10.1016/j.cej.2023.146775,1.0,1.051483610184717
gradientboosting,4,test,R0066,https://www.pnas.org/lookup/suppl/doi:10.1073/pnas.2301439120/-/DCSupplemental.,1.11,1.0993812776979113
gradientboosting,4,test,R0072,https://doi.org/10.1016/j.ijhydene.2023.12.023,1.4,1.3929204168422433
gradientboosting,4,test,R0076,https://doi.org/10.1002/admi.202102110,0.98,0.9279657937234914
gradientboosting,4,test,R0077,https://doi.org/10.1002/admi.202102110,1.04,1.1017815503893476
gradientboosting,4,test,R0081,https://doi.org/10.1021/acs.jpcc.3c01042,1.2,1.1355538051472502
gradientboosting,4,test,R0082,https://doi.org/10.1021/acs.jpcc.3c01042,1.25,1.1355538051472502
gradientboosting,4,test,R0083,https://doi.org/10.1021/acs.jpcc.3c01042,1.25,1.1355538051472502
gradientboosting,4,test,R0085,https://doi.org/10.1021/jacs.2c11676,1.05,1.1017815503893476
gradientboosting,4,test,R0096,https://doi.org/10.1002/adsu.202300510,0.95,0.9692626498090419
gradientboosting,4,test,R0097,https://doi.org/10.1002/adsu.202300510,1.2,1.2183274765158778
gradientboosting,4,test,R0098,https://doi.org/10.1002/adsu.202300510,1.25,1.2183274765158778
gradientboosting,4,test,R0103,https://doi.org/10.1007/s12274-022-5330-2,1.2,1.1759291048300737
gradientboosting,4,test,R0104,https://doi.org/10.1007/s12274-022-5330-2,1.15,1.1159009903793924
gradientboosting,4,test,R0105,https://doi.org/10.1007/s12274-022-5330-2,1.1,1.1759291048300737
gradientboosting,4,test,R0106,https://doi.org/10.1007/s12274-022-5330-2,1.08,1.1159009903793924
gradientboosting,4,test,R0107,https://doi.org/10.1016/j.ensm.2023.102829,1.2,1.2482998104446483
gradientboosting,4,test,R0110,https://doi.org/10.1002/adma.202106436,1.2,1.2199944844654105
gradientboosting,4,test,R0118,https://doi.org/10.1002/smll.202106707,1.42,1.3847557715250987
gradientboosting,4,test,R0145,https://doi.org/10.1021/acs.langmuir.5c02644,1.1,1.0481273400352966
gradientboosting,4,test,R0150,https://doi.org/10.1016/j.jpowsour.2025.237653,1.15,1.0818496226523404
gradientboosting,4,test,R0162,https://doi.org/10.1021/jacs.4c15230,1.1,1.1355538051472502
gradientboosting,4,test,R0164,https://doi.org/10.1016/j.esci.2024.100310,1.08,1.1017815503893476
gradientboosting,4,test,R0165,https://doi.org/10.1016/j.esci.2024.100310,1.1,1.1017815503893476
gradientboosting,4,test,R0166,https://doi.org/10.1002/smll.202406516,1.2,1.1355538051472502
gradientboosting,4,test,R0170,https://doi.org/10.1002/aenm.202402925,1.4,1.4001420699165374
gradientboosting,4,test,R0171,https://doi.org/10.1002/aenm.202402925,1.28,1.3527421484914461
gradientboosting,4,test,R0172,https://doi.org/10.1002/aenm.202402925,1.3,1.3527421484914461
gradientboosting,4,test,R0196,https://doi.org/10.1016/j.mtcomm.2024.108243,0.84,0.9035943853020079
gradientboosting,4,test,R0198,https://doi.org/10.1016/j.jpowsour.2024.234130,1.05,1.187424740794638
gradientboosting,4,test,R0199,https://doi.org/10.1016/j.jpowsour.2024.234130,1.17,1.2364986385775154
gradientboosting,4,test,R0200,https://doi.org/10.1021/jacs.3c12734,1.12,1.0298029468264047
lasso,0,train,R0001,https://doi.org/10.1016/j.electacta.2020.137645,1.3,1.2755604769077318
lasso,0,train,R0002,https://doi.org/10.1016/j.electacta.2020.137645,1.5,1.3296204808831795
lasso,0,train,R0003,https://doi.org/10.1016/j.apcatb.2019.118283,1.27,1.220919750799153
lasso,0,train,R0004,https://doi.org/10.1016/j.ssi.2021.115773,1.1,1.1759736347350194
lasso,0,train,R0005,https://doi.org/10.1016/j.ssi.2021.115773,1.4,1.3746869946192768
lasso,0,train,R0006,https://doi.org/10.1016/j.jpowsour.2021.230374,1.24,1.2252719042828026
lasso,0,train,R0007,https://doi.org/10.1016/j.jallcom.2019.152736,1.35,1.1713887193808052
lasso,0,train,R0008,https://doi.org/10.1016/j.jallcom.2020.153803,1.25,1.1412894177016524
lasso,0,train,R0009,https://doi.org/10.1016/j.jallcom.2020.158269,1.0,0.9907543299763019
lasso,0,train,R0012,https://doi.org/10.1016/j.cej.2021.128403,0.97,1.0240294644483283
lasso,0,train,R0013,http://dx.doi.org/10.1016/j.jelechem.2020.114124,1.25,1.2643452945430047
lasso,0,train,R0014,https://doi.org/10.1016/j.jechem.2020.07.053,0.98,1.1520733572262156
lasso,0,train,R0016,https://doi.org/10.1016/j.jallcom.2020.157945,1.012,1.0240294644483283
lasso,0,train,R0017,https://doi.org/10.1016/j.jallcom.2020.154054,0.82,1.0240294644483283
lasso,0,train,R0018,https://doi.org/10.1016/j.jpowsour.2020.228362,1.35,1.2930404258889316
lasso,0,train,R0019,https://doi.org/10.1016/j.jallcom.2020.157656,1.4,1.341235846836559
lasso,0,train,R0020,https://doi.org/10.1002/aenm.202100110,0.95,1.0476482178997233
lasso,0,train,R0021,https://doi.org/10.1002/anie.202110116,1.4,1.2766134342281972
lasso,0,train,R0022,https://doi.org/10.1002/anie.202110116,1.3,1.2766134342281972
lasso,0,train,R0023,https://doi.org/10.1021/acs.jpcc.1c05456,1.15,1.1759736347350194
lasso,0,train,R0024,https://doi.org/10.1021/acs.jpcc.1c05456,1.2,1.1759736347350194
lasso,0,train,R0025,https://doi.org/10.1021/acs.jpcc.1c05456,1.15,1.1759736347350194
lasso,0,train,R0026,https://doi.org/10.1039/d0cc05980c,1.2,1.1443455604857344
lasso,0,train,R0027,https://doi.org/10.1039/d0nr00866d,1.5,1.3739041409484123
lasso,0,train,R0031,https://doi.org/10.1002/ente.201901257,1.15,1.1904013530658373
lasso,0,train,R0032,https://doi.org/10.1002/ente.201901257,1.2,1.1904013530658373
lasso,0,train,R0033,https://dx.doi.org/10.1021/acsaem.0c01691,1.35,1.3123986990362762
lasso,0,train,R0036,https://doi.org/10.1002/er.7342,1.21,1.2252719042828026
lasso,0,train,R0037,https://doi.org/10.1002/er.6806,1.0,1.0338025865149156
lasso,0,train,R0038,https://doi.org/10.1021/acsami.1c08720,0.84,0.9943354342462957
lasso,0,train,R0039,https://dx.doi.org/10.1021/acsami.9b21904,1.3,1.3123986990362762
lasso,0,train,R0040,https://doi.org/10.1007/s11581-021-04046-5,0.9,1.0240294644483283
lasso,0,train,R0041,https://doi.org/10.1007/s40242-020-0077-3,1.15,1.2252719042828026
lasso,0,train,R0042,https://doi.org/10.1002/smll.202105752,1.4,1.341235846836559
lasso,0,train,R0043,https://doi.org/10.1002/smll.202105752,1.25,1.3205447894069318
lasso,0,train,R0044,https://dx.doi.org/10.1021/acscatal.0c02608,1.35,1.3123986990362762
lasso,0,train,R0045,https://doi.org/10.1021/acsaem.1c01572,1.1,1.0156952676546034
lasso,0,train,R0046,https://doi.org/10.1021/acsaem.1c01572,1.3,1.2766134342281972
lasso,0,train,R0047,https://doi.org/10.1002/aenm.202200791,1.0,0.9737823307260909
lasso,0,train,R0049,https://doi.org/10.1016/j.apcatb.2022.121844,0.92,0.9894097447815539
lasso,0,train,R0050,https://doi.org/10.1002/aenm.202203660,1.33,1.315340050975359
lasso,0,train,R0053,https://doi.org/10.1016/j.ensm.2022.07.026,1.1,1.1018304169194706
lasso,0,train,R0054,https://doi.org/10.1016/S1872‐2067(23)64409‐2,1.1,1.0810347955940616
lasso,0,train,R0055,https://doi.org/10.1016/S1872‐2067(23)64409‐2,1.15,1.0810347955940616
lasso,0,train,R0056,https://doi.org/10.1016/j.jallcom.2023.170130,1.29,1.2252719042828026
lasso,0,train,R0057,https://doi.org/10.1002/smll.202205532,1.08,1.0476482178997233
lasso,0,train,R0058,https://doi.org/10.1016/j.electacta.2023.142096,0.99,1.0129245406588798
lasso,0,train,R0059,https://doi.org/10.1016/j.electacta.2022.140147,1.11,1.1313550811873443
lasso,0,train,R0060,https://doi.org/10.1021/acsami.1c22643,1.0,1.0346577386013331
lasso,0,train,R0062,https://doi.org/10.1002/slct.202200870,1.04,1.0240294644483283
lasso,0,train,R0063,https://doi.org/10.1002/slct.202200870,1.1,1.165268914236101
lasso,0,train,R0064,https://doi.org/10.1002/slct.202200870,1.11,1.1313550811873443
lasso,0,train,R0065,https://doi.org/10.1016/j.cej.2023.146775,1.0,1.1260942828622809
lasso,0,train,R0066,https://www.pnas.org/lookup/suppl/doi:10.1073/pnas.2301439120/-/DCSupplemental.,1.11,1.0765967235259792
lasso,0,train,R0070,https://doi.org/10.1016/j.cej.2022.136852,1.06,1.0240294644483283
lasso,0,train,R0071,https://doi.org/10.1039/d2ta07061h,1.34,1.3746869946192768
lasso,0,train,R0072,https://doi.org/10.1016/j.ijhydene.2023.12.023,1.4,1.3380320165254804
lasso,0,train,R0073,https://doi.org/10.1016/j.jelechem.2022.116356,1.3,1.315340050975359
lasso,0,train,R0074,https://doi.org/10.1002/smll.202204836,1.25,1.1629831554366292
lasso,0,train,R0075,https://doi.org/10.1002/smll.202204836,1.18,1.1313550811873443
lasso,0,train,R0076,https://doi.org/10.1002/admi.202102110,0.98,1.0110389851499382
lasso,0,train,R0077,https://doi.org/10.1002/admi.202102110,1.04,1.165268914236101
lasso,0,train,R0078,https://doi.org/10.1016/j.cej.2022.137684,1.29,1.3300969607884774
lasso,0,train,R0079,https://doi.org/10.1016/j.cej.2022.137684,1.41,1.2766134342281972
lasso,0,train,R0080,https://doi.org/10.1016/j.est.2023.107329,1.01,1.067287132936231
lasso,0,train,R0081,https://doi.org/10.1021/acs.jpcc.3c01042,1.2,1.1759736347350194
lasso,0,train,R0082,https://doi.org/10.1021/acs.jpcc.3c01042,1.25,1.1759736347350194
lasso,0,train,R0083,https://doi.org/10.1021/acs.jpcc.3c01042,1.25,1.1759736347350194
lasso,0,train,R0084,https://doi.org/10.1021/acsami.3c01599,1.17,1.2252719042828026
lasso,0,train,R0085,https://doi.org/10.1021/jacs.2c11676,1.05,1.165268914236101
lasso,0,train,R0086,https://doi.org/10.1016/j.est.2023.109342,1.35,1.3380320165254804
lasso,0,train,R0087,https://doi.org/10.1016/j.est.2023.109342,1.5,1.3380320165254804
lasso,0,train,R0088,https://doi.org/10.1016/j.est.2023.109342,1.4,1.3380320165254804
lasso,0,train,R0089,https://doi.org/10.1016/j.jcis.2022.12.148,1.28,1.315340050975359
lasso,0,train,R0090,https://doi.org/10.1016/j.cej.2022.139524,1.22,1.1769694429250606
lasso,0,train,R0091,https://doi.org/10.1039/d1qi01260f,1.23,1.1443455604857344
lasso,0,train,R0093,https://doi.org/10.1016/j.jallcom.2022.163703,1.09,0.9653461525917578
lasso,0,train,R0094,https://doi.org/10.1016/j.electacta.2022.140894,1.05,1.1759736347350194
lasso,0,train,R0095,https://doi.org/10.1002/smll.202206611,0.98,1.1520733572262156
lasso,0,train,R0096,https://doi.org/10.1002/adsu.202300510,0.95,1.059492552994014
lasso,0,train,R0097,https://doi.org/10.1002/adsu.202300510,1.2,1.2252719042828026
lasso,0,train,R0098,https://doi.org/10.1002/adsu.202300510,1.25,1.2252719042828026
lasso,0,train,R0099,https://doi.org/10.1021/acsami.2c19975,1.38,1.3300969607884774
lasso,0,train,R0100,https://doi.org/10.1021/acscatal.2c02544,1.15,1.2252719042828026
lasso,0,train,R0101,https://doi.org/10.1021/acscatal.2c02544,1.15,1.2252719042828026
lasso,0,train,R0102,https://www.science.org/doi/10.1126/sciadv.abq6261,1.2,1.1759736347350194
lasso,0,train,R0103,https://doi.org/10.1007/s12274-022-5330-2,1.2,1.1443455604857344
lasso,0,train,R0104,https://doi.org/10.1007/s12274-022-5330-2,1.15,1.0810347955940616
lasso,0,train,R0105,https://doi.org/10.1007/s12274-022-5330-2,1.1,1.1443455604857344
lasso,0,train,R0106,https://doi.org/10.1007/s12274-022-5330-2,1.08,1.0810347955940616
lasso,0,train,R0107,https://doi.org/10.1016/j.ensm.2023.102829,1.2,1.1792096200426083
lasso,0,train,R0108,https://doi.org/10.1016/j.cej.2022.138462,1.17,1.1769694429250606
lasso,0,train,R0110,https://doi.org/10.1002/adma.202106436,1.2,1.1377272521796038
lasso,0,train,R0111,https://doi.org/10.1016/j.apcatb.2022.122203,1.25,1.315340050975359
lasso,0,train,R0112,https://doi.org/10.1021/acsnano.3c05782,1.12,1.0666277428487885
lasso,0,train,R0113,https://doi.org/10.1039/d2ta03604e,0.85,1.0240294644483283
lasso,0,train,R0114,https://doi.org/10.1016/j.compositesb.2022.109727,1.1,1.1759736347350194
lasso,0,train,R0115,https://doi.org/10.1016/j.ensm.2022.05.029,1.14,1.1769694429250606
lasso,0,train,R0116,https://doi.org/10.1016/j.cej.2023.143351,1.23,1.2588051743850528
lasso,0,train,R0117,https://doi.org/10.1002/adfm.202209876,1.18,1.3148255554074637
lasso,0,train,R0118,https://doi.org/10.1002/smll.202106707,1.42,1.3746869946192768
lasso,0,train,R0119,https://doi.org/10.1021/acsaem.3c02592,0.98,1.1313550811873443
lasso,0,train,R0120,https://doi.org/10.1002/aenm.202204057,1.3,1.220919750799153
lasso,0,train,R0121,https://doi.org/10.1002/aenm.202204057,1.4,1.3766331230861606
lasso,0,train,R0122,https://doi.org/10.1002/aenm.202204057,1.5,1.341235846836559
lasso,0,train,R0123,https://doi.org/10.1021/acs.nanolett.3c03025,1.1,1.1443455604857344
lasso,0,train,R0124,https://doi.org/10.1021/acs.nanolett.3c03025,1.15,1.1443455604857344
lasso,0,train,R0125,https://sioc-journal.cn/Jwk_hxxb/EN/10.6023/A22050206,1.08,1.0810347955940616
lasso,0,train,R0126,https://doi.org/10.1016/j.jcis.2026.140244,1.04,1.0346577386013331
lasso,0,train,R0127,https://doi.org/10.1016/j.jechem.2026.01.056,1.25,1.1785696305928417
lasso,0,train,R0128,https://doi.org/10.1002/smll.202512953,1.25,1.2930404258889316
lasso,0,train,R0129,https://doi.org/10.1002/smll.202512953,1.39,1.3130803314740287
lasso,0,train,R0130,https://doi.org/10.1002/smll.202512953,1.45,1.3130803314740287
lasso,0,train,R0131,https://doi.org/10.1002/advs.202522315,1.0,1.1520733572262156
lasso,0,train,R0132,https://doi.org/10.1016/j.electacta.2025.147671,1.15,1.0666277428487885
lasso,0,train,R0133,https://doi.org/10.1021/acsaem.5c03033,1.25,1.2563241696263798
lasso,0,train,R0136,https://doi.org/10.1088/2631-6331/ae1925,1.3,1.3020736230839085
lasso,0,train,R0137,https://doi.org/10.1002/anie.202521423,1.2,1.1629831554366292
lasso,0,train,R0138,https://doi.org/10.1080/1536383X.2025.2583369,1.3,1.2240151403373243
lasso,0,train,R0139,https://doi.org/10.1002/anie.202520097,1.2,1.1443455604857344
lasso,0,train,R0144,https://doi.org/10.1002/aoc.70327,1.41,1.3020736230839085
lasso,0,train,R0145,https://doi.org/10.1021/acs.langmuir.5c02644,1.1,1.0358135259067114
lasso,0,train,R0147,https://doi.org/10.1016/j.jcis.2025.138454,0.89,1.0476482178997233
lasso,0,train,R0149,https://doi.org/10.1002/anie.202509132,0.94,1.0240294644483283
lasso,0,train,R0150,https://doi.org/10.1016/j.jpowsour.2025.237653,1.15,1.1313550811873443
lasso,0,train,R0153,https://doi.org/10.1016/j.carbon.2025.120482,1.25,1.1629831554366292
lasso,0,train,R0154,https://doi.org/10.1093/nsr/nwaf145,1.24,1.1443455604857344
lasso,0,train,R0159,https://doi.org/10.1016/j.cej.2025.162420,0.86,1.0091049833544117
lasso,0,train,R0160,https://doi.org/10.1039/d5nr00300h,0.77,1.0240294644483283
lasso,0,train,R0161,https://doi.org/10.1039/d5nr00300h,1.29,1.3020736230839085
lasso,0,train,R0162,https://doi.org/10.1021/jacs.4c15230,1.1,1.1759736347350194
lasso,0,train,R0163,https://doi.org/10.1002/celc.202400626,1.4,1.3020736230839085
lasso,0,train,R0164,https://doi.org/10.1016/j.esci.2024.100310,1.08,1.165268914236101
lasso,0,train,R0165,https://doi.org/10.1016/j.esci.2024.100310,1.1,1.165268914236101
lasso,0,train,R0166,https://doi.org/10.1002/smll.202406516,1.2,1.1759736347350194
lasso,0,train,R0170,https://doi.org/10.1002/aenm.202402925,1.4,1.3130803314740287
lasso,0,train,R0171,https://doi.org/10.1002/aenm.202402925,1.28,1.2766134342281972
lasso,0,train,R0172,https://doi.org/10.1002/aenm.202402925,1.3,1.2766134342281972
lasso,0,train,R0174,https://doi.org/10.1002/smll.202406525,1.25,1.2252719042828026
lasso,0,train,R0175,https://doi.org/10.1016/j.jpowsour.2024.235394,0.95,0.9813449549479055
lasso,0,train,R0176,https://doi.org/10.1016/j.jpowsour.2024.235394,1.0,1.1313550811873443
lasso,0,train,R0177,https://doi.org/10.1002/cey2.587,1.35,1.315340050975359
lasso,0,train,R0178,https://doi.org/10.1002/cey2.550,1.25,1.159245678487363
lasso,0,train,R0180,https://doi.org/10.1016/j.est.2024.112780,1.3,1.2787523472882778
lasso,0,train,R0181,https://doi.org/10.1016/j.est.2024.112780,1.45,1.3380320165254804
lasso,0,train,R0182,https://doi.org/10.1016/j.jcis.2024.06.137,1.25,1.228710357638814
lasso,0,train,R0183,https://doi.org/10.1016/j.jcis.2024.06.137,1.4,1.3766331230861606
lasso,0,train,R0184,https://doi.org/10.1016/j.jcis.2024.06.137,1.45,1.3766331230861606
lasso,0,train,R0185,https://doi.org/10.1002/adma.202404319,1.2,1.0449891453022302
lasso,0,train,R0187,https://doi.org/10.1016/j.mtener.2024.101597,1.38,1.3380320165254804
lasso,0,train,R0189,https://doi.org/10.1016/j.ijoes.2024.100602,1.3,1.1629831554366292
lasso,0,train,R0190,https://doi.org/10.1016/j.jechem.2024.01.076,1.3,1.3205447894069318
lasso,0,train,R0191,https://doi.org/10.1016/j.jechem.2024.01.076,1.25,1.3205447894069318
lasso,0,train,R0192,https://doi.org/10.1016/j.jechem.2024.01.076,1.25,1.3303944932812937
lasso,0,train,R0193,https://doi.org/10.1002/aenm.202303766,0.95,0.9813449549479055
lasso,0,train,R0196,https://doi.org/10.1016/j.mtcomm.2024.108243,0.84,1.0240294644483283
lasso,0,train,R0197,https://doi.org/10.1016/j.jallcom.2024.173877,1.11,1.1759736347350194
lasso,0,train,R0198,https://doi.org/10.1016/j.jpowsour.2024.234130,1.05,1.0810656622486308
lasso,0,train,R0199,https://doi.org/10.1016/j.jpowsour.2024.234130,1.17,1.1629831554366292
lasso,0,train,R0200,https://doi.org/10.1021/jacs.3c12734,1.12,1.1270903026613892
lasso,0,test,R0010,https://doi.org/10.1016/j.cej.2020.124294,1.35,1.5192758412684553
lasso,0,test,R0011,https://doi.org/10.1016/j.cej.2020.124294,1.4,1.5192758412684553
lasso,0,test,R0015,https://doi.org/10.1016/j.flatc.2020.100221,1.25,1.2609423705054665
lasso,0,test,R0028,https://doi.org/10.1039/d0ta09195b,1.05,1.0358135259067114
lasso,0,test,R0029,https://doi.org/10.1039/d1ta00538c,1.3,1.1629831554366292
lasso,0,test,R0030,https://doi.org/10.1039/d1ta04830a,1.05,1.0806825987909632
lasso,0,test,R0034,https://dx.doi.org/10.1021/acsnano.9b09646,1.45,1.3766331230861606
lasso,0,test,R0035,https://dx.doi.org/10.1021/acsami.0c02087,1.15,1.0810347955940616
lasso,0,test,R0048,https://doi.org/10.1002/aenm.202103910,1.0,0.9737823307260909
lasso,0,test,R0051,https://doi.org/10.1016/j.ensm.2023.102874,1.21,1.0662858128506183
lasso,0,test,R0052,https://doi.org/10.1016/j.ensm.2023.102989,1.1,1.0810347955940616
lasso,0,test,R0061,https://doi.org/10.1016/j.jelechem.2022.116810,1.15,1.1443455604857344
lasso,0,test,R0067,https://doi.org/10.3390/nano12142386,1.2,1.1769694429250606
lasso,0,test,R0068,https://doi.org/10.1021/acsami.2c19975,1.03,1.0044157894160963
lasso,0,test,R0069,https://doi.org/10.1021/acsami.2c19975,1.38,1.3300969607884774
lasso,0,test,R0092,https://doi.org/10.1016/j.carbon.2022.04.080,1.32,1.315340050975359
lasso,0,test,R0109,https://doi.org/10.1002/smll.202302598,1.25,1.3205447894069318
lasso,0,test,R0134,https://doi.org/10.1021/acsanm.5c04476,1.04,1.1313550811873443
lasso,0,test,R0135,https://doi.org/10.1021/acsanm.5c04476,1.25,1.3205447894069318
lasso,0,test,R0140,https://doi.org/10.1016/j.jcis.2025.139355,0.8,1.0240294644483283
lasso,0,test,R0141,https://doi.org/10.1016/j.jcis.2025.139355,0.83,1.0240294644483283
lasso,0,test,R0142,https://doi.org/10.1021/acsnano.5c10218,0.96,0.9943354342462957
lasso,0,test,R0143,https://doi.org/10.1021/acsnano.5c10218,1.18,1.1443455604857344
lasso,0,test,R0146,https://doi.org/10.1016/j.electacta.2025.146925,1.1,1.1759736347350194
lasso,0,test,R0148,https://doi.org/10.1038/s41598-025-11449-1,0.998,0.9943354342462957
lasso,0,test,R0151,https://doi.org/10.1021/acs.iecr.5c01518,1.18,1.2511361618014432
lasso,0,test,R0152,https://doi.org/10.1021/acs.iecr.5c01518,1.25,1.3205447894069318
lasso,0,test,R0155,https://doi.org/10.1016/j.jcis.2025.137782,1.36,1.3020736230839085
lasso,0,test,R0156,https://doi.org/10.1016/j.cej.2025.162908,1.3,1.2177159204880745
lasso,0,test,R0157,https://doi.org/10.1016/j.cej.2025.162908,1.35,1.220919750799153
lasso,0,test,R0158,https://doi.org/10.1016/j.cej.2025.162908,1.3,1.2177159204880745
lasso,0,test,R0167,https://doi.org/10.1002/anie.202418893,1.3,1.315340050975359
lasso,0,test,R0168,https://doi.org/10.1016/j.electacta.2024.145384,1.01,1.0476482178997233
lasso,0,test,R0169,https://doi.org/10.1007/s10008-024-06115-x,1.4,1.3296204808831795
lasso,0,test,R0173,https://doi.org/10.1021/acs.energyfuels.4c04356,0.94,0.9943354342462957
lasso,0,test,R0179,https://doi.org/10.1039/d4sc03242j,1.1,1.1759736347350194
lasso,0,test,R0186,https://doi.org/10.1002/adma.202405440,1.4,1.3296204808831795
lasso,0,test,R0188,https://doi.org/10.1016/j.jcis.2024.05.144,1.2,1.1713887193808052
lasso,0,test,R0194,https://doi.org/10.1002/smtd.202301728,1.22,1.1321807085692068
lasso,0,test,R0195,https://doi.org/10.1002/smtd.202301728,1.32,1.1321807085692068
lasso,1,train,R0001,https://doi.org/10.1016/j.electacta.2020.137645,1.3,1.2746476134062203
lasso,1,train,R0002,https://doi.org/10.1016/j.electacta.2020.137645,1.5,1.3201841004771917
lasso,1,train,R0003,https://doi.org/10.1016/j.apcatb.2019.118283,1.27,1.2231990843844387
lasso,1,train,R0004,https://doi.org/10.1016/j.ssi.2021.115773,1.1,1.1811865375902553
lasso,1,train,R0005,https://doi.org/10.1016/j.ssi.2021.115773,1.4,1.3675100032728653
lasso,1,train,R0006,https://doi.org/10.1016/j.jpowsour.2021.230374,1.24,1.2308821015849198
lasso,1,train,R0007,https://doi.org/10.1016/j.jallcom.2019.152736,1.35,1.1768412584015595
lasso,1,train,R0008,https://doi.org/10.1016/j.jallcom.2020.153803,1.25,1.161750670222447
lasso,1,train,R0010,https://doi.org/10.1016/j.cej.2020.124294,1.35,1.502510353120847
lasso,1,train,R0011,https://doi.org/10.1016/j.cej.2020.124294,1.4,1.502510353120847
lasso,1,train,R0013,http://dx.doi.org/10.1016/j.jelechem.2020.114124,1.25,1.2683055135825345
lasso,1,train,R0014,https://doi.org/10.1016/j.jechem.2020.07.053,0.98,1.1400801473969635
lasso,1,train,R0015,https://doi.org/10.1016/j.flatc.2020.100221,1.25,1.2359868877017812
lasso,1,train,R0017,https://doi.org/10.1016/j.jallcom.2020.154054,0.82,1.0327624773742363
lasso,1,train,R0018,https://doi.org/10.1016/j.jpowsour.2020.228362,1.35,1.31679136938644
lasso,1,train,R0019,https://doi.org/10.1016/j.jallcom.2020.157656,1.4,1.3137977201193924
lasso,1,train,R0020,https://doi.org/10.1002/aenm.202100110,0.95,1.0365571846301507
lasso,1,train,R0021,https://doi.org/10.1002/anie.202110116,1.4,1.275616932566352
lasso,1,train,R0022,https://doi.org/10.1002/anie.202110116,1.3,1.275616932566352
lasso,1,train,R0027,https://doi.org/10.1039/d0nr00866d,1.5,1.3743037913947906
lasso,1,train,R0028,https://doi.org/10.1039/d0ta09195b,1.05,1.0332368157812257
lasso,1,train,R0029,https://doi.org/10.1039/d1ta00538c,1.3,1.1698426223301182
lasso,1,train,R0030,https://doi.org/10.1039/d1ta04830a,1.05,1.0883232589402454
lasso,1,train,R0033,https://dx.doi.org/10.1021/acsaem.0c01691,1.35,1.3192308240509563
lasso,1,train,R0034,https://dx.doi.org/10.1021/acsnano.9b09646,1.45,1.3682000283879034
lasso,1,train,R0035,https://dx.doi.org/10.1021/acsami.0c02087,1.15,1.081613306850883
lasso,1,train,R0036,https://doi.org/10.1002/er.7342,1.21,1.2308821015849198
lasso,1,train,R0037,https://doi.org/10.1002/er.6806,1.0,1.033890405140732
lasso,1,train,R0038,https://doi.org/10.1021/acsami.1c08720,0.84,0.9953665307540737
lasso,1,train,R0041,https://doi.org/10.1007/s40242-020-0077-3,1.15,1.2308821015849198
lasso,1,train,R0042,https://doi.org/10.1002/smll.202105752,1.4,1.3137977201193924
lasso,1,train,R0043,https://doi.org/10.1002/smll.202105752,1.25,1.2960115274783903
lasso,1,train,R0044,https://dx.doi.org/10.1021/acscatal.0c02608,1.35,1.3192308240509563
lasso,1,train,R0045,https://doi.org/10.1021/acsaem.1c01572,1.1,1.0149168688611605
lasso,1,train,R0046,https://doi.org/10.1021/acsaem.1c01572,1.3,1.275616932566352
lasso,1,train,R0047,https://doi.org/10.1002/aenm.202200791,1.0,0.9931953438766473
lasso,1,train,R0048,https://doi.org/10.1002/aenm.202103910,1.0,0.9931953438766473
lasso,1,train,R0049,https://doi.org/10.1016/j.apcatb.2022.121844,0.92,1.0024092191435368
lasso,1,train,R0050,https://doi.org/10.1002/aenm.202203660,1.33,1.3070303488142476
lasso,1,train,R0051,https://doi.org/10.1016/j.ensm.2023.102874,1.21,1.0830386938510788
lasso,1,train,R0052,https://doi.org/10.1016/j.ensm.2023.102989,1.1,1.081613306850883
lasso,1,train,R0053,https://doi.org/10.1016/j.ensm.2022.07.026,1.1,1.10918038831309
lasso,1,train,R0057,https://doi.org/10.1002/smll.202205532,1.08,1.0365571846301507
lasso,1,train,R0058,https://doi.org/10.1016/j.electacta.2023.142096,0.99,1.009560101939367
lasso,1,train,R0059,https://doi.org/10.1016/j.electacta.2022.140147,1.11,1.112017197849053
lasso,1,train,R0060,https://doi.org/10.1021/acsami.1c22643,1.0,1.0252132693700136
lasso,1,train,R0061,https://doi.org/10.1016/j.jelechem.2022.116810,1.15,1.12336111310919
lasso,1,train,R0062,https://doi.org/10.1002/slct.202200870,1.04,1.0327624773742363
lasso,1,train,R0063,https://doi.org/10.1002/slct.202200870,1.1,1.1643381942543358
lasso,1,train,R0064,https://doi.org/10.1002/slct.202200870,1.11,1.112017197849053
lasso,1,train,R0065,https://doi.org/10.1016/j.cej.2023.146775,1.0,1.1256981221920999
lasso,1,train,R0066,https://www.pnas.org/lookup/suppl/doi:10.1073/pnas.2301439120/-/DCSupplemental.,1.11,1.1112526149524216
lasso,1,train,R0067,https://doi.org/10.3390/nano12142386,1.2,1.173872273111666
lasso,1,train,R0068,https://doi.org/10.1021/acsami.2c19975,1.03,1.008272382854583
lasso,1,train,R0069,https://doi.org/10.1021/acsami.2c19975,1.38,1.3266506858874936
lasso,1,train,R0070,https://doi.org/10.1016/j.cej.2022.136852,1.06,1.0327624773742363
lasso,1,train,R0071,https://doi.org/10.1039/d2ta07061h,1.34,1.3675100032728653
lasso,1,train,R0072,https://doi.org/10.1016/j.ijhydene.2023.12.023,1.4,1.3113431045116173
lasso,1,train,R0073,https://doi.org/10.1016/j.jelechem.2022.116356,1.3,1.3070303488142476
lasso,1,train,R0074,https://doi.org/10.1002/smll.202204836,1.25,1.1698426223301182
lasso,1,train,R0075,https://doi.org/10.1002/smll.202204836,1.18,1.112017197849053
lasso,1,train,R0076,https://doi.org/10.1002/admi.202102110,0.98,1.0214185621140992
lasso,1,train,R0077,https://doi.org/10.1002/admi.202102110,1.04,1.1643381942543358
lasso,1,train,R0078,https://doi.org/10.1016/j.cej.2022.137684,1.29,1.3266506858874936
lasso,1,train,R0079,https://doi.org/10.1016/j.cej.2022.137684,1.41,1.275616932566352
lasso,1,train,R0081,https://doi.org/10.1021/acs.jpcc.3c01042,1.2,1.1811865375902553
lasso,1,train,R0082,https://doi.org/10.1021/acs.jpcc.3c01042,1.25,1.1811865375902553
lasso,1,train,R0083,https://doi.org/10.1021/acs.jpcc.3c01042,1.25,1.1811865375902553
lasso,1,train,R0084,https://doi.org/10.1021/acsami.3c01599,1.17,1.2308821015849198
lasso,1,train,R0085,https://doi.org/10.1021/jacs.2c11676,1.05,1.1643381942543358
lasso,1,train,R0091,https://doi.org/10.1039/d1qi01260f,1.23,1.12336111310919
lasso,1,train,R0092,https://doi.org/10.1016/j.carbon.2022.04.080,1.32,1.3070303488142476
lasso,1,train,R0093,https://doi.org/10.1016/j.jallcom.2022.163703,1.09,0.9965834753551422
lasso,1,train,R0095,https://doi.org/10.1002/smll.202206611,0.98,1.1400801473969635
lasso,1,train,R0096,https://doi.org/10.1002/adsu.202300510,0.95,1.0498386600258507
lasso,1,train,R0097,https://doi.org/10.1002/adsu.202300510,1.2,1.2308821015849198
lasso,1,train,R0098,https://doi.org/10.1002/adsu.202300510,1.25,1.2308821015849198
lasso,1,train,R0099,https://doi.org/10.1021/acsami.2c19975,1.38,1.3266506858874936
lasso,1,train,R0100,https://doi.org/10.1021/acscatal.2c02544,1.15,1.2308821015849198
lasso,1,train,R0101,https://doi.org/10.1021/acscatal.2c02544,1.15,1.2308821015849198
lasso,1,train,R0102,https://www.science.org/doi/10.1126/sciadv.abq6261,1.2,1.1811865375902553
lasso,1,train,R0103,https://doi.org/10.1007/s12274-022-5330-2,1.2,1.12336111310919
lasso,1,train,R0104,https://doi.org/10.1007/s12274-022-5330-2,1.15,1.081613306850883
lasso,1,train,R0105,https://doi.org/10.1007/s12274-022-5330-2,1.1,1.12336111310919
lasso,1,train,R0106,https://doi.org/10.1007/s12274-022-5330-2,1.08,1.081613306850883
lasso,1,train,R0107,https://doi.org/10.1016/j.ensm.2023.102829,1.2,1.2101085883613834
lasso,1,train,R0108,https://doi.org/10.1016/j.cej.2022.138462,1.17,1.173872273111666
lasso,1,train,R0109,https://doi.org/10.1002/smll.202302598,1.25,1.2960115274783903
lasso,1,train,R0110,https://doi.org/10.1002/adma.202106436,1.2,1.1726829744926466
lasso,1,train,R0112,https://doi.org/10.1021/acsnano.3c05782,1.12,1.0746677834213352
lasso,1,train,R0113,https://doi.org/10.1039/d2ta03604e,0.85,1.0327624773742363
lasso,1,train,R0116,https://doi.org/10.1016/j.cej.2023.143351,1.23,1.2434954895617192
lasso,1,train,R0117,https://doi.org/10.1002/adfm.202209876,1.18,1.2900277308851416
lasso,1,train,R0118,https://doi.org/10.1002/smll.202106707,1.42,1.3675100032728653
lasso,1,train,R0119,https://doi.org/10.1021/acsaem.3c02592,0.98,1.112017197849053
lasso,1,train,R0120,https://doi.org/10.1002/aenm.202204057,1.3,1.2231990843844387
lasso,1,train,R0121,https://doi.org/10.1002/aenm.202204057,1.4,1.3682000283879034
lasso,1,train,R0122,https://doi.org/10.1002/aenm.202204057,1.5,1.3137977201193924
lasso,1,train,R0123,https://doi.org/10.1021/acs.nanolett.3c03025,1.1,1.12336111310919
lasso,1,train,R0124,https://doi.org/10.1021/acs.nanolett.3c03025,1.15,1.12336111310919
lasso,1,train,R0125,https://sioc-journal.cn/Jwk_hxxb/EN/10.6023/A22050206,1.08,1.081613306850883
lasso,1,train,R0127,https://doi.org/10.1016/j.jechem.2026.01.056,1.25,1.1718132746122103
lasso,1,train,R0128,https://doi.org/10.1002/smll.202512953,1.25,1.31679136938644
lasso,1,train,R0129,https://doi.org/10.1002/smll.202512953,1.39,1.317333470422999
lasso,1,train,R0130,https://doi.org/10.1002/smll.202512953,1.45,1.317333470422999
lasso,1,train,R0131,https://doi.org/10.1002/advs.202522315,1.0,1.1400801473969635
lasso,1,train,R0133,https://doi.org/10.1021/acsaem.5c03033,1.25,1.2571648549771866
lasso,1,train,R0134,https://doi.org/10.1021/acsanm.5c04476,1.04,1.112017197849053
lasso,1,train,R0135,https://doi.org/10.1021/acsanm.5c04476,1.25,1.2960115274783903
lasso,1,train,R0138,https://doi.org/10.1080/1536383X.2025.2583369,1.3,1.2472218670195345
lasso,1,train,R0140,https://doi.org/10.1016/j.jcis.2025.139355,0.8,1.0327624773742363
lasso,1,train,R0141,https://doi.org/10.1016/j.jcis.2025.139355,0.83,1.0327624773742363
lasso,1,train,R0142,https://doi.org/10.1021/acsnano.5c10218,0.96,0.9953665307540737
lasso,1,train,R0143,https://doi.org/10.1021/acsnano.5c10218,1.18,1.12336111310919
lasso,1,train,R0145,https://doi.org/10.1021/acs.langmuir.5c02644,1.1,1.0332368157812257
lasso,1,train,R0146,https://doi.org/10.1016/j.electacta.2025.146925,1.1,1.1811865375902553
lasso,1,train,R0147,https://doi.org/10.1016/j.jcis.2025.138454,0.89,1.0365571846301507
lasso,1,train,R0148,https://doi.org/10.1038/s41598-025-11449-1,0.998,0.9953665307540737
lasso,1,train,R0149,https://doi.org/10.1002/anie.202509132,0.94,1.0327624773742363
lasso,1,train,R0150,https://doi.org/10.1016/j.jpowsour.2025.237653,1.15,1.112017197849053
lasso,1,train,R0151,https://doi.org/10.1021/acs.iecr.5c01518,1.18,1.2340087214219335
lasso,1,train,R0152,https://doi.org/10.1021/acs.iecr.5c01518,1.25,1.2960115274783903
lasso,1,train,R0153,https://doi.org/10.1016/j.carbon.2025.120482,1.25,1.1698426223301182
lasso,1,train,R0155,https://doi.org/10.1016/j.jcis.2025.137782,1.36,1.301297663060853
lasso,1,train,R0156,https://doi.org/10.1016/j.cej.2025.162908,1.3,1.2207444687766635
lasso,1,train,R0157,https://doi.org/10.1016/j.cej.2025.162908,1.35,1.2231990843844387
lasso,1,train,R0158,https://doi.org/10.1016/j.cej.2025.162908,1.3,1.2207444687766635
lasso,1,train,R0159,https://doi.org/10.1016/j.cej.2025.162420,0.86,1.0152119563156328
lasso,1,train,R0160,https://doi.org/10.1039/d5nr00300h,0.77,1.0327624773742363
lasso,1,train,R0161,https://doi.org/10.1039/d5nr00300h,1.29,1.301297663060853
lasso,1,train,R0162,https://doi.org/10.1021/jacs.4c15230,1.1,1.1811865375902553
lasso,1,train,R0163,https://doi.org/10.1002/celc.202400626,1.4,1.301297663060853
lasso,1,train,R0164,https://doi.org/10.1016/j.esci.2024.100310,1.08,1.1643381942543358
lasso,1,train,R0165,https://doi.org/10.1016/j.esci.2024.100310,1.1,1.1643381942543358
lasso,1,train,R0166,https://doi.org/10.1002/smll.202406516,1.2,1.1811865375902553
lasso,1,train,R0167,https://doi.org/10.1002/anie.202418893,1.3,1.3070303488142476
lasso,1,train,R0168,https://doi.org/10.1016/j.electacta.2024.145384,1.01,1.0365571846301507
lasso,1,train,R0169,https://doi.org/10.1007/s10008-024-06115-x,1.4,1.3201841004771917
lasso,1,train,R0170,https://doi.org/10.1002/aenm.202402925,1.4,1.317333470422999
lasso,1,train,R0171,https://doi.org/10.1002/aenm.202402925,1.28,1.275616932566352
lasso,1,train,R0172,https://doi.org/10.1002/aenm.202402925,1.3,1.275616932566352
lasso,1,train,R0173,https://doi.org/10.1021/acs.energyfuels.4c04356,0.94,0.9953665307540737
lasso,1,train,R0177,https://doi.org/10.1002/cey2.587,1.35,1.3070303488142476
lasso,1,train,R0178,https://doi.org/10.1002/cey2.550,1.25,1.1919953239200676
lasso,1,train,R0179,https://doi.org/10.1039/d4sc03242j,1.1,1.1811865375902553
lasso,1,train,R0180,https://doi.org/10.1016/j.est.2024.112780,1.3,1.2752510370120824
lasso,1,train,R0181,https://doi.org/10.1016/j.est.2024.112780,1.45,1.3113431045116173
lasso,1,train,R0185,https://doi.org/10.1002/adma.202404319,1.2,1.0499045927521466
lasso,1,train,R0186,https://doi.org/10.1002/adma.202405440,1.4,1.3201841004771917
lasso,1,train,R0187,https://doi.org/10.1016/j.mtener.2024.101597,1.38,1.3113431045116173
lasso,1,train,R0188,https://doi.org/10.1016/j.jcis.2024.05.144,1.2,1.1768412584015595
lasso,1,train,R0193,https://doi.org/10.1002/aenm.202303766,0.95,0.9840226154939365
lasso,1,train,R0194,https://doi.org/10.1002/smtd.202301728,1.22,1.182508555780282
lasso,1,train,R0195,https://doi.org/10.1002/smtd.202301728,1.32,1.182508555780282
lasso,1,train,R0196,https://doi.org/10.1016/j.mtcomm.2024.108243,0.84,1.0327624773742363
lasso,1,train,R0197,https://doi.org/10.1016/j.jallcom.2024.173877,1.11,1.1811865375902553
lasso,1,train,R0198,https://doi.org/10.1016/j.jpowsour.2024.234130,1.05,1.0903230304284761
lasso,1,train,R0199,https://doi.org/10.1016/j.jpowsour.2024.234130,1.17,1.1698426223301182
lasso,1,train,R0200,https://doi.org/10.1021/jacs.3c12734,1.12,1.1179213704384718
lasso,1,test,R0009,https://doi.org/10.1016/j.jallcom.2020.158269,1.0,1.002004485720734
lasso,1,test,R0012,https://doi.org/10.1016/j.cej.2021.128403,0.97,1.0327624773742363
lasso,1,test,R0016,https://doi.org/10.1016/j.jallcom.2020.157945,1.012,1.0327624773742363
lasso,1,test,R0023,https://doi.org/10.1021/acs.jpcc.1c05456,1.15,1.1811865375902553
lasso,1,test,R0024,https://doi.org/10.1021/acs.jpcc.1c05456,1.2,1.1811865375902553
lasso,1,test,R0025,https://doi.org/10.1021/acs.jpcc.1c05456,1.15,1.1811865375902553
lasso,1,test,R0026,https://doi.org/10.1039/d0cc05980c,1.2,1.12336111310919
lasso,1,test,R0031,https://doi.org/10.1002/ente.201901257,1.15,1.187635994718148
lasso,1,test,R0032,https://doi.org/10.1002/ente.201901257,1.2,1.187635994718148
lasso,1,test,R0039,https://dx.doi.org/10.1021/acsami.9b21904,1.3,1.3192308240509563
lasso,1,test,R0040,https://doi.org/10.1007/s11581-021-04046-5,0.9,1.0327624773742363
lasso,1,test,R0054,https://doi.org/10.1016/S1872‐2067(23)64409‐2,1.1,1.081613306850883
lasso,1,test,R0055,https://doi.org/10.1016/S1872‐2067(23)64409‐2,1.15,1.081613306850883
lasso,1,test,R0056,https://doi.org/10.1016/j.jallcom.2023.170130,1.29,1.2308821015849198
lasso,1,test,R0080,https://doi.org/10.1016/j.est.2023.107329,1.01,1.0690384473436951
lasso,1,test,R0086,https://doi.org/10.1016/j.est.2023.109342,1.35,1.3113431045116173
lasso,1,test,R0087,https://doi.org/10.1016/j.est.2023.109342,1.5,1.3113431045116173
lasso,1,test,R0088,https://doi.org/10.1016/j.est.2023.109342,1.4,1.3113431045116173
lasso,1,test,R0089,https://doi.org/10.1016/j.jcis.2022.12.148,1.28,1.3070303488142476
lasso,1,test,R0090,https://doi.org/10.1016/j.cej.2022.139524,1.22,1.173872273111666
lasso,1,test,R0094,https://doi.org/10.1016/j.electacta.2022.140894,1.05,1.1811865375902553
lasso,1,test,R0111,https://doi.org/10.1016/j.apcatb.2022.122203,1.25,1.3070303488142476
lasso,1,test,R0114,https://doi.org/10.1016/j.compositesb.2022.109727,1.1,1.1811865375902553
lasso,1,test,R0115,https://doi.org/10.1016/j.ensm.2022.05.029,1.14,1.173872273111666
lasso,1,test,R0126,https://doi.org/10.1016/j.jcis.2026.140244,1.04,1.0252132693700136
lasso,1,test,R0132,https://doi.org/10.1016/j.electacta.2025.147671,1.15,1.0746677834213352
lasso,1,test,R0136,https://doi.org/10.1088/2631-6331/ae1925,1.3,1.301297663060853
lasso,1,test,R0137,https://doi.org/10.1002/anie.202521423,1.2,1.1698426223301182
lasso,1,test,R0139,https://doi.org/10.1002/anie.202520097,1.2,1.12336111310919
lasso,1,test,R0144,https://doi.org/10.1002/aoc.70327,1.41,1.301297663060853
lasso,1,test,R0154,https://doi.org/10.1093/nsr/nwaf145,1.24,1.12336111310919
lasso,1,test,R0174,https://doi.org/10.1002/smll.202406525,1.25,1.2308821015849198
lasso,1,test,R0175,https://doi.org/10.1016/j.jpowsour.2024.235394,0.95,0.9840226154939365
lasso,1,test,R0176,https://doi.org/10.1016/j.jpowsour.2024.235394,1.0,1.112017197849053
lasso,1,test,R0182,https://doi.org/10.1016/j.jcis.2024.06.137,1.25,1.2312982162391375
lasso,1,test,R0183,https://doi.org/10.1016/j.jcis.2024.06.137,1.4,1.3682000283879034
lasso,1,test,R0184,https://doi.org/10.1016/j.jcis.2024.06.137,1.45,1.3682000283879034
lasso,1,test,R0189,https://doi.org/10.1016/j.ijoes.2024.100602,1.3,1.1698426223301182
lasso,1,test,R0190,https://doi.org/10.1016/j.jechem.2024.01.076,1.3,1.2960115274783903
lasso,1,test,R0191,https://doi.org/10.1016/j.jechem.2024.01.076,1.25,1.2960115274783903
lasso,1,test,R0192,https://doi.org/10.1016/j.jechem.2024.01.076,1.25,1.3403527721275617
lasso,2,train,R0003,https://doi.org/10.1016/j.apcatb.2019.118283,1.27,1.1996400316072264
lasso,2,train,R0007,https://doi.org/10.1016/j.jallcom.2019.152736,1.35,1.1736342888408482
lasso,2,train,R0008,https://doi.org/10.1016/j.jallcom.2020.153803,1.25,1.1513215834687502
lasso,2,train,R0009,https://doi.org/10.1016/j.jallcom.2020.158269,1.0,1.0009267863539106
lasso,2,train,R0010,https://doi.org/10.1016/j.cej.2020.124294,1.35,1.4651749546012915
lasso,2,train,R0011,https://doi.org/10.1016/j.cej.2020.124294,1.4,1.4651749546012915
lasso,2,train,R0012,https://doi.org/10.1016/j.cej.2021.128403,0.97,1.0134002300372642
lasso,2,train,R0013,http://dx.doi.org/10.1016/j.jelechem.2020.114124,1.25,1.2571667248271754
lasso,2,train,R0014,https://doi.org/10.1016/j.jechem.2020.07.053,0.98,1.176399460724274
lasso,2,train,R0015,https://doi.org/10.1016/j.flatc.2020.100221,1.25,1.2683119677126746
lasso,2,train,R0016,https://doi.org/10.1016/j.jallcom.2020.157945,1.012,1.0134002300372642
lasso,2,train,R0017,https://doi.org/10.1016/j.jallcom.2020.154054,0.82,1.0134002300372642
lasso,2,train,R0019,https://doi.org/10.1016/j.jallcom.2020.157656,1.4,1.3293318417491817
lasso,2,train,R0020,https://doi.org/10.1002/aenm.202100110,0.95,1.0451397136644387
lasso,2,train,R0023,https://doi.org/10.1021/acs.jpcc.1c05456,1.15,1.1796933403987602
lasso,2,train,R0024,https://doi.org/10.1021/acs.jpcc.1c05456,1.2,1.1796933403987602
lasso,2,train,R0025,https://doi.org/10.1021/acs.jpcc.1c05456,1.15,1.1796933403987602
lasso,2,train,R0026,https://doi.org/10.1039/d0cc05980c,1.2,1.1430920401792195
lasso,2,train,R0027,https://doi.org/10.1039/d0nr00866d,1.5,1.3727207431501667
lasso,2,train,R0028,https://doi.org/10.1039/d0ta09195b,1.05,1.0343462783274031
lasso,2,train,R0029,https://doi.org/10.1039/d1ta00538c,1.3,1.175873372434145
lasso,2,train,R0030,https://doi.org/10.1039/d1ta04830a,1.05,1.0743920627603551
lasso,2,train,R0031,https://doi.org/10.1002/ente.201901257,1.15,1.20484236321777
lasso,2,train,R0032,https://doi.org/10.1002/ente.201901257,1.2,1.20484236321777
lasso,2,train,R0033,https://dx.doi.org/10.1021/acsaem.0c01691,1.35,1.3139668962245827
lasso,2,train,R0034,https://dx.doi.org/10.1021/acsnano.9b09646,1.45,1.3523892485244486
lasso,2,train,R0035,https://dx.doi.org/10.1021/acsami.0c02087,1.15,1.0799100926309284
lasso,2,train,R0036,https://doi.org/10.1002/er.7342,1.21,1.218939830587878
lasso,2,train,R0038,https://doi.org/10.1021/acsami.1c08720,0.84,0.9945778708831436
lasso,2,train,R0039,https://dx.doi.org/10.1021/acsami.9b21904,1.3,1.3139668962245827
lasso,2,train,R0040,https://doi.org/10.1007/s11581-021-04046-5,0.9,1.0134002300372642
lasso,2,train,R0041,https://doi.org/10.1007/s40242-020-0077-3,1.15,1.218939830587878
lasso,2,train,R0042,https://doi.org/10.1002/smll.202105752,1.4,1.3293318417491817
lasso,2,train,R0043,https://doi.org/10.1002/smll.202105752,1.25,1.3117763465258676
lasso,2,train,R0047,https://doi.org/10.1002/aenm.202200791,1.0,0.9755515933235783
lasso,2,train,R0048,https://doi.org/10.1002/aenm.202103910,1.0,0.9755515933235783
lasso,2,train,R0049,https://doi.org/10.1016/j.apcatb.2022.121844,0.92,0.9772097246279315
lasso,2,train,R0050,https://doi.org/10.1002/aenm.202203660,1.33,1.275276237514247
lasso,2,train,R0051,https://doi.org/10.1016/j.ensm.2023.102874,1.21,1.085941961724857
lasso,2,train,R0052,https://doi.org/10.1016/j.ensm.2023.102989,1.1,1.0799100926309284
lasso,2,train,R0054,https://doi.org/10.1016/S1872‐2067(23)64409‐2,1.1,1.0799100926309284
lasso,2,train,R0055,https://doi.org/10.1016/S1872‐2067(23)64409‐2,1.15,1.0799100926309284
lasso,2,train,R0056,https://doi.org/10.1016/j.jallcom.2023.170130,1.29,1.218939830587878
lasso,2,train,R0058,https://doi.org/10.1016/j.electacta.2023.142096,0.99,1.0218064173104155
lasso,2,train,R0059,https://doi.org/10.1016/j.electacta.2022.140147,1.11,1.1392720722146044
lasso,2,train,R0060,https://doi.org/10.1021/acsami.1c22643,1.0,1.0413197456998236
lasso,2,train,R0061,https://doi.org/10.1016/j.jelechem.2022.116810,1.15,1.1430920401792195
lasso,2,train,R0062,https://doi.org/10.1002/slct.202200870,1.04,1.0134002300372642
lasso,2,train,R0063,https://doi.org/10.1002/slct.202200870,1.1,1.1598290137295897
lasso,2,train,R0064,https://doi.org/10.1002/slct.202200870,1.11,1.1392720722146044
lasso,2,train,R0065,https://doi.org/10.1016/j.cej.2023.146775,1.0,1.1272792241049607
lasso,2,train,R0066,https://www.pnas.org/lookup/suppl/doi:10.1073/pnas.2301439120/-/DCSupplemental.,1.11,1.1448812699564488
lasso,2,train,R0067,https://doi.org/10.3390/nano12142386,1.2,1.1614746640765685
lasso,2,train,R0068,https://doi.org/10.1021/acsami.2c19975,1.03,1.0207616731875553
lasso,2,train,R0069,https://doi.org/10.1021/acsami.2c19975,1.38,1.3417371635565827
lasso,2,train,R0071,https://doi.org/10.1039/d2ta07061h,1.34,1.3589685806915883
lasso,2,train,R0072,https://doi.org/10.1016/j.ijhydene.2023.12.023,1.4,1.333791214239126
lasso,2,train,R0074,https://doi.org/10.1002/smll.202204836,1.25,1.175873372434145
lasso,2,train,R0075,https://doi.org/10.1002/smll.202204836,1.18,1.1392720722146044
lasso,2,train,R0076,https://doi.org/10.1002/admi.202102110,0.98,1.009580262072649
lasso,2,train,R0077,https://doi.org/10.1002/admi.202102110,1.04,1.1598290137295897
lasso,2,train,R0080,https://doi.org/10.1016/j.est.2023.107329,1.01,1.0085863374505457
lasso,2,train,R0081,https://doi.org/10.1021/acs.jpcc.3c01042,1.2,1.1796933403987602
lasso,2,train,R0082,https://doi.org/10.1021/acs.jpcc.3c01042,1.25,1.1796933403987602
lasso,2,train,R0083,https://doi.org/10.1021/acs.jpcc.3c01042,1.25,1.1796933403987602
lasso,2,train,R0084,https://doi.org/10.1021/acsami.3c01599,1.17,1.218939830587878
lasso,2,train,R0085,https://doi.org/10.1021/jacs.2c11676,1.05,1.1598290137295897
lasso,2,train,R0086,https://doi.org/10.1016/j.est.2023.109342,1.35,1.333791214239126
lasso,2,train,R0087,https://doi.org/10.1016/j.est.2023.109342,1.5,1.333791214239126
lasso,2,train,R0088,https://doi.org/10.1016/j.est.2023.109342,1.4,1.333791214239126
lasso,2,train,R0089,https://doi.org/10.1016/j.jcis.2022.12.148,1.28,1.275276237514247
lasso,2,train,R0090,https://doi.org/10.1016/j.cej.2022.139524,1.22,1.1614746640765685
lasso,2,train,R0091,https://doi.org/10.1039/d1qi01260f,1.23,1.1430920401792195
lasso,2,train,R0092,https://doi.org/10.1016/j.carbon.2022.04.080,1.32,1.275276237514247
lasso,2,train,R0094,https://doi.org/10.1016/j.electacta.2022.140894,1.05,1.1796933403987602
lasso,2,train,R0095,https://doi.org/10.1002/smll.202206611,0.98,1.176399460724274
lasso,2,train,R0096,https://doi.org/10.1002/adsu.202300510,0.95,1.0447466895852608
lasso,2,train,R0097,https://doi.org/10.1002/adsu.202300510,1.2,1.218939830587878
lasso,2,train,R0098,https://doi.org/10.1002/adsu.202300510,1.25,1.218939830587878
lasso,2,train,R0100,https://doi.org/10.1021/acscatal.2c02544,1.15,1.218939830587878
lasso,2,train,R0101,https://doi.org/10.1021/acscatal.2c02544,1.15,1.218939830587878
lasso,2,train,R0102,https://www.science.org/doi/10.1126/sciadv.abq6261,1.2,1.1796933403987602
lasso,2,train,R0103,https://doi.org/10.1007/s12274-022-5330-2,1.2,1.1430920401792195
lasso,2,train,R0104,https://doi.org/10.1007/s12274-022-5330-2,1.15,1.0799100926309284
lasso,2,train,R0105,https://doi.org/10.1007/s12274-022-5330-2,1.1,1.1430920401792195
lasso,2,train,R0106,https://doi.org/10.1007/s12274-022-5330-2,1.08,1.0799100926309284
lasso,2,train,R0107,https://doi.org/10.1016/j.ensm.2023.102829,1.2,1.190638885951994
lasso,2,train,R0109,https://doi.org/10.1002/smll.202302598,1.25,1.3117763465258676
lasso,2,train,R0110,https://doi.org/10.1002/adma.202106436,1.2,1.1881204916147876
lasso,2,train,R0111,https://doi.org/10.1016/j.apcatb.2022.122203,1.25,1.275276237514247
lasso,2,train,R0114,https://doi.org/10.1016/j.compositesb.2022.109727,1.1,1.1796933403987602
lasso,2,train,R0115,https://doi.org/10.1016/j.ensm.2022.05.029,1.14,1.1614746640765685
lasso,2,train,R0118,https://doi.org/10.1002/smll.202106707,1.42,1.3589685806915883
lasso,2,train,R0123,https://doi.org/10.1021/acs.nanolett.3c03025,1.1,1.1430920401792195
lasso,2,train,R0124,https://doi.org/10.1021/acs.nanolett.3c03025,1.15,1.1430920401792195
lasso,2,train,R0126,https://doi.org/10.1016/j.jcis.2026.140244,1.04,1.0413197456998236
lasso,2,train,R0127,https://doi.org/10.1016/j.jechem.2026.01.056,1.25,1.2031148288538356
lasso,2,train,R0128,https://doi.org/10.1002/smll.202512953,1.25,1.2900208624621823
lasso,2,train,R0129,https://doi.org/10.1002/smll.202512953,1.39,1.3200914875898615
lasso,2,train,R0130,https://doi.org/10.1002/smll.202512953,1.45,1.3200914875898615
lasso,2,train,R0132,https://doi.org/10.1016/j.electacta.2025.147671,1.15,1.0596728082121558
lasso,2,train,R0134,https://doi.org/10.1021/acsanm.5c04476,1.04,1.1392720722146044
lasso,2,train,R0135,https://doi.org/10.1021/acsanm.5c04476,1.25,1.3117763465258676
lasso,2,train,R0136,https://doi.org/10.1088/2631-6331/ae1925,1.3,1.319529173095113
lasso,2,train,R0137,https://doi.org/10.1002/anie.202521423,1.2,1.175873372434145
lasso,2,train,R0139,https://doi.org/10.1002/anie.202520097,1.2,1.1430920401792195
lasso,2,train,R0140,https://doi.org/10.1016/j.jcis.2025.139355,0.8,1.0134002300372642
lasso,2,train,R0141,https://doi.org/10.1016/j.jcis.2025.139355,0.83,1.0134002300372642
lasso,2,train,R0142,https://doi.org/10.1021/acsnano.5c10218,0.96,0.9945778708831436
lasso,2,train,R0143,https://doi.org/10.1021/acsnano.5c10218,1.18,1.1430920401792195
lasso,2,train,R0144,https://doi.org/10.1002/aoc.70327,1.41,1.319529173095113
lasso,2,train,R0145,https://doi.org/10.1021/acs.langmuir.5c02644,1.1,1.0343462783274031
lasso,2,train,R0146,https://doi.org/10.1016/j.electacta.2025.146925,1.1,1.1796933403987602
lasso,2,train,R0148,https://doi.org/10.1038/s41598-025-11449-1,0.998,0.9945778708831436
lasso,2,train,R0149,https://doi.org/10.1002/anie.202509132,0.94,1.0134002300372642
lasso,2,train,R0150,https://doi.org/10.1016/j.jpowsour.2025.237653,1.15,1.1392720722146044
lasso,2,train,R0151,https://doi.org/10.1021/acs.iecr.5c01518,1.18,1.247251633780656
lasso,2,train,R0152,https://doi.org/10.1021/acs.iecr.5c01518,1.25,1.3117763465258676
lasso,2,train,R0154,https://doi.org/10.1093/nsr/nwaf145,1.24,1.1430920401792195
lasso,2,train,R0155,https://doi.org/10.1016/j.jcis.2025.137782,1.36,1.319529173095113
lasso,2,train,R0156,https://doi.org/10.1016/j.cej.2025.162908,1.3,1.2040994040971706
lasso,2,train,R0157,https://doi.org/10.1016/j.cej.2025.162908,1.35,1.1996400316072264
lasso,2,train,R0158,https://doi.org/10.1016/j.cej.2025.162908,1.3,1.2040994040971706
lasso,2,train,R0159,https://doi.org/10.1016/j.cej.2025.162420,0.86,0.9872792623493453
lasso,2,train,R0160,https://doi.org/10.1039/d5nr00300h,0.77,1.0134002300372642
lasso,2,train,R0161,https://doi.org/10.1039/d5nr00300h,1.29,1.319529173095113
lasso,2,train,R0162,https://doi.org/10.1021/jacs.4c15230,1.1,1.1796933403987602
lasso,2,train,R0163,https://doi.org/10.1002/celc.202400626,1.4,1.319529173095113
lasso,2,train,R0164,https://doi.org/10.1016/j.esci.2024.100310,1.08,1.1598290137295897
lasso,2,train,R0165,https://doi.org/10.1016/j.esci.2024.100310,1.1,1.1598290137295897
lasso,2,train,R0166,https://doi.org/10.1002/smll.202406516,1.2,1.1796933403987602
lasso,2,train,R0167,https://doi.org/10.1002/anie.202418893,1.3,1.275276237514247
lasso,2,train,R0168,https://doi.org/10.1016/j.electacta.2024.145384,1.01,1.0451397136644387
lasso,2,train,R0169,https://doi.org/10.1007/s10008-024-06115-x,1.4,1.2812705230964985
lasso,2,train,R0170,https://doi.org/10.1002/aenm.202402925,1.4,1.3200914875898615
lasso,2,train,R0171,https://doi.org/10.1002/aenm.202402925,1.28,1.1948880079000892
lasso,2,train,R0172,https://doi.org/10.1002/aenm.202402925,1.3,1.1948880079000892
lasso,2,train,R0173,https://doi.org/10.1021/acs.energyfuels.4c04356,0.94,0.9945778708831436
lasso,2,train,R0174,https://doi.org/10.1002/smll.202406525,1.25,1.218939830587878
lasso,2,train,R0175,https://doi.org/10.1016/j.jpowsour.2024.235394,0.95,0.9907579029185284
lasso,2,train,R0176,https://doi.org/10.1016/j.jpowsour.2024.235394,1.0,1.1392720722146044
lasso,2,train,R0177,https://doi.org/10.1002/cey2.587,1.35,1.275276237514247
lasso,2,train,R0178,https://doi.org/10.1002/cey2.550,1.25,1.1918534729287658
lasso,2,train,R0179,https://doi.org/10.1039/d4sc03242j,1.1,1.1796933403987602
lasso,2,train,R0180,https://doi.org/10.1016/j.est.2024.112780,1.3,1.2774040092459482
lasso,2,train,R0181,https://doi.org/10.1016/j.est.2024.112780,1.45,1.333791214239126
lasso,2,train,R0182,https://doi.org/10.1016/j.jcis.2024.06.137,1.25,1.21606843631998
lasso,2,train,R0183,https://doi.org/10.1016/j.jcis.2024.06.137,1.4,1.3523892485244486
lasso,2,train,R0184,https://doi.org/10.1016/j.jcis.2024.06.137,1.45,1.3523892485244486
lasso,2,train,R0186,https://doi.org/10.1002/adma.202405440,1.4,1.2812705230964985
lasso,2,train,R0187,https://doi.org/10.1016/j.mtener.2024.101597,1.38,1.333791214239126
lasso,2,train,R0188,https://doi.org/10.1016/j.jcis.2024.05.144,1.2,1.1736342888408482
lasso,2,train,R0189,https://doi.org/10.1016/j.ijoes.2024.100602,1.3,1.175873372434145
lasso,2,train,R0190,https://doi.org/10.1016/j.jechem.2024.01.076,1.3,1.3117763465258676
lasso,2,train,R0191,https://doi.org/10.1016/j.jechem.2024.01.076,1.25,1.3117763465258676
lasso,2,train,R0192,https://doi.org/10.1016/j.jechem.2024.01.076,1.25,1.309947934276846
lasso,2,train,R0194,https://doi.org/10.1002/smtd.202301728,1.22,1.1691591268056611
lasso,2,train,R0195,https://doi.org/10.1002/smtd.202301728,1.32,1.1691591268056611
lasso,2,train,R0196,https://doi.org/10.1016/j.mtcomm.2024.108243,0.84,1.0134002300372642
lasso,2,train,R0197,https://doi.org/10.1016/j.jallcom.2024.173877,1.11,1.1796933403987602
lasso,2,train,R0198,https://doi.org/10.1016/j.jpowsour.2024.234130,1.05,1.1063804449361936
lasso,2,train,R0199,https://doi.org/10.1016/j.jpowsour.2024.234130,1.17,1.175873372434145
lasso,2,train,R0200,https://doi.org/10.1021/jacs.3c12734,1.12,1.1210736109691837
lasso,2,test,R0001,https://doi.org/10.1016/j.electacta.2020.137645,1.3,1.1947044347575837
lasso,2,test,R0002,https://doi.org/10.1016/j.electacta.2020.137645,1.5,1.2812705230964985
lasso,2,test,R0004,https://doi.org/10.1016/j.ssi.2021.115773,1.1,1.1796933403987602
lasso,2,test,R0005,https://doi.org/10.1016/j.ssi.2021.115773,1.4,1.3589685806915883
lasso,2,test,R0006,https://doi.org/10.1016/j.jpowsour.2021.230374,1.24,1.218939830587878
lasso,2,test,R0018,https://doi.org/10.1016/j.jpowsour.2020.228362,1.35,1.2900208624621823
lasso,2,test,R0021,https://doi.org/10.1002/anie.202110116,1.4,1.1948880079000892
lasso,2,test,R0022,https://doi.org/10.1002/anie.202110116,1.3,1.1948880079000892
lasso,2,test,R0037,https://doi.org/10.1002/er.6806,1.0,0.9497876756643697
lasso,2,test,R0044,https://dx.doi.org/10.1021/acscatal.0c02608,1.35,1.3139668962245827
lasso,2,test,R0045,https://doi.org/10.1021/acsaem.1c01572,1.1,0.9530603828624856
lasso,2,test,R0046,https://doi.org/10.1021/acsaem.1c01572,1.3,1.1948880079000892
lasso,2,test,R0053,https://doi.org/10.1016/j.ensm.2022.07.026,1.1,1.102806740970008
lasso,2,test,R0057,https://doi.org/10.1002/smll.202205532,1.08,1.0451397136644387
lasso,2,test,R0070,https://doi.org/10.1016/j.cej.2022.136852,1.06,1.0134002300372642
lasso,2,test,R0073,https://doi.org/10.1016/j.jelechem.2022.116356,1.3,1.275276237514247
lasso,2,test,R0078,https://doi.org/10.1016/j.cej.2022.137684,1.29,1.3417371635565827
lasso,2,test,R0079,https://doi.org/10.1016/j.cej.2022.137684,1.41,1.1948880079000892
lasso,2,test,R0093,https://doi.org/10.1016/j.jallcom.2022.163703,1.09,0.9683528734769884
lasso,2,test,R0099,https://doi.org/10.1021/acsami.2c19975,1.38,1.3417371635565827
lasso,2,test,R0108,https://doi.org/10.1016/j.cej.2022.138462,1.17,1.1614746640765685
lasso,2,test,R0112,https://doi.org/10.1021/acsnano.3c05782,1.12,1.0596728082121558
lasso,2,test,R0113,https://doi.org/10.1039/d2ta03604e,0.85,1.0134002300372642
lasso,2,test,R0116,https://doi.org/10.1016/j.cej.2023.143351,1.23,1.242394546489672
lasso,2,test,R0117,https://doi.org/10.1002/adfm.202209876,1.18,1.311995799661421
lasso,2,test,R0119,https://doi.org/10.1021/acsaem.3c02592,0.98,1.1392720722146044
lasso,2,test,R0120,https://doi.org/10.1002/aenm.202204057,1.3,1.1996400316072264
lasso,2,test,R0121,https://doi.org/10.1002/aenm.202204057,1.4,1.3523892485244486
lasso,2,test,R0122,https://doi.org/10.1002/aenm.202204057,1.5,1.3293318417491817
lasso,2,test,R0125,https://sioc-journal.cn/Jwk_hxxb/EN/10.6023/A22050206,1.08,1.0799100926309284
lasso,2,test,R0131,https://doi.org/10.1002/advs.202522315,1.0,1.176399460724274
lasso,2,test,R0133,https://doi.org/10.1021/acsaem.5c03033,1.25,1.1989905850461695
lasso,2,test,R0138,https://doi.org/10.1080/1536383X.2025.2583369,1.3,1.262776768256456
lasso,2,test,R0147,https://doi.org/10.1016/j.jcis.2025.138454,0.89,1.0451397136644387
lasso,2,test,R0153,https://doi.org/10.1016/j.carbon.2025.120482,1.25,1.175873372434145
lasso,2,test,R0185,https://doi.org/10.1002/adma.202404319,1.2,1.0289874638918488
lasso,2,test,R0193,https://doi.org/10.1002/aenm.202303766,0.95,0.9907579029185284
lasso,3,train,R0001,https://doi.org/10.1016/j.electacta.2020.137645,1.3,1.2642228934258979
lasso,3,train,R0002,https://doi.org/10.1016/j.electacta.2020.137645,1.5,1.3170687112542094
lasso,3,train,R0003,https://doi.org/10.1016/j.apcatb.2019.118283,1.27,1.2268855835962336
lasso,3,train,R0004,https://doi.org/10.1016/j.ssi.2021.115773,1.1,1.1775026201875958
lasso,3,train,R0005,https://doi.org/10.1016/j.ssi.2021.115773,1.4,1.355516493085683
lasso,3,train,R0006,https://doi.org/10.1016/j.jpowsour.2021.230374,1.24,1.227678211486836
lasso,3,train,R0009,https://doi.org/10.1016/j.jallcom.2020.158269,1.0,1.01451915217376
lasso,3,train,R0010,https://doi.org/10.1016/j.cej.2020.124294,1.35,1.4824337337099562
lasso,3,train,R0011,https://doi.org/10.1016/j.cej.2020.124294,1.4,1.4824337337099562
lasso,3,train,R0012,https://doi.org/10.1016/j.cej.2021.128403,0.97,1.0531212627584499
lasso,3,train,R0013,http://dx.doi.org/10.1016/j.jelechem.2020.114124,1.25,1.2596810171315498
lasso,3,train,R0014,https://doi.org/10.1016/j.jechem.2020.07.053,0.98,1.1340272627296075
lasso,3,train,R0015,https://doi.org/10.1016/j.flatc.2020.100221,1.25,1.2307171334456282
lasso,3,train,R0016,https://doi.org/10.1016/j.jallcom.2020.157945,1.012,1.0531212627584499
lasso,3,train,R0018,https://doi.org/10.1016/j.jpowsour.2020.228362,1.35,1.3052674614393431
lasso,3,train,R0021,https://doi.org/10.1002/anie.202110116,1.4,1.2645941416586286
lasso,3,train,R0022,https://doi.org/10.1002/anie.202110116,1.3,1.2645941416586286
lasso,3,train,R0023,https://doi.org/10.1021/acs.jpcc.1c05456,1.15,1.1775026201875958
lasso,3,train,R0024,https://doi.org/10.1021/acs.jpcc.1c05456,1.2,1.1775026201875958
lasso,3,train,R0025,https://doi.org/10.1021/acs.jpcc.1c05456,1.15,1.1775026201875958
lasso,3,train,R0026,https://doi.org/10.1039/d0cc05980c,1.2,1.1428651925926845
lasso,3,train,R0028,https://doi.org/10.1039/d0ta09195b,1.05,1.0551187084939535
lasso,3,train,R0029,https://doi.org/10.1039/d1ta00538c,1.3,1.1631705841437527
lasso,3,train,R0030,https://doi.org/10.1039/d1ta04830a,1.05,1.0754862054277052
lasso,3,train,R0031,https://doi.org/10.1002/ente.201901257,1.15,1.1692647958606202
lasso,3,train,R0032,https://doi.org/10.1002/ente.201901257,1.2,1.1692647958606202
lasso,3,train,R0033,https://dx.doi.org/10.1021/acsaem.0c01691,1.35,1.3068900302136526
lasso,3,train,R0034,https://dx.doi.org/10.1021/acsnano.9b09646,1.45,1.3599330439232549
lasso,3,train,R0035,https://dx.doi.org/10.1021/acsami.0c02087,1.15,1.086074394926444
lasso,3,train,R0037,https://doi.org/10.1002/er.6806,1.0,1.054574412600587
lasso,3,train,R0039,https://dx.doi.org/10.1021/acsami.9b21904,1.3,1.3068900302136526
lasso,3,train,R0040,https://doi.org/10.1007/s11581-021-04046-5,0.9,1.0531212627584499
lasso,3,train,R0042,https://doi.org/10.1002/smll.202105752,1.4,1.3166295134304682
lasso,3,train,R0043,https://doi.org/10.1002/smll.202105752,1.25,1.3005007287325652
lasso,3,train,R0044,https://dx.doi.org/10.1021/acscatal.0c02608,1.35,1.3068900302136526
lasso,3,train,R0045,https://doi.org/10.1021/acsaem.1c01572,1.1,1.0425197933294224
lasso,3,train,R0046,https://doi.org/10.1021/acsaem.1c01572,1.3,1.2645941416586286
lasso,3,train,R0047,https://doi.org/10.1002/aenm.202200791,1.0,1.004985035494573
lasso,3,train,R0048,https://doi.org/10.1002/aenm.202103910,1.0,1.004985035494573
lasso,3,train,R0049,https://doi.org/10.1016/j.apcatb.2022.121844,0.92,1.022270397331679
lasso,3,train,R0051,https://doi.org/10.1016/j.ensm.2023.102874,1.21,1.0784983040617815
lasso,3,train,R0052,https://doi.org/10.1016/j.ensm.2023.102989,1.1,1.086074394926444
lasso,3,train,R0053,https://doi.org/10.1016/j.ensm.2022.07.026,1.1,1.1044854995769486
lasso,3,train,R0054,https://doi.org/10.1016/S1872‐2067(23)64409‐2,1.1,1.086074394926444
lasso,3,train,R0055,https://doi.org/10.1016/S1872‐2067(23)64409‐2,1.15,1.086074394926444
lasso,3,train,R0056,https://doi.org/10.1016/j.jallcom.2023.170130,1.29,1.227678211486836
lasso,3,train,R0057,https://doi.org/10.1002/smll.202205532,1.08,1.0560410106888
lasso,3,train,R0058,https://doi.org/10.1016/j.electacta.2023.142096,0.99,1.0293682003878606
lasso,3,train,R0059,https://doi.org/10.1016/j.electacta.2022.140147,1.11,1.1285331565488417
lasso,3,train,R0061,https://doi.org/10.1016/j.jelechem.2022.116810,1.15,1.1428651925926845
lasso,3,train,R0062,https://doi.org/10.1002/slct.202200870,1.04,1.0531212627584499
lasso,3,train,R0063,https://doi.org/10.1002/slct.202200870,1.1,1.1707195749254982
lasso,3,train,R0064,https://doi.org/10.1002/slct.202200870,1.11,1.1285331565488417
lasso,3,train,R0065,https://doi.org/10.1016/j.cej.2023.146775,1.0,1.1272792717431588
lasso,3,train,R0066,https://www.pnas.org/lookup/suppl/doi:10.1073/pnas.2301439120/-/DCSupplemental.,1.11,1.0766397542060377
lasso,3,train,R0067,https://doi.org/10.3390/nano12142386,1.2,1.1840802091292277
lasso,3,train,R0068,https://doi.org/10.1021/acsami.2c19975,1.03,1.0118062293629466
lasso,3,train,R0069,https://doi.org/10.1021/acsami.2c19975,1.38,1.3054132760054546
lasso,3,train,R0070,https://doi.org/10.1016/j.cej.2022.136852,1.06,1.0531212627584499
lasso,3,train,R0072,https://doi.org/10.1016/j.ijhydene.2023.12.023,1.4,1.3112658457987856
lasso,3,train,R0073,https://doi.org/10.1016/j.jelechem.2022.116356,1.3,1.3017652733702534
lasso,3,train,R0076,https://doi.org/10.1002/admi.202102110,0.98,1.038789226714607
lasso,3,train,R0077,https://doi.org/10.1002/admi.202102110,1.04,1.1707195749254982
lasso,3,train,R0078,https://doi.org/10.1016/j.cej.2022.137684,1.29,1.3054132760054546
lasso,3,train,R0079,https://doi.org/10.1016/j.cej.2022.137684,1.41,1.2645941416586286
lasso,3,train,R0080,https://doi.org/10.1016/j.est.2023.107329,1.01,1.0745839295628568
lasso,3,train,R0081,https://doi.org/10.1021/acs.jpcc.3c01042,1.2,1.1775026201875958
lasso,3,train,R0082,https://doi.org/10.1021/acs.jpcc.3c01042,1.25,1.1775026201875958
lasso,3,train,R0083,https://doi.org/10.1021/acs.jpcc.3c01042,1.25,1.1775026201875958
lasso,3,train,R0085,https://doi.org/10.1021/jacs.2c11676,1.05,1.1707195749254982
lasso,3,train,R0086,https://doi.org/10.1016/j.est.2023.109342,1.35,1.3112658457987856
lasso,3,train,R0087,https://doi.org/10.1016/j.est.2023.109342,1.5,1.3112658457987856
lasso,3,train,R0088,https://doi.org/10.1016/j.est.2023.109342,1.4,1.3112658457987856
lasso,3,train,R0089,https://doi.org/10.1016/j.jcis.2022.12.148,1.28,1.3017652733702534
lasso,3,train,R0090,https://doi.org/10.1016/j.cej.2022.139524,1.22,1.1840802091292277
lasso,3,train,R0092,https://doi.org/10.1016/j.carbon.2022.04.080,1.32,1.3017652733702534
lasso,3,train,R0093,https://doi.org/10.1016/j.jallcom.2022.163703,1.09,1.010348083701831
lasso,3,train,R0094,https://doi.org/10.1016/j.electacta.2022.140894,1.05,1.1775026201875958
lasso,3,train,R0096,https://doi.org/10.1002/adsu.202300510,0.95,1.0659633144006244
lasso,3,train,R0097,https://doi.org/10.1002/adsu.202300510,1.2,1.227678211486836
lasso,3,train,R0098,https://doi.org/10.1002/adsu.202300510,1.25,1.227678211486836
lasso,3,train,R0099,https://doi.org/10.1021/acsami.2c19975,1.38,1.3054132760054546
lasso,3,train,R0103,https://doi.org/10.1007/s12274-022-5330-2,1.2,1.1428651925926845
lasso,3,train,R0104,https://doi.org/10.1007/s12274-022-5330-2,1.15,1.086074394926444
lasso,3,train,R0105,https://doi.org/10.1007/s12274-022-5330-2,1.1,1.1428651925926845
lasso,3,train,R0106,https://doi.org/10.1007/s12274-022-5330-2,1.08,1.086074394926444
lasso,3,train,R0107,https://doi.org/10.1016/j.ensm.2023.102829,1.2,1.195535876652433
lasso,3,train,R0108,https://doi.org/10.1016/j.cej.2022.138462,1.17,1.1840802091292277
lasso,3,train,R0109,https://doi.org/10.1002/smll.202302598,1.25,1.3005007287325652
lasso,3,train,R0110,https://doi.org/10.1002/adma.202106436,1.2,1.1685028586537172
lasso,3,train,R0111,https://doi.org/10.1016/j.apcatb.2022.122203,1.25,1.3017652733702534
lasso,3,train,R0112,https://doi.org/10.1021/acsnano.3c05782,1.12,1.0882447331750946
lasso,3,train,R0113,https://doi.org/10.1039/d2ta03604e,0.85,1.0531212627584499
lasso,3,train,R0114,https://doi.org/10.1016/j.compositesb.2022.109727,1.1,1.1775026201875958
lasso,3,train,R0115,https://doi.org/10.1016/j.ensm.2022.05.029,1.14,1.1840802091292277
lasso,3,train,R0116,https://doi.org/10.1016/j.cej.2023.143351,1.23,1.2453588057065208
lasso,3,train,R0117,https://doi.org/10.1002/adfm.202209876,1.18,1.2932428275126615
lasso,3,train,R0118,https://doi.org/10.1002/smll.202106707,1.42,1.355516493085683
lasso,3,train,R0119,https://doi.org/10.1021/acsaem.3c02592,0.98,1.1285331565488417
lasso,3,train,R0120,https://doi.org/10.1002/aenm.202204057,1.3,1.2268855835962336
lasso,3,train,R0121,https://doi.org/10.1002/aenm.202204057,1.4,1.3599330439232549
lasso,3,train,R0122,https://doi.org/10.1002/aenm.202204057,1.5,1.3166295134304682
lasso,3,train,R0125,https://sioc-journal.cn/Jwk_hxxb/EN/10.6023/A22050206,1.08,1.086074394926444
lasso,3,train,R0126,https://doi.org/10.1016/j.jcis.2026.140244,1.04,1.0417089746449573
lasso,3,train,R0131,https://doi.org/10.1002/advs.202522315,1.0,1.1340272627296075
lasso,3,train,R0132,https://doi.org/10.1016/j.electacta.2025.147671,1.15,1.0882447331750946
lasso,3,train,R0133,https://doi.org/10.1021/acsaem.5c03033,1.25,1.2524248758513086
lasso,3,train,R0134,https://doi.org/10.1021/acsanm.5c04476,1.04,1.1285331565488417
lasso,3,train,R0135,https://doi.org/10.1021/acsanm.5c04476,1.25,1.3005007287325652
lasso,3,train,R0136,https://doi.org/10.1088/2631-6331/ae1925,1.3,1.309695286148194
lasso,3,train,R0137,https://doi.org/10.1002/anie.202521423,1.2,1.1631705841437527
lasso,3,train,R0138,https://doi.org/10.1080/1536383X.2025.2583369,1.3,1.2403247348073285
lasso,3,train,R0139,https://doi.org/10.1002/anie.202520097,1.2,1.1428651925926845
lasso,3,train,R0140,https://doi.org/10.1016/j.jcis.2025.139355,0.8,1.0531212627584499
lasso,3,train,R0141,https://doi.org/10.1016/j.jcis.2025.139355,0.83,1.0531212627584499
lasso,3,train,R0142,https://doi.org/10.1021/acsnano.5c10218,0.96,1.0215466917077578
lasso,3,train,R0143,https://doi.org/10.1021/acsnano.5c10218,1.18,1.1428651925926845
lasso,3,train,R0144,https://doi.org/10.1002/aoc.70327,1.41,1.309695286148194
lasso,3,train,R0145,https://doi.org/10.1021/acs.langmuir.5c02644,1.1,1.0551187084939535
lasso,3,train,R0146,https://doi.org/10.1016/j.electacta.2025.146925,1.1,1.1775026201875958
lasso,3,train,R0147,https://doi.org/10.1016/j.jcis.2025.138454,0.89,1.0560410106888
lasso,3,train,R0148,https://doi.org/10.1038/s41598-025-11449-1,0.998,1.0215466917077578
lasso,3,train,R0150,https://doi.org/10.1016/j.jpowsour.2025.237653,1.15,1.1285331565488417
lasso,3,train,R0151,https://doi.org/10.1021/acs.iecr.5c01518,1.18,1.2393314960709385
lasso,3,train,R0152,https://doi.org/10.1021/acs.iecr.5c01518,1.25,1.3005007287325652
lasso,3,train,R0153,https://doi.org/10.1016/j.carbon.2025.120482,1.25,1.1631705841437527
lasso,3,train,R0154,https://doi.org/10.1093/nsr/nwaf145,1.24,1.1428651925926845
lasso,3,train,R0155,https://doi.org/10.1016/j.jcis.2025.137782,1.36,1.309695286148194
lasso,3,train,R0156,https://doi.org/10.1016/j.cej.2025.162908,1.3,1.221521915964551
lasso,3,train,R0157,https://doi.org/10.1016/j.cej.2025.162908,1.35,1.2268855835962336
lasso,3,train,R0158,https://doi.org/10.1016/j.cej.2025.162908,1.3,1.221521915964551
lasso,3,train,R0162,https://doi.org/10.1021/jacs.4c15230,1.1,1.1775026201875958
lasso,3,train,R0164,https://doi.org/10.1016/j.esci.2024.100310,1.08,1.1707195749254982
lasso,3,train,R0165,https://doi.org/10.1016/j.esci.2024.100310,1.1,1.1707195749254982
lasso,3,train,R0166,https://doi.org/10.1002/smll.202406516,1.2,1.1775026201875958
lasso,3,train,R0167,https://doi.org/10.1002/anie.202418893,1.3,1.3017652733702534
lasso,3,train,R0168,https://doi.org/10.1016/j.electacta.2024.145384,1.01,1.0560410106888
lasso,3,train,R0169,https://doi.org/10.1007/s10008-024-06115-x,1.4,1.3170687112542094
lasso,3,train,R0170,https://doi.org/10.1002/aenm.202402925,1.4,1.3056845682865361
lasso,3,train,R0171,https://doi.org/10.1002/aenm.202402925,1.28,1.2645941416586286
lasso,3,train,R0172,https://doi.org/10.1002/aenm.202402925,1.3,1.2645941416586286
lasso,3,train,R0173,https://doi.org/10.1021/acs.energyfuels.4c04356,0.94,1.0215466917077578
lasso,3,train,R0174,https://doi.org/10.1002/smll.202406525,1.25,1.227678211486836
lasso,3,train,R0175,https://doi.org/10.1016/j.jpowsour.2024.235394,0.95,1.007214655663915
lasso,3,train,R0176,https://doi.org/10.1016/j.jpowsour.2024.235394,1.0,1.1285331565488417
lasso,3,train,R0179,https://doi.org/10.1039/d4sc03242j,1.1,1.1775026201875958
lasso,3,train,R0182,https://doi.org/10.1016/j.jcis.2024.06.137,1.25,1.237245961834974
lasso,3,train,R0183,https://doi.org/10.1016/j.jcis.2024.06.137,1.4,1.3599330439232549
lasso,3,train,R0184,https://doi.org/10.1016/j.jcis.2024.06.137,1.45,1.3599330439232549
lasso,3,train,R0185,https://doi.org/10.1002/adma.202404319,1.2,1.0782969727494938
lasso,3,train,R0186,https://doi.org/10.1002/adma.202405440,1.4,1.3170687112542094
lasso,3,train,R0188,https://doi.org/10.1016/j.jcis.2024.05.144,1.2,1.1651525174198027
lasso,3,train,R0189,https://doi.org/10.1016/j.ijoes.2024.100602,1.3,1.1631705841437527
lasso,3,train,R0190,https://doi.org/10.1016/j.jechem.2024.01.076,1.3,1.3005007287325652
lasso,3,train,R0191,https://doi.org/10.1016/j.jechem.2024.01.076,1.25,1.3005007287325652
lasso,3,train,R0192,https://doi.org/10.1016/j.jechem.2024.01.076,1.25,1.3262213828368588
lasso,3,train,R0193,https://doi.org/10.1002/aenm.202303766,0.95,1.007214655663915
lasso,3,train,R0194,https://doi.org/10.1002/smtd.202301728,1.22,1.1772819779414532
lasso,3,train,R0195,https://doi.org/10.1002/smtd.202301728,1.32,1.1772819779414532
lasso,3,train,R0196,https://doi.org/10.1016/j.mtcomm.2024.108243,0.84,1.0531212627584499
lasso,3,train,R0198,https://doi.org/10.1016/j.jpowsour.2024.234130,1.05,1.076599258094212
lasso,3,train,R0199,https://doi.org/10.1016/j.jpowsour.2024.234130,1.17,1.1631705841437527
lasso,3,train,R0200,https://doi.org/10.1021/jacs.3c12734,1.12,1.1344938723356763
lasso,3,test,R0007,https://doi.org/10.1016/j.jallcom.2019.152736,1.35,1.1651525174198027
lasso,3,test,R0008,https://doi.org/10.1016/j.jallcom.2020.153803,1.25,1.1440264921110983
lasso,3,test,R0017,https://doi.org/10.1016/j.jallcom.2020.154054,0.82,1.0531212627584499
lasso,3,test,R0019,https://doi.org/10.1016/j.jallcom.2020.157656,1.4,1.3166295134304682
lasso,3,test,R0020,https://doi.org/10.1002/aenm.202100110,0.95,1.0560410106888
lasso,3,test,R0027,https://doi.org/10.1039/d0nr00866d,1.5,1.2864396725875036
lasso,3,test,R0036,https://doi.org/10.1002/er.7342,1.21,1.227678211486836
lasso,3,test,R0038,https://doi.org/10.1021/acsami.1c08720,0.84,1.0215466917077578
lasso,3,test,R0041,https://doi.org/10.1007/s40242-020-0077-3,1.15,1.227678211486836
lasso,3,test,R0050,https://doi.org/10.1002/aenm.202203660,1.33,1.3017652733702534
lasso,3,test,R0060,https://doi.org/10.1021/acsami.1c22643,1.0,1.0417089746449573
lasso,3,test,R0071,https://doi.org/10.1039/d2ta07061h,1.34,1.355516493085683
lasso,3,test,R0074,https://doi.org/10.1002/smll.202204836,1.25,1.1631705841437527
lasso,3,test,R0075,https://doi.org/10.1002/smll.202204836,1.18,1.1285331565488417
lasso,3,test,R0084,https://doi.org/10.1021/acsami.3c01599,1.17,1.227678211486836
lasso,3,test,R0091,https://doi.org/10.1039/d1qi01260f,1.23,1.1428651925926845
lasso,3,test,R0095,https://doi.org/10.1002/smll.202206611,0.98,1.1340272627296075
lasso,3,test,R0100,https://doi.org/10.1021/acscatal.2c02544,1.15,1.227678211486836
lasso,3,test,R0101,https://doi.org/10.1021/acscatal.2c02544,1.15,1.227678211486836
lasso,3,test,R0102,https://www.science.org/doi/10.1126/sciadv.abq6261,1.2,1.1775026201875958
lasso,3,test,R0123,https://doi.org/10.1021/acs.nanolett.3c03025,1.1,1.1428651925926845
lasso,3,test,R0124,https://doi.org/10.1021/acs.nanolett.3c03025,1.15,1.1428651925926845
lasso,3,test,R0127,https://doi.org/10.1016/j.jechem.2026.01.056,1.25,1.1443181212433213
lasso,3,test,R0128,https://doi.org/10.1002/smll.202512953,1.25,1.3052674614393431
lasso,3,test,R0129,https://doi.org/10.1002/smll.202512953,1.39,1.3056845682865361
lasso,3,test,R0130,https://doi.org/10.1002/smll.202512953,1.45,1.3056845682865361
lasso,3,test,R0149,https://doi.org/10.1002/anie.202509132,0.94,1.0531212627584499
lasso,3,test,R0159,https://doi.org/10.1016/j.cej.2025.162420,0.86,1.039320614536178
lasso,3,test,R0160,https://doi.org/10.1039/d5nr00300h,0.77,1.0531212627584499
lasso,3,test,R0161,https://doi.org/10.1039/d5nr00300h,1.29,1.309695286148194
lasso,3,test,R0163,https://doi.org/10.1002/celc.202400626,1.4,1.309695286148194
lasso,3,test,R0177,https://doi.org/10.1002/cey2.587,1.35,1.3017652733702534
lasso,3,test,R0178,https://doi.org/10.1002/cey2.550,1.25,1.1837333076404664
lasso,3,test,R0180,https://doi.org/10.1016/j.est.2024.112780,1.3,1.2575106788828991
lasso,3,test,R0181,https://doi.org/10.1016/j.est.2024.112780,1.45,1.3112658457987856
lasso,3,test,R0187,https://doi.org/10.1016/j.mtener.2024.101597,1.38,1.3112658457987856
lasso,3,test,R0197,https://doi.org/10.1016/j.jallcom.2024.173877,1.11,1.1775026201875958
lasso,4,train,R0001,https://doi.org/10.1016/j.electacta.2020.137645,1.3,1.2630903218476994
lasso,4,train,R0002,https://doi.org/10.1016/j.electacta.2020.137645,1.5,1.3154081542699465
lasso,4,train,R0004,https://doi.org/10.1016/j.ssi.2021.115773,1.1,1.1860302830003986
lasso,4,train,R0005,https://doi.org/10.1016/j.ssi.2021.115773,1.4,1.3804548316050849
lasso,4,train,R0006,https://doi.org/10.1016/j.jpowsour.2021.230374,1.24,1.2342542088157655
lasso,4,train,R0007,https://doi.org/10.1016/j.jallcom.2019.152736,1.35,1.174440814677273
lasso,4,train,R0008,https://doi.org/10.1016/j.jallcom.2020.153803,1.25,1.1807426885620664
lasso,4,train,R0009,https://doi.org/10.1016/j.jallcom.2020.158269,1.0,1.029949276020825
lasso,4,train,R0010,https://doi.org/10.1016/j.cej.2020.124294,1.35,1.496518460459438
lasso,4,train,R0011,https://doi.org/10.1016/j.cej.2020.124294,1.4,1.496518460459438
lasso,4,train,R0012,https://doi.org/10.1016/j.cej.2021.128403,0.97,1.0300086157543031
lasso,4,train,R0015,https://doi.org/10.1016/j.flatc.2020.100221,1.25,1.23989032205339
lasso,4,train,R0016,https://doi.org/10.1016/j.jallcom.2020.157945,1.012,1.0300086157543031
lasso,4,train,R0017,https://doi.org/10.1016/j.jallcom.2020.154054,0.82,1.0300086157543031
lasso,4,train,R0018,https://doi.org/10.1016/j.jpowsour.2020.228362,1.35,1.2981426352287737
lasso,4,train,R0019,https://doi.org/10.1016/j.jallcom.2020.157656,1.4,1.3221464663680131
lasso,4,train,R0020,https://doi.org/10.1002/aenm.202100110,0.95,1.0442634535936302
lasso,4,train,R0021,https://doi.org/10.1002/anie.202110116,1.4,1.2641425781804234
lasso,4,train,R0022,https://doi.org/10.1002/anie.202110116,1.3,1.2641425781804234
lasso,4,train,R0023,https://doi.org/10.1021/acs.jpcc.1c05456,1.15,1.1860302830003986
lasso,4,train,R0024,https://doi.org/10.1021/acs.jpcc.1c05456,1.2,1.1860302830003986
lasso,4,train,R0025,https://doi.org/10.1021/acs.jpcc.1c05456,1.15,1.1860302830003986
lasso,4,train,R0026,https://doi.org/10.1039/d0cc05980c,1.2,1.1354338871321656
lasso,4,train,R0027,https://doi.org/10.1039/d0nr00866d,1.5,1.375904751368352
lasso,4,train,R0028,https://doi.org/10.1039/d0ta09195b,1.05,1.0298159080012206
lasso,4,train,R0029,https://doi.org/10.1039/d1ta00538c,1.3,1.177050680016909
lasso,4,train,R0030,https://doi.org/10.1039/d1ta04830a,1.05,1.0744118825731002
lasso,4,train,R0031,https://doi.org/10.1002/ente.201901257,1.15,1.219391320102679
lasso,4,train,R0032,https://doi.org/10.1002/ente.201901257,1.2,1.219391320102679
lasso,4,train,R0034,https://dx.doi.org/10.1021/acsnano.9b09646,1.45,1.3828147227288001
lasso,4,train,R0035,https://dx.doi.org/10.1021/acsami.0c02087,1.15,1.095151800652552
lasso,4,train,R0036,https://doi.org/10.1002/er.7342,1.21,1.2342542088157655
lasso,4,train,R0037,https://doi.org/10.1002/er.6806,1.0,1.0391582414401255
lasso,4,train,R0038,https://doi.org/10.1021/acsami.1c08720,0.84,0.9924929222869167
lasso,4,train,R0039,https://dx.doi.org/10.1021/acsami.9b21904,1.3,1.3072683920298023
lasso,4,train,R0040,https://doi.org/10.1007/s11581-021-04046-5,0.9,1.0300086157543031
lasso,4,train,R0041,https://doi.org/10.1007/s40242-020-0077-3,1.15,1.2342542088157655
lasso,4,train,R0044,https://dx.doi.org/10.1021/acscatal.0c02608,1.35,1.3072683920298023
lasso,4,train,R0045,https://doi.org/10.1021/acsaem.1c01572,1.1,1.0233103675557274
lasso,4,train,R0046,https://doi.org/10.1021/acsaem.1c01572,1.3,1.2641425781804234
lasso,4,train,R0048,https://doi.org/10.1002/aenm.202103910,1.0,1.0110530679734404
lasso,4,train,R0050,https://doi.org/10.1002/aenm.202203660,1.33,1.305637726427276
lasso,4,train,R0051,https://doi.org/10.1016/j.ensm.2023.102874,1.21,1.0858802464783734
lasso,4,train,R0052,https://doi.org/10.1016/j.ensm.2023.102989,1.1,1.095151800652552
lasso,4,train,R0053,https://doi.org/10.1016/j.ensm.2022.07.026,1.1,1.1085980877783501
lasso,4,train,R0054,https://doi.org/10.1016/S1872‐2067(23)64409‐2,1.1,1.095151800652552
lasso,4,train,R0055,https://doi.org/10.1016/S1872‐2067(23)64409‐2,1.15,1.095151800652552
lasso,4,train,R0056,https://doi.org/10.1016/j.jallcom.2023.170130,1.29,1.2342542088157655
lasso,4,train,R0057,https://doi.org/10.1002/smll.202205532,1.08,1.0442634535936302
lasso,4,train,R0060,https://doi.org/10.1021/acsami.1c22643,1.0,1.0352838506101403
lasso,4,train,R0061,https://doi.org/10.1016/j.jelechem.2022.116810,1.15,1.1354338871321656
lasso,4,train,R0067,https://doi.org/10.3390/nano12142386,1.2,1.194401870045714
lasso,4,train,R0068,https://doi.org/10.1021/acsami.2c19975,1.03,1.0339663508382868
lasso,4,train,R0069,https://doi.org/10.1021/acsami.2c19975,1.38,1.3162047783363355
lasso,4,train,R0070,https://doi.org/10.1016/j.cej.2022.136852,1.06,1.0300086157543031
lasso,4,train,R0071,https://doi.org/10.1039/d2ta07061h,1.34,1.3804548316050849
lasso,4,train,R0073,https://doi.org/10.1016/j.jelechem.2022.116356,1.3,1.305637726427276
lasso,4,train,R0074,https://doi.org/10.1002/smll.202204836,1.25,1.177050680016909
lasso,4,train,R0075,https://doi.org/10.1002/smll.202204836,1.18,1.1264542841486758
lasso,4,train,R0078,https://doi.org/10.1016/j.cej.2022.137684,1.29,1.3162047783363355
lasso,4,train,R0079,https://doi.org/10.1016/j.cej.2022.137684,1.41,1.2641425781804234
lasso,4,train,R0080,https://doi.org/10.1016/j.est.2023.107329,1.01,1.1135195057916922
lasso,4,train,R0084,https://doi.org/10.1021/acsami.3c01599,1.17,1.2342542088157655
lasso,4,train,R0086,https://doi.org/10.1016/j.est.2023.109342,1.35,1.3190155210065968
lasso,4,train,R0087,https://doi.org/10.1016/j.est.2023.109342,1.5,1.3190155210065968
lasso,4,train,R0088,https://doi.org/10.1016/j.est.2023.109342,1.4,1.3190155210065968
lasso,4,train,R0089,https://doi.org/10.1016/j.jcis.2022.12.148,1.28,1.305637726427276
lasso,4,train,R0090,https://doi.org/10.1016/j.cej.2022.139524,1.22,1.194401870045714
lasso,4,train,R0091,https://doi.org/10.1039/d1qi01260f,1.23,1.1354338871321656
lasso,4,train,R0092,https://doi.org/10.1016/j.carbon.2022.04.080,1.32,1.305637726427276
lasso,4,train,R0093,https://doi.org/10.1016/j.jallcom.2022.163703,1.09,1.0140162817876823
lasso,4,train,R0094,https://doi.org/10.1016/j.electacta.2022.140894,1.05,1.1860302830003986
lasso,4,train,R0095,https://doi.org/10.1002/smll.202206611,0.98,1.1623657949023911
lasso,4,train,R0099,https://doi.org/10.1021/acsami.2c19975,1.38,1.3162047783363355
lasso,4,train,R0100,https://doi.org/10.1021/acscatal.2c02544,1.15,1.2342542088157655
lasso,4,train,R0101,https://doi.org/10.1021/acscatal.2c02544,1.15,1.2342542088157655
lasso,4,train,R0102,https://www.science.org/doi/10.1126/sciadv.abq6261,1.2,1.1860302830003986
lasso,4,train,R0108,https://doi.org/10.1016/j.cej.2022.138462,1.17,1.194401870045714
lasso,4,train,R0109,https://doi.org/10.1002/smll.202302598,1.25,1.3043767700287017
lasso,4,train,R0111,https://doi.org/10.1016/j.apcatb.2022.122203,1.25,1.305637726427276
lasso,4,train,R0112,https://doi.org/10.1021/acsnano.3c05782,1.12,1.0904354940043337
lasso,4,train,R0113,https://doi.org/10.1039/d2ta03604e,0.85,1.0300086157543031
lasso,4,train,R0114,https://doi.org/10.1016/j.compositesb.2022.109727,1.1,1.1860302830003986
lasso,4,train,R0115,https://doi.org/10.1016/j.ensm.2022.05.029,1.14,1.194401870045714
lasso,4,train,R0116,https://doi.org/10.1016/j.cej.2023.143351,1.23,1.2448568497496622
lasso,4,train,R0117,https://doi.org/10.1002/adfm.202209876,1.18,1.2997037161918827
lasso,4,train,R0119,https://doi.org/10.1021/acsaem.3c02592,0.98,1.1264542841486758
lasso,4,train,R0120,https://doi.org/10.1002/aenm.202204057,1.3,1.2167211949901509
lasso,4,train,R0121,https://doi.org/10.1002/aenm.202204057,1.4,1.3828147227288001
lasso,4,train,R0122,https://doi.org/10.1002/aenm.202204057,1.5,1.3221464663680131
lasso,4,train,R0123,https://doi.org/10.1021/acs.nanolett.3c03025,1.1,1.1354338871321656
lasso,4,train,R0124,https://doi.org/10.1021/acs.nanolett.3c03025,1.15,1.1354338871321656
lasso,4,train,R0125,https://sioc-journal.cn/Jwk_hxxb/EN/10.6023/A22050206,1.08,1.095151800652552
lasso,4,train,R0126,https://doi.org/10.1016/j.jcis.2026.140244,1.04,1.0352838506101403
lasso,4,train,R0127,https://doi.org/10.1016/j.jechem.2026.01.056,1.25,1.1990146012188552
lasso,4,train,R0128,https://doi.org/10.1002/smll.202512953,1.25,1.2981426352287737
lasso,4,train,R0129,https://doi.org/10.1002/smll.202512953,1.39,1.3090411602804692
lasso,4,train,R0130,https://doi.org/10.1002/smll.202512953,1.45,1.3090411602804692
lasso,4,train,R0131,https://doi.org/10.1002/advs.202522315,1.0,1.1623657949023911
lasso,4,train,R0132,https://doi.org/10.1016/j.electacta.2025.147671,1.15,1.0904354940043337
lasso,4,train,R0133,https://doi.org/10.1021/acsaem.5c03033,1.25,1.2450501406141805
lasso,4,train,R0134,https://doi.org/10.1021/acsanm.5c04476,1.04,1.1264542841486758
lasso,4,train,R0135,https://doi.org/10.1021/acsanm.5c04476,1.25,1.3043767700287017
lasso,4,train,R0136,https://doi.org/10.1088/2631-6331/ae1925,1.3,1.3227560684301527
lasso,4,train,R0137,https://doi.org/10.1002/anie.202521423,1.2,1.177050680016909
lasso,4,train,R0138,https://doi.org/10.1080/1536383X.2025.2583369,1.3,1.2660130164182868
lasso,4,train,R0139,https://doi.org/10.1002/anie.202520097,1.2,1.1354338871321656
lasso,4,train,R0140,https://doi.org/10.1016/j.jcis.2025.139355,0.8,1.0300086157543031
lasso,4,train,R0141,https://doi.org/10.1016/j.jcis.2025.139355,0.83,1.0300086157543031
lasso,4,train,R0142,https://doi.org/10.1021/acsnano.5c10218,0.96,0.9924929222869167
lasso,4,train,R0143,https://doi.org/10.1021/acsnano.5c10218,1.18,1.1354338871321656
lasso,4,train,R0144,https://doi.org/10.1002/aoc.70327,1.41,1.3227560684301527
lasso,4,train,R0146,https://doi.org/10.1016/j.electacta.2025.146925,1.1,1.1860302830003986
lasso,4,train,R0147,https://doi.org/10.1016/j.jcis.2025.138454,0.89,1.0442634535936302
lasso,4,train,R0148,https://doi.org/10.1038/s41598-025-11449-1,0.998,0.9924929222869167
lasso,4,train,R0149,https://doi.org/10.1002/anie.202509132,0.94,1.0300086157543031
lasso,4,train,R0151,https://doi.org/10.1021/acs.iecr.5c01518,1.18,1.2387982214958557
lasso,4,train,R0152,https://doi.org/10.1021/acs.iecr.5c01518,1.25,1.3043767700287017
lasso,4,train,R0153,https://doi.org/10.1016/j.carbon.2025.120482,1.25,1.177050680016909
lasso,4,train,R0154,https://doi.org/10.1093/nsr/nwaf145,1.24,1.1354338871321656
lasso,4,train,R0155,https://doi.org/10.1016/j.jcis.2025.137782,1.36,1.3227560684301527
lasso,4,train,R0156,https://doi.org/10.1016/j.cej.2025.162908,1.3,1.2135902496287343
lasso,4,train,R0157,https://doi.org/10.1016/j.cej.2025.162908,1.35,1.2167211949901509
lasso,4,train,R0158,https://doi.org/10.1016/j.cej.2025.162908,1.3,1.2135902496287343
lasso,4,train,R0159,https://doi.org/10.1016/j.cej.2025.162420,0.86,1.0019537513018786
lasso,4,train,R0160,https://doi.org/10.1039/d5nr00300h,0.77,1.0300086157543031
lasso,4,train,R0161,https://doi.org/10.1039/d5nr00300h,1.29,1.3227560684301527
lasso,4,train,R0163,https://doi.org/10.1002/celc.202400626,1.4,1.3227560684301527
lasso,4,train,R0167,https://doi.org/10.1002/anie.202418893,1.3,1.305637726427276
lasso,4,train,R0168,https://doi.org/10.1016/j.electacta.2024.145384,1.01,1.0442634535936302
lasso,4,train,R0169,https://doi.org/10.1007/s10008-024-06115-x,1.4,1.3154081542699465
lasso,4,train,R0173,https://doi.org/10.1021/acs.energyfuels.4c04356,0.94,0.9924929222869167
lasso,4,train,R0174,https://doi.org/10.1002/smll.202406525,1.25,1.2342542088157655
lasso,4,train,R0175,https://doi.org/10.1016/j.jpowsour.2024.235394,0.95,0.9835133193034269
lasso,4,train,R0176,https://doi.org/10.1016/j.jpowsour.2024.235394,1.0,1.1264542841486758
lasso,4,train,R0177,https://doi.org/10.1002/cey2.587,1.35,1.305637726427276
lasso,4,train,R0178,https://doi.org/10.1002/cey2.550,1.25,1.2036322153754762
lasso,4,train,R0179,https://doi.org/10.1039/d4sc03242j,1.1,1.1860302830003986
lasso,4,train,R0180,https://doi.org/10.1016/j.est.2024.112780,1.3,1.281204762211923
lasso,4,train,R0181,https://doi.org/10.1016/j.est.2024.112780,1.45,1.3190155210065968
lasso,4,train,R0182,https://doi.org/10.1016/j.jcis.2024.06.137,1.25,1.2256621545857391
lasso,4,train,R0183,https://doi.org/10.1016/j.jcis.2024.06.137,1.4,1.3828147227288001
lasso,4,train,R0184,https://doi.org/10.1016/j.jcis.2024.06.137,1.45,1.3828147227288001
lasso,4,train,R0185,https://doi.org/10.1002/adma.202404319,1.2,1.0609735473363482
lasso,4,train,R0186,https://doi.org/10.1002/adma.202405440,1.4,1.3154081542699465
lasso,4,train,R0187,https://doi.org/10.1016/j.mtener.2024.101597,1.38,1.3190155210065968
lasso,4,train,R0188,https://doi.org/10.1016/j.jcis.2024.05.144,1.2,1.174440814677273
lasso,4,train,R0189,https://doi.org/10.1016/j.ijoes.2024.100602,1.3,1.177050680016909
lasso,4,train,R0190,https://doi.org/10.1016/j.jechem.2024.01.076,1.3,1.3043767700287017
lasso,4,train,R0191,https://doi.org/10.1016/j.jechem.2024.01.076,1.25,1.3043767700287017
lasso,4,train,R0192,https://doi.org/10.1016/j.jechem.2024.01.076,1.25,1.3343747905460428
lasso,4,train,R0193,https://doi.org/10.1002/aenm.202303766,0.95,0.9835133193034269
lasso,4,train,R0194,https://doi.org/10.1002/smtd.202301728,1.22,1.1872984009753242
lasso,4,train,R0195,https://doi.org/10.1002/smtd.202301728,1.32,1.1872984009753242
lasso,4,train,R0197,https://doi.org/10.1016/j.jallcom.2024.173877,1.11,1.1860302830003986
lasso,4,test,R0003,https://doi.org/10.1016/j.apcatb.2019.118283,1.27,1.2167211949901509
lasso,4,test,R0013,http://dx.doi.org/10.1016/j.jelechem.2020.114124,1.25,1.2764884555637046
lasso,4,test,R0014,https://doi.org/10.1016/j.jechem.2020.07.053,0.98,1.1623657949023911
lasso,4,test,R0033,https://dx.doi.org/10.1021/acsaem.0c01691,1.35,1.3072683920298023
lasso,4,test,R0042,https://doi.org/10.1002/smll.202105752,1.4,1.3221464663680131
lasso,4,test,R0043,https://doi.org/10.1002/smll.202105752,1.25,1.3043767700287017
lasso,4,test,R0047,https://doi.org/10.1002/aenm.202200791,1.0,1.0110530679734404
lasso,4,test,R0049,https://doi.org/10.1016/j.apcatb.2022.121844,0.92,1.036032776490619
lasso,4,test,R0058,https://doi.org/10.1016/j.electacta.2023.142096,0.99,1.0130560184488997
lasso,4,test,R0059,https://doi.org/10.1016/j.electacta.2022.140147,1.11,1.1264542841486758
lasso,4,test,R0062,https://doi.org/10.1002/slct.202200870,1.04,1.0300086157543031
lasso,4,test,R0063,https://doi.org/10.1002/slct.202200870,1.1,1.186213091921405
lasso,4,test,R0064,https://doi.org/10.1002/slct.202200870,1.11,1.1264542841486758
lasso,4,test,R0065,https://doi.org/10.1016/j.cej.2023.146775,1.0,1.255089635765272
lasso,4,test,R0066,https://www.pnas.org/lookup/suppl/doi:10.1073/pnas.2301439120/-/DCSupplemental.,1.11,1.0236202960911507
lasso,4,test,R0072,https://doi.org/10.1016/j.ijhydene.2023.12.023,1.4,1.3190155210065968
lasso,4,test,R0076,https://doi.org/10.1002/admi.202102110,0.98,1.0210290127708135
lasso,4,test,R0077,https://doi.org/10.1002/admi.202102110,1.04,1.186213091921405
lasso,4,test,R0081,https://doi.org/10.1021/acs.jpcc.3c01042,1.2,1.1860302830003986
lasso,4,test,R0082,https://doi.org/10.1021/acs.jpcc.3c01042,1.25,1.1860302830003986
lasso,4,test,R0083,https://doi.org/10.1021/acs.jpcc.3c01042,1.25,1.1860302830003986
lasso,4,test,R0085,https://doi.org/10.1021/jacs.2c11676,1.05,1.186213091921405
lasso,4,test,R0096,https://doi.org/10.1002/adsu.202300510,0.95,1.0542377800996732
lasso,4,test,R0097,https://doi.org/10.1002/adsu.202300510,1.2,1.2342542088157655
lasso,4,test,R0098,https://doi.org/10.1002/adsu.202300510,1.25,1.2342542088157655
lasso,4,test,R0103,https://doi.org/10.1007/s12274-022-5330-2,1.2,1.1354338871321656
lasso,4,test,R0104,https://doi.org/10.1007/s12274-022-5330-2,1.15,1.095151800652552
lasso,4,test,R0105,https://doi.org/10.1007/s12274-022-5330-2,1.1,1.1354338871321656
lasso,4,test,R0106,https://doi.org/10.1007/s12274-022-5330-2,1.08,1.095151800652552
lasso,4,test,R0107,https://doi.org/10.1016/j.ensm.2023.102829,1.2,1.2224389904670858
lasso,4,test,R0110,https://doi.org/10.1002/adma.202106436,1.2,1.183341705368027
lasso,4,test,R0118,https://doi.org/10.1002/smll.202106707,1.42,1.3804548316050849
lasso,4,test,R0145,https://doi.org/10.1021/acs.langmuir.5c02644,1.1,1.0298159080012206
lasso,4,test,R0150,https://doi.org/10.1016/j.jpowsour.2025.237653,1.15,1.1264542841486758
lasso,4,test,R0162,https://doi.org/10.1021/jacs.4c15230,1.1,1.1860302830003986
lasso,4,test,R0164,https://doi.org/10.1016/j.esci.2024.100310,1.08,1.186213091921405
lasso,4,test,R0165,https://doi.org/10.1016/j.esci.2024.100310,1.1,1.186213091921405
lasso,4,test,R0166,https://doi.org/10.1002/smll.202406516,1.2,1.1860302830003986
lasso,4,test,R0170,https://doi.org/10.1002/aenm.202402925,1.4,1.3090411602804692
lasso,4,test,R0171,https://doi.org/10.1002/aenm.202402925,1.28,1.2641425781804234
lasso,4,test,R0172,https://doi.org/10.1002/aenm.202402925,1.3,1.2641425781804234
lasso,4,test,R0196,https://doi.org/10.1016/j.mtcomm.2024.108243,0.84,1.0300086157543031
lasso,4,test,R0198,https://doi.org/10.1016/j.jpowsour.2024.234130,1.05,1.09094616904197
lasso,4,test,R0199,https://doi.org/10.1016/j.jpowsour.2024.234130,1.17,1.177050680016909
lasso,4,test,R0200,https://doi.org/10.1021/jacs.3c12734,1.12,1.1125032134073607
rf,0,train,R0001,https://doi.org/10.1016/j.electacta.2020.137645,1.3,1.3073647115662088
rf,0,train,R0002,https://doi.org/10.1016/j.electacta.2020.137645,1.5,1.434329535353535
rf,0,train,R0003,https://doi.org/10.1016/j.apcatb.2019.118283,1.27,1.2681407544511032
rf,0,train,R0004,https://doi.org/10.1016/j.ssi.2021.115773,1.1,1.1573622300444537
rf,0,train,R0005,https://doi.org/10.1016/j.ssi.2021.115773,1.4,1.390023176046175
rf,0,train,R0006,https://doi.org/10.1016/j.jpowsour.2021.230374,1.24,1.2055618920474946
rf,0,train,R0007,https://doi.org/10.1016/j.jallcom.2019.152736,1.35,1.2994049375901922
rf,0,train,R0008,https://doi.org/10.1016/j.jallcom.2020.153803,1.25,1.2343941046176046
rf,0,train,R0009,https://doi.org/10.1016/j.jallcom.2020.158269,1.0,1.02141334022644
rf,0,train,R0012,https://doi.org/10.1016/j.cej.2021.128403,0.97,0.9203903555155716
rf,0,train,R0013,http://dx.doi.org/10.1016/j.jelechem.2020.114124,1.25,1.2927306495726487
rf,0,train,R0014,https://doi.org/10.1016/j.jechem.2020.07.053,0.98,1.0357214437229438
rf,0,train,R0016,https://doi.org/10.1016/j.jallcom.2020.157945,1.012,0.9203903555155716
rf,0,train,R0017,https://doi.org/10.1016/j.jallcom.2020.154054,0.82,0.9203903555155716
rf,0,train,R0018,https://doi.org/10.1016/j.jpowsour.2020.228362,1.35,1.3090065873015884
rf,0,train,R0019,https://doi.org/10.1016/j.jallcom.2020.157656,1.4,1.43142302197802
rf,0,train,R0020,https://doi.org/10.1002/aenm.202100110,0.95,0.9755109199134191
rf,0,train,R0021,https://doi.org/10.1002/anie.202110116,1.4,1.330172417915417
rf,0,train,R0022,https://doi.org/10.1002/anie.202110116,1.3,1.330172417915417
rf,0,train,R0023,https://doi.org/10.1021/acs.jpcc.1c05456,1.15,1.1573622300444537
rf,0,train,R0024,https://doi.org/10.1021/acs.jpcc.1c05456,1.2,1.1573622300444537
rf,0,train,R0025,https://doi.org/10.1021/acs.jpcc.1c05456,1.15,1.1573622300444537
rf,0,train,R0026,https://doi.org/10.1039/d0cc05980c,1.2,1.1760120331106807
rf,0,train,R0027,https://doi.org/10.1039/d0nr00866d,1.5,1.4530018791208787
rf,0,train,R0031,https://doi.org/10.1002/ente.201901257,1.15,1.184389154698241
rf,0,train,R0032,https://doi.org/10.1002/ente.201901257,1.2,1.184389154698241
rf,0,train,R0033,https://dx.doi.org/10.1021/acsaem.0c01691,1.35,1.3374297417027456
rf,0,train,R0036,https://doi.org/10.1002/er.7342,1.21,1.2055618920474946
rf,0,train,R0037,https://doi.org/10.1002/er.6806,1.0,1.0117517841310735
rf,0,train,R0038,https://doi.org/10.1021/acsami.1c08720,0.84,0.8771501661720638
rf,0,train,R0039,https://dx.doi.org/10.1021/acsami.9b21904,1.3,1.3374297417027456
rf,0,train,R0040,https://doi.org/10.1007/s11581-021-04046-5,0.9,0.9203903555155716
rf,0,train,R0041,https://doi.org/10.1007/s40242-020-0077-3,1.15,1.2055618920474946
rf,0,train,R0042,https://doi.org/10.1002/smll.202105752,1.4,1.43142302197802
rf,0,train,R0043,https://doi.org/10.1002/smll.202105752,1.25,1.2603657384282367
rf,0,train,R0044,https://dx.doi.org/10.1021/acscatal.0c02608,1.35,1.3374297417027456
rf,0,train,R0045,https://doi.org/10.1021/acsaem.1c01572,1.1,1.0515287932330857
rf,0,train,R0046,https://doi.org/10.1021/acsaem.1c01572,1.3,1.330172417915417
rf,0,train,R0047,https://doi.org/10.1002/aenm.202200791,1.0,0.994887695776446
rf,0,train,R0049,https://doi.org/10.1016/j.apcatb.2022.121844,0.92,0.949866164341217
rf,0,train,R0050,https://doi.org/10.1002/aenm.202203660,1.33,1.3048258297258288
rf,0,train,R0053,https://doi.org/10.1016/j.ensm.2022.07.026,1.1,1.0380825865800871
rf,0,train,R0054,https://doi.org/10.1016/S1872‐2067(23)64409‐2,1.1,1.1099957328782337
rf,0,train,R0055,https://doi.org/10.1016/S1872‐2067(23)64409‐2,1.15,1.1099957328782337
rf,0,train,R0056,https://doi.org/10.1016/j.jallcom.2023.170130,1.29,1.2055618920474946
rf,0,train,R0057,https://doi.org/10.1002/smll.202205532,1.08,0.9755109199134191
rf,0,train,R0058,https://doi.org/10.1016/j.electacta.2023.142096,0.99,0.9773906292318796
rf,0,train,R0059,https://doi.org/10.1016/j.electacta.2022.140147,1.11,1.0897139412809416
rf,0,train,R0060,https://doi.org/10.1021/acsami.1c22643,1.0,1.0130676277056267
rf,0,train,R0062,https://doi.org/10.1002/slct.202200870,1.04,0.9203903555155716
rf,0,train,R0063,https://doi.org/10.1002/slct.202200870,1.1,1.0754192503607503
rf,0,train,R0064,https://doi.org/10.1002/slct.202200870,1.11,1.0897139412809416
rf,0,train,R0065,https://doi.org/10.1016/j.cej.2023.146775,1.0,0.9981408653790657
rf,0,train,R0066,https://www.pnas.org/lookup/suppl/doi:10.1073/pnas.2301439120/-/DCSupplemental.,1.11,1.0526926897546913
rf,0,train,R0070,https://doi.org/10.1016/j.cej.2022.136852,1.06,0.9203903555155716
rf,0,train,R0071,https://doi.org/10.1039/d2ta07061h,1.34,1.390023176046175
rf,0,train,R0072,https://doi.org/10.1016/j.ijhydene.2023.12.023,1.4,1.4129105419025407
rf,0,train,R0073,https://doi.org/10.1016/j.jelechem.2022.116356,1.3,1.3048258297258288
rf,0,train,R0074,https://doi.org/10.1002/smll.202204836,1.25,1.233093422632923
rf,0,train,R0075,https://doi.org/10.1002/smll.202204836,1.18,1.0897139412809416
rf,0,train,R0076,https://doi.org/10.1002/admi.202102110,0.98,0.9698290114885124
rf,0,train,R0077,https://doi.org/10.1002/admi.202102110,1.04,1.0754192503607503
rf,0,train,R0078,https://doi.org/10.1016/j.cej.2022.137684,1.29,1.3322069105339096
rf,0,train,R0079,https://doi.org/10.1016/j.cej.2022.137684,1.41,1.330172417915417
rf,0,train,R0080,https://doi.org/10.1016/j.est.2023.107329,1.01,1.0034753773448752
rf,0,train,R0081,https://doi.org/10.1021/acs.jpcc.3c01042,1.2,1.1573622300444537
rf,0,train,R0082,https://doi.org/10.1021/acs.jpcc.3c01042,1.25,1.1573622300444537
rf,0,train,R0083,https://doi.org/10.1021/acs.jpcc.3c01042,1.25,1.1573622300444537
rf,0,train,R0084,https://doi.org/10.1021/acsami.3c01599,1.17,1.2055618920474946
rf,0,train,R0085,https://doi.org/10.1021/jacs.2c11676,1.05,1.0754192503607503
rf,0,train,R0086,https://doi.org/10.1016/j.est.2023.109342,1.35,1.4129105419025407
rf,0,train,R0087,https://doi.org/10.1016/j.est.2023.109342,1.5,1.4129105419025407
rf,0,train,R0088,https://doi.org/10.1016/j.est.2023.109342,1.4,1.4129105419025407
rf,0,train,R0089,https://doi.org/10.1016/j.jcis.2022.12.148,1.28,1.3048258297258288
rf,0,train,R0090,https://doi.org/10.1016/j.cej.2022.139524,1.22,1.173865782295
rf,0,train,R0091,https://doi.org/10.1039/d1qi01260f,1.23,1.1760120331106807
rf,0,train,R0093,https://doi.org/10.1016/j.jallcom.2022.163703,1.09,1.0368354662448647
rf,0,train,R0094,https://doi.org/10.1016/j.electacta.2022.140894,1.05,1.1573622300444537
rf,0,train,R0095,https://doi.org/10.1002/smll.202206611,0.98,1.0357214437229438
rf,0,train,R0096,https://doi.org/10.1002/adsu.202300510,0.95,0.9752653354978328
rf,0,train,R0097,https://doi.org/10.1002/adsu.202300510,1.2,1.2055618920474946
rf,0,train,R0098,https://doi.org/10.1002/adsu.202300510,1.25,1.2055618920474946
rf,0,train,R0099,https://doi.org/10.1021/acsami.2c19975,1.38,1.3322069105339096
rf,0,train,R0100,https://doi.org/10.1021/acscatal.2c02544,1.15,1.2055618920474946
rf,0,train,R0101,https://doi.org/10.1021/acscatal.2c02544,1.15,1.2055618920474946
rf,0,train,R0102,https://www.science.org/doi/10.1126/sciadv.abq6261,1.2,1.1573622300444537
rf,0,train,R0103,https://doi.org/10.1007/s12274-022-5330-2,1.2,1.1760120331106807
rf,0,train,R0104,https://doi.org/10.1007/s12274-022-5330-2,1.15,1.1099957328782337
rf,0,train,R0105,https://doi.org/10.1007/s12274-022-5330-2,1.1,1.1760120331106807
rf,0,train,R0106,https://doi.org/10.1007/s12274-022-5330-2,1.08,1.1099957328782337
rf,0,train,R0107,https://doi.org/10.1016/j.ensm.2023.102829,1.2,1.2248536410811415
rf,0,train,R0108,https://doi.org/10.1016/j.cej.2022.138462,1.17,1.173865782295
rf,0,train,R0110,https://doi.org/10.1002/adma.202106436,1.2,1.2485427106782125
rf,0,train,R0111,https://doi.org/10.1016/j.apcatb.2022.122203,1.25,1.3048258297258288
rf,0,train,R0112,https://doi.org/10.1021/acsnano.3c05782,1.12,1.1299782132312108
rf,0,train,R0113,https://doi.org/10.1039/d2ta03604e,0.85,0.9203903555155716
rf,0,train,R0114,https://doi.org/10.1016/j.compositesb.2022.109727,1.1,1.1573622300444537
rf,0,train,R0115,https://doi.org/10.1016/j.ensm.2022.05.029,1.14,1.173865782295
rf,0,train,R0116,https://doi.org/10.1016/j.cej.2023.143351,1.23,1.2425810097125123
rf,0,train,R0117,https://doi.org/10.1002/adfm.202209876,1.18,1.1837808166833161
rf,0,train,R0118,https://doi.org/10.1002/smll.202106707,1.42,1.390023176046175
rf,0,train,R0119,https://doi.org/10.1021/acsaem.3c02592,0.98,1.0897139412809416
rf,0,train,R0120,https://doi.org/10.1002/aenm.202204057,1.3,1.2681407544511032
rf,0,train,R0121,https://doi.org/10.1002/aenm.202204057,1.4,1.4187420282495251
rf,0,train,R0122,https://doi.org/10.1002/aenm.202204057,1.5,1.43142302197802
rf,0,train,R0123,https://doi.org/10.1021/acs.nanolett.3c03025,1.1,1.1760120331106807
rf,0,train,R0124,https://doi.org/10.1021/acs.nanolett.3c03025,1.15,1.1760120331106807
rf,0,train,R0125,https://sioc-journal.cn/Jwk_hxxb/EN/10.6023/A22050206,1.08,1.1099957328782337
rf,0,train,R0126,https://doi.org/10.1016/j.jcis.2026.140244,1.04,1.0130676277056267
rf,0,train,R0127,https://doi.org/10.1016/j.jechem.2026.01.056,1.25,1.26113735858586
rf,0,train,R0128,https://doi.org/10.1002/smll.202512953,1.25,1.3090065873015884
rf,0,train,R0129,https://doi.org/10.1002/smll.202512953,1.39,1.4095773954933917
rf,0,train,R0130,https://doi.org/10.1002/smll.202512953,1.45,1.4095773954933917
rf,0,train,R0131,https://doi.org/10.1002/advs.202522315,1.0,1.0357214437229438
rf,0,train,R0132,https://doi.org/10.1016/j.electacta.2025.147671,1.15,1.1299782132312108
rf,0,train,R0133,https://doi.org/10.1021/acsaem.5c03033,1.25,1.2712170860805851
rf,0,train,R0136,https://doi.org/10.1088/2631-6331/ae1925,1.3,1.3479271544011544
rf,0,train,R0137,https://doi.org/10.1002/anie.202521423,1.2,1.233093422632923
rf,0,train,R0138,https://doi.org/10.1080/1536383X.2025.2583369,1.3,1.2453285221836974
rf,0,train,R0139,https://doi.org/10.1002/anie.202520097,1.2,1.1760120331106807
rf,0,train,R0144,https://doi.org/10.1002/aoc.70327,1.41,1.3479271544011544
rf,0,train,R0145,https://doi.org/10.1021/acs.langmuir.5c02644,1.1,1.0937020086857614
rf,0,train,R0147,https://doi.org/10.1016/j.jcis.2025.138454,0.89,0.9755109199134191
rf,0,train,R0149,https://doi.org/10.1002/anie.202509132,0.94,0.9203903555155716
rf,0,train,R0150,https://doi.org/10.1016/j.jpowsour.2025.237653,1.15,1.0897139412809416
rf,0,train,R0153,https://doi.org/10.1016/j.carbon.2025.120482,1.25,1.233093422632923
rf,0,train,R0154,https://doi.org/10.1093/nsr/nwaf145,1.24,1.1760120331106807
rf,0,train,R0159,https://doi.org/10.1016/j.cej.2025.162420,0.86,0.8715500671155677
rf,0,train,R0160,https://doi.org/10.1039/d5nr00300h,0.77,0.9203903555155716
rf,0,train,R0161,https://doi.org/10.1039/d5nr00300h,1.29,1.3479271544011544
rf,0,train,R0162,https://doi.org/10.1021/jacs.4c15230,1.1,1.1573622300444537
rf,0,train,R0163,https://doi.org/10.1002/celc.202400626,1.4,1.3479271544011544
rf,0,train,R0164,https://doi.org/10.1016/j.esci.2024.100310,1.08,1.0754192503607503
rf,0,train,R0165,https://doi.org/10.1016/j.esci.2024.100310,1.1,1.0754192503607503
rf,0,train,R0166,https://doi.org/10.1002/smll.202406516,1.2,1.1573622300444537
rf,0,train,R0170,https://doi.org/10.1002/aenm.202402925,1.4,1.4095773954933917
rf,0,train,R0171,https://doi.org/10.1002/aenm.202402925,1.28,1.330172417915417
rf,0,train,R0172,https://doi.org/10.1002/aenm.202402925,1.3,1.330172417915417
rf,0,train,R0174,https://doi.org/10.1002/smll.202406525,1.25,1.2055618920474946
rf,0,train,R0175,https://doi.org/10.1016/j.jpowsour.2024.235394,0.95,0.9511125205905164
rf,0,train,R0176,https://doi.org/10.1016/j.jpowsour.2024.235394,1.0,1.0897139412809416
rf,0,train,R0177,https://doi.org/10.1002/cey2.587,1.35,1.3048258297258288
rf,0,train,R0178,https://doi.org/10.1002/cey2.550,1.25,1.248476548007548
rf,0,train,R0180,https://doi.org/10.1016/j.est.2024.112780,1.3,1.2886220189810165
rf,0,train,R0181,https://doi.org/10.1016/j.est.2024.112780,1.45,1.4129105419025407
rf,0,train,R0182,https://doi.org/10.1016/j.jcis.2024.06.137,1.25,1.258952742812744
rf,0,train,R0183,https://doi.org/10.1016/j.jcis.2024.06.137,1.4,1.4187420282495251
rf,0,train,R0184,https://doi.org/10.1016/j.jcis.2024.06.137,1.45,1.4187420282495251
rf,0,train,R0185,https://doi.org/10.1002/adma.202404319,1.2,1.140617913734305
rf,0,train,R0187,https://doi.org/10.1016/j.mtener.2024.101597,1.38,1.4129105419025407
rf,0,train,R0189,https://doi.org/10.1016/j.ijoes.2024.100602,1.3,1.233093422632923
rf,0,train,R0190,https://doi.org/10.1016/j.jechem.2024.01.076,1.3,1.2603657384282367
rf,0,train,R0191,https://doi.org/10.1016/j.jechem.2024.01.076,1.25,1.2603657384282367
rf,0,train,R0192,https://doi.org/10.1016/j.jechem.2024.01.076,1.25,1.245692403180155
rf,0,train,R0193,https://doi.org/10.1002/aenm.202303766,0.95,0.9511125205905164
rf,0,train,R0196,https://doi.org/10.1016/j.mtcomm.2024.108243,0.84,0.9203903555155716
rf,0,train,R0197,https://doi.org/10.1016/j.jallcom.2024.173877,1.11,1.1573622300444537
rf,0,train,R0198,https://doi.org/10.1016/j.jpowsour.2024.234130,1.05,1.098399131035633
rf,0,train,R0199,https://doi.org/10.1016/j.jpowsour.2024.234130,1.17,1.233093422632923
rf,0,train,R0200,https://doi.org/10.1021/jacs.3c12734,1.12,1.105006251082253
rf,0,test,R0010,https://doi.org/10.1016/j.cej.2020.124294,1.35,1.3981322211677207
rf,0,test,R0011,https://doi.org/10.1016/j.cej.2020.124294,1.4,1.3981322211677207
rf,0,test,R0015,https://doi.org/10.1016/j.flatc.2020.100221,1.25,1.2364864617604632
rf,0,test,R0028,https://doi.org/10.1039/d0ta09195b,1.05,1.0937020086857614
rf,0,test,R0029,https://doi.org/10.1039/d1ta00538c,1.3,1.233093422632923
rf,0,test,R0030,https://doi.org/10.1039/d1ta04830a,1.05,1.1087470960150967
rf,0,test,R0034,https://dx.doi.org/10.1021/acsnano.9b09646,1.45,1.4187420282495251
rf,0,test,R0035,https://dx.doi.org/10.1021/acsami.0c02087,1.15,1.1099957328782337
rf,0,test,R0048,https://doi.org/10.1002/aenm.202103910,1.0,0.994887695776446
rf,0,test,R0051,https://doi.org/10.1016/j.ensm.2023.102874,1.21,1.1243968270063285
rf,0,test,R0052,https://doi.org/10.1016/j.ensm.2023.102989,1.1,1.1099957328782337
rf,0,test,R0061,https://doi.org/10.1016/j.jelechem.2022.116810,1.15,1.1760120331106807
rf,0,test,R0067,https://doi.org/10.3390/nano12142386,1.2,1.173865782295
rf,0,test,R0068,https://doi.org/10.1021/acsami.2c19975,1.03,1.0247551523476515
rf,0,test,R0069,https://doi.org/10.1021/acsami.2c19975,1.38,1.3322069105339096
rf,0,test,R0092,https://doi.org/10.1016/j.carbon.2022.04.080,1.32,1.3048258297258288
rf,0,test,R0109,https://doi.org/10.1002/smll.202302598,1.25,1.2603657384282367
rf,0,test,R0134,https://doi.org/10.1021/acsanm.5c04476,1.04,1.0897139412809416
rf,0,test,R0135,https://doi.org/10.1021/acsanm.5c04476,1.25,1.2603657384282367
rf,0,test,R0140,https://doi.org/10.1016/j.jcis.2025.139355,0.8,0.9203903555155716
rf,0,test,R0141,https://doi.org/10.1016/j.jcis.2025.139355,0.83,0.9203903555155716
rf,0,test,R0142,https://doi.org/10.1021/acsnano.5c10218,0.96,0.8771501661720638
rf,0,test,R0143,https://doi.org/10.1021/acsnano.5c10218,1.18,1.1760120331106807
rf,0,test,R0146,https://doi.org/10.1016/j.electacta.2025.146925,1.1,1.1573622300444537
rf,0,test,R0148,https://doi.org/10.1038/s41598-025-11449-1,0.998,0.8771501661720638
rf,0,test,R0151,https://doi.org/10.1021/acs.iecr.5c01518,1.18,1.2534853705183722
rf,0,test,R0152,https://doi.org/10.1021/acs.iecr.5c01518,1.25,1.2603657384282367
rf,0,test,R0155,https://doi.org/10.1016/j.jcis.2025.137782,1.36,1.3479271544011544
rf,0,test,R0156,https://doi.org/10.1016/j.cej.2025.162908,1.3,1.2689245340603825
rf,0,test,R0157,https://doi.org/10.1016/j.cej.2025.162908,1.35,1.2681407544511032
rf,0,test,R0158,https://doi.org/10.1016/j.cej.2025.162908,1.3,1.2689245340603825
rf,0,test,R0167,https://doi.org/10.1002/anie.202418893,1.3,1.3048258297258288
rf,0,test,R0168,https://doi.org/10.1016/j.electacta.2024.145384,1.01,0.9755109199134191
rf,0,test,R0169,https://doi.org/10.1007/s10008-024-06115-x,1.4,1.434329535353535
rf,0,test,R0173,https://doi.org/10.1021/acs.energyfuels.4c04356,0.94,0.8771501661720638
rf,0,test,R0179,https://doi.org/10.1039/d4sc03242j,1.1,1.1573622300444537
rf,0,test,R0186,https://doi.org/10.1002/adma.202405440,1.4,1.434329535353535
rf,0,test,R0188,https://doi.org/10.1016/j.jcis.2024.05.144,1.2,1.2994049375901922
rf,0,test,R0194,https://doi.org/10.1002/smtd.202301728,1.22,1.2704063427128451
rf,0,test,R0195,https://doi.org/10.1002/smtd.202301728,1.32,1.2704063427128451
rf,1,train,R0001,https://doi.org/10.1016/j.electacta.2020.137645,1.3,1.3106192937062908
rf,1,train,R0002,https://doi.org/10.1016/j.electacta.2020.137645,1.5,1.430621469696968
rf,1,train,R0003,https://doi.org/10.1016/j.apcatb.2019.118283,1.27,1.3059898650793633
rf,1,train,R0004,https://doi.org/10.1016/j.ssi.2021.115773,1.1,1.1598762545464505
rf,1,train,R0005,https://doi.org/10.1016/j.ssi.2021.115773,1.4,1.3874569444444425
rf,1,train,R0006,https://doi.org/10.1016/j.jpowsour.2021.230374,1.24,1.1903330969161567
rf,1,train,R0007,https://doi.org/10.1016/j.jallcom.2019.152736,1.35,1.2586743377733376
rf,1,train,R0008,https://doi.org/10.1016/j.jallcom.2020.153803,1.25,1.2314699090909096
rf,1,train,R0010,https://doi.org/10.1016/j.cej.2020.124294,1.35,1.3807749669219678
rf,1,train,R0011,https://doi.org/10.1016/j.cej.2020.124294,1.4,1.3807749669219678
rf,1,train,R0013,http://dx.doi.org/10.1016/j.jelechem.2020.114124,1.25,1.2790496847041837
rf,1,train,R0014,https://doi.org/10.1016/j.jechem.2020.07.053,0.98,1.0364083751803743
rf,1,train,R0015,https://doi.org/10.1016/j.flatc.2020.100221,1.25,1.2352178167388166
rf,1,train,R0017,https://doi.org/10.1016/j.jallcom.2020.154054,0.82,0.8836366070498126
rf,1,train,R0018,https://doi.org/10.1016/j.jpowsour.2020.228362,1.35,1.3097358458208466
rf,1,train,R0019,https://doi.org/10.1016/j.jallcom.2020.157656,1.4,1.433061323953821
rf,1,train,R0020,https://doi.org/10.1002/aenm.202100110,0.95,0.985511106204905
rf,1,train,R0021,https://doi.org/10.1002/anie.202110116,1.4,1.3325140296925293
rf,1,train,R0022,https://doi.org/10.1002/anie.202110116,1.3,1.3325140296925293
rf,1,train,R0027,https://doi.org/10.1039/d0nr00866d,1.5,1.457011923687424
rf,1,train,R0028,https://doi.org/10.1039/d0ta09195b,1.05,1.0729239936174948
rf,1,train,R0029,https://doi.org/10.1039/d1ta00538c,1.3,1.2324269639249654
rf,1,train,R0030,https://doi.org/10.1039/d1ta04830a,1.05,1.0709313481241
rf,1,train,R0033,https://dx.doi.org/10.1021/acsaem.0c01691,1.35,1.360214987179495
rf,1,train,R0034,https://dx.doi.org/10.1021/acsnano.9b09646,1.45,1.4275927539682522
rf,1,train,R0035,https://dx.doi.org/10.1021/acsami.0c02087,1.15,1.1122677857142866
rf,1,train,R0036,https://doi.org/10.1002/er.7342,1.21,1.1903330969161567
rf,1,train,R0037,https://doi.org/10.1002/er.6806,1.0,1.0116197529581525
rf,1,train,R0038,https://doi.org/10.1021/acsami.1c08720,0.84,0.9321747510822512
rf,1,train,R0041,https://doi.org/10.1007/s40242-020-0077-3,1.15,1.1903330969161567
rf,1,train,R0042,https://doi.org/10.1002/smll.202105752,1.4,1.433061323953821
rf,1,train,R0043,https://doi.org/10.1002/smll.202105752,1.25,1.2458865555555558
rf,1,train,R0044,https://dx.doi.org/10.1021/acscatal.0c02608,1.35,1.360214987179495
rf,1,train,R0045,https://doi.org/10.1021/acsaem.1c01572,1.1,1.0451469900099934
rf,1,train,R0046,https://doi.org/10.1021/acsaem.1c01572,1.3,1.3325140296925293
rf,1,train,R0047,https://doi.org/10.1002/aenm.202200791,1.0,1.0044280346320344
rf,1,train,R0048,https://doi.org/10.1002/aenm.202103910,1.0,1.0044280346320344
rf,1,train,R0049,https://doi.org/10.1016/j.apcatb.2022.121844,0.92,0.9545153808080825
rf,1,train,R0050,https://doi.org/10.1002/aenm.202203660,1.33,1.3207716695526717
rf,1,train,R0051,https://doi.org/10.1016/j.ensm.2023.102874,1.21,1.176615606782107
rf,1,train,R0052,https://doi.org/10.1016/j.ensm.2023.102989,1.1,1.1122677857142866
rf,1,train,R0053,https://doi.org/10.1016/j.ensm.2022.07.026,1.1,1.040068857142857
rf,1,train,R0057,https://doi.org/10.1002/smll.202205532,1.08,0.985511106204905
rf,1,train,R0058,https://doi.org/10.1016/j.electacta.2023.142096,0.99,0.9781516569985587
rf,1,train,R0059,https://doi.org/10.1016/j.electacta.2022.140147,1.11,1.0961890889943369
rf,1,train,R0060,https://doi.org/10.1021/acsami.1c22643,1.0,1.0049880650793654
rf,1,train,R0061,https://doi.org/10.1016/j.jelechem.2022.116810,1.15,1.1577171467911174
rf,1,train,R0062,https://doi.org/10.1002/slct.202200870,1.04,0.8836366070498126
rf,1,train,R0063,https://doi.org/10.1002/slct.202200870,1.1,1.074498470418469
rf,1,train,R0064,https://doi.org/10.1002/slct.202200870,1.11,1.0961890889943369
rf,1,train,R0065,https://doi.org/10.1016/j.cej.2023.146775,1.0,0.9931324580086581
rf,1,train,R0066,https://www.pnas.org/lookup/suppl/doi:10.1073/pnas.2301439120/-/DCSupplemental.,1.11,1.0505000259740265
rf,1,train,R0067,https://doi.org/10.3390/nano12142386,1.2,1.1768734581529574
rf,1,train,R0068,https://doi.org/10.1021/acsami.2c19975,1.03,1.0323524633477603
rf,1,train,R0069,https://doi.org/10.1021/acsami.2c19975,1.38,1.3465914011544027
rf,1,train,R0070,https://doi.org/10.1016/j.cej.2022.136852,1.06,0.8836366070498126
rf,1,train,R0071,https://doi.org/10.1039/d2ta07061h,1.34,1.3874569444444425
rf,1,train,R0072,https://doi.org/10.1016/j.ijhydene.2023.12.023,1.4,1.4074686162171137
rf,1,train,R0073,https://doi.org/10.1016/j.jelechem.2022.116356,1.3,1.3207716695526717
rf,1,train,R0074,https://doi.org/10.1002/smll.202204836,1.25,1.2324269639249654
rf,1,train,R0075,https://doi.org/10.1002/smll.202204836,1.18,1.0961890889943369
rf,1,train,R0076,https://doi.org/10.1002/admi.202102110,0.98,0.9493742646797669
rf,1,train,R0077,https://doi.org/10.1002/admi.202102110,1.04,1.074498470418469
rf,1,train,R0078,https://doi.org/10.1016/j.cej.2022.137684,1.29,1.3465914011544027
rf,1,train,R0079,https://doi.org/10.1016/j.cej.2022.137684,1.41,1.3325140296925293
rf,1,train,R0081,https://doi.org/10.1021/acs.jpcc.3c01042,1.2,1.1598762545464505
rf,1,train,R0082,https://doi.org/10.1021/acs.jpcc.3c01042,1.25,1.1598762545464505
rf,1,train,R0083,https://doi.org/10.1021/acs.jpcc.3c01042,1.25,1.1598762545464505
rf,1,train,R0084,https://doi.org/10.1021/acsami.3c01599,1.17,1.1903330969161567
rf,1,train,R0085,https://doi.org/10.1021/jacs.2c11676,1.05,1.074498470418469
rf,1,train,R0091,https://doi.org/10.1039/d1qi01260f,1.23,1.1577171467911174
rf,1,train,R0092,https://doi.org/10.1016/j.carbon.2022.04.080,1.32,1.3207716695526717
rf,1,train,R0093,https://doi.org/10.1016/j.jallcom.2022.163703,1.09,1.0309609491410543
rf,1,train,R0095,https://doi.org/10.1002/smll.202206611,0.98,1.0364083751803743
rf,1,train,R0096,https://doi.org/10.1002/adsu.202300510,0.95,0.9716171718614682
rf,1,train,R0097,https://doi.org/10.1002/adsu.202300510,1.2,1.1903330969161567
rf,1,train,R0098,https://doi.org/10.1002/adsu.202300510,1.25,1.1903330969161567
rf,1,train,R0099,https://doi.org/10.1021/acsami.2c19975,1.38,1.3465914011544027
rf,1,train,R0100,https://doi.org/10.1021/acscatal.2c02544,1.15,1.1903330969161567
rf,1,train,R0101,https://doi.org/10.1021/acscatal.2c02544,1.15,1.1903330969161567
rf,1,train,R0102,https://www.science.org/doi/10.1126/sciadv.abq6261,1.2,1.1598762545464505
rf,1,train,R0103,https://doi.org/10.1007/s12274-022-5330-2,1.2,1.1577171467911174
rf,1,train,R0104,https://doi.org/10.1007/s12274-022-5330-2,1.15,1.1122677857142866
rf,1,train,R0105,https://doi.org/10.1007/s12274-022-5330-2,1.1,1.1577171467911174
rf,1,train,R0106,https://doi.org/10.1007/s12274-022-5330-2,1.08,1.1122677857142866
rf,1,train,R0107,https://doi.org/10.1016/j.ensm.2023.102829,1.2,1.222097469696971
rf,1,train,R0108,https://doi.org/10.1016/j.cej.2022.138462,1.17,1.1768734581529574
rf,1,train,R0109,https://doi.org/10.1002/smll.202302598,1.25,1.2458865555555558
rf,1,train,R0110,https://doi.org/10.1002/adma.202106436,1.2,1.2240447727272754
rf,1,train,R0112,https://doi.org/10.1021/acsnano.3c05782,1.12,1.120498985569987
rf,1,train,R0113,https://doi.org/10.1039/d2ta03604e,0.85,0.8836366070498126
rf,1,train,R0116,https://doi.org/10.1016/j.cej.2023.143351,1.23,1.2298591955266998
rf,1,train,R0117,https://doi.org/10.1002/adfm.202209876,1.18,1.2015745274170262
rf,1,train,R0118,https://doi.org/10.1002/smll.202106707,1.42,1.3874569444444425
rf,1,train,R0119,https://doi.org/10.1021/acsaem.3c02592,0.98,1.0961890889943369
rf,1,train,R0120,https://doi.org/10.1002/aenm.202204057,1.3,1.3059898650793633
rf,1,train,R0121,https://doi.org/10.1002/aenm.202204057,1.4,1.4275927539682522
rf,1,train,R0122,https://doi.org/10.1002/aenm.202204057,1.5,1.433061323953821
rf,1,train,R0123,https://doi.org/10.1021/acs.nanolett.3c03025,1.1,1.1577171467911174
rf,1,train,R0124,https://doi.org/10.1021/acs.nanolett.3c03025,1.15,1.1577171467911174
rf,1,train,R0125,https://sioc-journal.cn/Jwk_hxxb/EN/10.6023/A22050206,1.08,1.1122677857142866
rf,1,train,R0127,https://doi.org/10.1016/j.jechem.2026.01.056,1.25,1.236330710678211
rf,1,train,R0128,https://doi.org/10.1002/smll.202512953,1.25,1.3097358458208466
rf,1,train,R0129,https://doi.org/10.1002/smll.202512953,1.39,1.409582060495059
rf,1,train,R0130,https://doi.org/10.1002/smll.202512953,1.45,1.409582060495059
rf,1,train,R0131,https://doi.org/10.1002/advs.202522315,1.0,1.0364083751803743
rf,1,train,R0133,https://doi.org/10.1021/acsaem.5c03033,1.25,1.2711174935619929
rf,1,train,R0134,https://doi.org/10.1021/acsanm.5c04476,1.04,1.0961890889943369
rf,1,train,R0135,https://doi.org/10.1021/acsanm.5c04476,1.25,1.2458865555555558
rf,1,train,R0138,https://doi.org/10.1080/1536383X.2025.2583369,1.3,1.2532697786102758
rf,1,train,R0140,https://doi.org/10.1016/j.jcis.2025.139355,0.8,0.8836366070498126
rf,1,train,R0141,https://doi.org/10.1016/j.jcis.2025.139355,0.83,0.8836366070498126
rf,1,train,R0142,https://doi.org/10.1021/acsnano.5c10218,0.96,0.9321747510822512
rf,1,train,R0143,https://doi.org/10.1021/acsnano.5c10218,1.18,1.1577171467911174
rf,1,train,R0145,https://doi.org/10.1021/acs.langmuir.5c02644,1.1,1.0729239936174948
rf,1,train,R0146,https://doi.org/10.1016/j.electacta.2025.146925,1.1,1.1598762545464505
rf,1,train,R0147,https://doi.org/10.1016/j.jcis.2025.138454,0.89,0.985511106204905
rf,1,train,R0148,https://doi.org/10.1038/s41598-025-11449-1,0.998,0.9321747510822512
rf,1,train,R0149,https://doi.org/10.1002/anie.202509132,0.94,0.8836366070498126
rf,1,train,R0150,https://doi.org/10.1016/j.jpowsour.2025.237653,1.15,1.0961890889943369
rf,1,train,R0151,https://doi.org/10.1021/acs.iecr.5c01518,1.18,1.2126232676767705
rf,1,train,R0152,https://doi.org/10.1021/acs.iecr.5c01518,1.25,1.2458865555555558
rf,1,train,R0153,https://doi.org/10.1016/j.carbon.2025.120482,1.25,1.2324269639249654
rf,1,train,R0155,https://doi.org/10.1016/j.jcis.2025.137782,1.36,1.3489640346320355
rf,1,train,R0156,https://doi.org/10.1016/j.cej.2025.162908,1.3,1.2992160793650762
rf,1,train,R0157,https://doi.org/10.1016/j.cej.2025.162908,1.35,1.3059898650793633
rf,1,train,R0158,https://doi.org/10.1016/j.cej.2025.162908,1.3,1.2992160793650762
rf,1,train,R0159,https://doi.org/10.1016/j.cej.2025.162420,0.86,0.8756461450993502
rf,1,train,R0160,https://doi.org/10.1039/d5nr00300h,0.77,0.8836366070498126
rf,1,train,R0161,https://doi.org/10.1039/d5nr00300h,1.29,1.3489640346320355
rf,1,train,R0162,https://doi.org/10.1021/jacs.4c15230,1.1,1.1598762545464505
rf,1,train,R0163,https://doi.org/10.1002/celc.202400626,1.4,1.3489640346320355
rf,1,train,R0164,https://doi.org/10.1016/j.esci.2024.100310,1.08,1.074498470418469
rf,1,train,R0165,https://doi.org/10.1016/j.esci.2024.100310,1.1,1.074498470418469
rf,1,train,R0166,https://doi.org/10.1002/smll.202406516,1.2,1.1598762545464505
rf,1,train,R0167,https://doi.org/10.1002/anie.202418893,1.3,1.3207716695526717
rf,1,train,R0168,https://doi.org/10.1016/j.electacta.2024.145384,1.01,0.985511106204905
rf,1,train,R0169,https://doi.org/10.1007/s10008-024-06115-x,1.4,1.430621469696968
rf,1,train,R0170,https://doi.org/10.1002/aenm.202402925,1.4,1.409582060495059
rf,1,train,R0171,https://doi.org/10.1002/aenm.202402925,1.28,1.3325140296925293
rf,1,train,R0172,https://doi.org/10.1002/aenm.202402925,1.3,1.3325140296925293
rf,1,train,R0173,https://doi.org/10.1021/acs.energyfuels.4c04356,0.94,0.9321747510822512
rf,1,train,R0177,https://doi.org/10.1002/cey2.587,1.35,1.3207716695526717
rf,1,train,R0178,https://doi.org/10.1002/cey2.550,1.25,1.245909758297257
rf,1,train,R0179,https://doi.org/10.1039/d4sc03242j,1.1,1.1598762545464505
rf,1,train,R0180,https://doi.org/10.1016/j.est.2024.112780,1.3,1.294986087301584
rf,1,train,R0181,https://doi.org/10.1016/j.est.2024.112780,1.45,1.4074686162171137
rf,1,train,R0185,https://doi.org/10.1002/adma.202404319,1.2,1.1374073840620165
rf,1,train,R0186,https://doi.org/10.1002/adma.202405440,1.4,1.430621469696968
rf,1,train,R0187,https://doi.org/10.1016/j.mtener.2024.101597,1.38,1.4074686162171137
rf,1,train,R0188,https://doi.org/10.1016/j.jcis.2024.05.144,1.2,1.2586743377733376
rf,1,train,R0193,https://doi.org/10.1002/aenm.202303766,0.95,0.9608399334776315
rf,1,train,R0194,https://doi.org/10.1002/smtd.202301728,1.22,1.263956714285715
rf,1,train,R0195,https://doi.org/10.1002/smtd.202301728,1.32,1.263956714285715
rf,1,train,R0196,https://doi.org/10.1016/j.mtcomm.2024.108243,0.84,0.8836366070498126
rf,1,train,R0197,https://doi.org/10.1016/j.jallcom.2024.173877,1.11,1.1598762545464505
rf,1,train,R0198,https://doi.org/10.1016/j.jpowsour.2024.234130,1.05,1.0967855396825412
rf,1,train,R0199,https://doi.org/10.1016/j.jpowsour.2024.234130,1.17,1.2324269639249654
rf,1,train,R0200,https://doi.org/10.1021/jacs.3c12734,1.12,1.1102000245865251
rf,1,test,R0009,https://doi.org/10.1016/j.jallcom.2020.158269,1.0,1.035202504617604
rf,1,test,R0012,https://doi.org/10.1016/j.cej.2021.128403,0.97,0.8836366070498126
rf,1,test,R0016,https://doi.org/10.1016/j.jallcom.2020.157945,1.012,0.8836366070498126
rf,1,test,R0023,https://doi.org/10.1021/acs.jpcc.1c05456,1.15,1.1598762545464505
rf,1,test,R0024,https://doi.org/10.1021/acs.jpcc.1c05456,1.2,1.1598762545464505
rf,1,test,R0025,https://doi.org/10.1021/acs.jpcc.1c05456,1.15,1.1598762545464505
rf,1,test,R0026,https://doi.org/10.1039/d0cc05980c,1.2,1.1577171467911174
rf,1,test,R0031,https://doi.org/10.1002/ente.201901257,1.15,1.2121598554778559
rf,1,test,R0032,https://doi.org/10.1002/ente.201901257,1.2,1.2121598554778559
rf,1,test,R0039,https://dx.doi.org/10.1021/acsami.9b21904,1.3,1.360214987179495
rf,1,test,R0040,https://doi.org/10.1007/s11581-021-04046-5,0.9,0.8836366070498126
rf,1,test,R0054,https://doi.org/10.1016/S1872‐2067(23)64409‐2,1.1,1.1122677857142866
rf,1,test,R0055,https://doi.org/10.1016/S1872‐2067(23)64409‐2,1.15,1.1122677857142866
rf,1,test,R0056,https://doi.org/10.1016/j.jallcom.2023.170130,1.29,1.1903330969161567
rf,1,test,R0080,https://doi.org/10.1016/j.est.2023.107329,1.01,0.989846483982682
rf,1,test,R0086,https://doi.org/10.1016/j.est.2023.109342,1.35,1.4074686162171137
rf,1,test,R0087,https://doi.org/10.1016/j.est.2023.109342,1.5,1.4074686162171137
rf,1,test,R0088,https://doi.org/10.1016/j.est.2023.109342,1.4,1.4074686162171137
rf,1,test,R0089,https://doi.org/10.1016/j.jcis.2022.12.148,1.28,1.3207716695526717
rf,1,test,R0090,https://doi.org/10.1016/j.cej.2022.139524,1.22,1.1768734581529574
rf,1,test,R0094,https://doi.org/10.1016/j.electacta.2022.140894,1.05,1.1598762545464505
rf,1,test,R0111,https://doi.org/10.1016/j.apcatb.2022.122203,1.25,1.3207716695526717
rf,1,test,R0114,https://doi.org/10.1016/j.compositesb.2022.109727,1.1,1.1598762545464505
rf,1,test,R0115,https://doi.org/10.1016/j.ensm.2022.05.029,1.14,1.1768734581529574
rf,1,test,R0126,https://doi.org/10.1016/j.jcis.2026.140244,1.04,1.0049880650793654
rf,1,test,R0132,https://doi.org/10.1016/j.electacta.2025.147671,1.15,1.120498985569987
rf,1,test,R0136,https://doi.org/10.1088/2631-6331/ae1925,1.3,1.3489640346320355
rf,1,test,R0137,https://doi.org/10.1002/anie.202521423,1.2,1.2324269639249654
rf,1,test,R0139,https://doi.org/10.1002/anie.202520097,1.2,1.1577171467911174
rf,1,test,R0144,https://doi.org/10.1002/aoc.70327,1.41,1.3489640346320355
rf,1,test,R0154,https://doi.org/10.1093/nsr/nwaf145,1.24,1.1577171467911174
rf,1,test,R0174,https://doi.org/10.1002/smll.202406525,1.25,1.1903330969161567
rf,1,test,R0175,https://doi.org/10.1016/j.jpowsour.2024.235394,0.95,0.9608399334776315
rf,1,test,R0176,https://doi.org/10.1016/j.jpowsour.2024.235394,1.0,1.0961890889943369
rf,1,test,R0182,https://doi.org/10.1016/j.jcis.2024.06.137,1.25,1.2499119920634931
rf,1,test,R0183,https://doi.org/10.1016/j.jcis.2024.06.137,1.4,1.4275927539682522
rf,1,test,R0184,https://doi.org/10.1016/j.jcis.2024.06.137,1.45,1.4275927539682522
rf,1,test,R0189,https://doi.org/10.1016/j.ijoes.2024.100602,1.3,1.2324269639249654
rf,1,test,R0190,https://doi.org/10.1016/j.jechem.2024.01.076,1.3,1.2458865555555558
rf,1,test,R0191,https://doi.org/10.1016/j.jechem.2024.01.076,1.25,1.2458865555555558
rf,1,test,R0192,https://doi.org/10.1016/j.jechem.2024.01.076,1.25,1.2128090740925752
rf,2,train,R0003,https://doi.org/10.1016/j.apcatb.2019.118283,1.27,1.2975611176046176
rf,2,train,R0007,https://doi.org/10.1016/j.jallcom.2019.152736,1.35,1.2656672326627634
rf,2,train,R0008,https://doi.org/10.1016/j.jallcom.2020.153803,1.25,1.2438141717171718
rf,2,train,R0009,https://doi.org/10.1016/j.jallcom.2020.158269,1.0,1.0005098089466067
rf,2,train,R0010,https://doi.org/10.1016/j.cej.2020.124294,1.35,1.3774267128427122
rf,2,train,R0011,https://doi.org/10.1016/j.cej.2020.124294,1.4,1.3774267128427122
rf,2,train,R0012,https://doi.org/10.1016/j.cej.2021.128403,0.97,0.8933508896310945
rf,2,train,R0013,http://dx.doi.org/10.1016/j.jelechem.2020.114124,1.25,1.2834903268398252
rf,2,train,R0014,https://doi.org/10.1016/j.jechem.2020.07.053,0.98,1.0434066544566547
rf,2,train,R0015,https://doi.org/10.1016/j.flatc.2020.100221,1.25,1.2380273737373737
rf,2,train,R0016,https://doi.org/10.1016/j.jallcom.2020.157945,1.012,0.8933508896310945
rf,2,train,R0017,https://doi.org/10.1016/j.jallcom.2020.154054,0.82,0.8933508896310945
rf,2,train,R0019,https://doi.org/10.1016/j.jallcom.2020.157656,1.4,1.4064191053945958
rf,2,train,R0020,https://doi.org/10.1002/aenm.202100110,0.95,0.989144751515151
rf,2,train,R0023,https://doi.org/10.1021/acs.jpcc.1c05456,1.15,1.1541122174740304
rf,2,train,R0024,https://doi.org/10.1021/acs.jpcc.1c05456,1.2,1.1541122174740304
rf,2,train,R0025,https://doi.org/10.1021/acs.jpcc.1c05456,1.15,1.1541122174740304
rf,2,train,R0026,https://doi.org/10.1039/d0cc05980c,1.2,1.1753916045662984
rf,2,train,R0027,https://doi.org/10.1039/d0nr00866d,1.5,1.45263729076479
rf,2,train,R0028,https://doi.org/10.1039/d0ta09195b,1.05,1.0710804134254657
rf,2,train,R0029,https://doi.org/10.1039/d1ta00538c,1.3,1.2393351994737292
rf,2,train,R0030,https://doi.org/10.1039/d1ta04830a,1.05,1.080716759740261
rf,2,train,R0031,https://doi.org/10.1002/ente.201901257,1.15,1.1841980613830587
rf,2,train,R0032,https://doi.org/10.1002/ente.201901257,1.2,1.1841980613830587
rf,2,train,R0033,https://dx.doi.org/10.1021/acsaem.0c01691,1.35,1.3361363030303044
rf,2,train,R0034,https://dx.doi.org/10.1021/acsnano.9b09646,1.45,1.425880880952377
rf,2,train,R0035,https://dx.doi.org/10.1021/acsami.0c02087,1.15,1.122543250693751
rf,2,train,R0036,https://doi.org/10.1002/er.7342,1.21,1.2024926143317476
rf,2,train,R0038,https://doi.org/10.1021/acsami.1c08720,0.84,0.9338931855699858
rf,2,train,R0039,https://dx.doi.org/10.1021/acsami.9b21904,1.3,1.3361363030303044
rf,2,train,R0040,https://doi.org/10.1007/s11581-021-04046-5,0.9,0.8933508896310945
rf,2,train,R0041,https://doi.org/10.1007/s40242-020-0077-3,1.15,1.2024926143317476
rf,2,train,R0042,https://doi.org/10.1002/smll.202105752,1.4,1.4064191053945958
rf,2,train,R0043,https://doi.org/10.1002/smll.202105752,1.25,1.2551989682539684
rf,2,train,R0047,https://doi.org/10.1002/aenm.202200791,1.0,0.9877462693861692
rf,2,train,R0048,https://doi.org/10.1002/aenm.202103910,1.0,0.9877462693861692
rf,2,train,R0049,https://doi.org/10.1016/j.apcatb.2022.121844,0.92,0.9435058237873248
rf,2,train,R0050,https://doi.org/10.1002/aenm.202203660,1.33,1.3072564600399597
rf,2,train,R0051,https://doi.org/10.1016/j.ensm.2023.102874,1.21,1.1802416536796523
rf,2,train,R0052,https://doi.org/10.1016/j.ensm.2023.102989,1.1,1.122543250693751
rf,2,train,R0054,https://doi.org/10.1016/S1872‐2067(23)64409‐2,1.1,1.122543250693751
rf,2,train,R0055,https://doi.org/10.1016/S1872‐2067(23)64409‐2,1.15,1.122543250693751
rf,2,train,R0056,https://doi.org/10.1016/j.jallcom.2023.170130,1.29,1.2024926143317476
rf,2,train,R0058,https://doi.org/10.1016/j.electacta.2023.142096,0.99,0.9780801712842729
rf,2,train,R0059,https://doi.org/10.1016/j.electacta.2022.140147,1.11,1.0999420890220895
rf,2,train,R0060,https://doi.org/10.1021/acsami.1c22643,1.0,1.0203057499278496
rf,2,train,R0061,https://doi.org/10.1016/j.jelechem.2022.116810,1.15,1.1753916045662984
rf,2,train,R0062,https://doi.org/10.1002/slct.202200870,1.04,0.8933508896310945
rf,2,train,R0063,https://doi.org/10.1002/slct.202200870,1.1,1.075545580086579
rf,2,train,R0064,https://doi.org/10.1002/slct.202200870,1.11,1.0999420890220895
rf,2,train,R0065,https://doi.org/10.1016/j.cej.2023.146775,1.0,1.0015462137085123
rf,2,train,R0066,https://www.pnas.org/lookup/suppl/doi:10.1073/pnas.2301439120/-/DCSupplemental.,1.11,1.0468891969696978
rf,2,train,R0067,https://doi.org/10.3390/nano12142386,1.2,1.1845669362310205
rf,2,train,R0068,https://doi.org/10.1021/acsami.2c19975,1.03,1.0052634632145585
rf,2,train,R0069,https://doi.org/10.1021/acsami.2c19975,1.38,1.3537439649794627
rf,2,train,R0071,https://doi.org/10.1039/d2ta07061h,1.34,1.388465158730156
rf,2,train,R0072,https://doi.org/10.1016/j.ijhydene.2023.12.023,1.4,1.4137719621489622
rf,2,train,R0074,https://doi.org/10.1002/smll.202204836,1.25,1.2393351994737292
rf,2,train,R0075,https://doi.org/10.1002/smll.202204836,1.18,1.0999420890220895
rf,2,train,R0076,https://doi.org/10.1002/admi.202102110,0.98,0.9565890445293291
rf,2,train,R0077,https://doi.org/10.1002/admi.202102110,1.04,1.075545580086579
rf,2,train,R0080,https://doi.org/10.1016/j.est.2023.107329,1.01,0.9989548279942252
rf,2,train,R0081,https://doi.org/10.1021/acs.jpcc.3c01042,1.2,1.1541122174740304
rf,2,train,R0082,https://doi.org/10.1021/acs.jpcc.3c01042,1.25,1.1541122174740304
rf,2,train,R0083,https://doi.org/10.1021/acs.jpcc.3c01042,1.25,1.1541122174740304
rf,2,train,R0084,https://doi.org/10.1021/acsami.3c01599,1.17,1.2024926143317476
rf,2,train,R0085,https://doi.org/10.1021/jacs.2c11676,1.05,1.075545580086579
rf,2,train,R0086,https://doi.org/10.1016/j.est.2023.109342,1.35,1.4137719621489622
rf,2,train,R0087,https://doi.org/10.1016/j.est.2023.109342,1.5,1.4137719621489622
rf,2,train,R0088,https://doi.org/10.1016/j.est.2023.109342,1.4,1.4137719621489622
rf,2,train,R0089,https://doi.org/10.1016/j.jcis.2022.12.148,1.28,1.3072564600399597
rf,2,train,R0090,https://doi.org/10.1016/j.cej.2022.139524,1.22,1.1845669362310205
rf,2,train,R0091,https://doi.org/10.1039/d1qi01260f,1.23,1.1753916045662984
rf,2,train,R0092,https://doi.org/10.1016/j.carbon.2022.04.080,1.32,1.3072564600399597
rf,2,train,R0094,https://doi.org/10.1016/j.electacta.2022.140894,1.05,1.1541122174740304
rf,2,train,R0095,https://doi.org/10.1002/smll.202206611,0.98,1.0434066544566547
rf,2,train,R0096,https://doi.org/10.1002/adsu.202300510,0.95,0.9698678262626235
rf,2,train,R0097,https://doi.org/10.1002/adsu.202300510,1.2,1.2024926143317476
rf,2,train,R0098,https://doi.org/10.1002/adsu.202300510,1.25,1.2024926143317476
rf,2,train,R0100,https://doi.org/10.1021/acscatal.2c02544,1.15,1.2024926143317476
rf,2,train,R0101,https://doi.org/10.1021/acscatal.2c02544,1.15,1.2024926143317476
rf,2,train,R0102,https://www.science.org/doi/10.1126/sciadv.abq6261,1.2,1.1541122174740304
rf,2,train,R0103,https://doi.org/10.1007/s12274-022-5330-2,1.2,1.1753916045662984
rf,2,train,R0104,https://doi.org/10.1007/s12274-022-5330-2,1.15,1.122543250693751
rf,2,train,R0105,https://doi.org/10.1007/s12274-022-5330-2,1.1,1.1753916045662984
rf,2,train,R0106,https://doi.org/10.1007/s12274-022-5330-2,1.08,1.122543250693751
rf,2,train,R0107,https://doi.org/10.1016/j.ensm.2023.102829,1.2,1.2123456889042346
rf,2,train,R0109,https://doi.org/10.1002/smll.202302598,1.25,1.2551989682539684
rf,2,train,R0110,https://doi.org/10.1002/adma.202106436,1.2,1.223986430353961
rf,2,train,R0111,https://doi.org/10.1016/j.apcatb.2022.122203,1.25,1.3072564600399597
rf,2,train,R0114,https://doi.org/10.1016/j.compositesb.2022.109727,1.1,1.1541122174740304
rf,2,train,R0115,https://doi.org/10.1016/j.ensm.2022.05.029,1.14,1.1845669362310205
rf,2,train,R0118,https://doi.org/10.1002/smll.202106707,1.42,1.388465158730156
rf,2,train,R0123,https://doi.org/10.1021/acs.nanolett.3c03025,1.1,1.1753916045662984
rf,2,train,R0124,https://doi.org/10.1021/acs.nanolett.3c03025,1.15,1.1753916045662984
rf,2,train,R0126,https://doi.org/10.1016/j.jcis.2026.140244,1.04,1.0203057499278496
rf,2,train,R0127,https://doi.org/10.1016/j.jechem.2026.01.056,1.25,1.2468562510822512
rf,2,train,R0128,https://doi.org/10.1002/smll.202512953,1.25,1.2991927778887769
rf,2,train,R0129,https://doi.org/10.1002/smll.202512953,1.39,1.4081782611277593
rf,2,train,R0130,https://doi.org/10.1002/smll.202512953,1.45,1.4081782611277593
rf,2,train,R0132,https://doi.org/10.1016/j.electacta.2025.147671,1.15,1.1416459884559835
rf,2,train,R0134,https://doi.org/10.1021/acsanm.5c04476,1.04,1.0999420890220895
rf,2,train,R0135,https://doi.org/10.1021/acsanm.5c04476,1.25,1.2551989682539684
rf,2,train,R0136,https://doi.org/10.1088/2631-6331/ae1925,1.3,1.3516894442779446
rf,2,train,R0137,https://doi.org/10.1002/anie.202521423,1.2,1.2393351994737292
rf,2,train,R0139,https://doi.org/10.1002/anie.202520097,1.2,1.1753916045662984
rf,2,train,R0140,https://doi.org/10.1016/j.jcis.2025.139355,0.8,0.8933508896310945
rf,2,train,R0141,https://doi.org/10.1016/j.jcis.2025.139355,0.83,0.8933508896310945
rf,2,train,R0142,https://doi.org/10.1021/acsnano.5c10218,0.96,0.9338931855699858
rf,2,train,R0143,https://doi.org/10.1021/acsnano.5c10218,1.18,1.1753916045662984
rf,2,train,R0144,https://doi.org/10.1002/aoc.70327,1.41,1.3516894442779446
rf,2,train,R0145,https://doi.org/10.1021/acs.langmuir.5c02644,1.1,1.0710804134254657
rf,2,train,R0146,https://doi.org/10.1016/j.electacta.2025.146925,1.1,1.1541122174740304
rf,2,train,R0148,https://doi.org/10.1038/s41598-025-11449-1,0.998,0.9338931855699858
rf,2,train,R0149,https://doi.org/10.1002/anie.202509132,0.94,0.8933508896310945
rf,2,train,R0150,https://doi.org/10.1016/j.jpowsour.2025.237653,1.15,1.0999420890220895
rf,2,train,R0151,https://doi.org/10.1021/acs.iecr.5c01518,1.18,1.21431534920635
rf,2,train,R0152,https://doi.org/10.1021/acs.iecr.5c01518,1.25,1.2551989682539684
rf,2,train,R0154,https://doi.org/10.1093/nsr/nwaf145,1.24,1.1753916045662984
rf,2,train,R0155,https://doi.org/10.1016/j.jcis.2025.137782,1.36,1.3516894442779446
rf,2,train,R0156,https://doi.org/10.1016/j.cej.2025.162908,1.3,1.295492381340879
rf,2,train,R0157,https://doi.org/10.1016/j.cej.2025.162908,1.35,1.2975611176046176
rf,2,train,R0158,https://doi.org/10.1016/j.cej.2025.162908,1.3,1.295492381340879
rf,2,train,R0159,https://doi.org/10.1016/j.cej.2025.162420,0.86,0.885490815889671
rf,2,train,R0160,https://doi.org/10.1039/d5nr00300h,0.77,0.8933508896310945
rf,2,train,R0161,https://doi.org/10.1039/d5nr00300h,1.29,1.3516894442779446
rf,2,train,R0162,https://doi.org/10.1021/jacs.4c15230,1.1,1.1541122174740304
rf,2,train,R0163,https://doi.org/10.1002/celc.202400626,1.4,1.3516894442779446
rf,2,train,R0164,https://doi.org/10.1016/j.esci.2024.100310,1.08,1.075545580086579
rf,2,train,R0165,https://doi.org/10.1016/j.esci.2024.100310,1.1,1.075545580086579
rf,2,train,R0166,https://doi.org/10.1002/smll.202406516,1.2,1.1541122174740304
rf,2,train,R0167,https://doi.org/10.1002/anie.202418893,1.3,1.3072564600399597
rf,2,train,R0168,https://doi.org/10.1016/j.electacta.2024.145384,1.01,0.989144751515151
rf,2,train,R0169,https://doi.org/10.1007/s10008-024-06115-x,1.4,1.382777421800415
rf,2,train,R0170,https://doi.org/10.1002/aenm.202402925,1.4,1.4081782611277593
rf,2,train,R0171,https://doi.org/10.1002/aenm.202402925,1.28,1.3035755097680077
rf,2,train,R0172,https://doi.org/10.1002/aenm.202402925,1.3,1.3035755097680077
rf,2,train,R0173,https://doi.org/10.1021/acs.energyfuels.4c04356,0.94,0.9338931855699858
rf,2,train,R0174,https://doi.org/10.1002/smll.202406525,1.25,1.2024926143317476
rf,2,train,R0175,https://doi.org/10.1016/j.jpowsour.2024.235394,0.95,0.9627470888888882
rf,2,train,R0176,https://doi.org/10.1016/j.jpowsour.2024.235394,1.0,1.0999420890220895
rf,2,train,R0177,https://doi.org/10.1002/cey2.587,1.35,1.3072564600399597
rf,2,train,R0178,https://doi.org/10.1002/cey2.550,1.25,1.233988666898462
rf,2,train,R0179,https://doi.org/10.1039/d4sc03242j,1.1,1.1541122174740304
rf,2,train,R0180,https://doi.org/10.1016/j.est.2024.112780,1.3,1.2893540739815719
rf,2,train,R0181,https://doi.org/10.1016/j.est.2024.112780,1.45,1.4137719621489622
rf,2,train,R0182,https://doi.org/10.1016/j.jcis.2024.06.137,1.25,1.252243738095239
rf,2,train,R0183,https://doi.org/10.1016/j.jcis.2024.06.137,1.4,1.425880880952377
rf,2,train,R0184,https://doi.org/10.1016/j.jcis.2024.06.137,1.45,1.425880880952377
rf,2,train,R0186,https://doi.org/10.1002/adma.202405440,1.4,1.382777421800415
rf,2,train,R0187,https://doi.org/10.1016/j.mtener.2024.101597,1.38,1.4137719621489622
rf,2,train,R0188,https://doi.org/10.1016/j.jcis.2024.05.144,1.2,1.2656672326627634
rf,2,train,R0189,https://doi.org/10.1016/j.ijoes.2024.100602,1.3,1.2393351994737292
rf,2,train,R0190,https://doi.org/10.1016/j.jechem.2024.01.076,1.3,1.2551989682539684
rf,2,train,R0191,https://doi.org/10.1016/j.jechem.2024.01.076,1.25,1.2551989682539684
rf,2,train,R0192,https://doi.org/10.1016/j.jechem.2024.01.076,1.25,1.2440567764653656
rf,2,train,R0194,https://doi.org/10.1002/smtd.202301728,1.22,1.2664020685425708
rf,2,train,R0195,https://doi.org/10.1002/smtd.202301728,1.32,1.2664020685425708
rf,2,train,R0196,https://doi.org/10.1016/j.mtcomm.2024.108243,0.84,0.8933508896310945
rf,2,train,R0197,https://doi.org/10.1016/j.jallcom.2024.173877,1.11,1.1541122174740304
rf,2,train,R0198,https://doi.org/10.1016/j.jpowsour.2024.234130,1.05,1.0915601464646478
rf,2,train,R0199,https://doi.org/10.1016/j.jpowsour.2024.234130,1.17,1.2393351994737292
rf,2,train,R0200,https://doi.org/10.1021/jacs.3c12734,1.12,1.1045280535575555
rf,2,test,R0001,https://doi.org/10.1016/j.electacta.2020.137645,1.3,1.3037300152625135
rf,2,test,R0002,https://doi.org/10.1016/j.electacta.2020.137645,1.5,1.382777421800415
rf,2,test,R0004,https://doi.org/10.1016/j.ssi.2021.115773,1.1,1.1541122174740304
rf,2,test,R0005,https://doi.org/10.1016/j.ssi.2021.115773,1.4,1.388465158730156
rf,2,test,R0006,https://doi.org/10.1016/j.jpowsour.2021.230374,1.24,1.2024926143317476
rf,2,test,R0018,https://doi.org/10.1016/j.jpowsour.2020.228362,1.35,1.2991927778887769
rf,2,test,R0021,https://doi.org/10.1002/anie.202110116,1.4,1.3035755097680077
rf,2,test,R0022,https://doi.org/10.1002/anie.202110116,1.3,1.3035755097680077
rf,2,test,R0037,https://doi.org/10.1002/er.6806,1.0,0.9805502070707055
rf,2,test,R0044,https://dx.doi.org/10.1021/acscatal.0c02608,1.35,1.3361363030303044
rf,2,test,R0045,https://doi.org/10.1021/acsaem.1c01572,1.1,0.9991135687191882
rf,2,test,R0046,https://doi.org/10.1021/acsaem.1c01572,1.3,1.3035755097680077
rf,2,test,R0053,https://doi.org/10.1016/j.ensm.2022.07.026,1.1,1.0472579603174608
rf,2,test,R0057,https://doi.org/10.1002/smll.202205532,1.08,0.989144751515151
rf,2,test,R0070,https://doi.org/10.1016/j.cej.2022.136852,1.06,0.8933508896310945
rf,2,test,R0073,https://doi.org/10.1016/j.jelechem.2022.116356,1.3,1.3072564600399597
rf,2,test,R0078,https://doi.org/10.1016/j.cej.2022.137684,1.29,1.3537439649794627
rf,2,test,R0079,https://doi.org/10.1016/j.cej.2022.137684,1.41,1.3035755097680077
rf,2,test,R0093,https://doi.org/10.1016/j.jallcom.2022.163703,1.09,0.9529711374502683
rf,2,test,R0099,https://doi.org/10.1021/acsami.2c19975,1.38,1.3537439649794627
rf,2,test,R0108,https://doi.org/10.1016/j.cej.2022.138462,1.17,1.1845669362310205
rf,2,test,R0112,https://doi.org/10.1021/acsnano.3c05782,1.12,1.1416459884559835
rf,2,test,R0113,https://doi.org/10.1039/d2ta03604e,0.85,0.8933508896310945
rf,2,test,R0116,https://doi.org/10.1016/j.cej.2023.143351,1.23,1.231368134920636
rf,2,test,R0117,https://doi.org/10.1002/adfm.202209876,1.18,1.252857741425241
rf,2,test,R0119,https://doi.org/10.1021/acsaem.3c02592,0.98,1.0999420890220895
rf,2,test,R0120,https://doi.org/10.1002/aenm.202204057,1.3,1.2975611176046176
rf,2,test,R0121,https://doi.org/10.1002/aenm.202204057,1.4,1.425880880952377
rf,2,test,R0122,https://doi.org/10.1002/aenm.202204057,1.5,1.4064191053945958
rf,2,test,R0125,https://sioc-journal.cn/Jwk_hxxb/EN/10.6023/A22050206,1.08,1.122543250693751
rf,2,test,R0131,https://doi.org/10.1002/advs.202522315,1.0,1.0434066544566547
rf,2,test,R0133,https://doi.org/10.1021/acsaem.5c03033,1.25,1.3034632875457857
rf,2,test,R0138,https://doi.org/10.1080/1536383X.2025.2583369,1.3,1.219786631877926
rf,2,test,R0147,https://doi.org/10.1016/j.jcis.2025.138454,0.89,0.989144751515151
rf,2,test,R0153,https://doi.org/10.1016/j.carbon.2025.120482,1.25,1.2393351994737292
rf,2,test,R0185,https://doi.org/10.1002/adma.202404319,1.2,1.0505460910060542
rf,2,test,R0193,https://doi.org/10.1002/aenm.202303766,0.95,0.9627470888888882
rf,3,train,R0001,https://doi.org/10.1016/j.electacta.2020.137645,1.3,1.3110135022754998
rf,3,train,R0002,https://doi.org/10.1016/j.electacta.2020.137645,1.5,1.4275538401598373
rf,3,train,R0003,https://doi.org/10.1016/j.apcatb.2019.118283,1.27,1.3059466600621568
rf,3,train,R0004,https://doi.org/10.1016/j.ssi.2021.115773,1.1,1.1494514256615198
rf,3,train,R0005,https://doi.org/10.1016/j.ssi.2021.115773,1.4,1.4101547087357045
rf,3,train,R0006,https://doi.org/10.1016/j.jpowsour.2021.230374,1.24,1.2453481327561335
rf,3,train,R0009,https://doi.org/10.1016/j.jallcom.2020.158269,1.0,1.019042420512819
rf,3,train,R0010,https://doi.org/10.1016/j.cej.2020.124294,1.35,1.382801670385168
rf,3,train,R0011,https://doi.org/10.1016/j.cej.2020.124294,1.4,1.382801670385168
rf,3,train,R0012,https://doi.org/10.1016/j.cej.2021.128403,0.97,0.9221077744938061
rf,3,train,R0013,http://dx.doi.org/10.1016/j.jelechem.2020.114124,1.25,1.2860088261183251
rf,3,train,R0014,https://doi.org/10.1016/j.jechem.2020.07.053,0.98,1.0573584040404038
rf,3,train,R0015,https://doi.org/10.1016/j.flatc.2020.100221,1.25,1.209600587301588
rf,3,train,R0016,https://doi.org/10.1016/j.jallcom.2020.157945,1.012,0.9221077744938061
rf,3,train,R0018,https://doi.org/10.1016/j.jpowsour.2020.228362,1.35,1.3557582696192743
rf,3,train,R0021,https://doi.org/10.1002/anie.202110116,1.4,1.3317641097236104
rf,3,train,R0022,https://doi.org/10.1002/anie.202110116,1.3,1.3317641097236104
rf,3,train,R0023,https://doi.org/10.1021/acs.jpcc.1c05456,1.15,1.1494514256615198
rf,3,train,R0024,https://doi.org/10.1021/acs.jpcc.1c05456,1.2,1.1494514256615198
rf,3,train,R0025,https://doi.org/10.1021/acs.jpcc.1c05456,1.15,1.1494514256615198
rf,3,train,R0026,https://doi.org/10.1039/d0cc05980c,1.2,1.1814193202353205
rf,3,train,R0028,https://doi.org/10.1039/d0ta09195b,1.05,1.0758849279942297
rf,3,train,R0029,https://doi.org/10.1039/d1ta00538c,1.3,1.237348085858587
rf,3,train,R0030,https://doi.org/10.1039/d1ta04830a,1.05,1.0769451985792002
rf,3,train,R0031,https://doi.org/10.1002/ente.201901257,1.15,1.1599969357864357
rf,3,train,R0032,https://doi.org/10.1002/ente.201901257,1.2,1.1599969357864357
rf,3,train,R0033,https://dx.doi.org/10.1021/acsaem.0c01691,1.35,1.3354062077922106
rf,3,train,R0034,https://dx.doi.org/10.1021/acsnano.9b09646,1.45,1.4274960016649993
rf,3,train,R0035,https://dx.doi.org/10.1021/acsami.0c02087,1.15,1.1153073088023084
rf,3,train,R0037,https://doi.org/10.1002/er.6806,1.0,1.0090507056277054
rf,3,train,R0039,https://dx.doi.org/10.1021/acsami.9b21904,1.3,1.3354062077922106
rf,3,train,R0040,https://doi.org/10.1007/s11581-021-04046-5,0.9,0.9221077744938061
rf,3,train,R0042,https://doi.org/10.1002/smll.202105752,1.4,1.441599367243867
rf,3,train,R0043,https://doi.org/10.1002/smll.202105752,1.25,1.2567868796758785
rf,3,train,R0044,https://dx.doi.org/10.1021/acscatal.0c02608,1.35,1.3354062077922106
rf,3,train,R0045,https://doi.org/10.1021/acsaem.1c01572,1.1,1.0517159053391083
rf,3,train,R0046,https://doi.org/10.1021/acsaem.1c01572,1.3,1.3317641097236104
rf,3,train,R0047,https://doi.org/10.1002/aenm.202200791,1.0,1.0003090476079473
rf,3,train,R0048,https://doi.org/10.1002/aenm.202103910,1.0,1.0003090476079473
rf,3,train,R0049,https://doi.org/10.1016/j.apcatb.2022.121844,0.92,0.9551163913641931
rf,3,train,R0051,https://doi.org/10.1016/j.ensm.2023.102874,1.21,1.1924939213564223
rf,3,train,R0052,https://doi.org/10.1016/j.ensm.2023.102989,1.1,1.1153073088023084
rf,3,train,R0053,https://doi.org/10.1016/j.ensm.2022.07.026,1.1,1.0571852849927845
rf,3,train,R0054,https://doi.org/10.1016/S1872‐2067(23)64409‐2,1.1,1.1153073088023084
rf,3,train,R0055,https://doi.org/10.1016/S1872‐2067(23)64409‐2,1.15,1.1153073088023084
rf,3,train,R0056,https://doi.org/10.1016/j.jallcom.2023.170130,1.29,1.2453481327561335
rf,3,train,R0057,https://doi.org/10.1002/smll.202205532,1.08,0.9945123323676315
rf,3,train,R0058,https://doi.org/10.1016/j.electacta.2023.142096,0.99,0.9807374105228113
rf,3,train,R0059,https://doi.org/10.1016/j.electacta.2022.140147,1.11,1.0654576333111336
rf,3,train,R0061,https://doi.org/10.1016/j.jelechem.2022.116810,1.15,1.1814193202353205
rf,3,train,R0062,https://doi.org/10.1002/slct.202200870,1.04,0.9221077744938061
rf,3,train,R0063,https://doi.org/10.1002/slct.202200870,1.1,1.0751077965367954
rf,3,train,R0064,https://doi.org/10.1002/slct.202200870,1.11,1.0654576333111336
rf,3,train,R0065,https://doi.org/10.1016/j.cej.2023.146775,1.0,0.996316765134865
rf,3,train,R0066,https://www.pnas.org/lookup/suppl/doi:10.1073/pnas.2301439120/-/DCSupplemental.,1.11,1.0787148160173152
rf,3,train,R0067,https://doi.org/10.3390/nano12142386,1.2,1.1814716343778344
rf,3,train,R0068,https://doi.org/10.1021/acsami.2c19975,1.03,1.0294167486735442
rf,3,train,R0069,https://doi.org/10.1021/acsami.2c19975,1.38,1.3505923655788665
rf,3,train,R0070,https://doi.org/10.1016/j.cej.2022.136852,1.06,0.9221077744938061
rf,3,train,R0072,https://doi.org/10.1016/j.ijhydene.2023.12.023,1.4,1.4137292056277042
rf,3,train,R0073,https://doi.org/10.1016/j.jelechem.2022.116356,1.3,1.2925403867243854
rf,3,train,R0076,https://doi.org/10.1002/admi.202102110,0.98,0.9606043104229133
rf,3,train,R0077,https://doi.org/10.1002/admi.202102110,1.04,1.0751077965367954
rf,3,train,R0078,https://doi.org/10.1016/j.cej.2022.137684,1.29,1.3505923655788665
rf,3,train,R0079,https://doi.org/10.1016/j.cej.2022.137684,1.41,1.3317641097236104
rf,3,train,R0080,https://doi.org/10.1016/j.est.2023.107329,1.01,1.0017793675546645
rf,3,train,R0081,https://doi.org/10.1021/acs.jpcc.3c01042,1.2,1.1494514256615198
rf,3,train,R0082,https://doi.org/10.1021/acs.jpcc.3c01042,1.25,1.1494514256615198
rf,3,train,R0083,https://doi.org/10.1021/acs.jpcc.3c01042,1.25,1.1494514256615198
rf,3,train,R0085,https://doi.org/10.1021/jacs.2c11676,1.05,1.0751077965367954
rf,3,train,R0086,https://doi.org/10.1016/j.est.2023.109342,1.35,1.4137292056277042
rf,3,train,R0087,https://doi.org/10.1016/j.est.2023.109342,1.5,1.4137292056277042
rf,3,train,R0088,https://doi.org/10.1016/j.est.2023.109342,1.4,1.4137292056277042
rf,3,train,R0089,https://doi.org/10.1016/j.jcis.2022.12.148,1.28,1.2925403867243854
rf,3,train,R0090,https://doi.org/10.1016/j.cej.2022.139524,1.22,1.1814716343778344
rf,3,train,R0092,https://doi.org/10.1016/j.carbon.2022.04.080,1.32,1.2925403867243854
rf,3,train,R0093,https://doi.org/10.1016/j.jallcom.2022.163703,1.09,1.0392234256410218
rf,3,train,R0094,https://doi.org/10.1016/j.electacta.2022.140894,1.05,1.1494514256615198
rf,3,train,R0096,https://doi.org/10.1002/adsu.202300510,0.95,0.976709348529246
rf,3,train,R0097,https://doi.org/10.1002/adsu.202300510,1.2,1.2453481327561335
rf,3,train,R0098,https://doi.org/10.1002/adsu.202300510,1.25,1.2453481327561335
rf,3,train,R0099,https://doi.org/10.1021/acsami.2c19975,1.38,1.3505923655788665
rf,3,train,R0103,https://doi.org/10.1007/s12274-022-5330-2,1.2,1.1814193202353205
rf,3,train,R0104,https://doi.org/10.1007/s12274-022-5330-2,1.15,1.1153073088023084
rf,3,train,R0105,https://doi.org/10.1007/s12274-022-5330-2,1.1,1.1814193202353205
rf,3,train,R0106,https://doi.org/10.1007/s12274-022-5330-2,1.08,1.1153073088023084
rf,3,train,R0107,https://doi.org/10.1016/j.ensm.2023.102829,1.2,1.2253261190476197
rf,3,train,R0108,https://doi.org/10.1016/j.cej.2022.138462,1.17,1.1814716343778344
rf,3,train,R0109,https://doi.org/10.1002/smll.202302598,1.25,1.2567868796758785
rf,3,train,R0110,https://doi.org/10.1002/adma.202106436,1.2,1.2199119126984135
rf,3,train,R0111,https://doi.org/10.1016/j.apcatb.2022.122203,1.25,1.2925403867243854
rf,3,train,R0112,https://doi.org/10.1021/acsnano.3c05782,1.12,1.1379295173160144
rf,3,train,R0113,https://doi.org/10.1039/d2ta03604e,0.85,0.9221077744938061
rf,3,train,R0114,https://doi.org/10.1016/j.compositesb.2022.109727,1.1,1.1494514256615198
rf,3,train,R0115,https://doi.org/10.1016/j.ensm.2022.05.029,1.14,1.1814716343778344
rf,3,train,R0116,https://doi.org/10.1016/j.cej.2023.143351,1.23,1.2270585339660374
rf,3,train,R0117,https://doi.org/10.1002/adfm.202209876,1.18,1.206776842768343
rf,3,train,R0118,https://doi.org/10.1002/smll.202106707,1.42,1.4101547087357045
rf,3,train,R0119,https://doi.org/10.1021/acsaem.3c02592,0.98,1.0654576333111336
rf,3,train,R0120,https://doi.org/10.1002/aenm.202204057,1.3,1.3059466600621568
rf,3,train,R0121,https://doi.org/10.1002/aenm.202204057,1.4,1.4274960016649993
rf,3,train,R0122,https://doi.org/10.1002/aenm.202204057,1.5,1.441599367243867
rf,3,train,R0125,https://sioc-journal.cn/Jwk_hxxb/EN/10.6023/A22050206,1.08,1.1153073088023084
rf,3,train,R0126,https://doi.org/10.1016/j.jcis.2026.140244,1.04,1.024307673160175
rf,3,train,R0131,https://doi.org/10.1002/advs.202522315,1.0,1.0573584040404038
rf,3,train,R0132,https://doi.org/10.1016/j.electacta.2025.147671,1.15,1.1379295173160144
rf,3,train,R0133,https://doi.org/10.1021/acsaem.5c03033,1.25,1.2740999597069598
rf,3,train,R0134,https://doi.org/10.1021/acsanm.5c04476,1.04,1.0654576333111336
rf,3,train,R0135,https://doi.org/10.1021/acsanm.5c04476,1.25,1.2567868796758785
rf,3,train,R0136,https://doi.org/10.1088/2631-6331/ae1925,1.3,1.354326076479076
rf,3,train,R0137,https://doi.org/10.1002/anie.202521423,1.2,1.237348085858587
rf,3,train,R0138,https://doi.org/10.1080/1536383X.2025.2583369,1.3,1.2761523088023063
rf,3,train,R0139,https://doi.org/10.1002/anie.202520097,1.2,1.1814193202353205
rf,3,train,R0140,https://doi.org/10.1016/j.jcis.2025.139355,0.8,0.9221077744938061
rf,3,train,R0141,https://doi.org/10.1016/j.jcis.2025.139355,0.83,0.9221077744938061
rf,3,train,R0142,https://doi.org/10.1021/acsnano.5c10218,0.96,0.9631916296703277
rf,3,train,R0143,https://doi.org/10.1021/acsnano.5c10218,1.18,1.1814193202353205
rf,3,train,R0144,https://doi.org/10.1002/aoc.70327,1.41,1.354326076479076
rf,3,train,R0145,https://doi.org/10.1021/acs.langmuir.5c02644,1.1,1.0758849279942297
rf,3,train,R0146,https://doi.org/10.1016/j.electacta.2025.146925,1.1,1.1494514256615198
rf,3,train,R0147,https://doi.org/10.1016/j.jcis.2025.138454,0.89,0.9945123323676315
rf,3,train,R0148,https://doi.org/10.1038/s41598-025-11449-1,0.998,0.9631916296703277
rf,3,train,R0150,https://doi.org/10.1016/j.jpowsour.2025.237653,1.15,1.0654576333111336
rf,3,train,R0151,https://doi.org/10.1021/acs.iecr.5c01518,1.18,1.2106326507936518
rf,3,train,R0152,https://doi.org/10.1021/acs.iecr.5c01518,1.25,1.2567868796758785
rf,3,train,R0153,https://doi.org/10.1016/j.carbon.2025.120482,1.25,1.237348085858587
rf,3,train,R0154,https://doi.org/10.1093/nsr/nwaf145,1.24,1.1814193202353205
rf,3,train,R0155,https://doi.org/10.1016/j.jcis.2025.137782,1.36,1.354326076479076
rf,3,train,R0156,https://doi.org/10.1016/j.cej.2025.162908,1.3,1.2993170721500695
rf,3,train,R0157,https://doi.org/10.1016/j.cej.2025.162908,1.35,1.3059466600621568
rf,3,train,R0158,https://doi.org/10.1016/j.cej.2025.162908,1.3,1.2993170721500695
rf,3,train,R0162,https://doi.org/10.1021/jacs.4c15230,1.1,1.1494514256615198
rf,3,train,R0164,https://doi.org/10.1016/j.esci.2024.100310,1.08,1.0751077965367954
rf,3,train,R0165,https://doi.org/10.1016/j.esci.2024.100310,1.1,1.0751077965367954
rf,3,train,R0166,https://doi.org/10.1002/smll.202406516,1.2,1.1494514256615198
rf,3,train,R0167,https://doi.org/10.1002/anie.202418893,1.3,1.2925403867243854
rf,3,train,R0168,https://doi.org/10.1016/j.electacta.2024.145384,1.01,0.9945123323676315
rf,3,train,R0169,https://doi.org/10.1007/s10008-024-06115-x,1.4,1.4275538401598373
rf,3,train,R0170,https://doi.org/10.1002/aenm.202402925,1.4,1.3774710077145036
rf,3,train,R0171,https://doi.org/10.1002/aenm.202402925,1.28,1.3317641097236104
rf,3,train,R0172,https://doi.org/10.1002/aenm.202402925,1.3,1.3317641097236104
rf,3,train,R0173,https://doi.org/10.1021/acs.energyfuels.4c04356,0.94,0.9631916296703277
rf,3,train,R0174,https://doi.org/10.1002/smll.202406525,1.25,1.2453481327561335
rf,3,train,R0175,https://doi.org/10.1016/j.jpowsour.2024.235394,0.95,0.9581204265512231
rf,3,train,R0176,https://doi.org/10.1016/j.jpowsour.2024.235394,1.0,1.0654576333111336
rf,3,train,R0179,https://doi.org/10.1039/d4sc03242j,1.1,1.1494514256615198
rf,3,train,R0182,https://doi.org/10.1016/j.jcis.2024.06.137,1.25,1.244255181818183
rf,3,train,R0183,https://doi.org/10.1016/j.jcis.2024.06.137,1.4,1.4274960016649993
rf,3,train,R0184,https://doi.org/10.1016/j.jcis.2024.06.137,1.45,1.4274960016649993
rf,3,train,R0185,https://doi.org/10.1002/adma.202404319,1.2,1.1538796908163735
rf,3,train,R0186,https://doi.org/10.1002/adma.202405440,1.4,1.4275538401598373
rf,3,train,R0188,https://doi.org/10.1016/j.jcis.2024.05.144,1.2,1.2173414617604639
rf,3,train,R0189,https://doi.org/10.1016/j.ijoes.2024.100602,1.3,1.237348085858587
rf,3,train,R0190,https://doi.org/10.1016/j.jechem.2024.01.076,1.3,1.2567868796758785
rf,3,train,R0191,https://doi.org/10.1016/j.jechem.2024.01.076,1.25,1.2567868796758785
rf,3,train,R0192,https://doi.org/10.1016/j.jechem.2024.01.076,1.25,1.228701063492065
rf,3,train,R0193,https://doi.org/10.1002/aenm.202303766,0.95,0.9581204265512231
rf,3,train,R0194,https://doi.org/10.1002/smtd.202301728,1.22,1.2621785317460315
rf,3,train,R0195,https://doi.org/10.1002/smtd.202301728,1.32,1.2621785317460315
rf,3,train,R0196,https://doi.org/10.1016/j.mtcomm.2024.108243,0.84,0.9221077744938061
rf,3,train,R0198,https://doi.org/10.1016/j.jpowsour.2024.234130,1.05,1.09655252813853
rf,3,train,R0199,https://doi.org/10.1016/j.jpowsour.2024.234130,1.17,1.237348085858587
rf,3,train,R0200,https://doi.org/10.1021/jacs.3c12734,1.12,1.1001897256077275
rf,3,test,R0007,https://doi.org/10.1016/j.jallcom.2019.152736,1.35,1.2173414617604639
rf,3,test,R0008,https://doi.org/10.1016/j.jallcom.2020.153803,1.25,1.1650075310245311
rf,3,test,R0017,https://doi.org/10.1016/j.jallcom.2020.154054,0.82,0.9221077744938061
rf,3,test,R0019,https://doi.org/10.1016/j.jallcom.2020.157656,1.4,1.441599367243867
rf,3,test,R0020,https://doi.org/10.1002/aenm.202100110,0.95,0.9945123323676315
rf,3,test,R0027,https://doi.org/10.1039/d0nr00866d,1.5,1.390824190254187
rf,3,test,R0036,https://doi.org/10.1002/er.7342,1.21,1.2453481327561335
rf,3,test,R0038,https://doi.org/10.1021/acsami.1c08720,0.84,0.9631916296703277
rf,3,test,R0041,https://doi.org/10.1007/s40242-020-0077-3,1.15,1.2453481327561335
rf,3,test,R0050,https://doi.org/10.1002/aenm.202203660,1.33,1.2925403867243854
rf,3,test,R0060,https://doi.org/10.1021/acsami.1c22643,1.0,1.024307673160175
rf,3,test,R0071,https://doi.org/10.1039/d2ta07061h,1.34,1.4101547087357045
rf,3,test,R0074,https://doi.org/10.1002/smll.202204836,1.25,1.237348085858587
rf,3,test,R0075,https://doi.org/10.1002/smll.202204836,1.18,1.0654576333111336
rf,3,test,R0084,https://doi.org/10.1021/acsami.3c01599,1.17,1.2453481327561335
rf,3,test,R0091,https://doi.org/10.1039/d1qi01260f,1.23,1.1814193202353205
rf,3,test,R0095,https://doi.org/10.1002/smll.202206611,0.98,1.0573584040404038
rf,3,test,R0100,https://doi.org/10.1021/acscatal.2c02544,1.15,1.2453481327561335
rf,3,test,R0101,https://doi.org/10.1021/acscatal.2c02544,1.15,1.2453481327561335
rf,3,test,R0102,https://www.science.org/doi/10.1126/sciadv.abq6261,1.2,1.1494514256615198
rf,3,test,R0123,https://doi.org/10.1021/acs.nanolett.3c03025,1.1,1.1814193202353205
rf,3,test,R0124,https://doi.org/10.1021/acs.nanolett.3c03025,1.15,1.1814193202353205
rf,3,test,R0127,https://doi.org/10.1016/j.jechem.2026.01.056,1.25,1.1613949754689759
rf,3,test,R0128,https://doi.org/10.1002/smll.202512953,1.25,1.3557582696192743
rf,3,test,R0129,https://doi.org/10.1002/smll.202512953,1.39,1.3774710077145036
rf,3,test,R0130,https://doi.org/10.1002/smll.202512953,1.45,1.3774710077145036
rf,3,test,R0149,https://doi.org/10.1002/anie.202509132,0.94,0.9221077744938061
rf,3,test,R0159,https://doi.org/10.1016/j.cej.2025.162420,0.86,0.9608244582362078
rf,3,test,R0160,https://doi.org/10.1039/d5nr00300h,0.77,0.9221077744938061
rf,3,test,R0161,https://doi.org/10.1039/d5nr00300h,1.29,1.354326076479076
rf,3,test,R0163,https://doi.org/10.1002/celc.202400626,1.4,1.354326076479076
rf,3,test,R0177,https://doi.org/10.1002/cey2.587,1.35,1.2925403867243854
rf,3,test,R0178,https://doi.org/10.1002/cey2.550,1.25,1.2392332619047624
rf,3,test,R0180,https://doi.org/10.1016/j.est.2024.112780,1.3,1.2921794942279925
rf,3,test,R0181,https://doi.org/10.1016/j.est.2024.112780,1.45,1.4137292056277042
rf,3,test,R0187,https://doi.org/10.1016/j.mtener.2024.101597,1.38,1.4137292056277042
rf,3,test,R0197,https://doi.org/10.1016/j.jallcom.2024.173877,1.11,1.1494514256615198
rf,4,train,R0001,https://doi.org/10.1016/j.electacta.2020.137645,1.3,1.3145994062049036
rf,4,train,R0002,https://doi.org/10.1016/j.electacta.2020.137645,1.5,1.4245465421571886
rf,4,train,R0004,https://doi.org/10.1016/j.ssi.2021.115773,1.1,1.125963934187931
rf,4,train,R0005,https://doi.org/10.1016/j.ssi.2021.115773,1.4,1.3790843210678208
rf,4,train,R0006,https://doi.org/10.1016/j.jpowsour.2021.230374,1.24,1.2016885840367078
rf,4,train,R0007,https://doi.org/10.1016/j.jallcom.2019.152736,1.35,1.2650489953934962
rf,4,train,R0008,https://doi.org/10.1016/j.jallcom.2020.153803,1.25,1.2369558845598854
rf,4,train,R0009,https://doi.org/10.1016/j.jallcom.2020.158269,1.0,1.0181331942612928
rf,4,train,R0010,https://doi.org/10.1016/j.cej.2020.124294,1.35,1.37884363064713
rf,4,train,R0011,https://doi.org/10.1016/j.cej.2020.124294,1.4,1.37884363064713
rf,4,train,R0012,https://doi.org/10.1016/j.cej.2021.128403,0.97,0.8952935968426479
rf,4,train,R0015,https://doi.org/10.1016/j.flatc.2020.100221,1.25,1.2261751984126987
rf,4,train,R0016,https://doi.org/10.1016/j.jallcom.2020.157945,1.012,0.8952935968426479
rf,4,train,R0017,https://doi.org/10.1016/j.jallcom.2020.154054,0.82,0.8952935968426479
rf,4,train,R0018,https://doi.org/10.1016/j.jpowsour.2020.228362,1.35,1.3058631327561334
rf,4,train,R0019,https://doi.org/10.1016/j.jallcom.2020.157656,1.4,1.4405586154401129
rf,4,train,R0020,https://doi.org/10.1002/aenm.202100110,0.95,0.9829065744758513
rf,4,train,R0021,https://doi.org/10.1002/anie.202110116,1.4,1.3506450836940844
rf,4,train,R0022,https://doi.org/10.1002/anie.202110116,1.3,1.3506450836940844
rf,4,train,R0023,https://doi.org/10.1021/acs.jpcc.1c05456,1.15,1.125963934187931
rf,4,train,R0024,https://doi.org/10.1021/acs.jpcc.1c05456,1.2,1.125963934187931
rf,4,train,R0025,https://doi.org/10.1021/acs.jpcc.1c05456,1.15,1.125963934187931
rf,4,train,R0026,https://doi.org/10.1039/d0cc05980c,1.2,1.1813450034132529
rf,4,train,R0027,https://doi.org/10.1039/d0nr00866d,1.5,1.4481761082251094
rf,4,train,R0028,https://doi.org/10.1039/d0ta09195b,1.05,1.0575646605802722
rf,4,train,R0029,https://doi.org/10.1039/d1ta00538c,1.3,1.2542647279387253
rf,4,train,R0030,https://doi.org/10.1039/d1ta04830a,1.05,1.0945020766955282
rf,4,train,R0031,https://doi.org/10.1002/ente.201901257,1.15,1.1846806763791748
rf,4,train,R0032,https://doi.org/10.1002/ente.201901257,1.2,1.1846806763791748
rf,4,train,R0034,https://dx.doi.org/10.1021/acsnano.9b09646,1.45,1.4242625216450184
rf,4,train,R0035,https://dx.doi.org/10.1021/acsami.0c02087,1.15,1.11465764002664
rf,4,train,R0036,https://doi.org/10.1002/er.7342,1.21,1.2016885840367078
rf,4,train,R0037,https://doi.org/10.1002/er.6806,1.0,1.0287060357864357
rf,4,train,R0038,https://doi.org/10.1021/acsami.1c08720,0.84,0.9331603577115688
rf,4,train,R0039,https://dx.doi.org/10.1021/acsami.9b21904,1.3,1.3340534567099578
rf,4,train,R0040,https://doi.org/10.1007/s11581-021-04046-5,0.9,0.8952935968426479
rf,4,train,R0041,https://doi.org/10.1007/s40242-020-0077-3,1.15,1.2016885840367078
rf,4,train,R0044,https://dx.doi.org/10.1021/acscatal.0c02608,1.35,1.3340534567099578
rf,4,train,R0045,https://doi.org/10.1021/acsaem.1c01572,1.1,1.0622140510822546
rf,4,train,R0046,https://doi.org/10.1021/acsaem.1c01572,1.3,1.3506450836940844
rf,4,train,R0048,https://doi.org/10.1002/aenm.202103910,1.0,0.9994938691974682
rf,4,train,R0050,https://doi.org/10.1002/aenm.202203660,1.33,1.3048564017094013
rf,4,train,R0051,https://doi.org/10.1016/j.ensm.2023.102874,1.21,1.18845442063492
rf,4,train,R0052,https://doi.org/10.1016/j.ensm.2023.102989,1.1,1.11465764002664
rf,4,train,R0053,https://doi.org/10.1016/j.ensm.2022.07.026,1.1,1.040738341269842
rf,4,train,R0054,https://doi.org/10.1016/S1872‐2067(23)64409‐2,1.1,1.11465764002664
rf,4,train,R0055,https://doi.org/10.1016/S1872‐2067(23)64409‐2,1.15,1.11465764002664
rf,4,train,R0056,https://doi.org/10.1016/j.jallcom.2023.170130,1.29,1.2016885840367078
rf,4,train,R0057,https://doi.org/10.1002/smll.202205532,1.08,0.9829065744758513
rf,4,train,R0060,https://doi.org/10.1021/acsami.1c22643,1.0,1.0199896666666652
rf,4,train,R0061,https://doi.org/10.1016/j.jelechem.2022.116810,1.15,1.1813450034132529
rf,4,train,R0067,https://doi.org/10.3390/nano12142386,1.2,1.1791934284049281
rf,4,train,R0068,https://doi.org/10.1021/acsami.2c19975,1.03,1.0285983506826464
rf,4,train,R0069,https://doi.org/10.1021/acsami.2c19975,1.38,1.347233155122656
rf,4,train,R0070,https://doi.org/10.1016/j.cej.2022.136852,1.06,0.8952935968426479
rf,4,train,R0071,https://doi.org/10.1039/d2ta07061h,1.34,1.3790843210678208
rf,4,train,R0073,https://doi.org/10.1016/j.jelechem.2022.116356,1.3,1.3048564017094013
rf,4,train,R0074,https://doi.org/10.1002/smll.202204836,1.25,1.2542647279387253
rf,4,train,R0075,https://doi.org/10.1002/smll.202204836,1.18,1.0541461702741697
rf,4,train,R0078,https://doi.org/10.1016/j.cej.2022.137684,1.29,1.347233155122656
rf,4,train,R0079,https://doi.org/10.1016/j.cej.2022.137684,1.41,1.3506450836940844
rf,4,train,R0080,https://doi.org/10.1016/j.est.2023.107329,1.01,1.0166970294372268
rf,4,train,R0084,https://doi.org/10.1021/acsami.3c01599,1.17,1.2016885840367078
rf,4,train,R0086,https://doi.org/10.1016/j.est.2023.109342,1.35,1.413267601875249
rf,4,train,R0087,https://doi.org/10.1016/j.est.2023.109342,1.5,1.413267601875249
rf,4,train,R0088,https://doi.org/10.1016/j.est.2023.109342,1.4,1.413267601875249
rf,4,train,R0089,https://doi.org/10.1016/j.jcis.2022.12.148,1.28,1.3048564017094013
rf,4,train,R0090,https://doi.org/10.1016/j.cej.2022.139524,1.22,1.1791934284049281
rf,4,train,R0091,https://doi.org/10.1039/d1qi01260f,1.23,1.1813450034132529
rf,4,train,R0092,https://doi.org/10.1016/j.carbon.2022.04.080,1.32,1.3048564017094013
rf,4,train,R0093,https://doi.org/10.1016/j.jallcom.2022.163703,1.09,1.0332071321955787
rf,4,train,R0094,https://doi.org/10.1016/j.electacta.2022.140894,1.05,1.125963934187931
rf,4,train,R0095,https://doi.org/10.1002/smll.202206611,0.98,1.0419180079365082
rf,4,train,R0099,https://doi.org/10.1021/acsami.2c19975,1.38,1.347233155122656
rf,4,train,R0100,https://doi.org/10.1021/acscatal.2c02544,1.15,1.2016885840367078
rf,4,train,R0101,https://doi.org/10.1021/acscatal.2c02544,1.15,1.2016885840367078
rf,4,train,R0102,https://www.science.org/doi/10.1126/sciadv.abq6261,1.2,1.125963934187931
rf,4,train,R0108,https://doi.org/10.1016/j.cej.2022.138462,1.17,1.1791934284049281
rf,4,train,R0109,https://doi.org/10.1002/smll.202302598,1.25,1.257089265512263
rf,4,train,R0111,https://doi.org/10.1016/j.apcatb.2022.122203,1.25,1.3048564017094013
rf,4,train,R0112,https://doi.org/10.1021/acsnano.3c05782,1.12,1.135156896825394
rf,4,train,R0113,https://doi.org/10.1039/d2ta03604e,0.85,0.8952935968426479
rf,4,train,R0114,https://doi.org/10.1016/j.compositesb.2022.109727,1.1,1.125963934187931
rf,4,train,R0115,https://doi.org/10.1016/j.ensm.2022.05.029,1.14,1.1791934284049281
rf,4,train,R0116,https://doi.org/10.1016/j.cej.2023.143351,1.23,1.2383733650793676
rf,4,train,R0117,https://doi.org/10.1002/adfm.202209876,1.18,1.2074824336219325
rf,4,train,R0119,https://doi.org/10.1021/acsaem.3c02592,0.98,1.0541461702741697
rf,4,train,R0120,https://doi.org/10.1002/aenm.202204057,1.3,1.317480524975027
rf,4,train,R0121,https://doi.org/10.1002/aenm.202204057,1.4,1.4242625216450184
rf,4,train,R0122,https://doi.org/10.1002/aenm.202204057,1.5,1.4405586154401129
rf,4,train,R0123,https://doi.org/10.1021/acs.nanolett.3c03025,1.1,1.1813450034132529
rf,4,train,R0124,https://doi.org/10.1021/acs.nanolett.3c03025,1.15,1.1813450034132529
rf,4,train,R0125,https://sioc-journal.cn/Jwk_hxxb/EN/10.6023/A22050206,1.08,1.11465764002664
rf,4,train,R0126,https://doi.org/10.1016/j.jcis.2026.140244,1.04,1.0199896666666652
rf,4,train,R0127,https://doi.org/10.1016/j.jechem.2026.01.056,1.25,1.240089694083695
rf,4,train,R0128,https://doi.org/10.1002/smll.202512953,1.25,1.3058631327561334
rf,4,train,R0129,https://doi.org/10.1002/smll.202512953,1.39,1.4121880969357412
rf,4,train,R0130,https://doi.org/10.1002/smll.202512953,1.45,1.4121880969357412
rf,4,train,R0131,https://doi.org/10.1002/advs.202522315,1.0,1.0419180079365082
rf,4,train,R0132,https://doi.org/10.1016/j.electacta.2025.147671,1.15,1.135156896825394
rf,4,train,R0133,https://doi.org/10.1021/acsaem.5c03033,1.25,1.2821410021645014
rf,4,train,R0134,https://doi.org/10.1021/acsanm.5c04476,1.04,1.0541461702741697
rf,4,train,R0135,https://doi.org/10.1021/acsanm.5c04476,1.25,1.257089265512263
rf,4,train,R0136,https://doi.org/10.1088/2631-6331/ae1925,1.3,1.3516171890331903
rf,4,train,R0137,https://doi.org/10.1002/anie.202521423,1.2,1.2542647279387253
rf,4,train,R0138,https://doi.org/10.1080/1536383X.2025.2583369,1.3,1.261745480408476
rf,4,train,R0139,https://doi.org/10.1002/anie.202520097,1.2,1.1813450034132529
rf,4,train,R0140,https://doi.org/10.1016/j.jcis.2025.139355,0.8,0.8952935968426479
rf,4,train,R0141,https://doi.org/10.1016/j.jcis.2025.139355,0.83,0.8952935968426479
rf,4,train,R0142,https://doi.org/10.1021/acsnano.5c10218,0.96,0.9331603577115688
rf,4,train,R0143,https://doi.org/10.1021/acsnano.5c10218,1.18,1.1813450034132529
rf,4,train,R0144,https://doi.org/10.1002/aoc.70327,1.41,1.3516171890331903
rf,4,train,R0146,https://doi.org/10.1016/j.electacta.2025.146925,1.1,1.125963934187931
rf,4,train,R0147,https://doi.org/10.1016/j.jcis.2025.138454,0.89,0.9829065744758513
rf,4,train,R0148,https://doi.org/10.1038/s41598-025-11449-1,0.998,0.9331603577115688
rf,4,train,R0149,https://doi.org/10.1002/anie.202509132,0.94,0.8952935968426479
rf,4,train,R0151,https://doi.org/10.1021/acs.iecr.5c01518,1.18,1.2119504761904751
rf,4,train,R0152,https://doi.org/10.1021/acs.iecr.5c01518,1.25,1.257089265512263
rf,4,train,R0153,https://doi.org/10.1016/j.carbon.2025.120482,1.25,1.2542647279387253
rf,4,train,R0154,https://doi.org/10.1093/nsr/nwaf145,1.24,1.1813450034132529
rf,4,train,R0155,https://doi.org/10.1016/j.jcis.2025.137782,1.36,1.3516171890331903
rf,4,train,R0156,https://doi.org/10.1016/j.cej.2025.162908,1.3,1.2998933343323313
rf,4,train,R0157,https://doi.org/10.1016/j.cej.2025.162908,1.35,1.317480524975027
rf,4,train,R0158,https://doi.org/10.1016/j.cej.2025.162908,1.3,1.2998933343323313
rf,4,train,R0159,https://doi.org/10.1016/j.cej.2025.162420,0.86,0.8827040671684576
rf,4,train,R0160,https://doi.org/10.1039/d5nr00300h,0.77,0.8952935968426479
rf,4,train,R0161,https://doi.org/10.1039/d5nr00300h,1.29,1.3516171890331903
rf,4,train,R0163,https://doi.org/10.1002/celc.202400626,1.4,1.3516171890331903
rf,4,train,R0167,https://doi.org/10.1002/anie.202418893,1.3,1.3048564017094013
rf,4,train,R0168,https://doi.org/10.1016/j.electacta.2024.145384,1.01,0.9829065744758513
rf,4,train,R0169,https://doi.org/10.1007/s10008-024-06115-x,1.4,1.4245465421571886
rf,4,train,R0173,https://doi.org/10.1021/acs.energyfuels.4c04356,0.94,0.9331603577115688
rf,4,train,R0174,https://doi.org/10.1002/smll.202406525,1.25,1.2016885840367078
rf,4,train,R0175,https://doi.org/10.1016/j.jpowsour.2024.235394,0.95,0.9507113742283821
rf,4,train,R0176,https://doi.org/10.1016/j.jpowsour.2024.235394,1.0,1.0541461702741697
rf,4,train,R0177,https://doi.org/10.1002/cey2.587,1.35,1.3048564017094013
rf,4,train,R0178,https://doi.org/10.1002/cey2.550,1.25,1.259772687590187
rf,4,train,R0179,https://doi.org/10.1039/d4sc03242j,1.1,1.125963934187931
rf,4,train,R0180,https://doi.org/10.1016/j.est.2024.112780,1.3,1.3012205266955241
rf,4,train,R0181,https://doi.org/10.1016/j.est.2024.112780,1.45,1.413267601875249
rf,4,train,R0182,https://doi.org/10.1016/j.jcis.2024.06.137,1.25,1.2490260591630593
rf,4,train,R0183,https://doi.org/10.1016/j.jcis.2024.06.137,1.4,1.4242625216450184
rf,4,train,R0184,https://doi.org/10.1016/j.jcis.2024.06.137,1.45,1.4242625216450184
rf,4,train,R0185,https://doi.org/10.1002/adma.202404319,1.2,1.1177043323042977
rf,4,train,R0186,https://doi.org/10.1002/adma.202405440,1.4,1.4245465421571886
rf,4,train,R0187,https://doi.org/10.1016/j.mtener.2024.101597,1.38,1.413267601875249
rf,4,train,R0188,https://doi.org/10.1016/j.jcis.2024.05.144,1.2,1.2650489953934962
rf,4,train,R0189,https://doi.org/10.1016/j.ijoes.2024.100602,1.3,1.2542647279387253
rf,4,train,R0190,https://doi.org/10.1016/j.jechem.2024.01.076,1.3,1.257089265512263
rf,4,train,R0191,https://doi.org/10.1016/j.jechem.2024.01.076,1.25,1.257089265512263
rf,4,train,R0192,https://doi.org/10.1016/j.jechem.2024.01.076,1.25,1.236365334831835
rf,4,train,R0193,https://doi.org/10.1002/aenm.202303766,0.95,0.9507113742283821
rf,4,train,R0194,https://doi.org/10.1002/smtd.202301728,1.22,1.2728531190476202
rf,4,train,R0195,https://doi.org/10.1002/smtd.202301728,1.32,1.2728531190476202
rf,4,train,R0197,https://doi.org/10.1016/j.jallcom.2024.173877,1.11,1.125963934187931
rf,4,test,R0003,https://doi.org/10.1016/j.apcatb.2019.118283,1.27,1.317480524975027
rf,4,test,R0013,http://dx.doi.org/10.1016/j.jelechem.2020.114124,1.25,1.3344274740259712
rf,4,test,R0014,https://doi.org/10.1016/j.jechem.2020.07.053,0.98,1.0419180079365082
rf,4,test,R0033,https://dx.doi.org/10.1021/acsaem.0c01691,1.35,1.3340534567099578
rf,4,test,R0042,https://doi.org/10.1002/smll.202105752,1.4,1.4405586154401129
rf,4,test,R0043,https://doi.org/10.1002/smll.202105752,1.25,1.257089265512263
rf,4,test,R0047,https://doi.org/10.1002/aenm.202200791,1.0,0.9994938691974682
rf,4,test,R0049,https://doi.org/10.1016/j.apcatb.2022.121844,0.92,1.00133174025974
rf,4,test,R0058,https://doi.org/10.1016/j.electacta.2023.142096,0.99,0.957458004104063
rf,4,test,R0059,https://doi.org/10.1016/j.electacta.2022.140147,1.11,1.0541461702741697
rf,4,test,R0062,https://doi.org/10.1002/slct.202200870,1.04,0.8952935968426479
rf,4,test,R0063,https://doi.org/10.1002/slct.202200870,1.1,1.0659520115440109
rf,4,test,R0064,https://doi.org/10.1002/slct.202200870,1.11,1.0541461702741697
rf,4,test,R0065,https://doi.org/10.1016/j.cej.2023.146775,1.0,1.0127697202020183
rf,4,test,R0066,https://www.pnas.org/lookup/suppl/doi:10.1073/pnas.2301439120/-/DCSupplemental.,1.11,1.064652972527473
rf,4,test,R0072,https://doi.org/10.1016/j.ijhydene.2023.12.023,1.4,1.413267601875249
rf,4,test,R0076,https://doi.org/10.1002/admi.202102110,0.98,0.9263023728643374
rf,4,test,R0077,https://doi.org/10.1002/admi.202102110,1.04,1.0659520115440109
rf,4,test,R0081,https://doi.org/10.1021/acs.jpcc.3c01042,1.2,1.125963934187931
rf,4,test,R0082,https://doi.org/10.1021/acs.jpcc.3c01042,1.25,1.125963934187931
rf,4,test,R0083,https://doi.org/10.1021/acs.jpcc.3c01042,1.25,1.125963934187931
rf,4,test,R0085,https://doi.org/10.1021/jacs.2c11676,1.05,1.0659520115440109
rf,4,test,R0096,https://doi.org/10.1002/adsu.202300510,0.95,1.0139653542568534
rf,4,test,R0097,https://doi.org/10.1002/adsu.202300510,1.2,1.2016885840367078
rf,4,test,R0098,https://doi.org/10.1002/adsu.202300510,1.25,1.2016885840367078
rf,4,test,R0103,https://doi.org/10.1007/s12274-022-5330-2,1.2,1.1813450034132529
rf,4,test,R0104,https://doi.org/10.1007/s12274-022-5330-2,1.15,1.11465764002664
rf,4,test,R0105,https://doi.org/10.1007/s12274-022-5330-2,1.1,1.1813450034132529
rf,4,test,R0106,https://doi.org/10.1007/s12274-022-5330-2,1.08,1.11465764002664
rf,4,test,R0107,https://doi.org/10.1016/j.ensm.2023.102829,1.2,1.255640022755021
rf,4,test,R0110,https://doi.org/10.1002/adma.202106436,1.2,1.2654338730158743
rf,4,test,R0118,https://doi.org/10.1002/smll.202106707,1.42,1.3790843210678208
rf,4,test,R0145,https://doi.org/10.1021/acs.langmuir.5c02644,1.1,1.0575646605802722
rf,4,test,R0150,https://doi.org/10.1016/j.jpowsour.2025.237653,1.15,1.0541461702741697
rf,4,test,R0162,https://doi.org/10.1021/jacs.4c15230,1.1,1.125963934187931
rf,4,test,R0164,https://doi.org/10.1016/j.esci.2024.100310,1.08,1.0659520115440109
rf,4,test,R0165,https://doi.org/10.1016/j.esci.2024.100310,1.1,1.0659520115440109
rf,4,test,R0166,https://doi.org/10.1002/smll.202406516,1.2,1.125963934187931
rf,4,test,R0170,https://doi.org/10.1002/aenm.202402925,1.4,1.4121880969357412
rf,4,test,R0171,https://doi.org/10.1002/aenm.202402925,1.28,1.3506450836940844
rf,4,test,R0172,https://doi.org/10.1002/aenm.202402925,1.3,1.3506450836940844
rf,4,test,R0196,https://doi.org/10.1016/j.mtcomm.2024.108243,0.84,0.8952935968426479
rf,4,test,R0198,https://doi.org/10.1016/j.jpowsour.2024.234130,1.05,1.1445711370129867
rf,4,test,R0199,https://doi.org/10.1016/j.jpowsour.2024.234130,1.17,1.2542647279387253
rf,4,test,R0200,https://doi.org/10.1021/jacs.3c12734,1.12,1.0745875990120992
ridge,0,train,R0001,https://doi.org/10.1016/j.electacta.2020.137645,1.3,1.2968656521641033
ridge,0,train,R0002,https://doi.org/10.1016/j.electacta.2020.137645,1.5,1.3587907383077027
ridge,0,train,R0003,https://doi.org/10.1016/j.apcatb.2019.118283,1.27,1.238568528180222
ridge,0,train,R0004,https://doi.org/10.1016/j.ssi.2021.115773,1.1,1.1839724026962866
ridge,0,train,R0005,https://doi.org/10.1016/j.ssi.2021.115773,1.4,1.3945383505690032
ridge,0,train,R0006,https://doi.org/10.1016/j.jpowsour.2021.230374,1.24,1.2110832221938042
ridge,0,train,R0007,https://doi.org/10.1016/j.jallcom.2019.152736,1.35,1.2140537358326788
ridge,0,train,R0008,https://doi.org/10.1016/j.jallcom.2020.153803,1.25,1.175663016911353
ridge,0,train,R0009,https://doi.org/10.1016/j.jallcom.2020.158269,1.0,1.0723588873915226
ridge,0,train,R0012,https://doi.org/10.1016/j.cej.2021.128403,0.97,0.971567002914478
ridge,0,train,R0013,http://dx.doi.org/10.1016/j.jelechem.2020.114124,1.25,1.2845508785582729
ridge,0,train,R0014,https://doi.org/10.1016/j.jechem.2020.07.053,0.98,1.0341324183560412
ridge,0,train,R0016,https://doi.org/10.1016/j.jallcom.2020.157945,1.012,0.971567002914478
ridge,0,train,R0017,https://doi.org/10.1016/j.jallcom.2020.154054,0.82,0.971567002914478
ridge,0,train,R0018,https://doi.org/10.1016/j.jpowsour.2020.228362,1.35,1.3024026379757694
ridge,0,train,R0019,https://doi.org/10.1016/j.jallcom.2020.157656,1.4,1.40743057694409
ridge,0,train,R0020,https://doi.org/10.1002/aenm.202100110,0.95,1.0447113558487298
ridge,0,train,R0021,https://doi.org/10.1002/anie.202110116,1.4,1.3168005839089387
ridge,0,train,R0022,https://doi.org/10.1002/anie.202110116,1.3,1.3168005839089387
ridge,0,train,R0023,https://doi.org/10.1021/acs.jpcc.1c05456,1.15,1.1839724026962866
ridge,0,train,R0024,https://doi.org/10.1021/acs.jpcc.1c05456,1.2,1.1839724026962866
ridge,0,train,R0025,https://doi.org/10.1021/acs.jpcc.1c05456,1.15,1.1839724026962866
ridge,0,train,R0026,https://doi.org/10.1039/d0cc05980c,1.2,1.144916658302938
ridge,0,train,R0027,https://doi.org/10.1039/d0nr00866d,1.5,1.4858692810715852
ridge,0,train,R0031,https://doi.org/10.1002/ente.201901257,1.15,1.1813135740815395
ridge,0,train,R0032,https://doi.org/10.1002/ente.201901257,1.2,1.1813135740815395
ridge,0,train,R0033,https://dx.doi.org/10.1021/acsaem.0c01691,1.35,1.3207101071162248
ridge,0,train,R0036,https://doi.org/10.1002/er.7342,1.21,1.2110832221938042
ridge,0,train,R0037,https://doi.org/10.1002/er.6806,1.0,1.0170245258527946
ridge,0,train,R0038,https://doi.org/10.1021/acsami.1c08720,0.84,0.9369223010686144
ridge,0,train,R0039,https://dx.doi.org/10.1021/acsami.9b21904,1.3,1.3207101071162248
ridge,0,train,R0040,https://doi.org/10.1007/s11581-021-04046-5,0.9,0.971567002914478
ridge,0,train,R0041,https://doi.org/10.1007/s40242-020-0077-3,1.15,1.2110832221938042
ridge,0,train,R0042,https://doi.org/10.1002/smll.202105752,1.4,1.40743057694409
ridge,0,train,R0043,https://doi.org/10.1002/smll.202105752,1.25,1.284512623484494
ridge,0,train,R0044,https://dx.doi.org/10.1021/acscatal.0c02608,1.35,1.3207101071162248
ridge,0,train,R0045,https://doi.org/10.1021/acsaem.1c01572,1.1,1.0688296156701464
ridge,0,train,R0046,https://doi.org/10.1021/acsaem.1c01572,1.3,1.3168005839089387
ridge,0,train,R0047,https://doi.org/10.1002/aenm.202200791,1.0,1.001290507384194
ridge,0,train,R0049,https://doi.org/10.1016/j.apcatb.2022.121844,0.92,0.9212068172612609
ridge,0,train,R0050,https://doi.org/10.1002/aenm.202203660,1.33,1.3262162416701717
ridge,0,train,R0053,https://doi.org/10.1016/j.ensm.2022.07.026,1.1,1.015252880490554
ridge,0,train,R0054,https://doi.org/10.1016/S1872‐2067(23)64409‐2,1.1,1.0796527208057085
ridge,0,train,R0055,https://doi.org/10.1016/S1872‐2067(23)64409‐2,1.15,1.0796527208057085
ridge,0,train,R0056,https://doi.org/10.1016/j.jallcom.2023.170130,1.29,1.2110832221938042
ridge,0,train,R0057,https://doi.org/10.1002/smll.202205532,1.08,1.0447113558487298
ridge,0,train,R0058,https://doi.org/10.1016/j.electacta.2023.142096,0.99,0.9096579411758957
ridge,0,train,R0059,https://doi.org/10.1016/j.electacta.2022.140147,1.11,1.113074623361385
ridge,0,train,R0060,https://doi.org/10.1021/acsami.1c22643,1.0,1.0149565798023348
ridge,0,train,R0062,https://doi.org/10.1002/slct.202200870,1.04,0.971567002914478
ridge,0,train,R0063,https://doi.org/10.1002/slct.202200870,1.1,1.132039288792084
ridge,0,train,R0064,https://doi.org/10.1002/slct.202200870,1.11,1.113074623361385
ridge,0,train,R0065,https://doi.org/10.1016/j.cej.2023.146775,1.0,1.0074644529324894
ridge,0,train,R0066,https://www.pnas.org/lookup/suppl/doi:10.1073/pnas.2301439120/-/DCSupplemental.,1.11,1.0934618099665752
ridge,0,train,R0070,https://doi.org/10.1016/j.cej.2022.136852,1.06,0.971567002914478
ridge,0,train,R0071,https://doi.org/10.1039/d2ta07061h,1.34,1.3945383505690032
ridge,0,train,R0072,https://doi.org/10.1016/j.ijhydene.2023.12.023,1.4,1.3740172040343506
ridge,0,train,R0073,https://doi.org/10.1016/j.jelechem.2022.116356,1.3,1.3262162416701717
ridge,0,train,R0074,https://doi.org/10.1002/smll.202204836,1.25,1.1521303677547337
ridge,0,train,R0075,https://doi.org/10.1002/smll.202204836,1.18,1.113074623361385
ridge,0,train,R0076,https://doi.org/10.1002/admi.202102110,0.98,0.941812226868083
ridge,0,train,R0077,https://doi.org/10.1002/admi.202102110,1.04,1.132039288792084
ridge,0,train,R0078,https://doi.org/10.1016/j.cej.2022.137684,1.29,1.4092943732791428
ridge,0,train,R0079,https://doi.org/10.1016/j.cej.2022.137684,1.41,1.3168005839089387
ridge,0,train,R0080,https://doi.org/10.1016/j.est.2023.107329,1.01,1.0136779174596051
ridge,0,train,R0081,https://doi.org/10.1021/acs.jpcc.3c01042,1.2,1.1839724026962866
ridge,0,train,R0082,https://doi.org/10.1021/acs.jpcc.3c01042,1.25,1.1839724026962866
ridge,0,train,R0083,https://doi.org/10.1021/acs.jpcc.3c01042,1.25,1.1839724026962866
ridge,0,train,R0084,https://doi.org/10.1021/acsami.3c01599,1.17,1.2110832221938042
ridge,0,train,R0085,https://doi.org/10.1021/jacs.2c11676,1.05,1.132039288792084
ridge,0,train,R0086,https://doi.org/10.1016/j.est.2023.109342,1.35,1.3740172040343506
ridge,0,train,R0087,https://doi.org/10.1016/j.est.2023.109342,1.5,1.3740172040343506
ridge,0,train,R0088,https://doi.org/10.1016/j.est.2023.109342,1.4,1.3740172040343506
ridge,0,train,R0089,https://doi.org/10.1016/j.jcis.2022.12.148,1.28,1.3262162416701717
ridge,0,train,R0090,https://doi.org/10.1016/j.cej.2022.139524,1.22,1.1631488620376589
ridge,0,train,R0091,https://doi.org/10.1039/d1qi01260f,1.23,1.144916658302938
ridge,0,train,R0093,https://doi.org/10.1016/j.jallcom.2022.163703,1.09,0.9984480118743181
ridge,0,train,R0094,https://doi.org/10.1016/j.electacta.2022.140894,1.05,1.1839724026962866
ridge,0,train,R0095,https://doi.org/10.1002/smll.202206611,0.98,1.0341324183560412
ridge,0,train,R0096,https://doi.org/10.1002/adsu.202300510,0.95,0.9966518838513322
ridge,0,train,R0097,https://doi.org/10.1002/adsu.202300510,1.2,1.2110832221938042
ridge,0,train,R0098,https://doi.org/10.1002/adsu.202300510,1.25,1.2110832221938042
ridge,0,train,R0099,https://doi.org/10.1021/acsami.2c19975,1.38,1.4092943732791428
ridge,0,train,R0100,https://doi.org/10.1021/acscatal.2c02544,1.15,1.2110832221938042
ridge,0,train,R0101,https://doi.org/10.1021/acscatal.2c02544,1.15,1.2110832221938042
ridge,0,train,R0102,https://www.science.org/doi/10.1126/sciadv.abq6261,1.2,1.1839724026962866
ridge,0,train,R0103,https://doi.org/10.1007/s12274-022-5330-2,1.2,1.144916658302938
ridge,0,train,R0104,https://doi.org/10.1007/s12274-022-5330-2,1.15,1.0796527208057085
ridge,0,train,R0105,https://doi.org/10.1007/s12274-022-5330-2,1.1,1.144916658302938
ridge,0,train,R0106,https://doi.org/10.1007/s12274-022-5330-2,1.08,1.0796527208057085
ridge,0,train,R0107,https://doi.org/10.1016/j.ensm.2023.102829,1.2,1.2510849327849791
ridge,0,train,R0108,https://doi.org/10.1016/j.cej.2022.138462,1.17,1.1631488620376589
ridge,0,train,R0110,https://doi.org/10.1002/adma.202106436,1.2,1.200197082258528
ridge,0,train,R0111,https://doi.org/10.1016/j.apcatb.2022.122203,1.25,1.3262162416701717
ridge,0,train,R0112,https://doi.org/10.1021/acsnano.3c05782,1.12,1.0457023987419933
ridge,0,train,R0113,https://doi.org/10.1039/d2ta03604e,0.85,0.971567002914478
ridge,0,train,R0114,https://doi.org/10.1016/j.compositesb.2022.109727,1.1,1.1839724026962866
ridge,0,train,R0115,https://doi.org/10.1016/j.ensm.2022.05.029,1.14,1.1631488620376589
ridge,0,train,R0116,https://doi.org/10.1016/j.cej.2023.143351,1.23,1.2168708083879478
ridge,0,train,R0117,https://doi.org/10.1002/adfm.202209876,1.18,1.2496709502675971
ridge,0,train,R0118,https://doi.org/10.1002/smll.202106707,1.42,1.3945383505690032
ridge,0,train,R0119,https://doi.org/10.1021/acsaem.3c02592,0.98,1.113074623361385
ridge,0,train,R0120,https://doi.org/10.1002/aenm.202204057,1.3,1.238568528180222
ridge,0,train,R0121,https://doi.org/10.1002/aenm.202204057,1.4,1.4272375733251639
ridge,0,train,R0122,https://doi.org/10.1002/aenm.202204057,1.5,1.40743057694409
ridge,0,train,R0123,https://doi.org/10.1021/acs.nanolett.3c03025,1.1,1.144916658302938
ridge,0,train,R0124,https://doi.org/10.1021/acs.nanolett.3c03025,1.15,1.144916658302938
ridge,0,train,R0125,https://sioc-journal.cn/Jwk_hxxb/EN/10.6023/A22050206,1.08,1.0796527208057085
ridge,0,train,R0126,https://doi.org/10.1016/j.jcis.2026.140244,1.04,1.0149565798023348
ridge,0,train,R0127,https://doi.org/10.1016/j.jechem.2026.01.056,1.25,1.2826202446750472
ridge,0,train,R0128,https://doi.org/10.1002/smll.202512953,1.25,1.3024026379757694
ridge,0,train,R0129,https://doi.org/10.1002/smll.202512953,1.39,1.3740139457441116
ridge,0,train,R0130,https://doi.org/10.1002/smll.202512953,1.45,1.3740139457441116
ridge,0,train,R0131,https://doi.org/10.1002/advs.202522315,1.0,1.0341324183560412
ridge,0,train,R0132,https://doi.org/10.1016/j.electacta.2025.147671,1.15,1.0457023987419933
ridge,0,train,R0133,https://doi.org/10.1021/acsaem.5c03033,1.25,1.2433036768346937
ridge,0,train,R0136,https://doi.org/10.1088/2631-6331/ae1925,1.3,1.3472177547194943
ridge,0,train,R0137,https://doi.org/10.1002/anie.202521423,1.2,1.1521303677547337
ridge,0,train,R0138,https://doi.org/10.1080/1536383X.2025.2583369,1.3,1.2445008037945826
ridge,0,train,R0139,https://doi.org/10.1002/anie.202520097,1.2,1.144916658302938
ridge,0,train,R0144,https://doi.org/10.1002/aoc.70327,1.41,1.3472177547194943
ridge,0,train,R0145,https://doi.org/10.1021/acs.langmuir.5c02644,1.1,1.0953074076588067
ridge,0,train,R0147,https://doi.org/10.1016/j.jcis.2025.138454,0.89,1.0447113558487298
ridge,0,train,R0149,https://doi.org/10.1002/anie.202509132,0.94,0.971567002914478
ridge,0,train,R0150,https://doi.org/10.1016/j.jpowsour.2025.237653,1.15,1.113074623361385
ridge,0,train,R0153,https://doi.org/10.1016/j.carbon.2025.120482,1.25,1.1521303677547337
ridge,0,train,R0154,https://doi.org/10.1093/nsr/nwaf145,1.24,1.144916658302938
ridge,0,train,R0159,https://doi.org/10.1016/j.cej.2025.162420,0.86,0.9515430334419186
ridge,0,train,R0160,https://doi.org/10.1039/d5nr00300h,0.77,0.971567002914478
ridge,0,train,R0161,https://doi.org/10.1039/d5nr00300h,1.29,1.3472177547194943
ridge,0,train,R0162,https://doi.org/10.1021/jacs.4c15230,1.1,1.1839724026962866
ridge,0,train,R0163,https://doi.org/10.1002/celc.202400626,1.4,1.3472177547194943
ridge,0,train,R0164,https://doi.org/10.1016/j.esci.2024.100310,1.08,1.132039288792084
ridge,0,train,R0165,https://doi.org/10.1016/j.esci.2024.100310,1.1,1.132039288792084
ridge,0,train,R0166,https://doi.org/10.1002/smll.202406516,1.2,1.1839724026962866
ridge,0,train,R0170,https://doi.org/10.1002/aenm.202402925,1.4,1.3740139457441116
ridge,0,train,R0171,https://doi.org/10.1002/aenm.202402925,1.28,1.3168005839089387
ridge,0,train,R0172,https://doi.org/10.1002/aenm.202402925,1.3,1.3168005839089387
ridge,0,train,R0174,https://doi.org/10.1002/smll.202406525,1.25,1.2110832221938042
ridge,0,train,R0175,https://doi.org/10.1016/j.jpowsour.2024.235394,0.95,0.9071675250222218
ridge,0,train,R0176,https://doi.org/10.1016/j.jpowsour.2024.235394,1.0,1.113074623361385
ridge,0,train,R0177,https://doi.org/10.1002/cey2.587,1.35,1.3262162416701717
ridge,0,train,R0178,https://doi.org/10.1002/cey2.550,1.25,1.245042659807659
ridge,0,train,R0180,https://doi.org/10.1016/j.est.2024.112780,1.3,1.3185012006219903
ridge,0,train,R0181,https://doi.org/10.1016/j.est.2024.112780,1.45,1.3740172040343506
ridge,0,train,R0182,https://doi.org/10.1016/j.jcis.2024.06.137,1.25,1.196875198554426
ridge,0,train,R0183,https://doi.org/10.1016/j.jcis.2024.06.137,1.4,1.4272375733251639
ridge,0,train,R0184,https://doi.org/10.1016/j.jcis.2024.06.137,1.45,1.4272375733251639
ridge,0,train,R0185,https://doi.org/10.1002/adma.202404319,1.2,1.0751124501650564
ridge,0,train,R0187,https://doi.org/10.1016/j.mtener.2024.101597,1.38,1.3740172040343506
ridge,0,train,R0189,https://doi.org/10.1016/j.ijoes.2024.100602,1.3,1.1521303677547337
ridge,0,train,R0190,https://doi.org/10.1016/j.jechem.2024.01.076,1.3,1.284512623484494
ridge,0,train,R0191,https://doi.org/10.1016/j.jechem.2024.01.076,1.25,1.284512623484494
ridge,0,train,R0192,https://doi.org/10.1016/j.jechem.2024.01.076,1.25,1.336116544903335
ridge,0,train,R0193,https://doi.org/10.1002/aenm.202303766,0.95,0.9071675250222218
ridge,0,train,R0196,https://doi.org/10.1016/j.mtcomm.2024.108243,0.84,0.971567002914478
ridge,0,train,R0197,https://doi.org/10.1016/j.jallcom.2024.173877,1.11,1.1839724026962866
ridge,0,train,R0198,https://doi.org/10.1016/j.jpowsour.2024.234130,1.05,1.1097445936882935
ridge,0,train,R0199,https://doi.org/10.1016/j.jpowsour.2024.234130,1.17,1.1521303677547337
ridge,0,train,R0200,https://doi.org/10.1021/jacs.3c12734,1.12,1.1256413212414924
ridge,0,test,R0010,https://doi.org/10.1016/j.cej.2020.124294,1.35,1.5856023412391835
ridge,0,test,R0011,https://doi.org/10.1016/j.cej.2020.124294,1.4,1.5856023412391835
ridge,0,test,R0015,https://doi.org/10.1016/j.flatc.2020.100221,1.25,1.2706380521887242
ridge,0,test,R0028,https://doi.org/10.1039/d0ta09195b,1.05,1.0953074076588067
ridge,0,test,R0029,https://doi.org/10.1039/d1ta00538c,1.3,1.1521303677547337
ridge,0,test,R0030,https://doi.org/10.1039/d1ta04830a,1.05,1.0280867526762036
ridge,0,test,R0034,https://dx.doi.org/10.1021/acsnano.9b09646,1.45,1.4272375733251639
ridge,0,test,R0035,https://dx.doi.org/10.1021/acsami.0c02087,1.15,1.0796527208057085
ridge,0,test,R0048,https://doi.org/10.1002/aenm.202103910,1.0,1.001290507384194
ridge,0,test,R0051,https://doi.org/10.1016/j.ensm.2023.102874,1.21,1.0756042565572452
ridge,0,test,R0052,https://doi.org/10.1016/j.ensm.2023.102989,1.1,1.0796527208057085
ridge,0,test,R0061,https://doi.org/10.1016/j.jelechem.2022.116810,1.15,1.144916658302938
ridge,0,test,R0067,https://doi.org/10.3390/nano12142386,1.2,1.1631488620376589
ridge,0,test,R0068,https://doi.org/10.1021/acsami.2c19975,1.03,1.1059291793205783
ridge,0,test,R0069,https://doi.org/10.1021/acsami.2c19975,1.38,1.4092943732791428
ridge,0,test,R0092,https://doi.org/10.1016/j.carbon.2022.04.080,1.32,1.3262162416701717
ridge,0,test,R0109,https://doi.org/10.1002/smll.202302598,1.25,1.284512623484494
ridge,0,test,R0134,https://doi.org/10.1021/acsanm.5c04476,1.04,1.113074623361385
ridge,0,test,R0135,https://doi.org/10.1021/acsanm.5c04476,1.25,1.284512623484494
ridge,0,test,R0140,https://doi.org/10.1016/j.jcis.2025.139355,0.8,0.971567002914478
ridge,0,test,R0141,https://doi.org/10.1016/j.jcis.2025.139355,0.83,0.971567002914478
ridge,0,test,R0142,https://doi.org/10.1021/acsnano.5c10218,0.96,0.9369223010686144
ridge,0,test,R0143,https://doi.org/10.1021/acsnano.5c10218,1.18,1.144916658302938
ridge,0,test,R0146,https://doi.org/10.1016/j.electacta.2025.146925,1.1,1.1839724026962866
ridge,0,test,R0148,https://doi.org/10.1038/s41598-025-11449-1,0.998,0.9369223010686144
ridge,0,test,R0151,https://doi.org/10.1021/acs.iecr.5c01518,1.18,1.2695085364333745
ridge,0,test,R0152,https://doi.org/10.1021/acs.iecr.5c01518,1.25,1.284512623484494
ridge,0,test,R0155,https://doi.org/10.1016/j.jcis.2025.137782,1.36,1.3472177547194943
ridge,0,test,R0156,https://doi.org/10.1016/j.cej.2025.162908,1.3,1.2071902326932622
ridge,0,test,R0157,https://doi.org/10.1016/j.cej.2025.162908,1.35,1.238568528180222
ridge,0,test,R0158,https://doi.org/10.1016/j.cej.2025.162908,1.3,1.2071902326932622
ridge,0,test,R0167,https://doi.org/10.1002/anie.202418893,1.3,1.3262162416701717
ridge,0,test,R0168,https://doi.org/10.1016/j.electacta.2024.145384,1.01,1.0447113558487298
ridge,0,test,R0169,https://doi.org/10.1007/s10008-024-06115-x,1.4,1.3587907383077027
ridge,0,test,R0173,https://doi.org/10.1021/acs.energyfuels.4c04356,0.94,0.9369223010686144
ridge,0,test,R0179,https://doi.org/10.1039/d4sc03242j,1.1,1.1839724026962866
ridge,0,test,R0186,https://doi.org/10.1002/adma.202405440,1.4,1.3587907383077027
ridge,0,test,R0188,https://doi.org/10.1016/j.jcis.2024.05.144,1.2,1.2140537358326788
ridge,0,test,R0194,https://doi.org/10.1002/smtd.202301728,1.22,1.1581199598437955
ridge,0,test,R0195,https://doi.org/10.1002/smtd.202301728,1.32,1.1581199598437955
ridge,1,train,R0001,https://doi.org/10.1016/j.electacta.2020.137645,1.3,1.29574564960762
ridge,1,train,R0002,https://doi.org/10.1016/j.electacta.2020.137645,1.5,1.3371488111032612
ridge,1,train,R0003,https://doi.org/10.1016/j.apcatb.2019.118283,1.27,1.2426882774865755
ridge,1,train,R0004,https://doi.org/10.1016/j.ssi.2021.115773,1.1,1.1938782646864694
ridge,1,train,R0005,https://doi.org/10.1016/j.ssi.2021.115773,1.4,1.388097933897513
ridge,1,train,R0006,https://doi.org/10.1016/j.jpowsour.2021.230374,1.24,1.2067500393286905
ridge,1,train,R0007,https://doi.org/10.1016/j.jallcom.2019.152736,1.35,1.209842942184467
ridge,1,train,R0008,https://doi.org/10.1016/j.jallcom.2020.153803,1.25,1.1966797141630454
ridge,1,train,R0010,https://doi.org/10.1016/j.cej.2020.124294,1.35,1.5596000065621645
ridge,1,train,R0011,https://doi.org/10.1016/j.cej.2020.124294,1.4,1.5596000065621645
ridge,1,train,R0013,http://dx.doi.org/10.1016/j.jelechem.2020.114124,1.25,1.2936123647308646
ridge,1,train,R0014,https://doi.org/10.1016/j.jechem.2020.07.053,0.98,1.0258593381169874
ridge,1,train,R0015,https://doi.org/10.1016/j.flatc.2020.100221,1.25,1.2377069230772497
ridge,1,train,R0017,https://doi.org/10.1016/j.jallcom.2020.154054,0.82,0.9708884109850635
ridge,1,train,R0018,https://doi.org/10.1016/j.jpowsour.2020.228362,1.35,1.3112281688272596
ridge,1,train,R0019,https://doi.org/10.1016/j.jallcom.2020.157656,1.4,1.3880994034596112
ridge,1,train,R0020,https://doi.org/10.1002/aenm.202100110,0.95,1.0343264547559141
ridge,1,train,R0021,https://doi.org/10.1002/anie.202110116,1.4,1.308644008065231
ridge,1,train,R0022,https://doi.org/10.1002/anie.202110116,1.3,1.308644008065231
ridge,1,train,R0027,https://doi.org/10.1039/d0nr00866d,1.5,1.4852006139989766
ridge,1,train,R0028,https://doi.org/10.1039/d0ta09195b,1.05,1.0720207896887333
ridge,1,train,R0029,https://doi.org/10.1039/d1ta00538c,1.3,1.1652014030526885
ridge,1,train,R0030,https://doi.org/10.1039/d1ta04830a,1.05,1.0483711374783522
ridge,1,train,R0033,https://dx.doi.org/10.1021/acsaem.0c01691,1.35,1.3309714984972745
ridge,1,train,R0034,https://dx.doi.org/10.1021/acsnano.9b09646,1.45,1.42245801448337
ridge,1,train,R0035,https://dx.doi.org/10.1021/acsami.0c02087,1.15,1.0697313955658665
ridge,1,train,R0036,https://doi.org/10.1002/er.7342,1.21,1.2067500393286905
ridge,1,train,R0037,https://doi.org/10.1002/er.6806,1.0,1.0227121843811915
ridge,1,train,R0038,https://doi.org/10.1021/acsami.1c08720,0.84,0.9453552936277305
ridge,1,train,R0041,https://doi.org/10.1007/s40242-020-0077-3,1.15,1.2067500393286905
ridge,1,train,R0042,https://doi.org/10.1002/smll.202105752,1.4,1.3880994034596112
ridge,1,train,R0043,https://doi.org/10.1002/smll.202105752,1.25,1.2538506625538486
ridge,1,train,R0044,https://dx.doi.org/10.1021/acscatal.0c02608,1.35,1.3309714984972745
ridge,1,train,R0045,https://doi.org/10.1021/acsaem.1c01572,1.1,1.062582375041811
ridge,1,train,R0046,https://doi.org/10.1021/acsaem.1c01572,1.3,1.308644008065231
ridge,1,train,R0047,https://doi.org/10.1002/aenm.202200791,1.0,1.0010605330326212
ridge,1,train,R0048,https://doi.org/10.1002/aenm.202103910,1.0,1.0010605330326212
ridge,1,train,R0049,https://doi.org/10.1016/j.apcatb.2022.121844,0.92,0.9215626597097528
ridge,1,train,R0050,https://doi.org/10.1002/aenm.202203660,1.33,1.3075979137515632
ridge,1,train,R0051,https://doi.org/10.1016/j.ensm.2023.102874,1.21,1.0932600913115278
ridge,1,train,R0052,https://doi.org/10.1016/j.ensm.2023.102989,1.1,1.0697313955658665
ridge,1,train,R0053,https://doi.org/10.1016/j.ensm.2022.07.026,1.1,1.026000412081337
ridge,1,train,R0057,https://doi.org/10.1002/smll.202205532,1.08,1.0343264547559141
ridge,1,train,R0058,https://doi.org/10.1016/j.electacta.2023.142096,0.99,0.9882213225128825
ridge,1,train,R0059,https://doi.org/10.1016/j.electacta.2022.140147,1.11,1.0990277193376097
ridge,1,train,R0060,https://doi.org/10.1021/acsami.1c22643,1.0,1.010954264753651
ridge,1,train,R0061,https://doi.org/10.1016/j.jelechem.2022.116810,1.15,1.1277045809713906
ridge,1,train,R0062,https://doi.org/10.1002/slct.202200870,1.04,0.9708884109850635
ridge,1,train,R0063,https://doi.org/10.1002/slct.202200870,1.1,1.132381189285764
ridge,1,train,R0064,https://doi.org/10.1002/slct.202200870,1.11,1.0990277193376097
ridge,1,train,R0065,https://doi.org/10.1016/j.cej.2023.146775,1.0,1.0075251093325144
ridge,1,train,R0066,https://www.pnas.org/lookup/suppl/doi:10.1073/pnas.2301439120/-/DCSupplemental.,1.11,1.0918510899594003
ridge,1,train,R0067,https://doi.org/10.3390/nano12142386,1.2,1.1601840152016276
ridge,1,train,R0068,https://doi.org/10.1021/acsami.2c19975,1.03,1.0908389078337466
ridge,1,train,R0069,https://doi.org/10.1021/acsami.2c19975,1.38,1.3965219707696024
ridge,1,train,R0070,https://doi.org/10.1016/j.cej.2022.136852,1.06,0.9708884109850635
ridge,1,train,R0071,https://doi.org/10.1039/d2ta07061h,1.34,1.388097933897513
ridge,1,train,R0072,https://doi.org/10.1016/j.ijhydene.2023.12.023,1.4,1.3528871380487848
ridge,1,train,R0073,https://doi.org/10.1016/j.jelechem.2022.116356,1.3,1.3075979137515632
ridge,1,train,R0074,https://doi.org/10.1002/smll.202204836,1.25,1.1652014030526885
ridge,1,train,R0075,https://doi.org/10.1002/smll.202204836,1.18,1.0990277193376097
ridge,1,train,R0076,https://doi.org/10.1002/admi.202102110,0.98,0.9475162209828005
ridge,1,train,R0077,https://doi.org/10.1002/admi.202102110,1.04,1.132381189285764
ridge,1,train,R0078,https://doi.org/10.1016/j.cej.2022.137684,1.29,1.3965219707696024
ridge,1,train,R0079,https://doi.org/10.1016/j.cej.2022.137684,1.41,1.308644008065231
ridge,1,train,R0081,https://doi.org/10.1021/acs.jpcc.3c01042,1.2,1.1938782646864694
ridge,1,train,R0082,https://doi.org/10.1021/acs.jpcc.3c01042,1.25,1.1938782646864694
ridge,1,train,R0083,https://doi.org/10.1021/acs.jpcc.3c01042,1.25,1.1938782646864694
ridge,1,train,R0084,https://doi.org/10.1021/acsami.3c01599,1.17,1.2067500393286905
ridge,1,train,R0085,https://doi.org/10.1021/jacs.2c11676,1.05,1.132381189285764
ridge,1,train,R0091,https://doi.org/10.1039/d1qi01260f,1.23,1.1277045809713906
ridge,1,train,R0092,https://doi.org/10.1016/j.carbon.2022.04.080,1.32,1.3075979137515632
ridge,1,train,R0093,https://doi.org/10.1016/j.jallcom.2022.163703,1.09,1.0049073166159421
ridge,1,train,R0095,https://doi.org/10.1002/smll.202206611,0.98,1.0258593381169874
ridge,1,train,R0096,https://doi.org/10.1002/adsu.202300510,0.95,0.9976462758623446
ridge,1,train,R0097,https://doi.org/10.1002/adsu.202300510,1.2,1.2067500393286905
ridge,1,train,R0098,https://doi.org/10.1002/adsu.202300510,1.25,1.2067500393286905
ridge,1,train,R0099,https://doi.org/10.1021/acsami.2c19975,1.38,1.3965219707696024
ridge,1,train,R0100,https://doi.org/10.1021/acscatal.2c02544,1.15,1.2067500393286905
ridge,1,train,R0101,https://doi.org/10.1021/acscatal.2c02544,1.15,1.2067500393286905
ridge,1,train,R0102,https://www.science.org/doi/10.1126/sciadv.abq6261,1.2,1.1938782646864694
ridge,1,train,R0103,https://doi.org/10.1007/s12274-022-5330-2,1.2,1.1277045809713906
ridge,1,train,R0104,https://doi.org/10.1007/s12274-022-5330-2,1.15,1.0697313955658665
ridge,1,train,R0105,https://doi.org/10.1007/s12274-022-5330-2,1.1,1.1277045809713906
ridge,1,train,R0106,https://doi.org/10.1007/s12274-022-5330-2,1.08,1.0697313955658665
ridge,1,train,R0107,https://doi.org/10.1016/j.ensm.2023.102829,1.2,1.3029325390653483
ridge,1,train,R0108,https://doi.org/10.1016/j.cej.2022.138462,1.17,1.1601840152016276
ridge,1,train,R0109,https://doi.org/10.1002/smll.202302598,1.25,1.2538506625538486
ridge,1,train,R0110,https://doi.org/10.1002/adma.202106436,1.2,1.2031156040113558
ridge,1,train,R0112,https://doi.org/10.1021/acsnano.3c05782,1.12,1.0476435427281157
ridge,1,train,R0113,https://doi.org/10.1039/d2ta03604e,0.85,0.9708884109850635
ridge,1,train,R0116,https://doi.org/10.1016/j.cej.2023.143351,1.23,1.2065914588449511
ridge,1,train,R0117,https://doi.org/10.1002/adfm.202209876,1.18,1.2169340274930838
ridge,1,train,R0118,https://doi.org/10.1002/smll.202106707,1.42,1.388097933897513
ridge,1,train,R0119,https://doi.org/10.1021/acsaem.3c02592,0.98,1.0990277193376097
ridge,1,train,R0120,https://doi.org/10.1002/aenm.202204057,1.3,1.2426882774865755
ridge,1,train,R0121,https://doi.org/10.1002/aenm.202204057,1.4,1.42245801448337
ridge,1,train,R0122,https://doi.org/10.1002/aenm.202204057,1.5,1.3880994034596112
ridge,1,train,R0123,https://doi.org/10.1021/acs.nanolett.3c03025,1.1,1.1277045809713906
ridge,1,train,R0124,https://doi.org/10.1021/acs.nanolett.3c03025,1.15,1.1277045809713906
ridge,1,train,R0125,https://sioc-journal.cn/Jwk_hxxb/EN/10.6023/A22050206,1.08,1.0697313955658665
ridge,1,train,R0127,https://doi.org/10.1016/j.jechem.2026.01.056,1.25,1.2820443815804394
ridge,1,train,R0128,https://doi.org/10.1002/smll.202512953,1.25,1.3112281688272596
ridge,1,train,R0129,https://doi.org/10.1002/smll.202512953,1.39,1.3730824306435077
ridge,1,train,R0130,https://doi.org/10.1002/smll.202512953,1.45,1.3730824306435077
ridge,1,train,R0131,https://doi.org/10.1002/advs.202522315,1.0,1.0258593381169874
ridge,1,train,R0133,https://doi.org/10.1021/acsaem.5c03033,1.25,1.2407812226240893
ridge,1,train,R0134,https://doi.org/10.1021/acsanm.5c04476,1.04,1.0990277193376097
ridge,1,train,R0135,https://doi.org/10.1021/acsanm.5c04476,1.25,1.2538506625538486
ridge,1,train,R0138,https://doi.org/10.1080/1536383X.2025.2583369,1.3,1.2805846276508082
ridge,1,train,R0140,https://doi.org/10.1016/j.jcis.2025.139355,0.8,0.9708884109850635
ridge,1,train,R0141,https://doi.org/10.1016/j.jcis.2025.139355,0.83,0.9708884109850635
ridge,1,train,R0142,https://doi.org/10.1021/acsnano.5c10218,0.96,0.9453552936277305
ridge,1,train,R0143,https://doi.org/10.1021/acsnano.5c10218,1.18,1.1277045809713906
ridge,1,train,R0145,https://doi.org/10.1021/acs.langmuir.5c02644,1.1,1.0720207896887333
ridge,1,train,R0146,https://doi.org/10.1016/j.electacta.2025.146925,1.1,1.1938782646864694
ridge,1,train,R0147,https://doi.org/10.1016/j.jcis.2025.138454,0.89,1.0343264547559141
ridge,1,train,R0148,https://doi.org/10.1038/s41598-025-11449-1,0.998,0.9453552936277305
ridge,1,train,R0149,https://doi.org/10.1002/anie.202509132,0.94,0.9708884109850635
ridge,1,train,R0150,https://doi.org/10.1016/j.jpowsour.2025.237653,1.15,1.0990277193376097
ridge,1,train,R0151,https://doi.org/10.1021/acs.iecr.5c01518,1.18,1.2477065058864671
ridge,1,train,R0152,https://doi.org/10.1021/acs.iecr.5c01518,1.25,1.2538506625538486
ridge,1,train,R0153,https://doi.org/10.1016/j.carbon.2025.120482,1.25,1.1652014030526885
ridge,1,train,R0155,https://doi.org/10.1016/j.jcis.2025.137782,1.36,1.347190184550911
ridge,1,train,R0156,https://doi.org/10.1016/j.cej.2025.162908,1.3,1.2126480669181898
ridge,1,train,R0157,https://doi.org/10.1016/j.cej.2025.162908,1.35,1.2426882774865755
ridge,1,train,R0158,https://doi.org/10.1016/j.cej.2025.162908,1.3,1.2126480669181898
ridge,1,train,R0159,https://doi.org/10.1016/j.cej.2025.162420,0.86,0.942108246870927
ridge,1,train,R0160,https://doi.org/10.1039/d5nr00300h,0.77,0.9708884109850635
ridge,1,train,R0161,https://doi.org/10.1039/d5nr00300h,1.29,1.347190184550911
ridge,1,train,R0162,https://doi.org/10.1021/jacs.4c15230,1.1,1.1938782646864694
ridge,1,train,R0163,https://doi.org/10.1002/celc.202400626,1.4,1.347190184550911
ridge,1,train,R0164,https://doi.org/10.1016/j.esci.2024.100310,1.08,1.132381189285764
ridge,1,train,R0165,https://doi.org/10.1016/j.esci.2024.100310,1.1,1.132381189285764
ridge,1,train,R0166,https://doi.org/10.1002/smll.202406516,1.2,1.1938782646864694
ridge,1,train,R0167,https://doi.org/10.1002/anie.202418893,1.3,1.3075979137515632
ridge,1,train,R0168,https://doi.org/10.1016/j.electacta.2024.145384,1.01,1.0343264547559141
ridge,1,train,R0169,https://doi.org/10.1007/s10008-024-06115-x,1.4,1.3371488111032612
ridge,1,train,R0170,https://doi.org/10.1002/aenm.202402925,1.4,1.3730824306435077
ridge,1,train,R0171,https://doi.org/10.1002/aenm.202402925,1.28,1.308644008065231
ridge,1,train,R0172,https://doi.org/10.1002/aenm.202402925,1.3,1.308644008065231
ridge,1,train,R0173,https://doi.org/10.1021/acs.energyfuels.4c04356,0.94,0.9453552936277305
ridge,1,train,R0177,https://doi.org/10.1002/cey2.587,1.35,1.3075979137515632
ridge,1,train,R0178,https://doi.org/10.1002/cey2.550,1.25,1.2475298742159058
ridge,1,train,R0179,https://doi.org/10.1039/d4sc03242j,1.1,1.1938782646864694
ridge,1,train,R0180,https://doi.org/10.1016/j.est.2024.112780,1.3,1.3157002175738803
ridge,1,train,R0181,https://doi.org/10.1016/j.est.2024.112780,1.45,1.3528871380487848
ridge,1,train,R0185,https://doi.org/10.1002/adma.202404319,1.2,1.0819627422540141
ridge,1,train,R0186,https://doi.org/10.1002/adma.202405440,1.4,1.3371488111032612
ridge,1,train,R0187,https://doi.org/10.1016/j.mtener.2024.101597,1.38,1.3528871380487848
ridge,1,train,R0188,https://doi.org/10.1016/j.jcis.2024.05.144,1.2,1.209842942184467
ridge,1,train,R0193,https://doi.org/10.1002/aenm.202303766,0.95,0.9219831036307322
ridge,1,train,R0194,https://doi.org/10.1002/smtd.202301728,1.22,1.2139158528821723
ridge,1,train,R0195,https://doi.org/10.1002/smtd.202301728,1.32,1.2139158528821723
ridge,1,train,R0196,https://doi.org/10.1016/j.mtcomm.2024.108243,0.84,0.9708884109850635
ridge,1,train,R0197,https://doi.org/10.1016/j.jallcom.2024.173877,1.11,1.1938782646864694
ridge,1,train,R0198,https://doi.org/10.1016/j.jpowsour.2024.234130,1.05,1.1155410423385925
ridge,1,train,R0199,https://doi.org/10.1016/j.jpowsour.2024.234130,1.17,1.1652014030526885
ridge,1,train,R0200,https://doi.org/10.1021/jacs.3c12734,1.12,1.1251311484569837
ridge,1,test,R0009,https://doi.org/10.1016/j.jallcom.2020.158269,1.0,1.0691372513588293
ridge,1,test,R0012,https://doi.org/10.1016/j.cej.2021.128403,0.97,0.9708884109850635
ridge,1,test,R0016,https://doi.org/10.1016/j.jallcom.2020.157945,1.012,0.9708884109850635
ridge,1,test,R0023,https://doi.org/10.1021/acs.jpcc.1c05456,1.15,1.1938782646864694
ridge,1,test,R0024,https://doi.org/10.1021/acs.jpcc.1c05456,1.2,1.1938782646864694
ridge,1,test,R0025,https://doi.org/10.1021/acs.jpcc.1c05456,1.15,1.1938782646864694
ridge,1,test,R0026,https://doi.org/10.1039/d0cc05980c,1.2,1.1277045809713906
ridge,1,test,R0031,https://doi.org/10.1002/ente.201901257,1.15,1.180010853662713
ridge,1,test,R0032,https://doi.org/10.1002/ente.201901257,1.2,1.180010853662713
ridge,1,test,R0039,https://dx.doi.org/10.1021/acsami.9b21904,1.3,1.3309714984972745
ridge,1,test,R0040,https://doi.org/10.1007/s11581-021-04046-5,0.9,0.9708884109850635
ridge,1,test,R0054,https://doi.org/10.1016/S1872‐2067(23)64409‐2,1.1,1.0697313955658665
ridge,1,test,R0055,https://doi.org/10.1016/S1872‐2067(23)64409‐2,1.15,1.0697313955658665
ridge,1,test,R0056,https://doi.org/10.1016/j.jallcom.2023.170130,1.29,1.2067500393286905
ridge,1,test,R0080,https://doi.org/10.1016/j.est.2023.107329,1.01,1.0798085038967409
ridge,1,test,R0086,https://doi.org/10.1016/j.est.2023.109342,1.35,1.3528871380487848
ridge,1,test,R0087,https://doi.org/10.1016/j.est.2023.109342,1.5,1.3528871380487848
ridge,1,test,R0088,https://doi.org/10.1016/j.est.2023.109342,1.4,1.3528871380487848
ridge,1,test,R0089,https://doi.org/10.1016/j.jcis.2022.12.148,1.28,1.3075979137515632
ridge,1,test,R0090,https://doi.org/10.1016/j.cej.2022.139524,1.22,1.1601840152016276
ridge,1,test,R0094,https://doi.org/10.1016/j.electacta.2022.140894,1.05,1.1938782646864694
ridge,1,test,R0111,https://doi.org/10.1016/j.apcatb.2022.122203,1.25,1.3075979137515632
ridge,1,test,R0114,https://doi.org/10.1016/j.compositesb.2022.109727,1.1,1.1938782646864694
ridge,1,test,R0115,https://doi.org/10.1016/j.ensm.2022.05.029,1.14,1.1601840152016276
ridge,1,test,R0126,https://doi.org/10.1016/j.jcis.2026.140244,1.04,1.010954264753651
ridge,1,test,R0132,https://doi.org/10.1016/j.electacta.2025.147671,1.15,1.0476435427281157
ridge,1,test,R0136,https://doi.org/10.1088/2631-6331/ae1925,1.3,1.347190184550911
ridge,1,test,R0137,https://doi.org/10.1002/anie.202521423,1.2,1.1652014030526885
ridge,1,test,R0139,https://doi.org/10.1002/anie.202520097,1.2,1.1277045809713906
ridge,1,test,R0144,https://doi.org/10.1002/aoc.70327,1.41,1.347190184550911
ridge,1,test,R0154,https://doi.org/10.1093/nsr/nwaf145,1.24,1.1277045809713906
ridge,1,test,R0174,https://doi.org/10.1002/smll.202406525,1.25,1.2067500393286905
ridge,1,test,R0175,https://doi.org/10.1016/j.jpowsour.2024.235394,0.95,0.9219831036307322
ridge,1,test,R0176,https://doi.org/10.1016/j.jpowsour.2024.235394,1.0,1.0990277193376097
ridge,1,test,R0182,https://doi.org/10.1016/j.jcis.2024.06.137,1.25,1.1847963894338174
ridge,1,test,R0183,https://doi.org/10.1016/j.jcis.2024.06.137,1.4,1.42245801448337
ridge,1,test,R0184,https://doi.org/10.1016/j.jcis.2024.06.137,1.45,1.42245801448337
ridge,1,test,R0189,https://doi.org/10.1016/j.ijoes.2024.100602,1.3,1.1652014030526885
ridge,1,test,R0190,https://doi.org/10.1016/j.jechem.2024.01.076,1.3,1.2538506625538486
ridge,1,test,R0191,https://doi.org/10.1016/j.jechem.2024.01.076,1.25,1.2538506625538486
ridge,1,test,R0192,https://doi.org/10.1016/j.jechem.2024.01.076,1.25,1.4300414841843372
ridge,2,train,R0003,https://doi.org/10.1016/j.apcatb.2019.118283,1.27,1.2177188313285696
ridge,2,train,R0007,https://doi.org/10.1016/j.jallcom.2019.152736,1.35,1.2205881580995486
ridge,2,train,R0008,https://doi.org/10.1016/j.jallcom.2020.153803,1.25,1.153512879960198
ridge,2,train,R0009,https://doi.org/10.1016/j.jallcom.2020.158269,1.0,0.994073170527566
ridge,2,train,R0010,https://doi.org/10.1016/j.cej.2020.124294,1.35,1.5334262686876838
ridge,2,train,R0011,https://doi.org/10.1016/j.cej.2020.124294,1.4,1.5334262686876838
ridge,2,train,R0012,https://doi.org/10.1016/j.cej.2021.128403,0.97,0.9621256104407275
ridge,2,train,R0013,http://dx.doi.org/10.1016/j.jelechem.2020.114124,1.25,1.2971954213852341
ridge,2,train,R0014,https://doi.org/10.1016/j.jechem.2020.07.053,0.98,1.0225045475544772
ridge,2,train,R0015,https://doi.org/10.1016/j.flatc.2020.100221,1.25,1.2816157713507799
ridge,2,train,R0016,https://doi.org/10.1016/j.jallcom.2020.157945,1.012,0.9621256104407275
ridge,2,train,R0017,https://doi.org/10.1016/j.jallcom.2020.154054,0.82,0.9621256104407275
ridge,2,train,R0019,https://doi.org/10.1016/j.jallcom.2020.157656,1.4,1.3898008033876839
ridge,2,train,R0020,https://doi.org/10.1002/aenm.202100110,0.95,1.047172602488271
ridge,2,train,R0023,https://doi.org/10.1021/acs.jpcc.1c05456,1.15,1.1816311522528447
ridge,2,train,R0024,https://doi.org/10.1021/acs.jpcc.1c05456,1.2,1.1816311522528447
ridge,2,train,R0025,https://doi.org/10.1021/acs.jpcc.1c05456,1.15,1.1816311522528447
ridge,2,train,R0026,https://doi.org/10.1039/d0cc05980c,1.2,1.1439458199101171
ridge,2,train,R0027,https://doi.org/10.1039/d0nr00866d,1.5,1.4867808615564762
ridge,2,train,R0028,https://doi.org/10.1039/d0ta09195b,1.05,1.0719757927895763
ridge,2,train,R0029,https://doi.org/10.1039/d1ta00538c,1.3,1.1665855328007526
ridge,2,train,R0030,https://doi.org/10.1039/d1ta04830a,1.05,1.047631242769569
ridge,2,train,R0031,https://doi.org/10.1002/ente.201901257,1.15,1.1769425523549712
ridge,2,train,R0032,https://doi.org/10.1002/ente.201901257,1.2,1.1769425523549712
ridge,2,train,R0033,https://dx.doi.org/10.1021/acsaem.0c01691,1.35,1.3132592694928986
ridge,2,train,R0034,https://dx.doi.org/10.1021/acsnano.9b09646,1.45,1.406570178178556
ridge,2,train,R0035,https://dx.doi.org/10.1021/acsami.0c02087,1.15,1.0900056853908953
ridge,2,train,R0036,https://doi.org/10.1002/er.7342,1.21,1.207499601615307
ridge,2,train,R0038,https://doi.org/10.1021/acsami.1c08720,0.84,0.9428562622813731
ridge,2,train,R0039,https://dx.doi.org/10.1021/acsami.9b21904,1.3,1.3132592694928986
ridge,2,train,R0040,https://doi.org/10.1007/s11581-021-04046-5,0.9,0.9621256104407275
ridge,2,train,R0041,https://doi.org/10.1007/s40242-020-0077-3,1.15,1.207499601615307
ridge,2,train,R0042,https://doi.org/10.1002/smll.202105752,1.4,1.3898008033876839
ridge,2,train,R0043,https://doi.org/10.1002/smll.202105752,1.25,1.2665360692035124
ridge,2,train,R0047,https://doi.org/10.1002/aenm.202200791,1.0,0.9965098306202429
ridge,2,train,R0048,https://doi.org/10.1002/aenm.202103910,1.0,0.9965098306202429
ridge,2,train,R0049,https://doi.org/10.1016/j.apcatb.2022.121844,0.92,0.9208033660417438
ridge,2,train,R0050,https://doi.org/10.1002/aenm.202203660,1.33,1.2897482929592428
ridge,2,train,R0051,https://doi.org/10.1016/j.ensm.2023.102874,1.21,1.0936748511894443
ridge,2,train,R0052,https://doi.org/10.1016/j.ensm.2023.102989,1.1,1.0900056853908953
ridge,2,train,R0054,https://doi.org/10.1016/S1872‐2067(23)64409‐2,1.1,1.0900056853908953
ridge,2,train,R0055,https://doi.org/10.1016/S1872‐2067(23)64409‐2,1.15,1.0900056853908953
ridge,2,train,R0056,https://doi.org/10.1016/j.jallcom.2023.170130,1.29,1.207499601615307
ridge,2,train,R0058,https://doi.org/10.1016/j.electacta.2023.142096,0.99,0.9271126360792896
ridge,2,train,R0059,https://doi.org/10.1016/j.electacta.2022.140147,1.11,1.128900200458025
ridge,2,train,R0060,https://doi.org/10.1021/acsami.1c22643,1.0,1.0366563957827741
ridge,2,train,R0061,https://doi.org/10.1016/j.jelechem.2022.116810,1.15,1.1439458199101171
ridge,2,train,R0062,https://doi.org/10.1002/slct.202200870,1.04,0.9621256104407275
ridge,2,train,R0063,https://doi.org/10.1002/slct.202200870,1.1,1.144522197992017
ridge,2,train,R0064,https://doi.org/10.1002/slct.202200870,1.11,1.128900200458025
ridge,2,train,R0065,https://doi.org/10.1016/j.cej.2023.146775,1.0,1.00664035209716
ridge,2,train,R0066,https://www.pnas.org/lookup/suppl/doi:10.1073/pnas.2301439120/-/DCSupplemental.,1.11,1.1006086281137688
ridge,2,train,R0067,https://doi.org/10.3390/nano12142386,1.2,1.1585700980903004
ridge,2,train,R0068,https://doi.org/10.1021/acsami.2c19975,1.03,1.0358507308863067
ridge,2,train,R0069,https://doi.org/10.1021/acsami.2c19975,1.38,1.4298110840336964
ridge,2,train,R0071,https://doi.org/10.1039/d2ta07061h,1.34,1.3924404809741453
ridge,2,train,R0072,https://doi.org/10.1016/j.ijhydene.2023.12.023,1.4,1.3746983298133097
ridge,2,train,R0074,https://doi.org/10.1002/smll.202204836,1.25,1.1665855328007526
ridge,2,train,R0075,https://doi.org/10.1002/smll.202204836,1.18,1.128900200458025
ridge,2,train,R0076,https://doi.org/10.1002/admi.202102110,0.98,0.9516094037352306
ridge,2,train,R0077,https://doi.org/10.1002/admi.202102110,1.04,1.144522197992017
ridge,2,train,R0080,https://doi.org/10.1016/j.est.2023.107329,1.01,1.012051784227656
ridge,2,train,R0081,https://doi.org/10.1021/acs.jpcc.3c01042,1.2,1.1816311522528447
ridge,2,train,R0082,https://doi.org/10.1021/acs.jpcc.3c01042,1.25,1.1816311522528447
ridge,2,train,R0083,https://doi.org/10.1021/acs.jpcc.3c01042,1.25,1.1816311522528447
ridge,2,train,R0084,https://doi.org/10.1021/acsami.3c01599,1.17,1.207499601615307
ridge,2,train,R0085,https://doi.org/10.1021/jacs.2c11676,1.05,1.144522197992017
ridge,2,train,R0086,https://doi.org/10.1016/j.est.2023.109342,1.35,1.3746983298133097
ridge,2,train,R0087,https://doi.org/10.1016/j.est.2023.109342,1.5,1.3746983298133097
ridge,2,train,R0088,https://doi.org/10.1016/j.est.2023.109342,1.4,1.3746983298133097
ridge,2,train,R0089,https://doi.org/10.1016/j.jcis.2022.12.148,1.28,1.2897482929592428
ridge,2,train,R0090,https://doi.org/10.1016/j.cej.2022.139524,1.22,1.1585700980903004
ridge,2,train,R0091,https://doi.org/10.1039/d1qi01260f,1.23,1.1439458199101171
ridge,2,train,R0092,https://doi.org/10.1016/j.carbon.2022.04.080,1.32,1.2897482929592428
ridge,2,train,R0094,https://doi.org/10.1016/j.electacta.2022.140894,1.05,1.1816311522528447
ridge,2,train,R0095,https://doi.org/10.1002/smll.202206611,0.98,1.0225045475544772
ridge,2,train,R0096,https://doi.org/10.1002/adsu.202300510,0.95,0.9776037219198297
ridge,2,train,R0097,https://doi.org/10.1002/adsu.202300510,1.2,1.207499601615307
ridge,2,train,R0098,https://doi.org/10.1002/adsu.202300510,1.25,1.207499601615307
ridge,2,train,R0100,https://doi.org/10.1021/acscatal.2c02544,1.15,1.207499601615307
ridge,2,train,R0101,https://doi.org/10.1021/acscatal.2c02544,1.15,1.207499601615307
ridge,2,train,R0102,https://www.science.org/doi/10.1126/sciadv.abq6261,1.2,1.1816311522528447
ridge,2,train,R0103,https://doi.org/10.1007/s12274-022-5330-2,1.2,1.1439458199101171
ridge,2,train,R0104,https://doi.org/10.1007/s12274-022-5330-2,1.15,1.0900056853908953
ridge,2,train,R0105,https://doi.org/10.1007/s12274-022-5330-2,1.1,1.1439458199101171
ridge,2,train,R0106,https://doi.org/10.1007/s12274-022-5330-2,1.08,1.0900056853908953
ridge,2,train,R0107,https://doi.org/10.1016/j.ensm.2023.102829,1.2,1.2879734161462022
ridge,2,train,R0109,https://doi.org/10.1002/smll.202302598,1.25,1.2665360692035124
ridge,2,train,R0110,https://doi.org/10.1002/adma.202106436,1.2,1.2036028500685247
ridge,2,train,R0111,https://doi.org/10.1016/j.apcatb.2022.122203,1.25,1.2897482929592428
ridge,2,train,R0114,https://doi.org/10.1016/j.compositesb.2022.109727,1.1,1.1816311522528447
ridge,2,train,R0115,https://doi.org/10.1016/j.ensm.2022.05.029,1.14,1.1585700980903004
ridge,2,train,R0118,https://doi.org/10.1002/smll.202106707,1.42,1.3924404809741453
ridge,2,train,R0123,https://doi.org/10.1021/acs.nanolett.3c03025,1.1,1.1439458199101171
ridge,2,train,R0124,https://doi.org/10.1021/acs.nanolett.3c03025,1.15,1.1439458199101171
ridge,2,train,R0126,https://doi.org/10.1016/j.jcis.2026.140244,1.04,1.0366563957827741
ridge,2,train,R0127,https://doi.org/10.1016/j.jechem.2026.01.056,1.25,1.2805015290377593
ridge,2,train,R0128,https://doi.org/10.1002/smll.202512953,1.25,1.3028737934800116
ridge,2,train,R0129,https://doi.org/10.1002/smll.202512953,1.39,1.3867708557932705
ridge,2,train,R0130,https://doi.org/10.1002/smll.202512953,1.45,1.3867708557932705
ridge,2,train,R0132,https://doi.org/10.1016/j.electacta.2025.147671,1.15,1.0479475321733325
ridge,2,train,R0134,https://doi.org/10.1021/acsanm.5c04476,1.04,1.128900200458025
ridge,2,train,R0135,https://doi.org/10.1021/acsanm.5c04476,1.25,1.2665360692035124
ridge,2,train,R0136,https://doi.org/10.1088/2631-6331/ae1925,1.3,1.3498829533601158
ridge,2,train,R0137,https://doi.org/10.1002/anie.202521423,1.2,1.1665855328007526
ridge,2,train,R0139,https://doi.org/10.1002/anie.202520097,1.2,1.1439458199101171
ridge,2,train,R0140,https://doi.org/10.1016/j.jcis.2025.139355,0.8,0.9621256104407275
ridge,2,train,R0141,https://doi.org/10.1016/j.jcis.2025.139355,0.83,0.9621256104407275
ridge,2,train,R0142,https://doi.org/10.1021/acsnano.5c10218,0.96,0.9428562622813731
ridge,2,train,R0143,https://doi.org/10.1021/acsnano.5c10218,1.18,1.1439458199101171
ridge,2,train,R0144,https://doi.org/10.1002/aoc.70327,1.41,1.3498829533601158
ridge,2,train,R0145,https://doi.org/10.1021/acs.langmuir.5c02644,1.1,1.0719757927895763
ridge,2,train,R0146,https://doi.org/10.1016/j.electacta.2025.146925,1.1,1.1816311522528447
ridge,2,train,R0148,https://doi.org/10.1038/s41598-025-11449-1,0.998,0.9428562622813731
ridge,2,train,R0149,https://doi.org/10.1002/anie.202509132,0.94,0.9621256104407275
ridge,2,train,R0150,https://doi.org/10.1016/j.jpowsour.2025.237653,1.15,1.128900200458025
ridge,2,train,R0151,https://doi.org/10.1021/acs.iecr.5c01518,1.18,1.2525317868142096
ridge,2,train,R0152,https://doi.org/10.1021/acs.iecr.5c01518,1.25,1.2665360692035124
ridge,2,train,R0154,https://doi.org/10.1093/nsr/nwaf145,1.24,1.1439458199101171
ridge,2,train,R0155,https://doi.org/10.1016/j.jcis.2025.137782,1.36,1.3498829533601158
ridge,2,train,R0156,https://doi.org/10.1016/j.cej.2025.162908,1.3,1.207032535183703
ridge,2,train,R0157,https://doi.org/10.1016/j.cej.2025.162908,1.35,1.2177188313285696
ridge,2,train,R0158,https://doi.org/10.1016/j.cej.2025.162908,1.3,1.207032535183703
ridge,2,train,R0159,https://doi.org/10.1016/j.cej.2025.162420,0.86,0.8681753493152269
ridge,2,train,R0160,https://doi.org/10.1039/d5nr00300h,0.77,0.9621256104407275
ridge,2,train,R0161,https://doi.org/10.1039/d5nr00300h,1.29,1.3498829533601158
ridge,2,train,R0162,https://doi.org/10.1021/jacs.4c15230,1.1,1.1816311522528447
ridge,2,train,R0163,https://doi.org/10.1002/celc.202400626,1.4,1.3498829533601158
ridge,2,train,R0164,https://doi.org/10.1016/j.esci.2024.100310,1.08,1.144522197992017
ridge,2,train,R0165,https://doi.org/10.1016/j.esci.2024.100310,1.1,1.144522197992017
ridge,2,train,R0166,https://doi.org/10.1002/smll.202406516,1.2,1.1816311522528447
ridge,2,train,R0167,https://doi.org/10.1002/anie.202418893,1.3,1.2897482929592428
ridge,2,train,R0168,https://doi.org/10.1016/j.electacta.2024.145384,1.01,1.047172602488271
ridge,2,train,R0169,https://doi.org/10.1007/s10008-024-06115-x,1.4,1.3057916317651437
ridge,2,train,R0170,https://doi.org/10.1002/aenm.202402925,1.4,1.3867708557932705
ridge,2,train,R0171,https://doi.org/10.1002/aenm.202402925,1.28,1.2340841327298118
ridge,2,train,R0172,https://doi.org/10.1002/aenm.202402925,1.3,1.2340841327298118
ridge,2,train,R0173,https://doi.org/10.1021/acs.energyfuels.4c04356,0.94,0.9428562622813731
ridge,2,train,R0174,https://doi.org/10.1002/smll.202406525,1.25,1.207499601615307
ridge,2,train,R0175,https://doi.org/10.1016/j.jpowsour.2024.235394,0.95,0.9323400555807293
ridge,2,train,R0176,https://doi.org/10.1016/j.jpowsour.2024.235394,1.0,1.128900200458025
ridge,2,train,R0177,https://doi.org/10.1002/cey2.587,1.35,1.2897482929592428
ridge,2,train,R0178,https://doi.org/10.1002/cey2.550,1.25,1.2476749787642882
ridge,2,train,R0179,https://doi.org/10.1039/d4sc03242j,1.1,1.1816311522528447
ridge,2,train,R0180,https://doi.org/10.1016/j.est.2024.112780,1.3,1.33925357460765
ridge,2,train,R0181,https://doi.org/10.1016/j.est.2024.112780,1.45,1.3746983298133097
ridge,2,train,R0182,https://doi.org/10.1016/j.jcis.2024.06.137,1.25,1.167868104678094
ridge,2,train,R0183,https://doi.org/10.1016/j.jcis.2024.06.137,1.4,1.406570178178556
ridge,2,train,R0184,https://doi.org/10.1016/j.jcis.2024.06.137,1.45,1.406570178178556
ridge,2,train,R0186,https://doi.org/10.1002/adma.202405440,1.4,1.3057916317651437
ridge,2,train,R0187,https://doi.org/10.1016/j.mtener.2024.101597,1.38,1.3746983298133097
ridge,2,train,R0188,https://doi.org/10.1016/j.jcis.2024.05.144,1.2,1.2205881580995486
ridge,2,train,R0189,https://doi.org/10.1016/j.ijoes.2024.100602,1.3,1.1665855328007526
ridge,2,train,R0190,https://doi.org/10.1016/j.jechem.2024.01.076,1.3,1.2665360692035124
ridge,2,train,R0191,https://doi.org/10.1016/j.jechem.2024.01.076,1.25,1.2665360692035124
ridge,2,train,R0192,https://doi.org/10.1016/j.jechem.2024.01.076,1.25,1.3178794512592007
ridge,2,train,R0194,https://doi.org/10.1002/smtd.202301728,1.22,1.2095470055348827
ridge,2,train,R0195,https://doi.org/10.1002/smtd.202301728,1.32,1.2095470055348827
ridge,2,train,R0196,https://doi.org/10.1016/j.mtcomm.2024.108243,0.84,0.9621256104407275
ridge,2,train,R0197,https://doi.org/10.1016/j.jallcom.2024.173877,1.11,1.1816311522528447
ridge,2,train,R0198,https://doi.org/10.1016/j.jpowsour.2024.234130,1.05,1.1358733008436976
ridge,2,train,R0199,https://doi.org/10.1016/j.jpowsour.2024.234130,1.17,1.1665855328007526
ridge,2,train,R0200,https://doi.org/10.1021/jacs.3c12734,1.12,1.115536511196081
ridge,2,test,R0001,https://doi.org/10.1016/j.electacta.2020.137645,1.3,1.1447891105178067
ridge,2,test,R0002,https://doi.org/10.1016/j.electacta.2020.137645,1.5,1.3057916317651437
ridge,2,test,R0004,https://doi.org/10.1016/j.ssi.2021.115773,1.1,1.1816311522528447
ridge,2,test,R0005,https://doi.org/10.1016/j.ssi.2021.115773,1.4,1.3924404809741453
ridge,2,test,R0006,https://doi.org/10.1016/j.jpowsour.2021.230374,1.24,1.207499601615307
ridge,2,test,R0018,https://doi.org/10.1016/j.jpowsour.2020.228362,1.35,1.3028737934800116
ridge,2,test,R0021,https://doi.org/10.1002/anie.202110116,1.4,1.2340841327298118
ridge,2,test,R0022,https://doi.org/10.1002/anie.202110116,1.3,1.2340841327298118
ridge,2,test,R0037,https://doi.org/10.1002/er.6806,1.0,0.7939571321430653
ridge,2,test,R0044,https://dx.doi.org/10.1021/acscatal.0c02608,1.35,1.3132592694928986
ridge,2,test,R0045,https://doi.org/10.1021/acsaem.1c01572,1.1,0.8658621975939604
ridge,2,test,R0046,https://doi.org/10.1021/acsaem.1c01572,1.3,1.2340841327298118
ridge,2,test,R0053,https://doi.org/10.1016/j.ensm.2022.07.026,1.1,0.9149932033527228
ridge,2,test,R0057,https://doi.org/10.1002/smll.202205532,1.08,1.047172602488271
ridge,2,test,R0070,https://doi.org/10.1016/j.cej.2022.136852,1.06,0.9621256104407275
ridge,2,test,R0073,https://doi.org/10.1016/j.jelechem.2022.116356,1.3,1.2897482929592428
ridge,2,test,R0078,https://doi.org/10.1016/j.cej.2022.137684,1.29,1.4298110840336964
ridge,2,test,R0079,https://doi.org/10.1016/j.cej.2022.137684,1.41,1.2340841327298118
ridge,2,test,R0093,https://doi.org/10.1016/j.jallcom.2022.163703,1.09,0.9084512136177333
ridge,2,test,R0099,https://doi.org/10.1021/acsami.2c19975,1.38,1.4298110840336964
ridge,2,test,R0108,https://doi.org/10.1016/j.cej.2022.138462,1.17,1.1585700980903004
ridge,2,test,R0112,https://doi.org/10.1021/acsnano.3c05782,1.12,1.0479475321733325
ridge,2,test,R0113,https://doi.org/10.1039/d2ta03604e,0.85,0.9621256104407275
ridge,2,test,R0116,https://doi.org/10.1016/j.cej.2023.143351,1.23,1.1797342097802717
ridge,2,test,R0117,https://doi.org/10.1002/adfm.202209876,1.18,1.2494880428892112
ridge,2,test,R0119,https://doi.org/10.1021/acsaem.3c02592,0.98,1.128900200458025
ridge,2,test,R0120,https://doi.org/10.1002/aenm.202204057,1.3,1.2177188313285696
ridge,2,test,R0121,https://doi.org/10.1002/aenm.202204057,1.4,1.406570178178556
ridge,2,test,R0122,https://doi.org/10.1002/aenm.202204057,1.5,1.3898008033876839
ridge,2,test,R0125,https://sioc-journal.cn/Jwk_hxxb/EN/10.6023/A22050206,1.08,1.0900056853908953
ridge,2,test,R0131,https://doi.org/10.1002/advs.202522315,1.0,1.0225045475544772
ridge,2,test,R0133,https://doi.org/10.1021/acsaem.5c03033,1.25,1.1670611306302663
ridge,2,test,R0138,https://doi.org/10.1080/1536383X.2025.2583369,1.3,1.3019286309220608
ridge,2,test,R0147,https://doi.org/10.1016/j.jcis.2025.138454,0.89,1.047172602488271
ridge,2,test,R0153,https://doi.org/10.1016/j.carbon.2025.120482,1.25,1.1665855328007526
ridge,2,test,R0185,https://doi.org/10.1002/adma.202404319,1.2,0.9794411728303813
ridge,2,test,R0193,https://doi.org/10.1002/aenm.202303766,0.95,0.9323400555807293
ridge,3,train,R0001,https://doi.org/10.1016/j.electacta.2020.137645,1.3,1.2975122954167637
ridge,3,train,R0002,https://doi.org/10.1016/j.electacta.2020.137645,1.5,1.331663365533006
ridge,3,train,R0003,https://doi.org/10.1016/j.apcatb.2019.118283,1.27,1.2603579114992838
ridge,3,train,R0004,https://doi.org/10.1016/j.ssi.2021.115773,1.1,1.1872295117570655
ridge,3,train,R0005,https://doi.org/10.1016/j.ssi.2021.115773,1.4,1.3863690994442581
ridge,3,train,R0006,https://doi.org/10.1016/j.jpowsour.2021.230374,1.24,1.234966899295366
ridge,3,train,R0009,https://doi.org/10.1016/j.jallcom.2020.158269,1.0,1.045908794464857
ridge,3,train,R0010,https://doi.org/10.1016/j.cej.2020.124294,1.35,1.5394742438253943
ridge,3,train,R0011,https://doi.org/10.1016/j.cej.2020.124294,1.4,1.5394742438253943
ridge,3,train,R0012,https://doi.org/10.1016/j.cej.2021.128403,0.97,1.0034461139927036
ridge,3,train,R0013,http://dx.doi.org/10.1016/j.jelechem.2020.114124,1.25,1.3038296163188887
ridge,3,train,R0014,https://doi.org/10.1016/j.jechem.2020.07.053,0.98,1.0154166263490954
ridge,3,train,R0015,https://doi.org/10.1016/j.flatc.2020.100221,1.25,1.22533792206205
ridge,3,train,R0016,https://doi.org/10.1016/j.jallcom.2020.157945,1.012,1.0034461139927036
ridge,3,train,R0018,https://doi.org/10.1016/j.jpowsour.2020.228362,1.35,1.3137989616113546
ridge,3,train,R0021,https://doi.org/10.1002/anie.202110116,1.4,1.309149412816209
ridge,3,train,R0022,https://doi.org/10.1002/anie.202110116,1.3,1.309149412816209
ridge,3,train,R0023,https://doi.org/10.1021/acs.jpcc.1c05456,1.15,1.1872295117570655
ridge,3,train,R0024,https://doi.org/10.1021/acs.jpcc.1c05456,1.2,1.1872295117570655
ridge,3,train,R0025,https://doi.org/10.1021/acs.jpcc.1c05456,1.15,1.1872295117570655
ridge,3,train,R0026,https://doi.org/10.1039/d0cc05980c,1.2,1.1420349087783406
ridge,3,train,R0028,https://doi.org/10.1039/d0ta09195b,1.05,1.072941116866918
ridge,3,train,R0029,https://doi.org/10.1039/d1ta00538c,1.3,1.1521840174288251
ridge,3,train,R0030,https://doi.org/10.1039/d1ta04830a,1.05,1.047853439998722
ridge,3,train,R0031,https://doi.org/10.1002/ente.201901257,1.15,1.166578974070554
ridge,3,train,R0032,https://doi.org/10.1002/ente.201901257,1.2,1.166578974070554
ridge,3,train,R0033,https://dx.doi.org/10.1021/acsaem.0c01691,1.35,1.323543888744541
ridge,3,train,R0034,https://dx.doi.org/10.1021/acsnano.9b09646,1.45,1.4227918502412213
ridge,3,train,R0035,https://dx.doi.org/10.1021/acsami.0c02087,1.15,1.093869142721778
ridge,3,train,R0037,https://doi.org/10.1002/er.6806,1.0,1.0266074607813507
ridge,3,train,R0039,https://dx.doi.org/10.1021/acsami.9b21904,1.3,1.323543888744541
ridge,3,train,R0040,https://doi.org/10.1007/s11581-021-04046-5,0.9,1.0034461139927036
ridge,3,train,R0042,https://doi.org/10.1002/smll.202105752,1.4,1.3907642172968289
ridge,3,train,R0043,https://doi.org/10.1002/smll.202105752,1.25,1.2709579378232054
ridge,3,train,R0044,https://dx.doi.org/10.1021/acscatal.0c02608,1.35,1.323543888744541
ridge,3,train,R0045,https://doi.org/10.1021/acsaem.1c01572,1.1,1.0623545471081153
ridge,3,train,R0046,https://doi.org/10.1021/acsaem.1c01572,1.3,1.309149412816209
ridge,3,train,R0047,https://doi.org/10.1002/aenm.202200791,1.0,1.0002760753474647
ridge,3,train,R0048,https://doi.org/10.1002/aenm.202103910,1.0,1.0002760753474647
ridge,3,train,R0049,https://doi.org/10.1016/j.apcatb.2022.121844,0.92,0.922031063081036
ridge,3,train,R0051,https://doi.org/10.1016/j.ensm.2023.102874,1.21,1.0938815880396233
ridge,3,train,R0052,https://doi.org/10.1016/j.ensm.2023.102989,1.1,1.093869142721778
ridge,3,train,R0053,https://doi.org/10.1016/j.ensm.2022.07.026,1.1,1.094578077142179
ridge,3,train,R0054,https://doi.org/10.1016/S1872‐2067(23)64409‐2,1.1,1.093869142721778
ridge,3,train,R0055,https://doi.org/10.1016/S1872‐2067(23)64409‐2,1.15,1.093869142721778
ridge,3,train,R0056,https://doi.org/10.1016/j.jallcom.2023.170130,1.29,1.234966899295366
ridge,3,train,R0057,https://doi.org/10.1002/smll.202205532,1.08,1.0483421256580587
ridge,3,train,R0058,https://doi.org/10.1016/j.electacta.2023.142096,0.99,0.9244939289352796
ridge,3,train,R0059,https://doi.org/10.1016/j.electacta.2022.140147,1.11,1.1069894144501005
ridge,3,train,R0061,https://doi.org/10.1016/j.jelechem.2022.116810,1.15,1.1420349087783406
ridge,3,train,R0062,https://doi.org/10.1002/slct.202200870,1.04,1.0034461139927036
ridge,3,train,R0063,https://doi.org/10.1002/slct.202200870,1.1,1.137756064139979
ridge,3,train,R0064,https://doi.org/10.1002/slct.202200870,1.11,1.1069894144501005
ridge,3,train,R0065,https://doi.org/10.1016/j.cej.2023.146775,1.0,1.008183153833908
ridge,3,train,R0066,https://www.pnas.org/lookup/suppl/doi:10.1073/pnas.2301439120/-/DCSupplemental.,1.11,1.096137949907879
ridge,3,train,R0067,https://doi.org/10.3390/nano12142386,1.2,1.1717050512903813
ridge,3,train,R0068,https://doi.org/10.1021/acsami.2c19975,1.03,1.063130096370635
ridge,3,train,R0069,https://doi.org/10.1021/acsami.2c19975,1.38,1.3760607122911472
ridge,3,train,R0070,https://doi.org/10.1016/j.cej.2022.136852,1.06,1.0034461139927036
ridge,3,train,R0072,https://doi.org/10.1016/j.ijhydene.2023.12.023,1.4,1.3532723720014734
ridge,3,train,R0073,https://doi.org/10.1016/j.jelechem.2022.116356,1.3,1.2955213640269274
ridge,3,train,R0076,https://doi.org/10.1002/admi.202102110,0.98,0.9722064284937271
ridge,3,train,R0077,https://doi.org/10.1002/admi.202102110,1.04,1.137756064139979
ridge,3,train,R0078,https://doi.org/10.1016/j.cej.2022.137684,1.29,1.3760607122911472
ridge,3,train,R0079,https://doi.org/10.1016/j.cej.2022.137684,1.41,1.309149412816209
ridge,3,train,R0080,https://doi.org/10.1016/j.est.2023.107329,1.01,1.016378684006043
ridge,3,train,R0081,https://doi.org/10.1021/acs.jpcc.3c01042,1.2,1.1872295117570655
ridge,3,train,R0082,https://doi.org/10.1021/acs.jpcc.3c01042,1.25,1.1872295117570655
ridge,3,train,R0083,https://doi.org/10.1021/acs.jpcc.3c01042,1.25,1.1872295117570655
ridge,3,train,R0085,https://doi.org/10.1021/jacs.2c11676,1.05,1.137756064139979
ridge,3,train,R0086,https://doi.org/10.1016/j.est.2023.109342,1.35,1.3532723720014734
ridge,3,train,R0087,https://doi.org/10.1016/j.est.2023.109342,1.5,1.3532723720014734
ridge,3,train,R0088,https://doi.org/10.1016/j.est.2023.109342,1.4,1.3532723720014734
ridge,3,train,R0089,https://doi.org/10.1016/j.jcis.2022.12.148,1.28,1.2955213640269274
ridge,3,train,R0090,https://doi.org/10.1016/j.cej.2022.139524,1.22,1.1717050512903813
ridge,3,train,R0092,https://doi.org/10.1016/j.carbon.2022.04.080,1.32,1.2955213640269274
ridge,3,train,R0093,https://doi.org/10.1016/j.jallcom.2022.163703,1.09,1.0007106260747969
ridge,3,train,R0094,https://doi.org/10.1016/j.electacta.2022.140894,1.05,1.1872295117570655
ridge,3,train,R0096,https://doi.org/10.1002/adsu.202300510,0.95,1.0158294709349067
ridge,3,train,R0097,https://doi.org/10.1002/adsu.202300510,1.2,1.234966899295366
ridge,3,train,R0098,https://doi.org/10.1002/adsu.202300510,1.25,1.234966899295366
ridge,3,train,R0099,https://doi.org/10.1021/acsami.2c19975,1.38,1.3760607122911472
ridge,3,train,R0103,https://doi.org/10.1007/s12274-022-5330-2,1.2,1.1420349087783406
ridge,3,train,R0104,https://doi.org/10.1007/s12274-022-5330-2,1.15,1.093869142721778
ridge,3,train,R0105,https://doi.org/10.1007/s12274-022-5330-2,1.1,1.1420349087783406
ridge,3,train,R0106,https://doi.org/10.1007/s12274-022-5330-2,1.08,1.093869142721778
ridge,3,train,R0107,https://doi.org/10.1016/j.ensm.2023.102829,1.2,1.3044876169176514
ridge,3,train,R0108,https://doi.org/10.1016/j.cej.2022.138462,1.17,1.1717050512903813
ridge,3,train,R0109,https://doi.org/10.1002/smll.202302598,1.25,1.2709579378232054
ridge,3,train,R0110,https://doi.org/10.1002/adma.202106436,1.2,1.2023012406002385
ridge,3,train,R0111,https://doi.org/10.1016/j.apcatb.2022.122203,1.25,1.2955213640269274
ridge,3,train,R0112,https://doi.org/10.1021/acsnano.3c05782,1.12,1.0764814518047385
ridge,3,train,R0113,https://doi.org/10.1039/d2ta03604e,0.85,1.0034461139927036
ridge,3,train,R0114,https://doi.org/10.1016/j.compositesb.2022.109727,1.1,1.1872295117570655
ridge,3,train,R0115,https://doi.org/10.1016/j.ensm.2022.05.029,1.14,1.1717050512903813
ridge,3,train,R0116,https://doi.org/10.1016/j.cej.2023.143351,1.23,1.209033335174262
ridge,3,train,R0117,https://doi.org/10.1002/adfm.202209876,1.18,1.2313279035310658
ridge,3,train,R0118,https://doi.org/10.1002/smll.202106707,1.42,1.3863690994442581
ridge,3,train,R0119,https://doi.org/10.1021/acsaem.3c02592,0.98,1.1069894144501005
ridge,3,train,R0120,https://doi.org/10.1002/aenm.202204057,1.3,1.2603579114992838
ridge,3,train,R0121,https://doi.org/10.1002/aenm.202204057,1.4,1.4227918502412213
ridge,3,train,R0122,https://doi.org/10.1002/aenm.202204057,1.5,1.3907642172968289
ridge,3,train,R0125,https://sioc-journal.cn/Jwk_hxxb/EN/10.6023/A22050206,1.08,1.093869142721778
ridge,3,train,R0126,https://doi.org/10.1016/j.jcis.2026.140244,1.04,1.017102440159082
ridge,3,train,R0131,https://doi.org/10.1002/advs.202522315,1.0,1.0154166263490954
ridge,3,train,R0132,https://doi.org/10.1016/j.electacta.2025.147671,1.15,1.0764814518047385
ridge,3,train,R0133,https://doi.org/10.1021/acsaem.5c03033,1.25,1.218762860948695
ridge,3,train,R0134,https://doi.org/10.1021/acsanm.5c04476,1.04,1.1069894144501005
ridge,3,train,R0135,https://doi.org/10.1021/acsanm.5c04476,1.25,1.2709579378232054
ridge,3,train,R0136,https://doi.org/10.1088/2631-6331/ae1925,1.3,1.3550068616156665
ridge,3,train,R0137,https://doi.org/10.1002/anie.202521423,1.2,1.1521840174288251
ridge,3,train,R0138,https://doi.org/10.1080/1536383X.2025.2583369,1.3,1.2988368356149125
ridge,3,train,R0139,https://doi.org/10.1002/anie.202520097,1.2,1.1420349087783406
ridge,3,train,R0140,https://doi.org/10.1016/j.jcis.2025.139355,0.8,1.0034461139927036
ridge,3,train,R0141,https://doi.org/10.1016/j.jcis.2025.139355,0.83,1.0034461139927036
ridge,3,train,R0142,https://doi.org/10.1021/acsnano.5c10218,0.96,0.9739597142617562
ridge,3,train,R0143,https://doi.org/10.1021/acsnano.5c10218,1.18,1.1420349087783406
ridge,3,train,R0144,https://doi.org/10.1002/aoc.70327,1.41,1.3550068616156665
ridge,3,train,R0145,https://doi.org/10.1021/acs.langmuir.5c02644,1.1,1.072941116866918
ridge,3,train,R0146,https://doi.org/10.1016/j.electacta.2025.146925,1.1,1.1872295117570655
ridge,3,train,R0147,https://doi.org/10.1016/j.jcis.2025.138454,0.89,1.0483421256580587
ridge,3,train,R0148,https://doi.org/10.1038/s41598-025-11449-1,0.998,0.9739597142617562
ridge,3,train,R0150,https://doi.org/10.1016/j.jpowsour.2025.237653,1.15,1.1069894144501005
ridge,3,train,R0151,https://doi.org/10.1021/acs.iecr.5c01518,1.18,1.244113579693325
ridge,3,train,R0152,https://doi.org/10.1021/acs.iecr.5c01518,1.25,1.2709579378232054
ridge,3,train,R0153,https://doi.org/10.1016/j.carbon.2025.120482,1.25,1.1521840174288251
ridge,3,train,R0154,https://doi.org/10.1093/nsr/nwaf145,1.24,1.1420349087783406
ridge,3,train,R0155,https://doi.org/10.1016/j.jcis.2025.137782,1.36,1.3550068616156665
ridge,3,train,R0156,https://doi.org/10.1016/j.cej.2025.162908,1.3,1.226576729814062
ridge,3,train,R0157,https://doi.org/10.1016/j.cej.2025.162908,1.35,1.2603579114992838
ridge,3,train,R0158,https://doi.org/10.1016/j.cej.2025.162908,1.3,1.226576729814062
ridge,3,train,R0162,https://doi.org/10.1021/jacs.4c15230,1.1,1.1872295117570655
ridge,3,train,R0164,https://doi.org/10.1016/j.esci.2024.100310,1.08,1.137756064139979
ridge,3,train,R0165,https://doi.org/10.1016/j.esci.2024.100310,1.1,1.137756064139979
ridge,3,train,R0166,https://doi.org/10.1002/smll.202406516,1.2,1.1872295117570655
ridge,3,train,R0167,https://doi.org/10.1002/anie.202418893,1.3,1.2955213640269274
ridge,3,train,R0168,https://doi.org/10.1016/j.electacta.2024.145384,1.01,1.0483421256580587
ridge,3,train,R0169,https://doi.org/10.1007/s10008-024-06115-x,1.4,1.331663365533006
ridge,3,train,R0170,https://doi.org/10.1002/aenm.202402925,1.4,1.3580906598174425
ridge,3,train,R0171,https://doi.org/10.1002/aenm.202402925,1.28,1.309149412816209
ridge,3,train,R0172,https://doi.org/10.1002/aenm.202402925,1.3,1.309149412816209
ridge,3,train,R0173,https://doi.org/10.1021/acs.energyfuels.4c04356,0.94,0.9739597142617562
ridge,3,train,R0174,https://doi.org/10.1002/smll.202406525,1.25,1.234966899295366
ridge,3,train,R0175,https://doi.org/10.1016/j.jpowsour.2024.235394,0.95,0.9427200287677081
ridge,3,train,R0176,https://doi.org/10.1016/j.jpowsour.2024.235394,1.0,1.1069894144501005
ridge,3,train,R0179,https://doi.org/10.1039/d4sc03242j,1.1,1.1872295117570655
ridge,3,train,R0182,https://doi.org/10.1016/j.jcis.2024.06.137,1.25,1.1994190058477256
ridge,3,train,R0183,https://doi.org/10.1016/j.jcis.2024.06.137,1.4,1.4227918502412213
ridge,3,train,R0184,https://doi.org/10.1016/j.jcis.2024.06.137,1.45,1.4227918502412213
ridge,3,train,R0185,https://doi.org/10.1002/adma.202404319,1.2,1.0972413148568814
ridge,3,train,R0186,https://doi.org/10.1002/adma.202405440,1.4,1.331663365533006
ridge,3,train,R0188,https://doi.org/10.1016/j.jcis.2024.05.144,1.2,1.1816244979226769
ridge,3,train,R0189,https://doi.org/10.1016/j.ijoes.2024.100602,1.3,1.1521840174288251
ridge,3,train,R0190,https://doi.org/10.1016/j.jechem.2024.01.076,1.3,1.2709579378232054
ridge,3,train,R0191,https://doi.org/10.1016/j.jechem.2024.01.076,1.25,1.2709579378232054
ridge,3,train,R0192,https://doi.org/10.1016/j.jechem.2024.01.076,1.25,1.3214555363308642
ridge,3,train,R0193,https://doi.org/10.1002/aenm.202303766,0.95,0.9427200287677081
ridge,3,train,R0194,https://doi.org/10.1002/smtd.202301728,1.22,1.204445923909023
ridge,3,train,R0195,https://doi.org/10.1002/smtd.202301728,1.32,1.204445923909023
ridge,3,train,R0196,https://doi.org/10.1016/j.mtcomm.2024.108243,0.84,1.0034461139927036
ridge,3,train,R0198,https://doi.org/10.1016/j.jpowsour.2024.234130,1.05,1.1113524734696865
ridge,3,train,R0199,https://doi.org/10.1016/j.jpowsour.2024.234130,1.17,1.1521840174288251
ridge,3,train,R0200,https://doi.org/10.1021/jacs.3c12734,1.12,1.1210674323289913
ridge,3,test,R0007,https://doi.org/10.1016/j.jallcom.2019.152736,1.35,1.1816244979226769
ridge,3,test,R0008,https://doi.org/10.1016/j.jallcom.2020.153803,1.25,1.102287026968641
ridge,3,test,R0017,https://doi.org/10.1016/j.jallcom.2020.154054,0.82,1.0034461139927036
ridge,3,test,R0019,https://doi.org/10.1016/j.jallcom.2020.157656,1.4,1.3907642172968289
ridge,3,test,R0020,https://doi.org/10.1002/aenm.202100110,0.95,1.0483421256580587
ridge,3,test,R0027,https://doi.org/10.1039/d0nr00866d,1.5,1.2982525925422128
ridge,3,test,R0036,https://doi.org/10.1002/er.7342,1.21,1.234966899295366
ridge,3,test,R0038,https://doi.org/10.1021/acsami.1c08720,0.84,0.9739597142617562
ridge,3,test,R0041,https://doi.org/10.1007/s40242-020-0077-3,1.15,1.234966899295366
ridge,3,test,R0050,https://doi.org/10.1002/aenm.202203660,1.33,1.2955213640269274
ridge,3,test,R0060,https://doi.org/10.1021/acsami.1c22643,1.0,1.017102440159082
ridge,3,test,R0071,https://doi.org/10.1039/d2ta07061h,1.34,1.3863690994442581
ridge,3,test,R0074,https://doi.org/10.1002/smll.202204836,1.25,1.1521840174288251
ridge,3,test,R0075,https://doi.org/10.1002/smll.202204836,1.18,1.1069894144501005
ridge,3,test,R0084,https://doi.org/10.1021/acsami.3c01599,1.17,1.234966899295366
ridge,3,test,R0091,https://doi.org/10.1039/d1qi01260f,1.23,1.1420349087783406
ridge,3,test,R0095,https://doi.org/10.1002/smll.202206611,0.98,1.0154166263490954
ridge,3,test,R0100,https://doi.org/10.1021/acscatal.2c02544,1.15,1.234966899295366
ridge,3,test,R0101,https://doi.org/10.1021/acscatal.2c02544,1.15,1.234966899295366
ridge,3,test,R0102,https://www.science.org/doi/10.1126/sciadv.abq6261,1.2,1.1872295117570655
ridge,3,test,R0123,https://doi.org/10.1021/acs.nanolett.3c03025,1.1,1.1420349087783406
ridge,3,test,R0124,https://doi.org/10.1021/acs.nanolett.3c03025,1.15,1.1420349087783406
ridge,3,test,R0127,https://doi.org/10.1016/j.jechem.2026.01.056,1.25,1.1645663020502162
ridge,3,test,R0128,https://doi.org/10.1002/smll.202512953,1.25,1.3137989616113546
ridge,3,test,R0129,https://doi.org/10.1002/smll.202512953,1.39,1.3580906598174425
ridge,3,test,R0130,https://doi.org/10.1002/smll.202512953,1.45,1.3580906598174425
ridge,3,test,R0149,https://doi.org/10.1002/anie.202509132,0.94,1.0034461139927036
ridge,3,test,R0159,https://doi.org/10.1016/j.cej.2025.162420,0.86,1.1392017261087009
ridge,3,test,R0160,https://doi.org/10.1039/d5nr00300h,0.77,1.0034461139927036
ridge,3,test,R0161,https://doi.org/10.1039/d5nr00300h,1.29,1.3550068616156665
ridge,3,test,R0163,https://doi.org/10.1002/celc.202400626,1.4,1.3550068616156665
ridge,3,test,R0177,https://doi.org/10.1002/cey2.587,1.35,1.2955213640269274
ridge,3,test,R0178,https://doi.org/10.1002/cey2.550,1.25,1.2232666845185534
ridge,3,test,R0180,https://doi.org/10.1016/j.est.2024.112780,1.3,1.3212173072408568
ridge,3,test,R0181,https://doi.org/10.1016/j.est.2024.112780,1.45,1.3532723720014734
ridge,3,test,R0187,https://doi.org/10.1016/j.mtener.2024.101597,1.38,1.3532723720014734
ridge,3,test,R0197,https://doi.org/10.1016/j.jallcom.2024.173877,1.11,1.1872295117570655
ridge,4,train,R0001,https://doi.org/10.1016/j.electacta.2020.137645,1.3,1.2950061742737635
ridge,4,train,R0002,https://doi.org/10.1016/j.electacta.2020.137645,1.5,1.3085977885031792
ridge,4,train,R0004,https://doi.org/10.1016/j.ssi.2021.115773,1.1,1.1761653135767252
ridge,4,train,R0005,https://doi.org/10.1016/j.ssi.2021.115773,1.4,1.419878423770013
ridge,4,train,R0006,https://doi.org/10.1016/j.jpowsour.2021.230374,1.24,1.2165747221561412
ridge,4,train,R0007,https://doi.org/10.1016/j.jallcom.2019.152736,1.35,1.2094932009247266
ridge,4,train,R0008,https://doi.org/10.1016/j.jallcom.2020.153803,1.25,1.1995388070696522
ridge,4,train,R0009,https://doi.org/10.1016/j.jallcom.2020.158269,1.0,1.0497409963583215
ridge,4,train,R0010,https://doi.org/10.1016/j.cej.2020.124294,1.35,1.5372494352533668
ridge,4,train,R0011,https://doi.org/10.1016/j.cej.2020.124294,1.4,1.5372494352533668
ridge,4,train,R0012,https://doi.org/10.1016/j.cej.2021.128403,0.97,0.968791572143533
ridge,4,train,R0015,https://doi.org/10.1016/j.flatc.2020.100221,1.25,1.2587714049498422
ridge,4,train,R0016,https://doi.org/10.1016/j.jallcom.2020.157945,1.012,0.968791572143533
ridge,4,train,R0017,https://doi.org/10.1016/j.jallcom.2020.154054,0.82,0.968791572143533
ridge,4,train,R0018,https://doi.org/10.1016/j.jpowsour.2020.228362,1.35,1.3018597607521687
ridge,4,train,R0019,https://doi.org/10.1016/j.jallcom.2020.157656,1.4,1.385043384301897
ridge,4,train,R0020,https://doi.org/10.1002/aenm.202100110,0.95,1.0321471926156678
ridge,4,train,R0021,https://doi.org/10.1002/anie.202110116,1.4,1.3406937635839618
ridge,4,train,R0022,https://doi.org/10.1002/anie.202110116,1.3,1.3406937635839618
ridge,4,train,R0023,https://doi.org/10.1021/acs.jpcc.1c05456,1.15,1.1761653135767252
ridge,4,train,R0024,https://doi.org/10.1021/acs.jpcc.1c05456,1.2,1.1761653135767252
ridge,4,train,R0025,https://doi.org/10.1021/acs.jpcc.1c05456,1.15,1.1761653135767252
ridge,4,train,R0026,https://doi.org/10.1039/d0cc05980c,1.2,1.1300681109069721
ridge,4,train,R0027,https://doi.org/10.1039/d0nr00866d,1.5,1.4836833874047217
ridge,4,train,R0028,https://doi.org/10.1039/d0ta09195b,1.05,1.0465188875054792
ridge,4,train,R0029,https://doi.org/10.1039/d1ta00538c,1.3,1.176010672360598
ridge,4,train,R0030,https://doi.org/10.1039/d1ta04830a,1.05,1.0481577859502782
ridge,4,train,R0031,https://doi.org/10.1002/ente.201901257,1.15,1.1837669737259326
ridge,4,train,R0032,https://doi.org/10.1002/ente.201901257,1.2,1.1837669737259326
ridge,4,train,R0034,https://dx.doi.org/10.1021/acsnano.9b09646,1.45,1.444087069181573
ridge,4,train,R0035,https://dx.doi.org/10.1021/acsami.0c02087,1.15,1.091386822301353
ridge,4,train,R0036,https://doi.org/10.1002/er.7342,1.21,1.2165747221561412
ridge,4,train,R0037,https://doi.org/10.1002/er.6806,1.0,1.0248561342681843
ridge,4,train,R0038,https://doi.org/10.1021/acsami.1c08720,0.84,0.9408322940362062
ridge,4,train,R0039,https://dx.doi.org/10.1021/acsami.9b21904,1.3,1.3301760994649445
ridge,4,train,R0040,https://doi.org/10.1007/s11581-021-04046-5,0.9,0.968791572143533
ridge,4,train,R0041,https://doi.org/10.1007/s40242-020-0077-3,1.15,1.2165747221561412
ridge,4,train,R0044,https://dx.doi.org/10.1021/acscatal.0c02608,1.35,1.3301760994649445
ridge,4,train,R0045,https://doi.org/10.1021/acsaem.1c01572,1.1,1.0557426803147072
ridge,4,train,R0046,https://doi.org/10.1021/acsaem.1c01572,1.3,1.3406937635839618
ridge,4,train,R0048,https://doi.org/10.1002/aenm.202103910,1.0,1.0009321979768255
ridge,4,train,R0050,https://doi.org/10.1002/aenm.202203660,1.33,1.3079272982057895
ridge,4,train,R0051,https://doi.org/10.1016/j.ensm.2023.102874,1.21,1.109820667446405
ridge,4,train,R0052,https://doi.org/10.1016/j.ensm.2023.102989,1.1,1.091386822301353
ridge,4,train,R0053,https://doi.org/10.1016/j.ensm.2022.07.026,1.1,1.0317044737222865
ridge,4,train,R0054,https://doi.org/10.1016/S1872‐2067(23)64409‐2,1.1,1.091386822301353
ridge,4,train,R0055,https://doi.org/10.1016/S1872‐2067(23)64409‐2,1.15,1.091386822301353
ridge,4,train,R0056,https://doi.org/10.1016/j.jallcom.2023.170130,1.29,1.2165747221561412
ridge,4,train,R0057,https://doi.org/10.1002/smll.202205532,1.08,1.0321471926156678
ridge,4,train,R0060,https://doi.org/10.1021/acsami.1c22643,1.0,1.0371668452779113
ridge,4,train,R0061,https://doi.org/10.1016/j.jelechem.2022.116810,1.15,1.1300681109069721
ridge,4,train,R0067,https://doi.org/10.3390/nano12142386,1.2,1.1880027202619332
ridge,4,train,R0068,https://doi.org/10.1021/acsami.2c19975,1.03,1.0677265774990323
ridge,4,train,R0069,https://doi.org/10.1021/acsami.2c19975,1.38,1.3833417578638836
ridge,4,train,R0070,https://doi.org/10.1016/j.cej.2022.136852,1.06,0.968791572143533
ridge,4,train,R0071,https://doi.org/10.1039/d2ta07061h,1.34,1.419878423770013
ridge,4,train,R0073,https://doi.org/10.1016/j.jelechem.2022.116356,1.3,1.3079272982057895
ridge,4,train,R0074,https://doi.org/10.1002/smll.202204836,1.25,1.176010672360598
ridge,4,train,R0075,https://doi.org/10.1002/smll.202204836,1.18,1.1299134696908453
ridge,4,train,R0078,https://doi.org/10.1016/j.cej.2022.137684,1.29,1.3833417578638836
ridge,4,train,R0079,https://doi.org/10.1016/j.cej.2022.137684,1.41,1.3406937635839618
ridge,4,train,R0080,https://doi.org/10.1016/j.est.2023.107329,1.01,1.018622817456069
ridge,4,train,R0084,https://doi.org/10.1021/acsami.3c01599,1.17,1.2165747221561412
ridge,4,train,R0086,https://doi.org/10.1016/j.est.2023.109342,1.35,1.360331786036106
ridge,4,train,R0087,https://doi.org/10.1016/j.est.2023.109342,1.5,1.360331786036106
ridge,4,train,R0088,https://doi.org/10.1016/j.est.2023.109342,1.4,1.360331786036106
ridge,4,train,R0089,https://doi.org/10.1016/j.jcis.2022.12.148,1.28,1.3079272982057895
ridge,4,train,R0090,https://doi.org/10.1016/j.cej.2022.139524,1.22,1.1880027202619332
ridge,4,train,R0091,https://doi.org/10.1039/d1qi01260f,1.23,1.1300681109069721
ridge,4,train,R0092,https://doi.org/10.1016/j.carbon.2022.04.080,1.32,1.3079272982057895
ridge,4,train,R0093,https://doi.org/10.1016/j.jallcom.2022.163703,1.09,0.9855925519117406
ridge,4,train,R0094,https://doi.org/10.1016/j.electacta.2022.140894,1.05,1.1761653135767252
ridge,4,train,R0095,https://doi.org/10.1002/smll.202206611,0.98,1.0358899008673033
ridge,4,train,R0099,https://doi.org/10.1021/acsami.2c19975,1.38,1.3833417578638836
ridge,4,train,R0100,https://doi.org/10.1021/acscatal.2c02544,1.15,1.2165747221561412
ridge,4,train,R0101,https://doi.org/10.1021/acscatal.2c02544,1.15,1.2165747221561412
ridge,4,train,R0102,https://www.science.org/doi/10.1126/sciadv.abq6261,1.2,1.1761653135767252
ridge,4,train,R0108,https://doi.org/10.1016/j.cej.2022.138462,1.17,1.1880027202619332
ridge,4,train,R0109,https://doi.org/10.1002/smll.202302598,1.25,1.2599165906635088
ridge,4,train,R0111,https://doi.org/10.1016/j.apcatb.2022.122203,1.25,1.3079272982057895
ridge,4,train,R0112,https://doi.org/10.1021/acsnano.3c05782,1.12,1.0730175870627843
ridge,4,train,R0113,https://doi.org/10.1039/d2ta03604e,0.85,0.968791572143533
ridge,4,train,R0114,https://doi.org/10.1016/j.compositesb.2022.109727,1.1,1.1761653135767252
ridge,4,train,R0115,https://doi.org/10.1016/j.ensm.2022.05.029,1.14,1.1880027202619332
ridge,4,train,R0116,https://doi.org/10.1016/j.cej.2023.143351,1.23,1.2290937353067222
ridge,4,train,R0117,https://doi.org/10.1002/adfm.202209876,1.18,1.2341990866892552
ridge,4,train,R0119,https://doi.org/10.1021/acsaem.3c02592,0.98,1.1299134696908453
ridge,4,train,R0120,https://doi.org/10.1002/aenm.202204057,1.3,1.2348915773821347
ridge,4,train,R0121,https://doi.org/10.1002/aenm.202204057,1.4,1.444087069181573
ridge,4,train,R0122,https://doi.org/10.1002/aenm.202204057,1.5,1.385043384301897
ridge,4,train,R0123,https://doi.org/10.1021/acs.nanolett.3c03025,1.1,1.1300681109069721
ridge,4,train,R0124,https://doi.org/10.1021/acs.nanolett.3c03025,1.15,1.1300681109069721
ridge,4,train,R0125,https://sioc-journal.cn/Jwk_hxxb/EN/10.6023/A22050206,1.08,1.091386822301353
ridge,4,train,R0126,https://doi.org/10.1016/j.jcis.2026.140244,1.04,1.0371668452779113
ridge,4,train,R0127,https://doi.org/10.1016/j.jechem.2026.01.056,1.25,1.2810932517897644
ridge,4,train,R0128,https://doi.org/10.1002/smll.202512953,1.25,1.3018597607521687
ridge,4,train,R0129,https://doi.org/10.1002/smll.202512953,1.39,1.3636297332655434
ridge,4,train,R0130,https://doi.org/10.1002/smll.202512953,1.45,1.3636297332655434
ridge,4,train,R0131,https://doi.org/10.1002/advs.202522315,1.0,1.0358899008673033
ridge,4,train,R0132,https://doi.org/10.1016/j.electacta.2025.147671,1.15,1.0730175870627843
ridge,4,train,R0133,https://doi.org/10.1021/acsaem.5c03033,1.25,1.2151791368344829
ridge,4,train,R0134,https://doi.org/10.1021/acsanm.5c04476,1.04,1.1299134696908453
ridge,4,train,R0135,https://doi.org/10.1021/acsanm.5c04476,1.25,1.2599165906635088
ridge,4,train,R0136,https://doi.org/10.1088/2631-6331/ae1925,1.3,1.3493872307793082
ridge,4,train,R0137,https://doi.org/10.1002/anie.202521423,1.2,1.176010672360598
ridge,4,train,R0138,https://doi.org/10.1080/1536383X.2025.2583369,1.3,1.314145193039531
ridge,4,train,R0139,https://doi.org/10.1002/anie.202520097,1.2,1.1300681109069721
ridge,4,train,R0140,https://doi.org/10.1016/j.jcis.2025.139355,0.8,0.968791572143533
ridge,4,train,R0141,https://doi.org/10.1016/j.jcis.2025.139355,0.83,0.968791572143533
ridge,4,train,R0142,https://doi.org/10.1021/acsnano.5c10218,0.96,0.9408322940362062
ridge,4,train,R0143,https://doi.org/10.1021/acsnano.5c10218,1.18,1.1300681109069721
ridge,4,train,R0144,https://doi.org/10.1002/aoc.70327,1.41,1.3493872307793082
ridge,4,train,R0146,https://doi.org/10.1016/j.electacta.2025.146925,1.1,1.1761653135767252
ridge,4,train,R0147,https://doi.org/10.1016/j.jcis.2025.138454,0.89,1.0321471926156678
ridge,4,train,R0148,https://doi.org/10.1038/s41598-025-11449-1,0.998,0.9408322940362062
ridge,4,train,R0149,https://doi.org/10.1002/anie.202509132,0.94,0.968791572143533
ridge,4,train,R0151,https://doi.org/10.1021/acs.iecr.5c01518,1.18,1.2614064412166204
ridge,4,train,R0152,https://doi.org/10.1021/acs.iecr.5c01518,1.25,1.2599165906635088
ridge,4,train,R0153,https://doi.org/10.1016/j.carbon.2025.120482,1.25,1.176010672360598
ridge,4,train,R0154,https://doi.org/10.1093/nsr/nwaf145,1.24,1.1300681109069721
ridge,4,train,R0155,https://doi.org/10.1016/j.jcis.2025.137782,1.36,1.3493872307793082
ridge,4,train,R0156,https://doi.org/10.1016/j.cej.2025.162908,1.3,1.2152249156493582
ridge,4,train,R0157,https://doi.org/10.1016/j.cej.2025.162908,1.35,1.2348915773821347
ridge,4,train,R0158,https://doi.org/10.1016/j.cej.2025.162908,1.3,1.2152249156493582
ridge,4,train,R0159,https://doi.org/10.1016/j.cej.2025.162420,0.86,0.9367589396849234
ridge,4,train,R0160,https://doi.org/10.1039/d5nr00300h,0.77,0.968791572143533
ridge,4,train,R0161,https://doi.org/10.1039/d5nr00300h,1.29,1.3493872307793082
ridge,4,train,R0163,https://doi.org/10.1002/celc.202400626,1.4,1.3493872307793082
ridge,4,train,R0167,https://doi.org/10.1002/anie.202418893,1.3,1.3079272982057895
ridge,4,train,R0168,https://doi.org/10.1016/j.electacta.2024.145384,1.01,1.0321471926156678
ridge,4,train,R0169,https://doi.org/10.1007/s10008-024-06115-x,1.4,1.3085977885031792
ridge,4,train,R0173,https://doi.org/10.1021/acs.energyfuels.4c04356,0.94,0.9408322940362062
ridge,4,train,R0174,https://doi.org/10.1002/smll.202406525,1.25,1.2165747221561412
ridge,4,train,R0175,https://doi.org/10.1016/j.jpowsour.2024.235394,0.95,0.9458519467033834
ridge,4,train,R0176,https://doi.org/10.1016/j.jpowsour.2024.235394,1.0,1.1299134696908453
ridge,4,train,R0177,https://doi.org/10.1002/cey2.587,1.35,1.3079272982057895
ridge,4,train,R0178,https://doi.org/10.1002/cey2.550,1.25,1.2494601325573833
ridge,4,train,R0179,https://doi.org/10.1039/d4sc03242j,1.1,1.1761653135767252
ridge,4,train,R0180,https://doi.org/10.1016/j.est.2024.112780,1.3,1.340886016651342
ridge,4,train,R0181,https://doi.org/10.1016/j.est.2024.112780,1.45,1.360331786036106
ridge,4,train,R0182,https://doi.org/10.1016/j.jcis.2024.06.137,1.25,1.1985793700640723
ridge,4,train,R0183,https://doi.org/10.1016/j.jcis.2024.06.137,1.4,1.444087069181573
ridge,4,train,R0184,https://doi.org/10.1016/j.jcis.2024.06.137,1.45,1.444087069181573
ridge,4,train,R0185,https://doi.org/10.1002/adma.202404319,1.2,1.097546340207885
ridge,4,train,R0186,https://doi.org/10.1002/adma.202405440,1.4,1.3085977885031792
ridge,4,train,R0187,https://doi.org/10.1016/j.mtener.2024.101597,1.38,1.360331786036106
ridge,4,train,R0188,https://doi.org/10.1016/j.jcis.2024.05.144,1.2,1.2094932009247266
ridge,4,train,R0189,https://doi.org/10.1016/j.ijoes.2024.100602,1.3,1.176010672360598
ridge,4,train,R0190,https://doi.org/10.1016/j.jechem.2024.01.076,1.3,1.2599165906635088
ridge,4,train,R0191,https://doi.org/10.1016/j.jechem.2024.01.076,1.25,1.2599165906635088
ridge,4,train,R0192,https://doi.org/10.1016/j.jechem.2024.01.076,1.25,1.2583768764443917
ridge,4,train,R0193,https://doi.org/10.1002/aenm.202303766,0.95,0.9458519467033834
ridge,4,train,R0194,https://doi.org/10.1002/smtd.202301728,1.22,1.2493437850845224
ridge,4,train,R0195,https://doi.org/10.1002/smtd.202301728,1.32,1.2493437850845224
ridge,4,train,R0197,https://doi.org/10.1016/j.jallcom.2024.173877,1.11,1.1761653135767252
ridge,4,test,R0003,https://doi.org/10.1016/j.apcatb.2019.118283,1.27,1.2348915773821347
ridge,4,test,R0013,http://dx.doi.org/10.1016/j.jelechem.2020.114124,1.25,1.3225167814078393
ridge,4,test,R0014,https://doi.org/10.1016/j.jechem.2020.07.053,0.98,1.0358899008673033
ridge,4,test,R0033,https://dx.doi.org/10.1021/acsaem.0c01691,1.35,1.3301760994649445
ridge,4,test,R0042,https://doi.org/10.1002/smll.202105752,1.4,1.385043384301897
ridge,4,test,R0043,https://doi.org/10.1002/smll.202105752,1.25,1.2599165906635088
ridge,4,test,R0047,https://doi.org/10.1002/aenm.202200791,1.0,1.0009321979768255
ridge,4,test,R0049,https://doi.org/10.1016/j.apcatb.2022.121844,0.92,1.003895357601224
ridge,4,test,R0058,https://doi.org/10.1016/j.electacta.2023.142096,0.99,0.8433858725652457
ridge,4,test,R0059,https://doi.org/10.1016/j.electacta.2022.140147,1.11,1.1299134696908453
ridge,4,test,R0062,https://doi.org/10.1002/slct.202200870,1.04,0.968791572143533
ridge,4,test,R0063,https://doi.org/10.1002/slct.202200870,1.1,1.188363928127069
ridge,4,test,R0064,https://doi.org/10.1002/slct.202200870,1.11,1.1299134696908453
ridge,4,test,R0065,https://doi.org/10.1016/j.cej.2023.146775,1.0,1.254594238783352
ridge,4,test,R0066,https://www.pnas.org/lookup/suppl/doi:10.1073/pnas.2301439120/-/DCSupplemental.,1.11,0.2742176031816188
ridge,4,test,R0072,https://doi.org/10.1016/j.ijhydene.2023.12.023,1.4,1.360331786036106
ridge,4,test,R0076,https://doi.org/10.1002/admi.202102110,0.98,0.9738112248057763
ridge,4,test,R0077,https://doi.org/10.1002/admi.202102110,1.04,1.188363928127069
ridge,4,test,R0081,https://doi.org/10.1021/acs.jpcc.3c01042,1.2,1.1761653135767252
ridge,4,test,R0082,https://doi.org/10.1021/acs.jpcc.3c01042,1.25,1.1761653135767252
ridge,4,test,R0083,https://doi.org/10.1021/acs.jpcc.3c01042,1.25,1.1761653135767252
ridge,4,test,R0085,https://doi.org/10.1021/jacs.2c11676,1.05,1.188363928127069
ridge,4,test,R0096,https://doi.org/10.1002/adsu.202300510,0.95,1.0041367051146295
ridge,4,test,R0097,https://doi.org/10.1002/adsu.202300510,1.2,1.2165747221561412
ridge,4,test,R0098,https://doi.org/10.1002/adsu.202300510,1.25,1.2165747221561412
ridge,4,test,R0103,https://doi.org/10.1007/s12274-022-5330-2,1.2,1.1300681109069721
ridge,4,test,R0104,https://doi.org/10.1007/s12274-022-5330-2,1.15,1.091386822301353
ridge,4,test,R0105,https://doi.org/10.1007/s12274-022-5330-2,1.1,1.1300681109069721
ridge,4,test,R0106,https://doi.org/10.1007/s12274-022-5330-2,1.08,1.091386822301353
ridge,4,test,R0107,https://doi.org/10.1016/j.ensm.2023.102829,1.2,1.4046858937860658
ridge,4,test,R0110,https://doi.org/10.1002/adma.202106436,1.2,1.2805940652426078
ridge,4,test,R0118,https://doi.org/10.1002/smll.202106707,1.42,1.419878423770013
ridge,4,test,R0145,https://doi.org/10.1021/acs.langmuir.5c02644,1.1,1.0465188875054792
ridge,4,test,R0150,https://doi.org/10.1016/j.jpowsour.2025.237653,1.15,1.1299134696908453
ridge,4,test,R0162,https://doi.org/10.1021/jacs.4c15230,1.1,1.1761653135767252
ridge,4,test,R0164,https://doi.org/10.1016/j.esci.2024.100310,1.08,1.188363928127069
ridge,4,test,R0165,https://doi.org/10.1016/j.esci.2024.100310,1.1,1.188363928127069
ridge,4,test,R0166,https://doi.org/10.1002/smll.202406516,1.2,1.1761653135767252
ridge,4,test,R0170,https://doi.org/10.1002/aenm.202402925,1.4,1.3636297332655434
ridge,4,test,R0171,https://doi.org/10.1002/aenm.202402925,1.28,1.3406937635839618
ridge,4,test,R0172,https://doi.org/10.1002/aenm.202402925,1.3,1.3406937635839618
ridge,4,test,R0196,https://doi.org/10.1016/j.mtcomm.2024.108243,0.84,0.968791572143533
ridge,4,test,R0198,https://doi.org/10.1016/j.jpowsour.2024.234130,1.05,1.1283817297413037
ridge,4,test,R0199,https://doi.org/10.1016/j.jpowsour.2024.234130,1.17,1.176010672360598
ridge,4,test,R0200,https://doi.org/10.1021/jacs.3c12734,1.12,0.9349790463496087
svm,0,train,R0001,https://doi.org/10.1016/j.electacta.2020.137645,1.3,1.2501525423976996
svm,0,train,R0002,https://doi.org/10.1016/j.electacta.2020.137645,1.5,1.4499943471789911
svm,0,train,R0003,https://doi.org/10.1016/j.apcatb.2019.118283,1.27,1.250161613297547
svm,0,train,R0004,https://doi.org/10.1016/j.ssi.2021.115773,1.1,1.1504054593725843
svm,0,train,R0005,https://doi.org/10.1016/j.ssi.2021.115773,1.4,1.3701274362331466
svm,0,train,R0006,https://doi.org/10.1016/j.jpowsour.2021.230374,1.24,1.199943579491124
svm,0,train,R0007,https://doi.org/10.1016/j.jallcom.2019.152736,1.35,1.3003864803115033
svm,0,train,R0008,https://doi.org/10.1016/j.jallcom.2020.153803,1.25,1.1998531761896691
svm,0,train,R0009,https://doi.org/10.1016/j.jallcom.2020.158269,1.0,1.0499593893073766
svm,0,train,R0012,https://doi.org/10.1016/j.cej.2021.128403,0.97,0.9198532400421896
svm,0,train,R0013,http://dx.doi.org/10.1016/j.jelechem.2020.114124,1.25,1.2745501195069942
svm,0,train,R0014,https://doi.org/10.1016/j.jechem.2020.07.053,0.98,1.0300327664628495
svm,0,train,R0016,https://doi.org/10.1016/j.jallcom.2020.157945,1.012,0.9198532400421896
svm,0,train,R0017,https://doi.org/10.1016/j.jallcom.2020.154054,0.82,0.9198532400421896
svm,0,train,R0018,https://doi.org/10.1016/j.jpowsour.2020.228362,1.35,1.2999059346476443
svm,0,train,R0019,https://doi.org/10.1016/j.jallcom.2020.157656,1.4,1.4501958940193127
svm,0,train,R0020,https://doi.org/10.1002/aenm.202100110,0.95,1.0000790243881197
svm,0,train,R0021,https://doi.org/10.1002/anie.202110116,1.4,1.349707412200602
svm,0,train,R0022,https://doi.org/10.1002/anie.202110116,1.3,1.349707412200602
svm,0,train,R0023,https://doi.org/10.1021/acs.jpcc.1c05456,1.15,1.1504054593725843
svm,0,train,R0024,https://doi.org/10.1021/acs.jpcc.1c05456,1.2,1.1504054593725843
svm,0,train,R0025,https://doi.org/10.1021/acs.jpcc.1c05456,1.15,1.1504054593725843
svm,0,train,R0026,https://doi.org/10.1039/d0cc05980c,1.2,1.1702750993717834
svm,0,train,R0027,https://doi.org/10.1039/d0nr00866d,1.5,1.449527841391251
svm,0,train,R0031,https://doi.org/10.1002/ente.201901257,1.15,1.1833553147214506
svm,0,train,R0032,https://doi.org/10.1002/ente.201901257,1.2,1.1833553147214506
svm,0,train,R0033,https://dx.doi.org/10.1021/acsaem.0c01691,1.35,1.2996351459250661
svm,0,train,R0036,https://doi.org/10.1002/er.7342,1.21,1.199943579491124
svm,0,train,R0037,https://doi.org/10.1002/er.6806,1.0,1.0498096609675183
svm,0,train,R0038,https://doi.org/10.1021/acsami.1c08720,0.84,0.890184593415123
svm,0,train,R0039,https://dx.doi.org/10.1021/acsami.9b21904,1.3,1.2996351459250661
svm,0,train,R0040,https://doi.org/10.1007/s11581-021-04046-5,0.9,0.9198532400421896
svm,0,train,R0041,https://doi.org/10.1007/s40242-020-0077-3,1.15,1.199943579491124
svm,0,train,R0042,https://doi.org/10.1002/smll.202105752,1.4,1.4501958940193127
svm,0,train,R0043,https://doi.org/10.1002/smll.202105752,1.25,1.2589986174953929
svm,0,train,R0044,https://dx.doi.org/10.1021/acscatal.0c02608,1.35,1.2996351459250661
svm,0,train,R0045,https://doi.org/10.1021/acsaem.1c01572,1.1,1.0881340651919704
svm,0,train,R0046,https://doi.org/10.1021/acsaem.1c01572,1.3,1.349707412200602
svm,0,train,R0047,https://doi.org/10.1002/aenm.202200791,1.0,1.049790776869512
svm,0,train,R0049,https://doi.org/10.1016/j.apcatb.2022.121844,0.92,0.9697060696062226
svm,0,train,R0050,https://doi.org/10.1002/aenm.202203660,1.33,1.300474037565961
svm,0,train,R0053,https://doi.org/10.1016/j.ensm.2022.07.026,1.1,1.1184334596804049
svm,0,train,R0054,https://doi.org/10.1016/S1872‐2067(23)64409‐2,1.1,1.1154161366969317
svm,0,train,R0055,https://doi.org/10.1016/S1872‐2067(23)64409‐2,1.15,1.1154161366969317
svm,0,train,R0056,https://doi.org/10.1016/j.jallcom.2023.170130,1.29,1.199943579491124
svm,0,train,R0057,https://doi.org/10.1002/smll.202205532,1.08,1.0000790243881197
svm,0,train,R0058,https://doi.org/10.1016/j.electacta.2023.142096,0.99,1.0398365436637045
svm,0,train,R0059,https://doi.org/10.1016/j.electacta.2022.140147,1.11,1.0999278742887202
svm,0,train,R0060,https://doi.org/10.1021/acsami.1c22643,1.0,0.994691241399548
svm,0,train,R0062,https://doi.org/10.1002/slct.202200870,1.04,0.9198532400421896
svm,0,train,R0063,https://doi.org/10.1002/slct.202200870,1.1,1.0905252981699312
svm,0,train,R0064,https://doi.org/10.1002/slct.202200870,1.11,1.0999278742887202
svm,0,train,R0065,https://doi.org/10.1016/j.cej.2023.146775,1.0,1.0496982002657607
svm,0,train,R0066,https://www.pnas.org/lookup/suppl/doi:10.1073/pnas.2301439120/-/DCSupplemental.,1.11,1.1596396976734695
svm,0,train,R0070,https://doi.org/10.1016/j.cej.2022.136852,1.06,0.9198532400421896
svm,0,train,R0071,https://doi.org/10.1039/d2ta07061h,1.34,1.3701274362331466
svm,0,train,R0072,https://doi.org/10.1016/j.ijhydene.2023.12.023,1.4,1.400430427359128
svm,0,train,R0073,https://doi.org/10.1016/j.jelechem.2022.116356,1.3,1.300474037565961
svm,0,train,R0074,https://doi.org/10.1002/smll.202204836,1.25,1.2200878825551749
svm,0,train,R0075,https://doi.org/10.1002/smll.202204836,1.18,1.0999278742887202
svm,0,train,R0076,https://doi.org/10.1002/admi.202102110,0.98,0.9302261682998618
svm,0,train,R0077,https://doi.org/10.1002/admi.202102110,1.04,1.0905252981699312
svm,0,train,R0078,https://doi.org/10.1016/j.cej.2022.137684,1.29,1.3401133408958055
svm,0,train,R0079,https://doi.org/10.1016/j.cej.2022.137684,1.41,1.349707412200602
svm,0,train,R0080,https://doi.org/10.1016/j.est.2023.107329,1.01,1.0601637261000594
svm,0,train,R0081,https://doi.org/10.1021/acs.jpcc.3c01042,1.2,1.1504054593725843
svm,0,train,R0082,https://doi.org/10.1021/acs.jpcc.3c01042,1.25,1.1504054593725843
svm,0,train,R0083,https://doi.org/10.1021/acs.jpcc.3c01042,1.25,1.1504054593725843
svm,0,train,R0084,https://doi.org/10.1021/acsami.3c01599,1.17,1.199943579491124
svm,0,train,R0085,https://doi.org/10.1021/jacs.2c11676,1.05,1.0905252981699312
svm,0,train,R0086,https://doi.org/10.1016/j.est.2023.109342,1.35,1.400430427359128
svm,0,train,R0087,https://doi.org/10.1016/j.est.2023.109342,1.5,1.400430427359128
svm,0,train,R0088,https://doi.org/10.1016/j.est.2023.109342,1.4,1.400430427359128
svm,0,train,R0089,https://doi.org/10.1016/j.jcis.2022.12.148,1.28,1.300474037565961
svm,0,train,R0090,https://doi.org/10.1016/j.cej.2022.139524,1.22,1.1700233214937366
svm,0,train,R0091,https://doi.org/10.1039/d1qi01260f,1.23,1.1702750993717834
svm,0,train,R0093,https://doi.org/10.1016/j.jallcom.2022.163703,1.09,1.0478917886284937
svm,0,train,R0094,https://doi.org/10.1016/j.electacta.2022.140894,1.05,1.1504054593725843
svm,0,train,R0095,https://doi.org/10.1002/smll.202206611,0.98,1.0300327664628495
svm,0,train,R0096,https://doi.org/10.1002/adsu.202300510,0.95,1.0003804401043936
svm,0,train,R0097,https://doi.org/10.1002/adsu.202300510,1.2,1.199943579491124
svm,0,train,R0098,https://doi.org/10.1002/adsu.202300510,1.25,1.199943579491124
svm,0,train,R0099,https://doi.org/10.1021/acsami.2c19975,1.38,1.3401133408958055
svm,0,train,R0100,https://doi.org/10.1021/acscatal.2c02544,1.15,1.199943579491124
svm,0,train,R0101,https://doi.org/10.1021/acscatal.2c02544,1.15,1.199943579491124
svm,0,train,R0102,https://www.science.org/doi/10.1126/sciadv.abq6261,1.2,1.1504054593725843
svm,0,train,R0103,https://doi.org/10.1007/s12274-022-5330-2,1.2,1.1702750993717834
svm,0,train,R0104,https://doi.org/10.1007/s12274-022-5330-2,1.15,1.1154161366969317
svm,0,train,R0105,https://doi.org/10.1007/s12274-022-5330-2,1.1,1.1702750993717834
svm,0,train,R0106,https://doi.org/10.1007/s12274-022-5330-2,1.08,1.1154161366969317
svm,0,train,R0107,https://doi.org/10.1016/j.ensm.2023.102829,1.2,1.228726317622022
svm,0,train,R0108,https://doi.org/10.1016/j.cej.2022.138462,1.17,1.1700233214937366
svm,0,train,R0110,https://doi.org/10.1002/adma.202106436,1.2,1.1691541013191358
svm,0,train,R0111,https://doi.org/10.1016/j.apcatb.2022.122203,1.25,1.300474037565961
svm,0,train,R0112,https://doi.org/10.1021/acsnano.3c05782,1.12,1.1001761010034583
svm,0,train,R0113,https://doi.org/10.1039/d2ta03604e,0.85,0.9198532400421896
svm,0,train,R0114,https://doi.org/10.1016/j.compositesb.2022.109727,1.1,1.1504054593725843
svm,0,train,R0115,https://doi.org/10.1016/j.ensm.2022.05.029,1.14,1.1700233214937366
svm,0,train,R0116,https://doi.org/10.1016/j.cej.2023.143351,1.23,1.2041487243786106
svm,0,train,R0117,https://doi.org/10.1002/adfm.202209876,1.18,1.2296379010077223
svm,0,train,R0118,https://doi.org/10.1002/smll.202106707,1.42,1.3701274362331466
svm,0,train,R0119,https://doi.org/10.1021/acsaem.3c02592,0.98,1.0999278742887202
svm,0,train,R0120,https://doi.org/10.1002/aenm.202204057,1.3,1.250161613297547
svm,0,train,R0121,https://doi.org/10.1002/aenm.202204057,1.4,1.421090016701971
svm,0,train,R0122,https://doi.org/10.1002/aenm.202204057,1.5,1.4501958940193127
svm,0,train,R0123,https://doi.org/10.1021/acs.nanolett.3c03025,1.1,1.1702750993717834
svm,0,train,R0124,https://doi.org/10.1021/acs.nanolett.3c03025,1.15,1.1702750993717834
svm,0,train,R0125,https://sioc-journal.cn/Jwk_hxxb/EN/10.6023/A22050206,1.08,1.1154161366969317
svm,0,train,R0126,https://doi.org/10.1016/j.jcis.2026.140244,1.04,0.994691241399548
svm,0,train,R0127,https://doi.org/10.1016/j.jechem.2026.01.056,1.25,1.2613882270618377
svm,0,train,R0128,https://doi.org/10.1002/smll.202512953,1.25,1.2999059346476443
svm,0,train,R0129,https://doi.org/10.1002/smll.202512953,1.39,1.3998974079521134
svm,0,train,R0130,https://doi.org/10.1002/smll.202512953,1.45,1.3998974079521134
svm,0,train,R0131,https://doi.org/10.1002/advs.202522315,1.0,1.0300327664628495
svm,0,train,R0132,https://doi.org/10.1016/j.electacta.2025.147671,1.15,1.1001761010034583
svm,0,train,R0133,https://doi.org/10.1021/acsaem.5c03033,1.25,1.1998487605596324
svm,0,train,R0136,https://doi.org/10.1088/2631-6331/ae1925,1.3,1.3500697039633331
svm,0,train,R0137,https://doi.org/10.1002/anie.202521423,1.2,1.2200878825551749
svm,0,train,R0138,https://doi.org/10.1080/1536383X.2025.2583369,1.3,1.2497513351392537
svm,0,train,R0139,https://doi.org/10.1002/anie.202520097,1.2,1.1702750993717834
svm,0,train,R0144,https://doi.org/10.1002/aoc.70327,1.41,1.3500697039633331
svm,0,train,R0145,https://doi.org/10.1021/acs.langmuir.5c02644,1.1,1.1499181934290934
svm,0,train,R0147,https://doi.org/10.1016/j.jcis.2025.138454,0.89,1.0000790243881197
svm,0,train,R0149,https://doi.org/10.1002/anie.202509132,0.94,0.9198532400421896
svm,0,train,R0150,https://doi.org/10.1016/j.jpowsour.2025.237653,1.15,1.0999278742887202
svm,0,train,R0153,https://doi.org/10.1016/j.carbon.2025.120482,1.25,1.2200878825551749
svm,0,train,R0154,https://doi.org/10.1093/nsr/nwaf145,1.24,1.1702750993717834
svm,0,train,R0159,https://doi.org/10.1016/j.cej.2025.162420,0.86,0.9097662974982503
svm,0,train,R0160,https://doi.org/10.1039/d5nr00300h,0.77,0.9198532400421896
svm,0,train,R0161,https://doi.org/10.1039/d5nr00300h,1.29,1.3500697039633331
svm,0,train,R0162,https://doi.org/10.1021/jacs.4c15230,1.1,1.1504054593725843
svm,0,train,R0163,https://doi.org/10.1002/celc.202400626,1.4,1.3500697039633331
svm,0,train,R0164,https://doi.org/10.1016/j.esci.2024.100310,1.08,1.0905252981699312
svm,0,train,R0165,https://doi.org/10.1016/j.esci.2024.100310,1.1,1.0905252981699312
svm,0,train,R0166,https://doi.org/10.1002/smll.202406516,1.2,1.1504054593725843
svm,0,train,R0170,https://doi.org/10.1002/aenm.202402925,1.4,1.3998974079521134
svm,0,train,R0171,https://doi.org/10.1002/aenm.202402925,1.28,1.349707412200602
svm,0,train,R0172,https://doi.org/10.1002/aenm.202402925,1.3,1.349707412200602
svm,0,train,R0174,https://doi.org/10.1002/smll.202406525,1.25,1.199943579491124
svm,0,train,R0175,https://doi.org/10.1016/j.jpowsour.2024.235394,0.95,0.9127933196792196
svm,0,train,R0176,https://doi.org/10.1016/j.jpowsour.2024.235394,1.0,1.0999278742887202
svm,0,train,R0177,https://doi.org/10.1002/cey2.587,1.35,1.300474037565961
svm,0,train,R0178,https://doi.org/10.1002/cey2.550,1.25,1.2000106291640233
svm,0,train,R0180,https://doi.org/10.1016/j.est.2024.112780,1.3,1.283183161290917
svm,0,train,R0181,https://doi.org/10.1016/j.est.2024.112780,1.45,1.400430427359128
svm,0,train,R0182,https://doi.org/10.1016/j.jcis.2024.06.137,1.25,1.2280325959572136
svm,0,train,R0183,https://doi.org/10.1016/j.jcis.2024.06.137,1.4,1.421090016701971
svm,0,train,R0184,https://doi.org/10.1016/j.jcis.2024.06.137,1.45,1.421090016701971
svm,0,train,R0185,https://doi.org/10.1002/adma.202404319,1.2,1.1498160368172923
svm,0,train,R0187,https://doi.org/10.1016/j.mtener.2024.101597,1.38,1.400430427359128
svm,0,train,R0189,https://doi.org/10.1016/j.ijoes.2024.100602,1.3,1.2200878825551749
svm,0,train,R0190,https://doi.org/10.1016/j.jechem.2024.01.076,1.3,1.2589986174953929
svm,0,train,R0191,https://doi.org/10.1016/j.jechem.2024.01.076,1.25,1.2589986174953929
svm,0,train,R0192,https://doi.org/10.1016/j.jechem.2024.01.076,1.25,1.2148641029944924
svm,0,train,R0193,https://doi.org/10.1002/aenm.202303766,0.95,0.9127933196792196
svm,0,train,R0196,https://doi.org/10.1016/j.mtcomm.2024.108243,0.84,0.9198532400421896
svm,0,train,R0197,https://doi.org/10.1016/j.jallcom.2024.173877,1.11,1.1504054593725843
svm,0,train,R0198,https://doi.org/10.1016/j.jpowsour.2024.234130,1.05,1.100264933717112
svm,0,train,R0199,https://doi.org/10.1016/j.jpowsour.2024.234130,1.17,1.2200878825551749
svm,0,train,R0200,https://doi.org/10.1021/jacs.3c12734,1.12,1.1589257264096464
svm,0,test,R0010,https://doi.org/10.1016/j.cej.2020.124294,1.35,1.4956745371296793
svm,0,test,R0011,https://doi.org/10.1016/j.cej.2020.124294,1.4,1.4956745371296793
svm,0,test,R0015,https://doi.org/10.1016/j.flatc.2020.100221,1.25,1.235643882310519
svm,0,test,R0028,https://doi.org/10.1039/d0ta09195b,1.05,1.1499181934290934
svm,0,test,R0029,https://doi.org/10.1039/d1ta00538c,1.3,1.2200878825551749
svm,0,test,R0030,https://doi.org/10.1039/d1ta04830a,1.05,1.092126202616517
svm,0,test,R0034,https://dx.doi.org/10.1021/acsnano.9b09646,1.45,1.421090016701971
svm,0,test,R0035,https://dx.doi.org/10.1021/acsami.0c02087,1.15,1.1154161366969317
svm,0,test,R0048,https://doi.org/10.1002/aenm.202103910,1.0,1.049790776869512
svm,0,test,R0051,https://doi.org/10.1016/j.ensm.2023.102874,1.21,1.087743681522814
svm,0,test,R0052,https://doi.org/10.1016/j.ensm.2023.102989,1.1,1.1154161366969317
svm,0,test,R0061,https://doi.org/10.1016/j.jelechem.2022.116810,1.15,1.1702750993717834
svm,0,test,R0067,https://doi.org/10.3390/nano12142386,1.2,1.1700233214937366
svm,0,test,R0068,https://doi.org/10.1021/acsami.2c19975,1.03,1.0790648782795351
svm,0,test,R0069,https://doi.org/10.1021/acsami.2c19975,1.38,1.3401133408958055
svm,0,test,R0092,https://doi.org/10.1016/j.carbon.2022.04.080,1.32,1.300474037565961
svm,0,test,R0109,https://doi.org/10.1002/smll.202302598,1.25,1.2589986174953929
svm,0,test,R0134,https://doi.org/10.1021/acsanm.5c04476,1.04,1.0999278742887202
svm,0,test,R0135,https://doi.org/10.1021/acsanm.5c04476,1.25,1.2589986174953929
svm,0,test,R0140,https://doi.org/10.1016/j.jcis.2025.139355,0.8,0.9198532400421896
svm,0,test,R0141,https://doi.org/10.1016/j.jcis.2025.139355,0.83,0.9198532400421896
svm,0,test,R0142,https://doi.org/10.1021/acsnano.5c10218,0.96,0.890184593415123
svm,0,test,R0143,https://doi.org/10.1021/acsnano.5c10218,1.18,1.1702750993717834
svm,0,test,R0146,https://doi.org/10.1016/j.electacta.2025.146925,1.1,1.1504054593725843
svm,0,test,R0148,https://doi.org/10.1038/s41598-025-11449-1,0.998,0.890184593415123
svm,0,test,R0151,https://doi.org/10.1021/acs.iecr.5c01518,1.18,1.2360133842882906
svm,0,test,R0152,https://doi.org/10.1021/acs.iecr.5c01518,1.25,1.2589986174953929
svm,0,test,R0155,https://doi.org/10.1016/j.jcis.2025.137782,1.36,1.3500697039633331
svm,0,test,R0156,https://doi.org/10.1016/j.cej.2025.162908,1.3,1.239950449394749
svm,0,test,R0157,https://doi.org/10.1016/j.cej.2025.162908,1.35,1.250161613297547
svm,0,test,R0158,https://doi.org/10.1016/j.cej.2025.162908,1.3,1.239950449394749
svm,0,test,R0167,https://doi.org/10.1002/anie.202418893,1.3,1.300474037565961
svm,0,test,R0168,https://doi.org/10.1016/j.electacta.2024.145384,1.01,1.0000790243881197
svm,0,test,R0169,https://doi.org/10.1007/s10008-024-06115-x,1.4,1.4499943471789911
svm,0,test,R0173,https://doi.org/10.1021/acs.energyfuels.4c04356,0.94,0.890184593415123
svm,0,test,R0179,https://doi.org/10.1039/d4sc03242j,1.1,1.1504054593725843
svm,0,test,R0186,https://doi.org/10.1002/adma.202405440,1.4,1.4499943471789911
svm,0,test,R0188,https://doi.org/10.1016/j.jcis.2024.05.144,1.2,1.3003864803115033
svm,0,test,R0194,https://doi.org/10.1002/smtd.202301728,1.22,1.1385048178134276
svm,0,test,R0195,https://doi.org/10.1002/smtd.202301728,1.32,1.1385048178134276
svm,1,train,R0001,https://doi.org/10.1016/j.electacta.2020.137645,1.3,1.2500783108389264
svm,1,train,R0002,https://doi.org/10.1016/j.electacta.2020.137645,1.5,1.4503114417735783
svm,1,train,R0003,https://doi.org/10.1016/j.apcatb.2019.118283,1.27,1.299829362654953
svm,1,train,R0004,https://doi.org/10.1016/j.ssi.2021.115773,1.1,1.1499498682448919
svm,1,train,R0005,https://doi.org/10.1016/j.ssi.2021.115773,1.4,1.3698882498165155
svm,1,train,R0006,https://doi.org/10.1016/j.jpowsour.2021.230374,1.24,1.1997898913557556
svm,1,train,R0007,https://doi.org/10.1016/j.jallcom.2019.152736,1.35,1.2500698835803057
svm,1,train,R0008,https://doi.org/10.1016/j.jallcom.2020.153803,1.25,1.200164620296334
svm,1,train,R0010,https://doi.org/10.1016/j.cej.2020.124294,1.35,1.4002969010376605
svm,1,train,R0011,https://doi.org/10.1016/j.cej.2020.124294,1.4,1.4002969010376605
svm,1,train,R0013,http://dx.doi.org/10.1016/j.jelechem.2020.114124,1.25,1.3001334734882928
svm,1,train,R0014,https://doi.org/10.1016/j.jechem.2020.07.053,0.98,1.0302551371797568
svm,1,train,R0015,https://doi.org/10.1016/j.flatc.2020.100221,1.25,1.2396357093417303
svm,1,train,R0017,https://doi.org/10.1016/j.jallcom.2020.154054,0.82,0.8802286795797363
svm,1,train,R0018,https://doi.org/10.1016/j.jpowsour.2020.228362,1.35,1.300308417205728
svm,1,train,R0019,https://doi.org/10.1016/j.jallcom.2020.157656,1.4,1.4499581516486162
svm,1,train,R0020,https://doi.org/10.1002/aenm.202100110,0.95,0.9997805247989151
svm,1,train,R0021,https://doi.org/10.1002/anie.202110116,1.4,1.350091505823066
svm,1,train,R0022,https://doi.org/10.1002/anie.202110116,1.3,1.350091505823066
svm,1,train,R0027,https://doi.org/10.1039/d0nr00866d,1.5,1.4499931230733767
svm,1,train,R0028,https://doi.org/10.1039/d0ta09195b,1.05,1.1000643753954091
svm,1,train,R0029,https://doi.org/10.1039/d1ta00538c,1.3,1.2197365052348395
svm,1,train,R0030,https://doi.org/10.1039/d1ta04830a,1.05,1.1004755552920842
svm,1,train,R0033,https://dx.doi.org/10.1021/acsaem.0c01691,1.35,1.3004411253832746
svm,1,train,R0034,https://dx.doi.org/10.1021/acsnano.9b09646,1.45,1.4186283738516512
svm,1,train,R0035,https://dx.doi.org/10.1021/acsami.0c02087,1.15,1.0995367572717039
svm,1,train,R0036,https://doi.org/10.1002/er.7342,1.21,1.1997898913557556
svm,1,train,R0037,https://doi.org/10.1002/er.6806,1.0,1.050374497941614
svm,1,train,R0038,https://doi.org/10.1021/acsami.1c08720,0.84,0.9480328565407921
svm,1,train,R0041,https://doi.org/10.1007/s40242-020-0077-3,1.15,1.1997898913557556
svm,1,train,R0042,https://doi.org/10.1002/smll.202105752,1.4,1.4499581516486162
svm,1,train,R0043,https://doi.org/10.1002/smll.202105752,1.25,1.264643745788737
svm,1,train,R0044,https://dx.doi.org/10.1021/acscatal.0c02608,1.35,1.3004411253832746
svm,1,train,R0045,https://doi.org/10.1021/acsaem.1c01572,1.1,1.0942186425764264
svm,1,train,R0046,https://doi.org/10.1021/acsaem.1c01572,1.3,1.350091505823066
svm,1,train,R0047,https://doi.org/10.1002/aenm.202200791,1.0,1.0499735739576006
svm,1,train,R0048,https://doi.org/10.1002/aenm.202103910,1.0,1.0499735739576006
svm,1,train,R0049,https://doi.org/10.1016/j.apcatb.2022.121844,0.92,0.9699725973617785
svm,1,train,R0050,https://doi.org/10.1002/aenm.202203660,1.33,1.3407944169799388
svm,1,train,R0051,https://doi.org/10.1016/j.ensm.2023.102874,1.21,1.1598921467078385
svm,1,train,R0052,https://doi.org/10.1016/j.ensm.2023.102989,1.1,1.0995367572717039
svm,1,train,R0053,https://doi.org/10.1016/j.ensm.2022.07.026,1.1,1.1338799939338875
svm,1,train,R0057,https://doi.org/10.1002/smll.202205532,1.08,0.9997805247989151
svm,1,train,R0058,https://doi.org/10.1016/j.electacta.2023.142096,0.99,1.0402419032298615
svm,1,train,R0059,https://doi.org/10.1016/j.electacta.2022.140147,1.11,1.1002317870897853
svm,1,train,R0060,https://doi.org/10.1021/acsami.1c22643,1.0,1.0345650268253073
svm,1,train,R0061,https://doi.org/10.1016/j.jelechem.2022.116810,1.15,1.1497117222727589
svm,1,train,R0062,https://doi.org/10.1002/slct.202200870,1.04,0.8802286795797363
svm,1,train,R0063,https://doi.org/10.1002/slct.202200870,1.1,1.0902191592443449
svm,1,train,R0064,https://doi.org/10.1002/slct.202200870,1.11,1.1002317870897853
svm,1,train,R0065,https://doi.org/10.1016/j.cej.2023.146775,1.0,1.0498921617386094
svm,1,train,R0066,https://www.pnas.org/lookup/suppl/doi:10.1073/pnas.2301439120/-/DCSupplemental.,1.11,1.1601430472654561
svm,1,train,R0067,https://doi.org/10.3390/nano12142386,1.2,1.1497587779171243
svm,1,train,R0068,https://doi.org/10.1021/acsami.2c19975,1.03,1.0795492877410673
svm,1,train,R0069,https://doi.org/10.1021/acsami.2c19975,1.38,1.338427893878285
svm,1,train,R0070,https://doi.org/10.1016/j.cej.2022.136852,1.06,0.8802286795797363
svm,1,train,R0071,https://doi.org/10.1039/d2ta07061h,1.34,1.3698882498165155
svm,1,train,R0072,https://doi.org/10.1016/j.ijhydene.2023.12.023,1.4,1.399893271662978
svm,1,train,R0073,https://doi.org/10.1016/j.jelechem.2022.116356,1.3,1.3407944169799388
svm,1,train,R0074,https://doi.org/10.1002/smll.202204836,1.25,1.2197365052348395
svm,1,train,R0075,https://doi.org/10.1002/smll.202204836,1.18,1.1002317870897853
svm,1,train,R0076,https://doi.org/10.1002/admi.202102110,0.98,0.9299989050410055
svm,1,train,R0077,https://doi.org/10.1002/admi.202102110,1.04,1.0902191592443449
svm,1,train,R0078,https://doi.org/10.1016/j.cej.2022.137684,1.29,1.338427893878285
svm,1,train,R0079,https://doi.org/10.1016/j.cej.2022.137684,1.41,1.350091505823066
svm,1,train,R0081,https://doi.org/10.1021/acs.jpcc.3c01042,1.2,1.1499498682448919
svm,1,train,R0082,https://doi.org/10.1021/acs.jpcc.3c01042,1.25,1.1499498682448919
svm,1,train,R0083,https://doi.org/10.1021/acs.jpcc.3c01042,1.25,1.1499498682448919
svm,1,train,R0084,https://doi.org/10.1021/acsami.3c01599,1.17,1.1997898913557556
svm,1,train,R0085,https://doi.org/10.1021/jacs.2c11676,1.05,1.0902191592443449
svm,1,train,R0091,https://doi.org/10.1039/d1qi01260f,1.23,1.1497117222727589
svm,1,train,R0092,https://doi.org/10.1016/j.carbon.2022.04.080,1.32,1.3407944169799388
svm,1,train,R0093,https://doi.org/10.1016/j.jallcom.2022.163703,1.09,1.047374278334802
svm,1,train,R0095,https://doi.org/10.1002/smll.202206611,0.98,1.0302551371797568
svm,1,train,R0096,https://doi.org/10.1002/adsu.202300510,0.95,0.9998313478511701
svm,1,train,R0097,https://doi.org/10.1002/adsu.202300510,1.2,1.1997898913557556
svm,1,train,R0098,https://doi.org/10.1002/adsu.202300510,1.25,1.1997898913557556
svm,1,train,R0099,https://doi.org/10.1021/acsami.2c19975,1.38,1.338427893878285
svm,1,train,R0100,https://doi.org/10.1021/acscatal.2c02544,1.15,1.1997898913557556
svm,1,train,R0101,https://doi.org/10.1021/acscatal.2c02544,1.15,1.1997898913557556
svm,1,train,R0102,https://www.science.org/doi/10.1126/sciadv.abq6261,1.2,1.1499498682448919
svm,1,train,R0103,https://doi.org/10.1007/s12274-022-5330-2,1.2,1.1497117222727589
svm,1,train,R0104,https://doi.org/10.1007/s12274-022-5330-2,1.15,1.0995367572717039
svm,1,train,R0105,https://doi.org/10.1007/s12274-022-5330-2,1.1,1.1497117222727589
svm,1,train,R0106,https://doi.org/10.1007/s12274-022-5330-2,1.08,1.0995367572717039
svm,1,train,R0107,https://doi.org/10.1016/j.ensm.2023.102829,1.2,1.25009972846335
svm,1,train,R0108,https://doi.org/10.1016/j.cej.2022.138462,1.17,1.1497587779171243
svm,1,train,R0109,https://doi.org/10.1002/smll.202302598,1.25,1.264643745788737
svm,1,train,R0110,https://doi.org/10.1002/adma.202106436,1.2,1.1910180253779776
svm,1,train,R0112,https://doi.org/10.1021/acsnano.3c05782,1.12,1.0826450369842178
svm,1,train,R0113,https://doi.org/10.1039/d2ta03604e,0.85,0.8802286795797363
svm,1,train,R0116,https://doi.org/10.1016/j.cej.2023.143351,1.23,1.2103314745495828
svm,1,train,R0117,https://doi.org/10.1002/adfm.202209876,1.18,1.229904315195483
svm,1,train,R0118,https://doi.org/10.1002/smll.202106707,1.42,1.3698882498165155
svm,1,train,R0119,https://doi.org/10.1021/acsaem.3c02592,0.98,1.1002317870897853
svm,1,train,R0120,https://doi.org/10.1002/aenm.202204057,1.3,1.299829362654953
svm,1,train,R0121,https://doi.org/10.1002/aenm.202204057,1.4,1.4186283738516512
svm,1,train,R0122,https://doi.org/10.1002/aenm.202204057,1.5,1.4499581516486162
svm,1,train,R0123,https://doi.org/10.1021/acs.nanolett.3c03025,1.1,1.1497117222727589
svm,1,train,R0124,https://doi.org/10.1021/acs.nanolett.3c03025,1.15,1.1497117222727589
svm,1,train,R0125,https://sioc-journal.cn/Jwk_hxxb/EN/10.6023/A22050206,1.08,1.0995367572717039
svm,1,train,R0127,https://doi.org/10.1016/j.jechem.2026.01.056,1.25,1.237989015024666
svm,1,train,R0128,https://doi.org/10.1002/smll.202512953,1.25,1.300308417205728
svm,1,train,R0129,https://doi.org/10.1002/smll.202512953,1.39,1.3999378737014183
svm,1,train,R0130,https://doi.org/10.1002/smll.202512953,1.45,1.3999378737014183
svm,1,train,R0131,https://doi.org/10.1002/advs.202522315,1.0,1.0302551371797568
svm,1,train,R0133,https://doi.org/10.1021/acsaem.5c03033,1.25,1.1998010902292842
svm,1,train,R0134,https://doi.org/10.1021/acsanm.5c04476,1.04,1.1002317870897853
svm,1,train,R0135,https://doi.org/10.1021/acsanm.5c04476,1.25,1.264643745788737
svm,1,train,R0138,https://doi.org/10.1080/1536383X.2025.2583369,1.3,1.2647958784898152
svm,1,train,R0140,https://doi.org/10.1016/j.jcis.2025.139355,0.8,0.8802286795797363
svm,1,train,R0141,https://doi.org/10.1016/j.jcis.2025.139355,0.83,0.8802286795797363
svm,1,train,R0142,https://doi.org/10.1021/acsnano.5c10218,0.96,0.9480328565407921
svm,1,train,R0143,https://doi.org/10.1021/acsnano.5c10218,1.18,1.1497117222727589
svm,1,train,R0145,https://doi.org/10.1021/acs.langmuir.5c02644,1.1,1.1000643753954091
svm,1,train,R0146,https://doi.org/10.1016/j.electacta.2025.146925,1.1,1.1499498682448919
svm,1,train,R0147,https://doi.org/10.1016/j.jcis.2025.138454,0.89,0.9997805247989151
svm,1,train,R0148,https://doi.org/10.1038/s41598-025-11449-1,0.998,0.9480328565407921
svm,1,train,R0149,https://doi.org/10.1002/anie.202509132,0.94,0.8802286795797363
svm,1,train,R0150,https://doi.org/10.1016/j.jpowsour.2025.237653,1.15,1.1002317870897853
svm,1,train,R0151,https://doi.org/10.1021/acs.iecr.5c01518,1.18,1.2297906710402182
svm,1,train,R0152,https://doi.org/10.1021/acs.iecr.5c01518,1.25,1.264643745788737
svm,1,train,R0153,https://doi.org/10.1016/j.carbon.2025.120482,1.25,1.2197365052348395
svm,1,train,R0155,https://doi.org/10.1016/j.jcis.2025.137782,1.36,1.3400827919119256
svm,1,train,R0156,https://doi.org/10.1016/j.cej.2025.162908,1.3,1.3012180095442083
svm,1,train,R0157,https://doi.org/10.1016/j.cej.2025.162908,1.35,1.299829362654953
svm,1,train,R0158,https://doi.org/10.1016/j.cej.2025.162908,1.3,1.3012180095442083
svm,1,train,R0159,https://doi.org/10.1016/j.cej.2025.162420,0.86,0.909910846673128
svm,1,train,R0160,https://doi.org/10.1039/d5nr00300h,0.77,0.8802286795797363
svm,1,train,R0161,https://doi.org/10.1039/d5nr00300h,1.29,1.3400827919119256
svm,1,train,R0162,https://doi.org/10.1021/jacs.4c15230,1.1,1.1499498682448919
svm,1,train,R0163,https://doi.org/10.1002/celc.202400626,1.4,1.3400827919119256
svm,1,train,R0164,https://doi.org/10.1016/j.esci.2024.100310,1.08,1.0902191592443449
svm,1,train,R0165,https://doi.org/10.1016/j.esci.2024.100310,1.1,1.0902191592443449
svm,1,train,R0166,https://doi.org/10.1002/smll.202406516,1.2,1.1499498682448919
svm,1,train,R0167,https://doi.org/10.1002/anie.202418893,1.3,1.3407944169799388
svm,1,train,R0168,https://doi.org/10.1016/j.electacta.2024.145384,1.01,0.9997805247989151
svm,1,train,R0169,https://doi.org/10.1007/s10008-024-06115-x,1.4,1.4503114417735783
svm,1,train,R0170,https://doi.org/10.1002/aenm.202402925,1.4,1.3999378737014183
svm,1,train,R0171,https://doi.org/10.1002/aenm.202402925,1.28,1.350091505823066
svm,1,train,R0172,https://doi.org/10.1002/aenm.202402925,1.3,1.350091505823066
svm,1,train,R0173,https://doi.org/10.1021/acs.energyfuels.4c04356,0.94,0.9480328565407921
svm,1,train,R0177,https://doi.org/10.1002/cey2.587,1.35,1.3407944169799388
svm,1,train,R0178,https://doi.org/10.1002/cey2.550,1.25,1.2000175450688562
svm,1,train,R0179,https://doi.org/10.1039/d4sc03242j,1.1,1.1499498682448919
svm,1,train,R0180,https://doi.org/10.1016/j.est.2024.112780,1.3,1.324326741209371
svm,1,train,R0181,https://doi.org/10.1016/j.est.2024.112780,1.45,1.399893271662978
svm,1,train,R0185,https://doi.org/10.1002/adma.202404319,1.2,1.1498638859271266
svm,1,train,R0186,https://doi.org/10.1002/adma.202405440,1.4,1.4503114417735783
svm,1,train,R0187,https://doi.org/10.1016/j.mtener.2024.101597,1.38,1.399893271662978
svm,1,train,R0188,https://doi.org/10.1016/j.jcis.2024.05.144,1.2,1.2500698835803057
svm,1,train,R0193,https://doi.org/10.1002/aenm.202303766,0.95,0.9811654396722419
svm,1,train,R0194,https://doi.org/10.1002/smtd.202301728,1.22,1.2697376815357693
svm,1,train,R0195,https://doi.org/10.1002/smtd.202301728,1.32,1.2697376815357693
svm,1,train,R0196,https://doi.org/10.1016/j.mtcomm.2024.108243,0.84,0.8802286795797363
svm,1,train,R0197,https://doi.org/10.1016/j.jallcom.2024.173877,1.11,1.1499498682448919
svm,1,train,R0198,https://doi.org/10.1016/j.jpowsour.2024.234130,1.05,1.1001351451170167
svm,1,train,R0199,https://doi.org/10.1016/j.jpowsour.2024.234130,1.17,1.2197365052348395
svm,1,train,R0200,https://doi.org/10.1021/jacs.3c12734,1.12,1.166832350480779
svm,1,test,R0009,https://doi.org/10.1016/j.jallcom.2020.158269,1.0,1.0927060610206043
svm,1,test,R0012,https://doi.org/10.1016/j.cej.2021.128403,0.97,0.8802286795797363
svm,1,test,R0016,https://doi.org/10.1016/j.jallcom.2020.157945,1.012,0.8802286795797363
svm,1,test,R0023,https://doi.org/10.1021/acs.jpcc.1c05456,1.15,1.1499498682448919
svm,1,test,R0024,https://doi.org/10.1021/acs.jpcc.1c05456,1.2,1.1499498682448919
svm,1,test,R0025,https://doi.org/10.1021/acs.jpcc.1c05456,1.15,1.1499498682448919
svm,1,test,R0026,https://doi.org/10.1039/d0cc05980c,1.2,1.1497117222727589
svm,1,test,R0031,https://doi.org/10.1002/ente.201901257,1.15,1.1864049165470398
svm,1,test,R0032,https://doi.org/10.1002/ente.201901257,1.2,1.1864049165470398
svm,1,test,R0039,https://dx.doi.org/10.1021/acsami.9b21904,1.3,1.3004411253832746
svm,1,test,R0040,https://doi.org/10.1007/s11581-021-04046-5,0.9,0.8802286795797363
svm,1,test,R0054,https://doi.org/10.1016/S1872‐2067(23)64409‐2,1.1,1.0995367572717039
svm,1,test,R0055,https://doi.org/10.1016/S1872‐2067(23)64409‐2,1.15,1.0995367572717039
svm,1,test,R0056,https://doi.org/10.1016/j.jallcom.2023.170130,1.29,1.1997898913557556
svm,1,test,R0080,https://doi.org/10.1016/j.est.2023.107329,1.01,1.188211009769987
svm,1,test,R0086,https://doi.org/10.1016/j.est.2023.109342,1.35,1.399893271662978
svm,1,test,R0087,https://doi.org/10.1016/j.est.2023.109342,1.5,1.399893271662978
svm,1,test,R0088,https://doi.org/10.1016/j.est.2023.109342,1.4,1.399893271662978
svm,1,test,R0089,https://doi.org/10.1016/j.jcis.2022.12.148,1.28,1.3407944169799388
svm,1,test,R0090,https://doi.org/10.1016/j.cej.2022.139524,1.22,1.1497587779171243
svm,1,test,R0094,https://doi.org/10.1016/j.electacta.2022.140894,1.05,1.1499498682448919
svm,1,test,R0111,https://doi.org/10.1016/j.apcatb.2022.122203,1.25,1.3407944169799388
svm,1,test,R0114,https://doi.org/10.1016/j.compositesb.2022.109727,1.1,1.1499498682448919
svm,1,test,R0115,https://doi.org/10.1016/j.ensm.2022.05.029,1.14,1.1497587779171243
svm,1,test,R0126,https://doi.org/10.1016/j.jcis.2026.140244,1.04,1.0345650268253073
svm,1,test,R0132,https://doi.org/10.1016/j.electacta.2025.147671,1.15,1.0826450369842178
svm,1,test,R0136,https://doi.org/10.1088/2631-6331/ae1925,1.3,1.3400827919119256
svm,1,test,R0137,https://doi.org/10.1002/anie.202521423,1.2,1.2197365052348395
svm,1,test,R0139,https://doi.org/10.1002/anie.202520097,1.2,1.1497117222727589
svm,1,test,R0144,https://doi.org/10.1002/aoc.70327,1.41,1.3400827919119256
svm,1,test,R0154,https://doi.org/10.1093/nsr/nwaf145,1.24,1.1497117222727589
svm,1,test,R0174,https://doi.org/10.1002/smll.202406525,1.25,1.1997898913557556
svm,1,test,R0175,https://doi.org/10.1016/j.jpowsour.2024.235394,0.95,0.9811654396722419
svm,1,test,R0176,https://doi.org/10.1016/j.jpowsour.2024.235394,1.0,1.1002317870897853
svm,1,test,R0182,https://doi.org/10.1016/j.jcis.2024.06.137,1.25,1.2479955121686954
svm,1,test,R0183,https://doi.org/10.1016/j.jcis.2024.06.137,1.4,1.4186283738516512
svm,1,test,R0184,https://doi.org/10.1016/j.jcis.2024.06.137,1.45,1.4186283738516512
svm,1,test,R0189,https://doi.org/10.1016/j.ijoes.2024.100602,1.3,1.2197365052348395
svm,1,test,R0190,https://doi.org/10.1016/j.jechem.2024.01.076,1.3,1.264643745788737
svm,1,test,R0191,https://doi.org/10.1016/j.jechem.2024.01.076,1.25,1.264643745788737
svm,1,test,R0192,https://doi.org/10.1016/j.jechem.2024.01.076,1.25,1.1608497913835487
svm,2,train,R0003,https://doi.org/10.1016/j.apcatb.2019.118283,1.27,1.2997870054699798
svm,2,train,R0007,https://doi.org/10.1016/j.jallcom.2019.152736,1.35,1.249967723783208
svm,2,train,R0008,https://doi.org/10.1016/j.jallcom.2020.153803,1.25,1.2003987907992268
svm,2,train,R0009,https://doi.org/10.1016/j.jallcom.2020.158269,1.0,1.0499887015225662
svm,2,train,R0010,https://doi.org/10.1016/j.cej.2020.124294,1.35,1.3999124890944716
svm,2,train,R0011,https://doi.org/10.1016/j.cej.2020.124294,1.4,1.3999124890944716
svm,2,train,R0012,https://doi.org/10.1016/j.cej.2021.128403,0.97,0.8898541850325135
svm,2,train,R0013,http://dx.doi.org/10.1016/j.jelechem.2020.114124,1.25,1.29993289644438
svm,2,train,R0014,https://doi.org/10.1016/j.jechem.2020.07.053,0.98,1.0299225304214785
svm,2,train,R0015,https://doi.org/10.1016/j.flatc.2020.100221,1.25,1.2635766288416348
svm,2,train,R0016,https://doi.org/10.1016/j.jallcom.2020.157945,1.012,0.8898541850325135
svm,2,train,R0017,https://doi.org/10.1016/j.jallcom.2020.154054,0.82,0.8898541850325135
svm,2,train,R0019,https://doi.org/10.1016/j.jallcom.2020.157656,1.4,1.4123665967020576
svm,2,train,R0020,https://doi.org/10.1002/aenm.202100110,0.95,0.99977254548614
svm,2,train,R0023,https://doi.org/10.1021/acs.jpcc.1c05456,1.15,1.1503663415809078
svm,2,train,R0024,https://doi.org/10.1021/acs.jpcc.1c05456,1.2,1.1503663415809078
svm,2,train,R0025,https://doi.org/10.1021/acs.jpcc.1c05456,1.15,1.1503663415809078
svm,2,train,R0026,https://doi.org/10.1039/d0cc05980c,1.2,1.1500304412621425
svm,2,train,R0027,https://doi.org/10.1039/d0nr00866d,1.5,1.450033961541266
svm,2,train,R0028,https://doi.org/10.1039/d0ta09195b,1.05,1.1004775434908627
svm,2,train,R0029,https://doi.org/10.1039/d1ta00538c,1.3,1.2501836406004168
svm,2,train,R0030,https://doi.org/10.1039/d1ta04830a,1.05,1.0995849236074962
svm,2,train,R0031,https://doi.org/10.1002/ente.201901257,1.15,1.1498503848613697
svm,2,train,R0032,https://doi.org/10.1002/ente.201901257,1.2,1.1498503848613697
svm,2,train,R0033,https://dx.doi.org/10.1021/acsaem.0c01691,1.35,1.299796022200928
svm,2,train,R0034,https://dx.doi.org/10.1021/acsnano.9b09646,1.45,1.4002887739313108
svm,2,train,R0035,https://dx.doi.org/10.1021/acsami.0c02087,1.15,1.10008792402841
svm,2,train,R0036,https://doi.org/10.1002/er.7342,1.21,1.2001571169474892
svm,2,train,R0038,https://doi.org/10.1021/acsami.1c08720,0.84,0.9479464805069833
svm,2,train,R0039,https://dx.doi.org/10.1021/acsami.9b21904,1.3,1.299796022200928
svm,2,train,R0040,https://doi.org/10.1007/s11581-021-04046-5,0.9,0.8898541850325135
svm,2,train,R0041,https://doi.org/10.1007/s40242-020-0077-3,1.15,1.2001571169474892
svm,2,train,R0042,https://doi.org/10.1002/smll.202105752,1.4,1.4123665967020576
svm,2,train,R0043,https://doi.org/10.1002/smll.202105752,1.25,1.3001622121722538
svm,2,train,R0047,https://doi.org/10.1002/aenm.202200791,1.0,1.049964257028067
svm,2,train,R0048,https://doi.org/10.1002/aenm.202103910,1.0,1.049964257028067
svm,2,train,R0049,https://doi.org/10.1016/j.apcatb.2022.121844,0.92,0.9698462078628289
svm,2,train,R0050,https://doi.org/10.1002/aenm.202203660,1.33,1.2998562148355364
svm,2,train,R0051,https://doi.org/10.1016/j.ensm.2023.102874,1.21,1.1599216618029868
svm,2,train,R0052,https://doi.org/10.1016/j.ensm.2023.102989,1.1,1.10008792402841
svm,2,train,R0054,https://doi.org/10.1016/S1872‐2067(23)64409‐2,1.1,1.10008792402841
svm,2,train,R0055,https://doi.org/10.1016/S1872‐2067(23)64409‐2,1.15,1.10008792402841
svm,2,train,R0056,https://doi.org/10.1016/j.jallcom.2023.170130,1.29,1.2001571169474892
svm,2,train,R0058,https://doi.org/10.1016/j.electacta.2023.142096,0.99,1.03965082189944
svm,2,train,R0059,https://doi.org/10.1016/j.electacta.2022.140147,1.11,1.0998897613929486
svm,2,train,R0060,https://doi.org/10.1021/acsami.1c22643,1.0,1.029746632657508
svm,2,train,R0061,https://doi.org/10.1016/j.jelechem.2022.116810,1.15,1.1500304412621425
svm,2,train,R0062,https://doi.org/10.1002/slct.202200870,1.04,0.8898541850325135
svm,2,train,R0063,https://doi.org/10.1002/slct.202200870,1.1,1.0902337104635949
svm,2,train,R0064,https://doi.org/10.1002/slct.202200870,1.11,1.0998897613929486
svm,2,train,R0065,https://doi.org/10.1016/j.cej.2023.146775,1.0,1.05027108634718
svm,2,train,R0066,https://www.pnas.org/lookup/suppl/doi:10.1073/pnas.2301439120/-/DCSupplemental.,1.11,1.1604470229964232
svm,2,train,R0067,https://doi.org/10.3390/nano12142386,1.2,1.169914131740997
svm,2,train,R0068,https://doi.org/10.1021/acsami.2c19975,1.03,1.0597590792198428
svm,2,train,R0069,https://doi.org/10.1021/acsami.2c19975,1.38,1.3348975847638245
svm,2,train,R0071,https://doi.org/10.1039/d2ta07061h,1.34,1.369835300882936
svm,2,train,R0072,https://doi.org/10.1016/j.ijhydene.2023.12.023,1.4,1.400299894710281
svm,2,train,R0074,https://doi.org/10.1002/smll.202204836,1.25,1.2501836406004168
svm,2,train,R0075,https://doi.org/10.1002/smll.202204836,1.18,1.0998897613929486
svm,2,train,R0076,https://doi.org/10.1002/admi.202102110,0.98,0.9303320049013427
svm,2,train,R0077,https://doi.org/10.1002/admi.202102110,1.04,1.0902337104635949
svm,2,train,R0080,https://doi.org/10.1016/j.est.2023.107329,1.01,1.0603206990087546
svm,2,train,R0081,https://doi.org/10.1021/acs.jpcc.3c01042,1.2,1.1503663415809078
svm,2,train,R0082,https://doi.org/10.1021/acs.jpcc.3c01042,1.25,1.1503663415809078
svm,2,train,R0083,https://doi.org/10.1021/acs.jpcc.3c01042,1.25,1.1503663415809078
svm,2,train,R0084,https://doi.org/10.1021/acsami.3c01599,1.17,1.2001571169474892
svm,2,train,R0085,https://doi.org/10.1021/jacs.2c11676,1.05,1.0902337104635949
svm,2,train,R0086,https://doi.org/10.1016/j.est.2023.109342,1.35,1.400299894710281
svm,2,train,R0087,https://doi.org/10.1016/j.est.2023.109342,1.5,1.400299894710281
svm,2,train,R0088,https://doi.org/10.1016/j.est.2023.109342,1.4,1.400299894710281
svm,2,train,R0089,https://doi.org/10.1016/j.jcis.2022.12.148,1.28,1.2998562148355364
svm,2,train,R0090,https://doi.org/10.1016/j.cej.2022.139524,1.22,1.169914131740997
svm,2,train,R0091,https://doi.org/10.1039/d1qi01260f,1.23,1.1500304412621425
svm,2,train,R0092,https://doi.org/10.1016/j.carbon.2022.04.080,1.32,1.2998562148355364
svm,2,train,R0094,https://doi.org/10.1016/j.electacta.2022.140894,1.05,1.1503663415809078
svm,2,train,R0095,https://doi.org/10.1002/smll.202206611,0.98,1.0299225304214785
svm,2,train,R0096,https://doi.org/10.1002/adsu.202300510,0.95,1.0002262768749
svm,2,train,R0097,https://doi.org/10.1002/adsu.202300510,1.2,1.2001571169474892
svm,2,train,R0098,https://doi.org/10.1002/adsu.202300510,1.25,1.2001571169474892
svm,2,train,R0100,https://doi.org/10.1021/acscatal.2c02544,1.15,1.2001571169474892
svm,2,train,R0101,https://doi.org/10.1021/acscatal.2c02544,1.15,1.2001571169474892
svm,2,train,R0102,https://www.science.org/doi/10.1126/sciadv.abq6261,1.2,1.1503663415809078
svm,2,train,R0103,https://doi.org/10.1007/s12274-022-5330-2,1.2,1.1500304412621425
svm,2,train,R0104,https://doi.org/10.1007/s12274-022-5330-2,1.15,1.10008792402841
svm,2,train,R0105,https://doi.org/10.1007/s12274-022-5330-2,1.1,1.1500304412621425
svm,2,train,R0106,https://doi.org/10.1007/s12274-022-5330-2,1.08,1.10008792402841
svm,2,train,R0107,https://doi.org/10.1016/j.ensm.2023.102829,1.2,1.2090334437676007
svm,2,train,R0109,https://doi.org/10.1002/smll.202302598,1.25,1.3001622121722538
svm,2,train,R0110,https://doi.org/10.1002/adma.202106436,1.2,1.1694950491103764
svm,2,train,R0111,https://doi.org/10.1016/j.apcatb.2022.122203,1.25,1.2998562148355364
svm,2,train,R0114,https://doi.org/10.1016/j.compositesb.2022.109727,1.1,1.1503663415809078
svm,2,train,R0115,https://doi.org/10.1016/j.ensm.2022.05.029,1.14,1.169914131740997
svm,2,train,R0118,https://doi.org/10.1002/smll.202106707,1.42,1.369835300882936
svm,2,train,R0123,https://doi.org/10.1021/acs.nanolett.3c03025,1.1,1.1500304412621425
svm,2,train,R0124,https://doi.org/10.1021/acs.nanolett.3c03025,1.15,1.1500304412621425
svm,2,train,R0126,https://doi.org/10.1016/j.jcis.2026.140244,1.04,1.029746632657508
svm,2,train,R0127,https://doi.org/10.1016/j.jechem.2026.01.056,1.25,1.2292967515972162
svm,2,train,R0128,https://doi.org/10.1002/smll.202512953,1.25,1.2998652305530873
svm,2,train,R0129,https://doi.org/10.1002/smll.202512953,1.39,1.3995214982901447
svm,2,train,R0130,https://doi.org/10.1002/smll.202512953,1.45,1.3995214982901447
svm,2,train,R0132,https://doi.org/10.1016/j.electacta.2025.147671,1.15,1.0995853252789556
svm,2,train,R0134,https://doi.org/10.1021/acsanm.5c04476,1.04,1.0998897613929486
svm,2,train,R0135,https://doi.org/10.1021/acsanm.5c04476,1.25,1.3001622121722538
svm,2,train,R0136,https://doi.org/10.1088/2631-6331/ae1925,1.3,1.3495431699799005
svm,2,train,R0137,https://doi.org/10.1002/anie.202521423,1.2,1.2501836406004168
svm,2,train,R0139,https://doi.org/10.1002/anie.202520097,1.2,1.1500304412621425
svm,2,train,R0140,https://doi.org/10.1016/j.jcis.2025.139355,0.8,0.8898541850325135
svm,2,train,R0141,https://doi.org/10.1016/j.jcis.2025.139355,0.83,0.8898541850325135
svm,2,train,R0142,https://doi.org/10.1021/acsnano.5c10218,0.96,0.9479464805069833
svm,2,train,R0143,https://doi.org/10.1021/acsnano.5c10218,1.18,1.1500304412621425
svm,2,train,R0144,https://doi.org/10.1002/aoc.70327,1.41,1.3495431699799005
svm,2,train,R0145,https://doi.org/10.1021/acs.langmuir.5c02644,1.1,1.1004775434908627
svm,2,train,R0146,https://doi.org/10.1016/j.electacta.2025.146925,1.1,1.1503663415809078
svm,2,train,R0148,https://doi.org/10.1038/s41598-025-11449-1,0.998,0.9479464805069833
svm,2,train,R0149,https://doi.org/10.1002/anie.202509132,0.94,0.8898541850325135
svm,2,train,R0150,https://doi.org/10.1016/j.jpowsour.2025.237653,1.15,1.0998897613929486
svm,2,train,R0151,https://doi.org/10.1021/acs.iecr.5c01518,1.18,1.2298865059615003
svm,2,train,R0152,https://doi.org/10.1021/acs.iecr.5c01518,1.25,1.3001622121722538
svm,2,train,R0154,https://doi.org/10.1093/nsr/nwaf145,1.24,1.1500304412621425
svm,2,train,R0155,https://doi.org/10.1016/j.jcis.2025.137782,1.36,1.3495431699799005
svm,2,train,R0156,https://doi.org/10.1016/j.cej.2025.162908,1.3,1.3155285970531736
svm,2,train,R0157,https://doi.org/10.1016/j.cej.2025.162908,1.35,1.2997870054699798
svm,2,train,R0158,https://doi.org/10.1016/j.cej.2025.162908,1.3,1.3155285970531736
svm,2,train,R0159,https://doi.org/10.1016/j.cej.2025.162420,0.86,0.9102256626467253
svm,2,train,R0160,https://doi.org/10.1039/d5nr00300h,0.77,0.8898541850325135
svm,2,train,R0161,https://doi.org/10.1039/d5nr00300h,1.29,1.3495431699799005
svm,2,train,R0162,https://doi.org/10.1021/jacs.4c15230,1.1,1.1503663415809078
svm,2,train,R0163,https://doi.org/10.1002/celc.202400626,1.4,1.3495431699799005
svm,2,train,R0164,https://doi.org/10.1016/j.esci.2024.100310,1.08,1.0902337104635949
svm,2,train,R0165,https://doi.org/10.1016/j.esci.2024.100310,1.1,1.0902337104635949
svm,2,train,R0166,https://doi.org/10.1002/smll.202406516,1.2,1.1503663415809078
svm,2,train,R0167,https://doi.org/10.1002/anie.202418893,1.3,1.2998562148355364
svm,2,train,R0168,https://doi.org/10.1016/j.electacta.2024.145384,1.01,0.99977254548614
svm,2,train,R0169,https://doi.org/10.1007/s10008-024-06115-x,1.4,1.3498284593008933
svm,2,train,R0170,https://doi.org/10.1002/aenm.202402925,1.4,1.3995214982901447
svm,2,train,R0171,https://doi.org/10.1002/aenm.202402925,1.28,1.2500070927080826
svm,2,train,R0172,https://doi.org/10.1002/aenm.202402925,1.3,1.2500070927080826
svm,2,train,R0173,https://doi.org/10.1021/acs.energyfuels.4c04356,0.94,0.9479464805069833
svm,2,train,R0174,https://doi.org/10.1002/smll.202406525,1.25,1.2001571169474892
svm,2,train,R0175,https://doi.org/10.1016/j.jpowsour.2024.235394,0.95,0.9754055003617692
svm,2,train,R0176,https://doi.org/10.1016/j.jpowsour.2024.235394,1.0,1.0998897613929486
svm,2,train,R0177,https://doi.org/10.1002/cey2.587,1.35,1.2998562148355364
svm,2,train,R0178,https://doi.org/10.1002/cey2.550,1.25,1.200186898794429
svm,2,train,R0179,https://doi.org/10.1039/d4sc03242j,1.1,1.1503663415809078
svm,2,train,R0180,https://doi.org/10.1016/j.est.2024.112780,1.3,1.3180926181970443
svm,2,train,R0181,https://doi.org/10.1016/j.est.2024.112780,1.45,1.400299894710281
svm,2,train,R0182,https://doi.org/10.1016/j.jcis.2024.06.137,1.25,1.2599821321326679
svm,2,train,R0183,https://doi.org/10.1016/j.jcis.2024.06.137,1.4,1.4002887739313108
svm,2,train,R0184,https://doi.org/10.1016/j.jcis.2024.06.137,1.45,1.4002887739313108
svm,2,train,R0186,https://doi.org/10.1002/adma.202405440,1.4,1.3498284593008933
svm,2,train,R0187,https://doi.org/10.1016/j.mtener.2024.101597,1.38,1.400299894710281
svm,2,train,R0188,https://doi.org/10.1016/j.jcis.2024.05.144,1.2,1.249967723783208
svm,2,train,R0189,https://doi.org/10.1016/j.ijoes.2024.100602,1.3,1.2501836406004168
svm,2,train,R0190,https://doi.org/10.1016/j.jechem.2024.01.076,1.3,1.3001622121722538
svm,2,train,R0191,https://doi.org/10.1016/j.jechem.2024.01.076,1.25,1.3001622121722538
svm,2,train,R0192,https://doi.org/10.1016/j.jechem.2024.01.076,1.25,1.204473370606975
svm,2,train,R0194,https://doi.org/10.1002/smtd.202301728,1.22,1.2701814172232015
svm,2,train,R0195,https://doi.org/10.1002/smtd.202301728,1.32,1.2701814172232015
svm,2,train,R0196,https://doi.org/10.1016/j.mtcomm.2024.108243,0.84,0.8898541850325135
svm,2,train,R0197,https://doi.org/10.1016/j.jallcom.2024.173877,1.11,1.1503663415809078
svm,2,train,R0198,https://doi.org/10.1016/j.jpowsour.2024.234130,1.05,1.099922529713382
svm,2,train,R0199,https://doi.org/10.1016/j.jpowsour.2024.234130,1.17,1.2501836406004168
svm,2,train,R0200,https://doi.org/10.1021/jacs.3c12734,1.12,1.1577655082864298
svm,2,test,R0001,https://doi.org/10.1016/j.electacta.2020.137645,1.3,1.1813772092568566
svm,2,test,R0002,https://doi.org/10.1016/j.electacta.2020.137645,1.5,1.3498284593008933
svm,2,test,R0004,https://doi.org/10.1016/j.ssi.2021.115773,1.1,1.1503663415809078
svm,2,test,R0005,https://doi.org/10.1016/j.ssi.2021.115773,1.4,1.369835300882936
svm,2,test,R0006,https://doi.org/10.1016/j.jpowsour.2021.230374,1.24,1.2001571169474892
svm,2,test,R0018,https://doi.org/10.1016/j.jpowsour.2020.228362,1.35,1.2998652305530873
svm,2,test,R0021,https://doi.org/10.1002/anie.202110116,1.4,1.2500070927080826
svm,2,test,R0022,https://doi.org/10.1002/anie.202110116,1.3,1.2500070927080826
svm,2,test,R0037,https://doi.org/10.1002/er.6806,1.0,1.1220377055037654
svm,2,test,R0044,https://dx.doi.org/10.1021/acscatal.0c02608,1.35,1.299796022200928
svm,2,test,R0045,https://doi.org/10.1021/acsaem.1c01572,1.1,1.1185226564572661
svm,2,test,R0046,https://doi.org/10.1021/acsaem.1c01572,1.3,1.2500070927080826
svm,2,test,R0053,https://doi.org/10.1016/j.ensm.2022.07.026,1.1,1.119360752196044
svm,2,test,R0057,https://doi.org/10.1002/smll.202205532,1.08,0.99977254548614
svm,2,test,R0070,https://doi.org/10.1016/j.cej.2022.136852,1.06,0.8898541850325135
svm,2,test,R0073,https://doi.org/10.1016/j.jelechem.2022.116356,1.3,1.2998562148355364
svm,2,test,R0078,https://doi.org/10.1016/j.cej.2022.137684,1.29,1.3348975847638245
svm,2,test,R0079,https://doi.org/10.1016/j.cej.2022.137684,1.41,1.2500070927080826
svm,2,test,R0093,https://doi.org/10.1016/j.jallcom.2022.163703,1.09,1.0324416286239115
svm,2,test,R0099,https://doi.org/10.1021/acsami.2c19975,1.38,1.3348975847638245
svm,2,test,R0108,https://doi.org/10.1016/j.cej.2022.138462,1.17,1.169914131740997
svm,2,test,R0112,https://doi.org/10.1021/acsnano.3c05782,1.12,1.0995853252789556
svm,2,test,R0113,https://doi.org/10.1039/d2ta03604e,0.85,0.8898541850325135
svm,2,test,R0116,https://doi.org/10.1016/j.cej.2023.143351,1.23,1.1775318819440017
svm,2,test,R0117,https://doi.org/10.1002/adfm.202209876,1.18,1.3195978673358715
svm,2,test,R0119,https://doi.org/10.1021/acsaem.3c02592,0.98,1.0998897613929486
svm,2,test,R0120,https://doi.org/10.1002/aenm.202204057,1.3,1.2997870054699798
svm,2,test,R0121,https://doi.org/10.1002/aenm.202204057,1.4,1.4002887739313108
svm,2,test,R0122,https://doi.org/10.1002/aenm.202204057,1.5,1.4123665967020576
svm,2,test,R0125,https://sioc-journal.cn/Jwk_hxxb/EN/10.6023/A22050206,1.08,1.10008792402841
svm,2,test,R0131,https://doi.org/10.1002/advs.202522315,1.0,1.0299225304214785
svm,2,test,R0133,https://doi.org/10.1021/acsaem.5c03033,1.25,1.1139585434551995
svm,2,test,R0138,https://doi.org/10.1080/1536383X.2025.2583369,1.3,1.2378779501129373
svm,2,test,R0147,https://doi.org/10.1016/j.jcis.2025.138454,0.89,0.99977254548614
svm,2,test,R0153,https://doi.org/10.1016/j.carbon.2025.120482,1.25,1.2501836406004168
svm,2,test,R0185,https://doi.org/10.1002/adma.202404319,1.2,0.8970582478479732
svm,2,test,R0193,https://doi.org/10.1002/aenm.202303766,0.95,0.9754055003617692
svm,3,train,R0001,https://doi.org/10.1016/j.electacta.2020.137645,1.3,1.2503458043836377
svm,3,train,R0002,https://doi.org/10.1016/j.electacta.2020.137645,1.5,1.4500089213329213
svm,3,train,R0003,https://doi.org/10.1016/j.apcatb.2019.118283,1.27,1.3004213285355886
svm,3,train,R0004,https://doi.org/10.1016/j.ssi.2021.115773,1.1,1.1497276731848505
svm,3,train,R0005,https://doi.org/10.1016/j.ssi.2021.115773,1.4,1.370182147632385
svm,3,train,R0006,https://doi.org/10.1016/j.jpowsour.2021.230374,1.24,1.240754929421783
svm,3,train,R0009,https://doi.org/10.1016/j.jallcom.2020.158269,1.0,1.0504001676349146
svm,3,train,R0010,https://doi.org/10.1016/j.cej.2020.124294,1.35,1.400121657580419
svm,3,train,R0011,https://doi.org/10.1016/j.cej.2020.124294,1.4,1.400121657580419
svm,3,train,R0012,https://doi.org/10.1016/j.cej.2021.128403,0.97,0.919727017159406
svm,3,train,R0013,http://dx.doi.org/10.1016/j.jelechem.2020.114124,1.25,1.2964990491358777
svm,3,train,R0014,https://doi.org/10.1016/j.jechem.2020.07.053,0.98,1.0300902052438414
svm,3,train,R0015,https://doi.org/10.1016/j.flatc.2020.100221,1.25,1.224630101778772
svm,3,train,R0016,https://doi.org/10.1016/j.jallcom.2020.157945,1.012,0.919727017159406
svm,3,train,R0018,https://doi.org/10.1016/j.jpowsour.2020.228362,1.35,1.3093133497785523
svm,3,train,R0021,https://doi.org/10.1002/anie.202110116,1.4,1.3503469233836731
svm,3,train,R0022,https://doi.org/10.1002/anie.202110116,1.3,1.3503469233836731
svm,3,train,R0023,https://doi.org/10.1021/acs.jpcc.1c05456,1.15,1.1497276731848505
svm,3,train,R0024,https://doi.org/10.1021/acs.jpcc.1c05456,1.2,1.1497276731848505
svm,3,train,R0025,https://doi.org/10.1021/acs.jpcc.1c05456,1.15,1.1497276731848505
svm,3,train,R0026,https://doi.org/10.1039/d0cc05980c,1.2,1.1496208396217682
svm,3,train,R0028,https://doi.org/10.1039/d0ta09195b,1.05,1.1003744645489018
svm,3,train,R0029,https://doi.org/10.1039/d1ta00538c,1.3,1.2497262909968059
svm,3,train,R0030,https://doi.org/10.1039/d1ta04830a,1.05,1.0997685522569438
svm,3,train,R0031,https://doi.org/10.1002/ente.201901257,1.15,1.1774821259861188
svm,3,train,R0032,https://doi.org/10.1002/ente.201901257,1.2,1.1774821259861188
svm,3,train,R0033,https://dx.doi.org/10.1021/acsaem.0c01691,1.35,1.2999760127022473
svm,3,train,R0034,https://dx.doi.org/10.1021/acsnano.9b09646,1.45,1.4150620662433449
svm,3,train,R0035,https://dx.doi.org/10.1021/acsami.0c02087,1.15,1.0998222791750687
svm,3,train,R0037,https://doi.org/10.1002/er.6806,1.0,1.0500699363427588
svm,3,train,R0039,https://dx.doi.org/10.1021/acsami.9b21904,1.3,1.2999760127022473
svm,3,train,R0040,https://doi.org/10.1007/s11581-021-04046-5,0.9,0.919727017159406
svm,3,train,R0042,https://doi.org/10.1002/smll.202105752,1.4,1.450010216597153
svm,3,train,R0043,https://doi.org/10.1002/smll.202105752,1.25,1.253895978661141
svm,3,train,R0044,https://dx.doi.org/10.1021/acscatal.0c02608,1.35,1.2999760127022473
svm,3,train,R0045,https://doi.org/10.1021/acsaem.1c01572,1.1,1.0947135664741188
svm,3,train,R0046,https://doi.org/10.1021/acsaem.1c01572,1.3,1.3503469233836731
svm,3,train,R0047,https://doi.org/10.1002/aenm.202200791,1.0,1.0501390516695712
svm,3,train,R0048,https://doi.org/10.1002/aenm.202103910,1.0,1.0501390516695712
svm,3,train,R0049,https://doi.org/10.1016/j.apcatb.2022.121844,0.92,0.9701837843751819
svm,3,train,R0051,https://doi.org/10.1016/j.ensm.2023.102874,1.21,1.1598942563874193
svm,3,train,R0052,https://doi.org/10.1016/j.ensm.2023.102989,1.1,1.0998222791750687
svm,3,train,R0053,https://doi.org/10.1016/j.ensm.2022.07.026,1.1,1.1499588216701213
svm,3,train,R0054,https://doi.org/10.1016/S1872‐2067(23)64409‐2,1.1,1.0998222791750687
svm,3,train,R0055,https://doi.org/10.1016/S1872‐2067(23)64409‐2,1.15,1.0998222791750687
svm,3,train,R0056,https://doi.org/10.1016/j.jallcom.2023.170130,1.29,1.240754929421783
svm,3,train,R0057,https://doi.org/10.1002/smll.202205532,1.08,1.0298523354050708
svm,3,train,R0058,https://doi.org/10.1016/j.electacta.2023.142096,0.99,1.0397368713150437
svm,3,train,R0059,https://doi.org/10.1016/j.electacta.2022.140147,1.11,1.0600878484047542
svm,3,train,R0061,https://doi.org/10.1016/j.jelechem.2022.116810,1.15,1.1496208396217682
svm,3,train,R0062,https://doi.org/10.1002/slct.202200870,1.04,0.919727017159406
svm,3,train,R0063,https://doi.org/10.1002/slct.202200870,1.1,1.090196247427775
svm,3,train,R0064,https://doi.org/10.1002/slct.202200870,1.11,1.0600878484047542
svm,3,train,R0065,https://doi.org/10.1016/j.cej.2023.146775,1.0,1.0501529519483916
svm,3,train,R0066,https://www.pnas.org/lookup/suppl/doi:10.1073/pnas.2301439120/-/DCSupplemental.,1.11,1.159832422707893
svm,3,train,R0067,https://doi.org/10.3390/nano12142386,1.2,1.1696075991797383
svm,3,train,R0068,https://doi.org/10.1021/acsami.2c19975,1.03,1.0627551467454956
svm,3,train,R0069,https://doi.org/10.1021/acsami.2c19975,1.38,1.329865848513921
svm,3,train,R0070,https://doi.org/10.1016/j.cej.2022.136852,1.06,0.919727017159406
svm,3,train,R0072,https://doi.org/10.1016/j.ijhydene.2023.12.023,1.4,1.3996559139452616
svm,3,train,R0073,https://doi.org/10.1016/j.jelechem.2022.116356,1.3,1.2998196663787485
svm,3,train,R0076,https://doi.org/10.1002/admi.202102110,0.98,0.9301444910365253
svm,3,train,R0077,https://doi.org/10.1002/admi.202102110,1.04,1.090196247427775
svm,3,train,R0078,https://doi.org/10.1016/j.cej.2022.137684,1.29,1.329865848513921
svm,3,train,R0079,https://doi.org/10.1016/j.cej.2022.137684,1.41,1.3503469233836731
svm,3,train,R0080,https://doi.org/10.1016/j.est.2023.107329,1.01,1.0601390511320024
svm,3,train,R0081,https://doi.org/10.1021/acs.jpcc.3c01042,1.2,1.1497276731848505
svm,3,train,R0082,https://doi.org/10.1021/acs.jpcc.3c01042,1.25,1.1497276731848505
svm,3,train,R0083,https://doi.org/10.1021/acs.jpcc.3c01042,1.25,1.1497276731848505
svm,3,train,R0085,https://doi.org/10.1021/jacs.2c11676,1.05,1.090196247427775
svm,3,train,R0086,https://doi.org/10.1016/j.est.2023.109342,1.35,1.3996559139452616
svm,3,train,R0087,https://doi.org/10.1016/j.est.2023.109342,1.5,1.3996559139452616
svm,3,train,R0088,https://doi.org/10.1016/j.est.2023.109342,1.4,1.3996559139452616
svm,3,train,R0089,https://doi.org/10.1016/j.jcis.2022.12.148,1.28,1.2998196663787485
svm,3,train,R0090,https://doi.org/10.1016/j.cej.2022.139524,1.22,1.1696075991797383
svm,3,train,R0092,https://doi.org/10.1016/j.carbon.2022.04.080,1.32,1.2998196663787485
svm,3,train,R0093,https://doi.org/10.1016/j.jallcom.2022.163703,1.09,1.039819851957005
svm,3,train,R0094,https://doi.org/10.1016/j.electacta.2022.140894,1.05,1.1497276731848505
svm,3,train,R0096,https://doi.org/10.1002/adsu.202300510,0.95,0.9997427585315599
svm,3,train,R0097,https://doi.org/10.1002/adsu.202300510,1.2,1.240754929421783
svm,3,train,R0098,https://doi.org/10.1002/adsu.202300510,1.25,1.240754929421783
svm,3,train,R0099,https://doi.org/10.1021/acsami.2c19975,1.38,1.329865848513921
svm,3,train,R0103,https://doi.org/10.1007/s12274-022-5330-2,1.2,1.1496208396217682
svm,3,train,R0104,https://doi.org/10.1007/s12274-022-5330-2,1.15,1.0998222791750687
svm,3,train,R0105,https://doi.org/10.1007/s12274-022-5330-2,1.1,1.1496208396217682
svm,3,train,R0106,https://doi.org/10.1007/s12274-022-5330-2,1.08,1.0998222791750687
svm,3,train,R0107,https://doi.org/10.1016/j.ensm.2023.102829,1.2,1.2496978005852604
svm,3,train,R0108,https://doi.org/10.1016/j.cej.2022.138462,1.17,1.1696075991797383
svm,3,train,R0109,https://doi.org/10.1002/smll.202302598,1.25,1.253895978661141
svm,3,train,R0110,https://doi.org/10.1002/adma.202106436,1.2,1.1762732791863757
svm,3,train,R0111,https://doi.org/10.1016/j.apcatb.2022.122203,1.25,1.2998196663787485
svm,3,train,R0112,https://doi.org/10.1021/acsnano.3c05782,1.12,1.1033002193456363
svm,3,train,R0113,https://doi.org/10.1039/d2ta03604e,0.85,0.919727017159406
svm,3,train,R0114,https://doi.org/10.1016/j.compositesb.2022.109727,1.1,1.1497276731848505
svm,3,train,R0115,https://doi.org/10.1016/j.ensm.2022.05.029,1.14,1.1696075991797383
svm,3,train,R0116,https://doi.org/10.1016/j.cej.2023.143351,1.23,1.202626582501104
svm,3,train,R0117,https://doi.org/10.1002/adfm.202209876,1.18,1.2298060694156245
svm,3,train,R0118,https://doi.org/10.1002/smll.202106707,1.42,1.370182147632385
svm,3,train,R0119,https://doi.org/10.1021/acsaem.3c02592,0.98,1.0600878484047542
svm,3,train,R0120,https://doi.org/10.1002/aenm.202204057,1.3,1.3004213285355886
svm,3,train,R0121,https://doi.org/10.1002/aenm.202204057,1.4,1.4150620662433449
svm,3,train,R0122,https://doi.org/10.1002/aenm.202204057,1.5,1.450010216597153
svm,3,train,R0125,https://sioc-journal.cn/Jwk_hxxb/EN/10.6023/A22050206,1.08,1.0998222791750687
svm,3,train,R0126,https://doi.org/10.1016/j.jcis.2026.140244,1.04,1.0306957498521796
svm,3,train,R0131,https://doi.org/10.1002/advs.202522315,1.0,1.0300902052438414
svm,3,train,R0132,https://doi.org/10.1016/j.electacta.2025.147671,1.15,1.1033002193456363
svm,3,train,R0133,https://doi.org/10.1021/acsaem.5c03033,1.25,1.199957601996241
svm,3,train,R0134,https://doi.org/10.1021/acsanm.5c04476,1.04,1.0600878484047542
svm,3,train,R0135,https://doi.org/10.1021/acsanm.5c04476,1.25,1.253895978661141
svm,3,train,R0136,https://doi.org/10.1088/2631-6331/ae1925,1.3,1.3499324633394738
svm,3,train,R0137,https://doi.org/10.1002/anie.202521423,1.2,1.2497262909968059
svm,3,train,R0138,https://doi.org/10.1080/1536383X.2025.2583369,1.3,1.261867813326282
svm,3,train,R0139,https://doi.org/10.1002/anie.202520097,1.2,1.1496208396217682
svm,3,train,R0140,https://doi.org/10.1016/j.jcis.2025.139355,0.8,0.919727017159406
svm,3,train,R0141,https://doi.org/10.1016/j.jcis.2025.139355,0.83,0.919727017159406
svm,3,train,R0142,https://doi.org/10.1021/acsnano.5c10218,0.96,0.9906051483193679
svm,3,train,R0143,https://doi.org/10.1021/acsnano.5c10218,1.18,1.1496208396217682
svm,3,train,R0144,https://doi.org/10.1002/aoc.70327,1.41,1.3499324633394738
svm,3,train,R0145,https://doi.org/10.1021/acs.langmuir.5c02644,1.1,1.1003744645489018
svm,3,train,R0146,https://doi.org/10.1016/j.electacta.2025.146925,1.1,1.1497276731848505
svm,3,train,R0147,https://doi.org/10.1016/j.jcis.2025.138454,0.89,1.0298523354050708
svm,3,train,R0148,https://doi.org/10.1038/s41598-025-11449-1,0.998,0.9906051483193679
svm,3,train,R0150,https://doi.org/10.1016/j.jpowsour.2025.237653,1.15,1.0600878484047542
svm,3,train,R0151,https://doi.org/10.1021/acs.iecr.5c01518,1.18,1.2299758714897289
svm,3,train,R0152,https://doi.org/10.1021/acs.iecr.5c01518,1.25,1.253895978661141
svm,3,train,R0153,https://doi.org/10.1016/j.carbon.2025.120482,1.25,1.2497262909968059
svm,3,train,R0154,https://doi.org/10.1093/nsr/nwaf145,1.24,1.1496208396217682
svm,3,train,R0155,https://doi.org/10.1016/j.jcis.2025.137782,1.36,1.3499324633394738
svm,3,train,R0156,https://doi.org/10.1016/j.cej.2025.162908,1.3,1.2903319463995344
svm,3,train,R0157,https://doi.org/10.1016/j.cej.2025.162908,1.35,1.3004213285355886
svm,3,train,R0158,https://doi.org/10.1016/j.cej.2025.162908,1.3,1.2903319463995344
svm,3,train,R0162,https://doi.org/10.1021/jacs.4c15230,1.1,1.1497276731848505
svm,3,train,R0164,https://doi.org/10.1016/j.esci.2024.100310,1.08,1.090196247427775
svm,3,train,R0165,https://doi.org/10.1016/j.esci.2024.100310,1.1,1.090196247427775
svm,3,train,R0166,https://doi.org/10.1002/smll.202406516,1.2,1.1497276731848505
svm,3,train,R0167,https://doi.org/10.1002/anie.202418893,1.3,1.2998196663787485
svm,3,train,R0168,https://doi.org/10.1016/j.electacta.2024.145384,1.01,1.0298523354050708
svm,3,train,R0169,https://doi.org/10.1007/s10008-024-06115-x,1.4,1.4500089213329213
svm,3,train,R0170,https://doi.org/10.1002/aenm.202402925,1.4,1.3496552848556391
svm,3,train,R0171,https://doi.org/10.1002/aenm.202402925,1.28,1.3503469233836731
svm,3,train,R0172,https://doi.org/10.1002/aenm.202402925,1.3,1.3503469233836731
svm,3,train,R0173,https://doi.org/10.1021/acs.energyfuels.4c04356,0.94,0.9906051483193679
svm,3,train,R0174,https://doi.org/10.1002/smll.202406525,1.25,1.240754929421783
svm,3,train,R0175,https://doi.org/10.1016/j.jpowsour.2024.235394,0.95,0.9967872326270049
svm,3,train,R0176,https://doi.org/10.1016/j.jpowsour.2024.235394,1.0,1.0600878484047542
svm,3,train,R0179,https://doi.org/10.1039/d4sc03242j,1.1,1.1497276731848505
svm,3,train,R0182,https://doi.org/10.1016/j.jcis.2024.06.137,1.25,1.2461115672196121
svm,3,train,R0183,https://doi.org/10.1016/j.jcis.2024.06.137,1.4,1.4150620662433449
svm,3,train,R0184,https://doi.org/10.1016/j.jcis.2024.06.137,1.45,1.4150620662433449
svm,3,train,R0185,https://doi.org/10.1002/adma.202404319,1.2,1.1503911597991578
svm,3,train,R0186,https://doi.org/10.1002/adma.202405440,1.4,1.4500089213329213
svm,3,train,R0188,https://doi.org/10.1016/j.jcis.2024.05.144,1.2,1.1645271413693337
svm,3,train,R0189,https://doi.org/10.1016/j.ijoes.2024.100602,1.3,1.2497262909968059
svm,3,train,R0190,https://doi.org/10.1016/j.jechem.2024.01.076,1.3,1.253895978661141
svm,3,train,R0191,https://doi.org/10.1016/j.jechem.2024.01.076,1.25,1.253895978661141
svm,3,train,R0192,https://doi.org/10.1016/j.jechem.2024.01.076,1.25,1.1997972721158399
svm,3,train,R0193,https://doi.org/10.1002/aenm.202303766,0.95,0.9967872326270049
svm,3,train,R0194,https://doi.org/10.1002/smtd.202301728,1.22,1.2700296044392105
svm,3,train,R0195,https://doi.org/10.1002/smtd.202301728,1.32,1.2700296044392105
svm,3,train,R0196,https://doi.org/10.1016/j.mtcomm.2024.108243,0.84,0.919727017159406
svm,3,train,R0198,https://doi.org/10.1016/j.jpowsour.2024.234130,1.05,1.1005621458208825
svm,3,train,R0199,https://doi.org/10.1016/j.jpowsour.2024.234130,1.17,1.2497262909968059
svm,3,train,R0200,https://doi.org/10.1021/jacs.3c12734,1.12,1.156790008603631
svm,3,test,R0007,https://doi.org/10.1016/j.jallcom.2019.152736,1.35,1.1645271413693337
svm,3,test,R0008,https://doi.org/10.1016/j.jallcom.2020.153803,1.25,1.1719069791617873
svm,3,test,R0017,https://doi.org/10.1016/j.jallcom.2020.154054,0.82,0.919727017159406
svm,3,test,R0019,https://doi.org/10.1016/j.jallcom.2020.157656,1.4,1.450010216597153
svm,3,test,R0020,https://doi.org/10.1002/aenm.202100110,0.95,1.0298523354050708
svm,3,test,R0027,https://doi.org/10.1039/d0nr00866d,1.5,1.2378298775305674
svm,3,test,R0036,https://doi.org/10.1002/er.7342,1.21,1.240754929421783
svm,3,test,R0038,https://doi.org/10.1021/acsami.1c08720,0.84,0.9906051483193679
svm,3,test,R0041,https://doi.org/10.1007/s40242-020-0077-3,1.15,1.240754929421783
svm,3,test,R0050,https://doi.org/10.1002/aenm.202203660,1.33,1.2998196663787485
svm,3,test,R0060,https://doi.org/10.1021/acsami.1c22643,1.0,1.0306957498521796
svm,3,test,R0071,https://doi.org/10.1039/d2ta07061h,1.34,1.370182147632385
svm,3,test,R0074,https://doi.org/10.1002/smll.202204836,1.25,1.2497262909968059
svm,3,test,R0075,https://doi.org/10.1002/smll.202204836,1.18,1.0600878484047542
svm,3,test,R0084,https://doi.org/10.1021/acsami.3c01599,1.17,1.240754929421783
svm,3,test,R0091,https://doi.org/10.1039/d1qi01260f,1.23,1.1496208396217682
svm,3,test,R0095,https://doi.org/10.1002/smll.202206611,0.98,1.0300902052438414
svm,3,test,R0100,https://doi.org/10.1021/acscatal.2c02544,1.15,1.240754929421783
svm,3,test,R0101,https://doi.org/10.1021/acscatal.2c02544,1.15,1.240754929421783
svm,3,test,R0102,https://www.science.org/doi/10.1126/sciadv.abq6261,1.2,1.1497276731848505
svm,3,test,R0123,https://doi.org/10.1021/acs.nanolett.3c03025,1.1,1.1496208396217682
svm,3,test,R0124,https://doi.org/10.1021/acs.nanolett.3c03025,1.15,1.1496208396217682
svm,3,test,R0127,https://doi.org/10.1016/j.jechem.2026.01.056,1.25,1.1868172991059338
svm,3,test,R0128,https://doi.org/10.1002/smll.202512953,1.25,1.3093133497785523
svm,3,test,R0129,https://doi.org/10.1002/smll.202512953,1.39,1.3496552848556391
svm,3,test,R0130,https://doi.org/10.1002/smll.202512953,1.45,1.3496552848556391
svm,3,test,R0149,https://doi.org/10.1002/anie.202509132,0.94,0.919727017159406
svm,3,test,R0159,https://doi.org/10.1016/j.cej.2025.162420,0.86,1.1518391305718283
svm,3,test,R0160,https://doi.org/10.1039/d5nr00300h,0.77,0.919727017159406
svm,3,test,R0161,https://doi.org/10.1039/d5nr00300h,1.29,1.3499324633394738
svm,3,test,R0163,https://doi.org/10.1002/celc.202400626,1.4,1.3499324633394738
svm,3,test,R0177,https://doi.org/10.1002/cey2.587,1.35,1.2998196663787485
svm,3,test,R0178,https://doi.org/10.1002/cey2.550,1.25,1.2406514987935808
svm,3,test,R0180,https://doi.org/10.1016/j.est.2024.112780,1.3,1.300944156066296
svm,3,test,R0181,https://doi.org/10.1016/j.est.2024.112780,1.45,1.3996559139452616
svm,3,test,R0187,https://doi.org/10.1016/j.mtener.2024.101597,1.38,1.3996559139452616
svm,3,test,R0197,https://doi.org/10.1016/j.jallcom.2024.173877,1.11,1.1497276731848505
svm,4,train,R0001,https://doi.org/10.1016/j.electacta.2020.137645,1.3,1.2505816356858142
svm,4,train,R0002,https://doi.org/10.1016/j.electacta.2020.137645,1.5,1.450141136857931
svm,4,train,R0004,https://doi.org/10.1016/j.ssi.2021.115773,1.1,1.1499173659218276
svm,4,train,R0005,https://doi.org/10.1016/j.ssi.2021.115773,1.4,1.377114355879304
svm,4,train,R0006,https://doi.org/10.1016/j.jpowsour.2021.230374,1.24,1.2001584361743731
svm,4,train,R0007,https://doi.org/10.1016/j.jallcom.2019.152736,1.35,1.2499308933677078
svm,4,train,R0008,https://doi.org/10.1016/j.jallcom.2020.153803,1.25,1.1998689890165801
svm,4,train,R0009,https://doi.org/10.1016/j.jallcom.2020.158269,1.0,1.0502050863448316
svm,4,train,R0010,https://doi.org/10.1016/j.cej.2020.124294,1.35,1.4002532273528585
svm,4,train,R0011,https://doi.org/10.1016/j.cej.2020.124294,1.4,1.4002532273528585
svm,4,train,R0012,https://doi.org/10.1016/j.cej.2021.128403,0.97,0.8898054912347428
svm,4,train,R0015,https://doi.org/10.1016/j.flatc.2020.100221,1.25,1.2435136405550886
svm,4,train,R0016,https://doi.org/10.1016/j.jallcom.2020.157945,1.012,0.8898054912347428
svm,4,train,R0017,https://doi.org/10.1016/j.jallcom.2020.154054,0.82,0.8898054912347428
svm,4,train,R0018,https://doi.org/10.1016/j.jpowsour.2020.228362,1.35,1.2997103416637372
svm,4,train,R0019,https://doi.org/10.1016/j.jallcom.2020.157656,1.4,1.4502913577034566
svm,4,train,R0020,https://doi.org/10.1002/aenm.202100110,0.95,1.0001754141036237
svm,4,train,R0021,https://doi.org/10.1002/anie.202110116,1.4,1.3500060276791226
svm,4,train,R0022,https://doi.org/10.1002/anie.202110116,1.3,1.3500060276791226
svm,4,train,R0023,https://doi.org/10.1021/acs.jpcc.1c05456,1.15,1.1499173659218276
svm,4,train,R0024,https://doi.org/10.1021/acs.jpcc.1c05456,1.2,1.1499173659218276
svm,4,train,R0025,https://doi.org/10.1021/acs.jpcc.1c05456,1.15,1.1499173659218276
svm,4,train,R0026,https://doi.org/10.1039/d0cc05980c,1.2,1.179878595260237
svm,4,train,R0027,https://doi.org/10.1039/d0nr00866d,1.5,1.4498268020595
svm,4,train,R0028,https://doi.org/10.1039/d0ta09195b,1.05,1.0998080159954517
svm,4,train,R0029,https://doi.org/10.1039/d1ta00538c,1.3,1.250021968976795
svm,4,train,R0030,https://doi.org/10.1039/d1ta04830a,1.05,1.1000887185562842
svm,4,train,R0031,https://doi.org/10.1002/ente.201901257,1.15,1.2002328943920542
svm,4,train,R0032,https://doi.org/10.1002/ente.201901257,1.2,1.2002328943920542
svm,4,train,R0034,https://dx.doi.org/10.1021/acsnano.9b09646,1.45,1.3998132573190585
svm,4,train,R0035,https://dx.doi.org/10.1021/acsami.0c02087,1.15,1.0997811036675982
svm,4,train,R0036,https://doi.org/10.1002/er.7342,1.21,1.2001584361743731
svm,4,train,R0037,https://doi.org/10.1002/er.6806,1.0,1.050082474234207
svm,4,train,R0038,https://doi.org/10.1021/acsami.1c08720,0.84,0.9476783254347665
svm,4,train,R0039,https://dx.doi.org/10.1021/acsami.9b21904,1.3,1.3002818510713179
svm,4,train,R0040,https://doi.org/10.1007/s11581-021-04046-5,0.9,0.8898054912347428
svm,4,train,R0041,https://doi.org/10.1007/s40242-020-0077-3,1.15,1.2001584361743731
svm,4,train,R0044,https://dx.doi.org/10.1021/acscatal.0c02608,1.35,1.3002818510713179
svm,4,train,R0045,https://doi.org/10.1021/acsaem.1c01572,1.1,1.1063443634163714
svm,4,train,R0046,https://doi.org/10.1021/acsaem.1c01572,1.3,1.3500060276791226
svm,4,train,R0048,https://doi.org/10.1002/aenm.202103910,1.0,1.0495824980691029
svm,4,train,R0050,https://doi.org/10.1002/aenm.202203660,1.33,1.3000012332927495
svm,4,train,R0051,https://doi.org/10.1016/j.ensm.2023.102874,1.21,1.159905635584063
svm,4,train,R0052,https://doi.org/10.1016/j.ensm.2023.102989,1.1,1.0997811036675982
svm,4,train,R0053,https://doi.org/10.1016/j.ensm.2022.07.026,1.1,1.1498097302176329
svm,4,train,R0054,https://doi.org/10.1016/S1872‐2067(23)64409‐2,1.1,1.0997811036675982
svm,4,train,R0055,https://doi.org/10.1016/S1872‐2067(23)64409‐2,1.15,1.0997811036675982
svm,4,train,R0056,https://doi.org/10.1016/j.jallcom.2023.170130,1.29,1.2001584361743731
svm,4,train,R0057,https://doi.org/10.1002/smll.202205532,1.08,1.0001754141036237
svm,4,train,R0060,https://doi.org/10.1021/acsami.1c22643,1.0,0.9898386770521591
svm,4,train,R0061,https://doi.org/10.1016/j.jelechem.2022.116810,1.15,1.179878595260237
svm,4,train,R0067,https://doi.org/10.3390/nano12142386,1.2,1.1900507331670613
svm,4,train,R0068,https://doi.org/10.1021/acsami.2c19975,1.03,1.0771767053266936
svm,4,train,R0069,https://doi.org/10.1021/acsami.2c19975,1.38,1.3403625702045852
svm,4,train,R0070,https://doi.org/10.1016/j.cej.2022.136852,1.06,0.8898054912347428
svm,4,train,R0071,https://doi.org/10.1039/d2ta07061h,1.34,1.377114355879304
svm,4,train,R0073,https://doi.org/10.1016/j.jelechem.2022.116356,1.3,1.3000012332927495
svm,4,train,R0074,https://doi.org/10.1002/smll.202204836,1.25,1.250021968976795
svm,4,train,R0075,https://doi.org/10.1002/smll.202204836,1.18,1.0504436853430534
svm,4,train,R0078,https://doi.org/10.1016/j.cej.2022.137684,1.29,1.3403625702045852
svm,4,train,R0079,https://doi.org/10.1016/j.cej.2022.137684,1.41,1.3500060276791226
svm,4,train,R0080,https://doi.org/10.1016/j.est.2023.107329,1.01,1.0596054798458705
svm,4,train,R0084,https://doi.org/10.1021/acsami.3c01599,1.17,1.2001584361743731
svm,4,train,R0086,https://doi.org/10.1016/j.est.2023.109342,1.35,1.3999789141829502
svm,4,train,R0087,https://doi.org/10.1016/j.est.2023.109342,1.5,1.3999789141829502
svm,4,train,R0088,https://doi.org/10.1016/j.est.2023.109342,1.4,1.3999789141829502
svm,4,train,R0089,https://doi.org/10.1016/j.jcis.2022.12.148,1.28,1.3000012332927495
svm,4,train,R0090,https://doi.org/10.1016/j.cej.2022.139524,1.22,1.1900507331670613
svm,4,train,R0091,https://doi.org/10.1039/d1qi01260f,1.23,1.179878595260237
svm,4,train,R0092,https://doi.org/10.1016/j.carbon.2022.04.080,1.32,1.3000012332927495
svm,4,train,R0093,https://doi.org/10.1016/j.jallcom.2022.163703,1.09,1.0447045180520447
svm,4,train,R0094,https://doi.org/10.1016/j.electacta.2022.140894,1.05,1.1499173659218276
svm,4,train,R0095,https://doi.org/10.1002/smll.202206611,0.98,1.030355731582706
svm,4,train,R0099,https://doi.org/10.1021/acsami.2c19975,1.38,1.3403625702045852
svm,4,train,R0100,https://doi.org/10.1021/acscatal.2c02544,1.15,1.2001584361743731
svm,4,train,R0101,https://doi.org/10.1021/acscatal.2c02544,1.15,1.2001584361743731
svm,4,train,R0102,https://www.science.org/doi/10.1126/sciadv.abq6261,1.2,1.1499173659218276
svm,4,train,R0108,https://doi.org/10.1016/j.cej.2022.138462,1.17,1.1900507331670613
svm,4,train,R0109,https://doi.org/10.1002/smll.202302598,1.25,1.2547180025471125
svm,4,train,R0111,https://doi.org/10.1016/j.apcatb.2022.122203,1.25,1.3000012332927495
svm,4,train,R0112,https://doi.org/10.1021/acsnano.3c05782,1.12,1.099589683601427
svm,4,train,R0113,https://doi.org/10.1039/d2ta03604e,0.85,0.8898054912347428
svm,4,train,R0114,https://doi.org/10.1016/j.compositesb.2022.109727,1.1,1.1499173659218276
svm,4,train,R0115,https://doi.org/10.1016/j.ensm.2022.05.029,1.14,1.1900507331670613
svm,4,train,R0116,https://doi.org/10.1016/j.cej.2023.143351,1.23,1.2246786916994516
svm,4,train,R0117,https://doi.org/10.1002/adfm.202209876,1.18,1.2297663045137652
svm,4,train,R0119,https://doi.org/10.1021/acsaem.3c02592,0.98,1.0504436853430534
svm,4,train,R0120,https://doi.org/10.1002/aenm.202204057,1.3,1.2998864304701108
svm,4,train,R0121,https://doi.org/10.1002/aenm.202204057,1.4,1.3998132573190585
svm,4,train,R0122,https://doi.org/10.1002/aenm.202204057,1.5,1.4502913577034566
svm,4,train,R0123,https://doi.org/10.1021/acs.nanolett.3c03025,1.1,1.179878595260237
svm,4,train,R0124,https://doi.org/10.1021/acs.nanolett.3c03025,1.15,1.179878595260237
svm,4,train,R0125,https://sioc-journal.cn/Jwk_hxxb/EN/10.6023/A22050206,1.08,1.0997811036675982
svm,4,train,R0126,https://doi.org/10.1016/j.jcis.2026.140244,1.04,0.9898386770521591
svm,4,train,R0127,https://doi.org/10.1016/j.jechem.2026.01.056,1.25,1.2462946995070976
svm,4,train,R0128,https://doi.org/10.1002/smll.202512953,1.25,1.2997103416637372
svm,4,train,R0129,https://doi.org/10.1002/smll.202512953,1.39,1.3998307066161895
svm,4,train,R0130,https://doi.org/10.1002/smll.202512953,1.45,1.3998307066161895
svm,4,train,R0131,https://doi.org/10.1002/advs.202522315,1.0,1.030355731582706
svm,4,train,R0132,https://doi.org/10.1016/j.electacta.2025.147671,1.15,1.099589683601427
svm,4,train,R0133,https://doi.org/10.1021/acsaem.5c03033,1.25,1.2065217277887659
svm,4,train,R0134,https://doi.org/10.1021/acsanm.5c04476,1.04,1.0504436853430534
svm,4,train,R0135,https://doi.org/10.1021/acsanm.5c04476,1.25,1.2547180025471125
svm,4,train,R0136,https://doi.org/10.1088/2631-6331/ae1925,1.3,1.3501757780932047
svm,4,train,R0137,https://doi.org/10.1002/anie.202521423,1.2,1.250021968976795
svm,4,train,R0138,https://doi.org/10.1080/1536383X.2025.2583369,1.3,1.2662795508756275
svm,4,train,R0139,https://doi.org/10.1002/anie.202520097,1.2,1.179878595260237
svm,4,train,R0140,https://doi.org/10.1016/j.jcis.2025.139355,0.8,0.8898054912347428
svm,4,train,R0141,https://doi.org/10.1016/j.jcis.2025.139355,0.83,0.8898054912347428
svm,4,train,R0142,https://doi.org/10.1021/acsnano.5c10218,0.96,0.9476783254347665
svm,4,train,R0143,https://doi.org/10.1021/acsnano.5c10218,1.18,1.179878595260237
svm,4,train,R0144,https://doi.org/10.1002/aoc.70327,1.41,1.3501757780932047
svm,4,train,R0146,https://doi.org/10.1016/j.electacta.2025.146925,1.1,1.1499173659218276
svm,4,train,R0147,https://doi.org/10.1016/j.jcis.2025.138454,0.89,1.0001754141036237
svm,4,train,R0148,https://doi.org/10.1038/s41598-025-11449-1,0.998,0.9476783254347665
svm,4,train,R0149,https://doi.org/10.1002/anie.202509132,0.94,0.8898054912347428
svm,4,train,R0151,https://doi.org/10.1021/acs.iecr.5c01518,1.18,1.2298448404184628
svm,4,train,R0152,https://doi.org/10.1021/acs.iecr.5c01518,1.25,1.2547180025471125
svm,4,train,R0153,https://doi.org/10.1016/j.carbon.2025.120482,1.25,1.250021968976795
svm,4,train,R0154,https://doi.org/10.1093/nsr/nwaf145,1.24,1.179878595260237
svm,4,train,R0155,https://doi.org/10.1016/j.jcis.2025.137782,1.36,1.3501757780932047
svm,4,train,R0156,https://doi.org/10.1016/j.cej.2025.162908,1.3,1.2723911320224122
svm,4,train,R0157,https://doi.org/10.1016/j.cej.2025.162908,1.35,1.2998864304701108
svm,4,train,R0158,https://doi.org/10.1016/j.cej.2025.162908,1.3,1.2723911320224122
svm,4,train,R0159,https://doi.org/10.1016/j.cej.2025.162420,0.86,0.9096638006382775
svm,4,train,R0160,https://doi.org/10.1039/d5nr00300h,0.77,0.8898054912347428
svm,4,train,R0161,https://doi.org/10.1039/d5nr00300h,1.29,1.3501757780932047
svm,4,train,R0163,https://doi.org/10.1002/celc.202400626,1.4,1.3501757780932047
svm,4,train,R0167,https://doi.org/10.1002/anie.202418893,1.3,1.3000012332927495
svm,4,train,R0168,https://doi.org/10.1016/j.electacta.2024.145384,1.01,1.0001754141036237
svm,4,train,R0169,https://doi.org/10.1007/s10008-024-06115-x,1.4,1.450141136857931
svm,4,train,R0173,https://doi.org/10.1021/acs.energyfuels.4c04356,0.94,0.9476783254347665
svm,4,train,R0174,https://doi.org/10.1002/smll.202406525,1.25,1.2001584361743731
svm,4,train,R0175,https://doi.org/10.1016/j.jpowsour.2024.235394,0.95,0.9464761032587315
svm,4,train,R0176,https://doi.org/10.1016/j.jpowsour.2024.235394,1.0,1.0504436853430534
svm,4,train,R0177,https://doi.org/10.1002/cey2.587,1.35,1.3000012332927495
svm,4,train,R0178,https://doi.org/10.1002/cey2.550,1.25,1.2054789971678548
svm,4,train,R0179,https://doi.org/10.1039/d4sc03242j,1.1,1.1499173659218276
svm,4,train,R0180,https://doi.org/10.1016/j.est.2024.112780,1.3,1.304286543909034
svm,4,train,R0181,https://doi.org/10.1016/j.est.2024.112780,1.45,1.3999789141829502
svm,4,train,R0182,https://doi.org/10.1016/j.jcis.2024.06.137,1.25,1.248813279399429
svm,4,train,R0183,https://doi.org/10.1016/j.jcis.2024.06.137,1.4,1.3998132573190585
svm,4,train,R0184,https://doi.org/10.1016/j.jcis.2024.06.137,1.45,1.3998132573190585
svm,4,train,R0185,https://doi.org/10.1002/adma.202404319,1.2,1.1501335563966184
svm,4,train,R0186,https://doi.org/10.1002/adma.202405440,1.4,1.450141136857931
svm,4,train,R0187,https://doi.org/10.1016/j.mtener.2024.101597,1.38,1.3999789141829502
svm,4,train,R0188,https://doi.org/10.1016/j.jcis.2024.05.144,1.2,1.2499308933677078
svm,4,train,R0189,https://doi.org/10.1016/j.ijoes.2024.100602,1.3,1.250021968976795
svm,4,train,R0190,https://doi.org/10.1016/j.jechem.2024.01.076,1.3,1.2547180025471125
svm,4,train,R0191,https://doi.org/10.1016/j.jechem.2024.01.076,1.25,1.2547180025471125
svm,4,train,R0192,https://doi.org/10.1016/j.jechem.2024.01.076,1.25,1.2164550124010407
svm,4,train,R0193,https://doi.org/10.1002/aenm.202303766,0.95,0.9464761032587315
svm,4,train,R0194,https://doi.org/10.1002/smtd.202301728,1.22,1.2700219595175462
svm,4,train,R0195,https://doi.org/10.1002/smtd.202301728,1.32,1.2700219595175462
svm,4,train,R0197,https://doi.org/10.1016/j.jallcom.2024.173877,1.11,1.1499173659218276
svm,4,test,R0003,https://doi.org/10.1016/j.apcatb.2019.118283,1.27,1.2998864304701108
svm,4,test,R0013,http://dx.doi.org/10.1016/j.jelechem.2020.114124,1.25,1.2974451309256083
svm,4,test,R0014,https://doi.org/10.1016/j.jechem.2020.07.053,0.98,1.030355731582706
svm,4,test,R0033,https://dx.doi.org/10.1021/acsaem.0c01691,1.35,1.3002818510713179
svm,4,test,R0042,https://doi.org/10.1002/smll.202105752,1.4,1.4502913577034566
svm,4,test,R0043,https://doi.org/10.1002/smll.202105752,1.25,1.2547180025471125
svm,4,test,R0047,https://doi.org/10.1002/aenm.202200791,1.0,1.0495824980691029
svm,4,test,R0049,https://doi.org/10.1016/j.apcatb.2022.121844,0.92,1.1080530118825824
svm,4,test,R0058,https://doi.org/10.1016/j.electacta.2023.142096,0.99,1.1662741809490458
svm,4,test,R0059,https://doi.org/10.1016/j.electacta.2022.140147,1.11,1.0504436853430534
svm,4,test,R0062,https://doi.org/10.1002/slct.202200870,1.04,0.8898054912347428
svm,4,test,R0063,https://doi.org/10.1002/slct.202200870,1.1,1.1274826478614286
svm,4,test,R0064,https://doi.org/10.1002/slct.202200870,1.11,1.0504436853430534
svm,4,test,R0065,https://doi.org/10.1016/j.cej.2023.146775,1.0,1.230913192217268
svm,4,test,R0066,https://www.pnas.org/lookup/suppl/doi:10.1073/pnas.2301439120/-/DCSupplemental.,1.11,1.198513152075092
svm,4,test,R0072,https://doi.org/10.1016/j.ijhydene.2023.12.023,1.4,1.3999789141829502
svm,4,test,R0076,https://doi.org/10.1002/admi.202102110,0.98,0.8673946342227816
svm,4,test,R0077,https://doi.org/10.1002/admi.202102110,1.04,1.1274826478614286
svm,4,test,R0081,https://doi.org/10.1021/acs.jpcc.3c01042,1.2,1.1499173659218276
svm,4,test,R0082,https://doi.org/10.1021/acs.jpcc.3c01042,1.25,1.1499173659218276
svm,4,test,R0083,https://doi.org/10.1021/acs.jpcc.3c01042,1.25,1.1499173659218276
svm,4,test,R0085,https://doi.org/10.1021/jacs.2c11676,1.05,1.1274826478614286
svm,4,test,R0096,https://doi.org/10.1002/adsu.202300510,0.95,1.0565152084491747
svm,4,test,R0097,https://doi.org/10.1002/adsu.202300510,1.2,1.2001584361743731
svm,4,test,R0098,https://doi.org/10.1002/adsu.202300510,1.25,1.2001584361743731
svm,4,test,R0103,https://doi.org/10.1007/s12274-022-5330-2,1.2,1.179878595260237
svm,4,test,R0104,https://doi.org/10.1007/s12274-022-5330-2,1.15,1.0997811036675982
svm,4,test,R0105,https://doi.org/10.1007/s12274-022-5330-2,1.1,1.179878595260237
svm,4,test,R0106,https://doi.org/10.1007/s12274-022-5330-2,1.08,1.0997811036675982
svm,4,test,R0107,https://doi.org/10.1016/j.ensm.2023.102829,1.2,1.274053120350546
svm,4,test,R0110,https://doi.org/10.1002/adma.202106436,1.2,1.2223949281594182
svm,4,test,R0118,https://doi.org/10.1002/smll.202106707,1.42,1.377114355879304
svm,4,test,R0145,https://doi.org/10.1021/acs.langmuir.5c02644,1.1,1.0998080159954517
svm,4,test,R0150,https://doi.org/10.1016/j.jpowsour.2025.237653,1.15,1.0504436853430534
svm,4,test,R0162,https://doi.org/10.1021/jacs.4c15230,1.1,1.1499173659218276
svm,4,test,R0164,https://doi.org/10.1016/j.esci.2024.100310,1.08,1.1274826478614286
svm,4,test,R0165,https://doi.org/10.1016/j.esci.2024.100310,1.1,1.1274826478614286
svm,4,test,R0166,https://doi.org/10.1002/smll.202406516,1.2,1.1499173659218276
svm,4,test,R0170,https://doi.org/10.1002/aenm.202402925,1.4,1.3998307066161895
svm,4,test,R0171,https://doi.org/10.1002/aenm.202402925,1.28,1.3500060276791226
svm,4,test,R0172,https://doi.org/10.1002/aenm.202402925,1.3,1.3500060276791226
svm,4,test,R0196,https://doi.org/10.1016/j.mtcomm.2024.108243,0.84,0.8898054912347428
svm,4,test,R0198,https://doi.org/10.1016/j.jpowsour.2024.234130,1.05,1.141394865312002
svm,4,test,R0199,https://doi.org/10.1016/j.jpowsour.2024.234130,1.17,1.250021968976795
svm,4,test,R0200,https://doi.org/10.1021/jacs.3c12734,1.12,1.1760861994874965
xgboost,0,train,R0001,https://doi.org/10.1016/j.electacta.2020.137645,1.3,1.304010272026062
xgboost,0,train,R0002,https://doi.org/10.1016/j.electacta.2020.137645,1.5,1.3879575729370117
xgboost,0,train,R0003,https://doi.org/10.1016/j.apcatb.2019.118283,1.27,1.2946040630340576
xgboost,0,train,R0004,https://doi.org/10.1016/j.ssi.2021.115773,1.1,1.1656885147094727
xgboost,0,train,R0005,https://doi.org/10.1016/j.ssi.2021.115773,1.4,1.3893687725067139
xgboost,0,train,R0006,https://doi.org/10.1016/j.jpowsour.2021.230374,1.24,1.2181527614593506
xgboost,0,train,R0007,https://doi.org/10.1016/j.jallcom.2019.152736,1.35,1.271846055984497
xgboost,0,train,R0008,https://doi.org/10.1016/j.jallcom.2020.153803,1.25,1.2352218627929688
xgboost,0,train,R0009,https://doi.org/10.1016/j.jallcom.2020.158269,1.0,1.0220937728881836
xgboost,0,train,R0012,https://doi.org/10.1016/j.cej.2021.128403,0.97,0.9230713844299316
xgboost,0,train,R0013,http://dx.doi.org/10.1016/j.jelechem.2020.114124,1.25,1.2868657112121582
xgboost,0,train,R0014,https://doi.org/10.1016/j.jechem.2020.07.053,0.98,1.0190484523773193
xgboost,0,train,R0016,https://doi.org/10.1016/j.jallcom.2020.157945,1.012,0.9230713844299316
xgboost,0,train,R0017,https://doi.org/10.1016/j.jallcom.2020.154054,0.82,0.9230713844299316
xgboost,0,train,R0018,https://doi.org/10.1016/j.jpowsour.2020.228362,1.35,1.3145304918289185
xgboost,0,train,R0019,https://doi.org/10.1016/j.jallcom.2020.157656,1.4,1.4118928909301758
xgboost,0,train,R0020,https://doi.org/10.1002/aenm.202100110,0.95,0.9783077836036682
xgboost,0,train,R0021,https://doi.org/10.1002/anie.202110116,1.4,1.3311395645141602
xgboost,0,train,R0022,https://doi.org/10.1002/anie.202110116,1.3,1.3311395645141602
xgboost,0,train,R0023,https://doi.org/10.1021/acs.jpcc.1c05456,1.15,1.1656885147094727
xgboost,0,train,R0024,https://doi.org/10.1021/acs.jpcc.1c05456,1.2,1.1656885147094727
xgboost,0,train,R0025,https://doi.org/10.1021/acs.jpcc.1c05456,1.15,1.1656885147094727
xgboost,0,train,R0026,https://doi.org/10.1039/d0cc05980c,1.2,1.1772807836532593
xgboost,0,train,R0027,https://doi.org/10.1039/d0nr00866d,1.5,1.445592999458313
xgboost,0,train,R0031,https://doi.org/10.1002/ente.201901257,1.15,1.1782443523406982
xgboost,0,train,R0032,https://doi.org/10.1002/ente.201901257,1.2,1.1782443523406982
xgboost,0,train,R0033,https://dx.doi.org/10.1021/acsaem.0c01691,1.35,1.3384758234024048
xgboost,0,train,R0036,https://doi.org/10.1002/er.7342,1.21,1.2181527614593506
xgboost,0,train,R0037,https://doi.org/10.1002/er.6806,1.0,1.0199257135391235
xgboost,0,train,R0038,https://doi.org/10.1021/acsami.1c08720,0.84,0.8713964819908142
xgboost,0,train,R0039,https://dx.doi.org/10.1021/acsami.9b21904,1.3,1.3384758234024048
xgboost,0,train,R0040,https://doi.org/10.1007/s11581-021-04046-5,0.9,0.9230713844299316
xgboost,0,train,R0041,https://doi.org/10.1007/s40242-020-0077-3,1.15,1.2181527614593506
xgboost,0,train,R0042,https://doi.org/10.1002/smll.202105752,1.4,1.4118928909301758
xgboost,0,train,R0043,https://doi.org/10.1002/smll.202105752,1.25,1.2583881616592407
xgboost,0,train,R0044,https://dx.doi.org/10.1021/acscatal.0c02608,1.35,1.3384758234024048
xgboost,0,train,R0045,https://doi.org/10.1021/acsaem.1c01572,1.1,1.0742955207824707
xgboost,0,train,R0046,https://doi.org/10.1021/acsaem.1c01572,1.3,1.3311395645141602
xgboost,0,train,R0047,https://doi.org/10.1002/aenm.202200791,1.0,0.9942978024482727
xgboost,0,train,R0049,https://doi.org/10.1016/j.apcatb.2022.121844,0.92,0.9262403249740601
xgboost,0,train,R0050,https://doi.org/10.1002/aenm.202203660,1.33,1.3101893663406372
xgboost,0,train,R0053,https://doi.org/10.1016/j.ensm.2022.07.026,1.1,1.0838443040847778
xgboost,0,train,R0054,https://doi.org/10.1016/S1872‐2067(23)64409‐2,1.1,1.1164393424987793
xgboost,0,train,R0055,https://doi.org/10.1016/S1872‐2067(23)64409‐2,1.15,1.1164393424987793
xgboost,0,train,R0056,https://doi.org/10.1016/j.jallcom.2023.170130,1.29,1.2181527614593506
xgboost,0,train,R0057,https://doi.org/10.1002/smll.202205532,1.08,0.9783077836036682
xgboost,0,train,R0058,https://doi.org/10.1016/j.electacta.2023.142096,0.99,0.9802481532096863
xgboost,0,train,R0059,https://doi.org/10.1016/j.electacta.2022.140147,1.11,1.1016395092010498
xgboost,0,train,R0060,https://doi.org/10.1021/acsami.1c22643,1.0,1.012852668762207
xgboost,0,train,R0062,https://doi.org/10.1002/slct.202200870,1.04,0.9230713844299316
xgboost,0,train,R0063,https://doi.org/10.1002/slct.202200870,1.1,1.0811976194381714
xgboost,0,train,R0064,https://doi.org/10.1002/slct.202200870,1.11,1.1016395092010498
xgboost,0,train,R0065,https://doi.org/10.1016/j.cej.2023.146775,1.0,1.0036985874176025
xgboost,0,train,R0066,https://www.pnas.org/lookup/suppl/doi:10.1073/pnas.2301439120/-/DCSupplemental.,1.11,1.1086843013763428
xgboost,0,train,R0070,https://doi.org/10.1016/j.cej.2022.136852,1.06,0.9230713844299316
xgboost,0,train,R0071,https://doi.org/10.1039/d2ta07061h,1.34,1.3893687725067139
xgboost,0,train,R0072,https://doi.org/10.1016/j.ijhydene.2023.12.023,1.4,1.4019029140472412
xgboost,0,train,R0073,https://doi.org/10.1016/j.jelechem.2022.116356,1.3,1.3101893663406372
xgboost,0,train,R0074,https://doi.org/10.1002/smll.202204836,1.25,1.212815284729004
xgboost,0,train,R0075,https://doi.org/10.1002/smll.202204836,1.18,1.1016395092010498
xgboost,0,train,R0076,https://doi.org/10.1002/admi.202102110,0.98,0.9717630743980408
xgboost,0,train,R0077,https://doi.org/10.1002/admi.202102110,1.04,1.0811976194381714
xgboost,0,train,R0078,https://doi.org/10.1016/j.cej.2022.137684,1.29,1.3384653329849243
xgboost,0,train,R0079,https://doi.org/10.1016/j.cej.2022.137684,1.41,1.3311395645141602
xgboost,0,train,R0080,https://doi.org/10.1016/j.est.2023.107329,1.01,1.0023444890975952
xgboost,0,train,R0081,https://doi.org/10.1021/acs.jpcc.3c01042,1.2,1.1656885147094727
xgboost,0,train,R0082,https://doi.org/10.1021/acs.jpcc.3c01042,1.25,1.1656885147094727
xgboost,0,train,R0083,https://doi.org/10.1021/acs.jpcc.3c01042,1.25,1.1656885147094727
xgboost,0,train,R0084,https://doi.org/10.1021/acsami.3c01599,1.17,1.2181527614593506
xgboost,0,train,R0085,https://doi.org/10.1021/jacs.2c11676,1.05,1.0811976194381714
xgboost,0,train,R0086,https://doi.org/10.1016/j.est.2023.109342,1.35,1.4019029140472412
xgboost,0,train,R0087,https://doi.org/10.1016/j.est.2023.109342,1.5,1.4019029140472412
xgboost,0,train,R0088,https://doi.org/10.1016/j.est.2023.109342,1.4,1.4019029140472412
xgboost,0,train,R0089,https://doi.org/10.1016/j.jcis.2022.12.148,1.28,1.3101893663406372
xgboost,0,train,R0090,https://doi.org/10.1016/j.cej.2022.139524,1.22,1.1754467487335205
xgboost,0,train,R0091,https://doi.org/10.1039/d1qi01260f,1.23,1.1772807836532593
xgboost,0,train,R0093,https://doi.org/10.1016/j.jallcom.2022.163703,1.09,1.0754923820495605
xgboost,0,train,R0094,https://doi.org/10.1016/j.electacta.2022.140894,1.05,1.1656885147094727
xgboost,0,train,R0095,https://doi.org/10.1002/smll.202206611,0.98,1.0190484523773193
xgboost,0,train,R0096,https://doi.org/10.1002/adsu.202300510,0.95,0.9607672095298767
xgboost,0,train,R0097,https://doi.org/10.1002/adsu.202300510,1.2,1.2181527614593506
xgboost,0,train,R0098,https://doi.org/10.1002/adsu.202300510,1.25,1.2181527614593506
xgboost,0,train,R0099,https://doi.org/10.1021/acsami.2c19975,1.38,1.3384653329849243
xgboost,0,train,R0100,https://doi.org/10.1021/acscatal.2c02544,1.15,1.2181527614593506
xgboost,0,train,R0101,https://doi.org/10.1021/acscatal.2c02544,1.15,1.2181527614593506
xgboost,0,train,R0102,https://www.science.org/doi/10.1126/sciadv.abq6261,1.2,1.1656885147094727
xgboost,0,train,R0103,https://doi.org/10.1007/s12274-022-5330-2,1.2,1.1772807836532593
xgboost,0,train,R0104,https://doi.org/10.1007/s12274-022-5330-2,1.15,1.1164393424987793
xgboost,0,train,R0105,https://doi.org/10.1007/s12274-022-5330-2,1.1,1.1772807836532593
xgboost,0,train,R0106,https://doi.org/10.1007/s12274-022-5330-2,1.08,1.1164393424987793
xgboost,0,train,R0107,https://doi.org/10.1016/j.ensm.2023.102829,1.2,1.2299728393554688
xgboost,0,train,R0108,https://doi.org/10.1016/j.cej.2022.138462,1.17,1.1754467487335205
xgboost,0,train,R0110,https://doi.org/10.1002/adma.202106436,1.2,1.2083368301391602
xgboost,0,train,R0111,https://doi.org/10.1016/j.apcatb.2022.122203,1.25,1.3101893663406372
xgboost,0,train,R0112,https://doi.org/10.1021/acsnano.3c05782,1.12,1.1291760206222534
xgboost,0,train,R0113,https://doi.org/10.1039/d2ta03604e,0.85,0.9230713844299316
xgboost,0,train,R0114,https://doi.org/10.1016/j.compositesb.2022.109727,1.1,1.1656885147094727
xgboost,0,train,R0115,https://doi.org/10.1016/j.ensm.2022.05.029,1.14,1.1754467487335205
xgboost,0,train,R0116,https://doi.org/10.1016/j.cej.2023.143351,1.23,1.2290781736373901
xgboost,0,train,R0117,https://doi.org/10.1002/adfm.202209876,1.18,1.2198063135147095
xgboost,0,train,R0118,https://doi.org/10.1002/smll.202106707,1.42,1.3893687725067139
xgboost,0,train,R0119,https://doi.org/10.1021/acsaem.3c02592,0.98,1.1016395092010498
xgboost,0,train,R0120,https://doi.org/10.1002/aenm.202204057,1.3,1.2946040630340576
xgboost,0,train,R0121,https://doi.org/10.1002/aenm.202204057,1.4,1.405978798866272
xgboost,0,train,R0122,https://doi.org/10.1002/aenm.202204057,1.5,1.4118928909301758
xgboost,0,train,R0123,https://doi.org/10.1021/acs.nanolett.3c03025,1.1,1.1772807836532593
xgboost,0,train,R0124,https://doi.org/10.1021/acs.nanolett.3c03025,1.15,1.1772807836532593
xgboost,0,train,R0125,https://sioc-journal.cn/Jwk_hxxb/EN/10.6023/A22050206,1.08,1.1164393424987793
xgboost,0,train,R0126,https://doi.org/10.1016/j.jcis.2026.140244,1.04,1.012852668762207
xgboost,0,train,R0127,https://doi.org/10.1016/j.jechem.2026.01.056,1.25,1.248753547668457
xgboost,0,train,R0128,https://doi.org/10.1002/smll.202512953,1.25,1.3145304918289185
xgboost,0,train,R0129,https://doi.org/10.1002/smll.202512953,1.39,1.3994687795639038
xgboost,0,train,R0130,https://doi.org/10.1002/smll.202512953,1.45,1.3994687795639038
xgboost,0,train,R0131,https://doi.org/10.1002/advs.202522315,1.0,1.0190484523773193
xgboost,0,train,R0132,https://doi.org/10.1016/j.electacta.2025.147671,1.15,1.1291760206222534
xgboost,0,train,R0133,https://doi.org/10.1021/acsaem.5c03033,1.25,1.2745283842086792
xgboost,0,train,R0136,https://doi.org/10.1088/2631-6331/ae1925,1.3,1.3516544103622437
xgboost,0,train,R0137,https://doi.org/10.1002/anie.202521423,1.2,1.212815284729004
xgboost,0,train,R0138,https://doi.org/10.1080/1536383X.2025.2583369,1.3,1.245855689048767
xgboost,0,train,R0139,https://doi.org/10.1002/anie.202520097,1.2,1.1772807836532593
xgboost,0,train,R0144,https://doi.org/10.1002/aoc.70327,1.41,1.3516544103622437
xgboost,0,train,R0145,https://doi.org/10.1021/acs.langmuir.5c02644,1.1,1.0921114683151245
xgboost,0,train,R0147,https://doi.org/10.1016/j.jcis.2025.138454,0.89,0.9783077836036682
xgboost,0,train,R0149,https://doi.org/10.1002/anie.202509132,0.94,0.9230713844299316
xgboost,0,train,R0150,https://doi.org/10.1016/j.jpowsour.2025.237653,1.15,1.1016395092010498
xgboost,0,train,R0153,https://doi.org/10.1016/j.carbon.2025.120482,1.25,1.212815284729004
xgboost,0,train,R0154,https://doi.org/10.1093/nsr/nwaf145,1.24,1.1772807836532593
xgboost,0,train,R0159,https://doi.org/10.1016/j.cej.2025.162420,0.86,0.8839722275733948
xgboost,0,train,R0160,https://doi.org/10.1039/d5nr00300h,0.77,0.9230713844299316
xgboost,0,train,R0161,https://doi.org/10.1039/d5nr00300h,1.29,1.3516544103622437
xgboost,0,train,R0162,https://doi.org/10.1021/jacs.4c15230,1.1,1.1656885147094727
xgboost,0,train,R0163,https://doi.org/10.1002/celc.202400626,1.4,1.3516544103622437
xgboost,0,train,R0164,https://doi.org/10.1016/j.esci.2024.100310,1.08,1.0811976194381714
xgboost,0,train,R0165,https://doi.org/10.1016/j.esci.2024.100310,1.1,1.0811976194381714
xgboost,0,train,R0166,https://doi.org/10.1002/smll.202406516,1.2,1.1656885147094727
xgboost,0,train,R0170,https://doi.org/10.1002/aenm.202402925,1.4,1.3994687795639038
xgboost,0,train,R0171,https://doi.org/10.1002/aenm.202402925,1.28,1.3311395645141602
xgboost,0,train,R0172,https://doi.org/10.1002/aenm.202402925,1.3,1.3311395645141602
xgboost,0,train,R0174,https://doi.org/10.1002/smll.202406525,1.25,1.2181527614593506
xgboost,0,train,R0175,https://doi.org/10.1016/j.jpowsour.2024.235394,0.95,0.946003794670105
xgboost,0,train,R0176,https://doi.org/10.1016/j.jpowsour.2024.235394,1.0,1.1016395092010498
xgboost,0,train,R0177,https://doi.org/10.1002/cey2.587,1.35,1.3101893663406372
xgboost,0,train,R0178,https://doi.org/10.1002/cey2.550,1.25,1.2424119710922241
xgboost,0,train,R0180,https://doi.org/10.1016/j.est.2024.112780,1.3,1.278977632522583
xgboost,0,train,R0181,https://doi.org/10.1016/j.est.2024.112780,1.45,1.4019029140472412
xgboost,0,train,R0182,https://doi.org/10.1016/j.jcis.2024.06.137,1.25,1.2514359951019287
xgboost,0,train,R0183,https://doi.org/10.1016/j.jcis.2024.06.137,1.4,1.405978798866272
xgboost,0,train,R0184,https://doi.org/10.1016/j.jcis.2024.06.137,1.45,1.405978798866272
xgboost,0,train,R0185,https://doi.org/10.1002/adma.202404319,1.2,1.1842938661575317
xgboost,0,train,R0187,https://doi.org/10.1016/j.mtener.2024.101597,1.38,1.4019029140472412
xgboost,0,train,R0189,https://doi.org/10.1016/j.ijoes.2024.100602,1.3,1.212815284729004
xgboost,0,train,R0190,https://doi.org/10.1016/j.jechem.2024.01.076,1.3,1.2583881616592407
xgboost,0,train,R0191,https://doi.org/10.1016/j.jechem.2024.01.076,1.25,1.2583881616592407
xgboost,0,train,R0192,https://doi.org/10.1016/j.jechem.2024.01.076,1.25,1.246095895767212
xgboost,0,train,R0193,https://doi.org/10.1002/aenm.202303766,0.95,0.946003794670105
xgboost,0,train,R0196,https://doi.org/10.1016/j.mtcomm.2024.108243,0.84,0.9230713844299316
xgboost,0,train,R0197,https://doi.org/10.1016/j.jallcom.2024.173877,1.11,1.1656885147094727
xgboost,0,train,R0198,https://doi.org/10.1016/j.jpowsour.2024.234130,1.05,1.0830047130584717
xgboost,0,train,R0199,https://doi.org/10.1016/j.jpowsour.2024.234130,1.17,1.212815284729004
xgboost,0,train,R0200,https://doi.org/10.1021/jacs.3c12734,1.12,1.100583791732788
xgboost,0,test,R0010,https://doi.org/10.1016/j.cej.2020.124294,1.35,1.4040791988372803
xgboost,0,test,R0011,https://doi.org/10.1016/j.cej.2020.124294,1.4,1.4040791988372803
xgboost,0,test,R0015,https://doi.org/10.1016/j.flatc.2020.100221,1.25,1.229943871498108
xgboost,0,test,R0028,https://doi.org/10.1039/d0ta09195b,1.05,1.0921114683151245
xgboost,0,test,R0029,https://doi.org/10.1039/d1ta00538c,1.3,1.212815284729004
xgboost,0,test,R0030,https://doi.org/10.1039/d1ta04830a,1.05,1.094673752784729
xgboost,0,test,R0034,https://dx.doi.org/10.1021/acsnano.9b09646,1.45,1.405978798866272
xgboost,0,test,R0035,https://dx.doi.org/10.1021/acsami.0c02087,1.15,1.1164393424987793
xgboost,0,test,R0048,https://doi.org/10.1002/aenm.202103910,1.0,0.9942978024482727
xgboost,0,test,R0051,https://doi.org/10.1016/j.ensm.2023.102874,1.21,1.1186516284942627
xgboost,0,test,R0052,https://doi.org/10.1016/j.ensm.2023.102989,1.1,1.1164393424987793
xgboost,0,test,R0061,https://doi.org/10.1016/j.jelechem.2022.116810,1.15,1.1772807836532593
xgboost,0,test,R0067,https://doi.org/10.3390/nano12142386,1.2,1.1754467487335205
xgboost,0,test,R0068,https://doi.org/10.1021/acsami.2c19975,1.03,1.0337629318237305
xgboost,0,test,R0069,https://doi.org/10.1021/acsami.2c19975,1.38,1.3384653329849243
xgboost,0,test,R0092,https://doi.org/10.1016/j.carbon.2022.04.080,1.32,1.3101893663406372
xgboost,0,test,R0109,https://doi.org/10.1002/smll.202302598,1.25,1.2583881616592407
xgboost,0,test,R0134,https://doi.org/10.1021/acsanm.5c04476,1.04,1.1016395092010498
xgboost,0,test,R0135,https://doi.org/10.1021/acsanm.5c04476,1.25,1.2583881616592407
xgboost,0,test,R0140,https://doi.org/10.1016/j.jcis.2025.139355,0.8,0.9230713844299316
xgboost,0,test,R0141,https://doi.org/10.1016/j.jcis.2025.139355,0.83,0.9230713844299316
xgboost,0,test,R0142,https://doi.org/10.1021/acsnano.5c10218,0.96,0.8713964819908142
xgboost,0,test,R0143,https://doi.org/10.1021/acsnano.5c10218,1.18,1.1772807836532593
xgboost,0,test,R0146,https://doi.org/10.1016/j.electacta.2025.146925,1.1,1.1656885147094727
xgboost,0,test,R0148,https://doi.org/10.1038/s41598-025-11449-1,0.998,0.8713964819908142
xgboost,0,test,R0151,https://doi.org/10.1021/acs.iecr.5c01518,1.18,1.2476232051849365
xgboost,0,test,R0152,https://doi.org/10.1021/acs.iecr.5c01518,1.25,1.2583881616592407
xgboost,0,test,R0155,https://doi.org/10.1016/j.jcis.2025.137782,1.36,1.3516544103622437
xgboost,0,test,R0156,https://doi.org/10.1016/j.cej.2025.162908,1.3,1.294376015663147
xgboost,0,test,R0157,https://doi.org/10.1016/j.cej.2025.162908,1.35,1.2946040630340576
xgboost,0,test,R0158,https://doi.org/10.1016/j.cej.2025.162908,1.3,1.294376015663147
xgboost,0,test,R0167,https://doi.org/10.1002/anie.202418893,1.3,1.3101893663406372
xgboost,0,test,R0168,https://doi.org/10.1016/j.electacta.2024.145384,1.01,0.9783077836036682
xgboost,0,test,R0169,https://doi.org/10.1007/s10008-024-06115-x,1.4,1.3879575729370117
xgboost,0,test,R0173,https://doi.org/10.1021/acs.energyfuels.4c04356,0.94,0.8713964819908142
xgboost,0,test,R0179,https://doi.org/10.1039/d4sc03242j,1.1,1.1656885147094727
xgboost,0,test,R0186,https://doi.org/10.1002/adma.202405440,1.4,1.3879575729370117
xgboost,0,test,R0188,https://doi.org/10.1016/j.jcis.2024.05.144,1.2,1.271846055984497
xgboost,0,test,R0194,https://doi.org/10.1002/smtd.202301728,1.22,1.254711389541626
xgboost,0,test,R0195,https://doi.org/10.1002/smtd.202301728,1.32,1.254711389541626
xgboost,1,train,R0001,https://doi.org/10.1016/j.electacta.2020.137645,1.3,1.3018275499343872
xgboost,1,train,R0002,https://doi.org/10.1016/j.electacta.2020.137645,1.5,1.3929190635681152
xgboost,1,train,R0003,https://doi.org/10.1016/j.apcatb.2019.118283,1.27,1.311063528060913
xgboost,1,train,R0004,https://doi.org/10.1016/j.ssi.2021.115773,1.1,1.170100212097168
xgboost,1,train,R0005,https://doi.org/10.1016/j.ssi.2021.115773,1.4,1.3861559629440308
xgboost,1,train,R0006,https://doi.org/10.1016/j.jpowsour.2021.230374,1.24,1.2056676149368286
xgboost,1,train,R0007,https://doi.org/10.1016/j.jallcom.2019.152736,1.35,1.2436093091964722
xgboost,1,train,R0008,https://doi.org/10.1016/j.jallcom.2020.153803,1.25,1.2464312314987183
xgboost,1,train,R0010,https://doi.org/10.1016/j.cej.2020.124294,1.35,1.383490800857544
xgboost,1,train,R0011,https://doi.org/10.1016/j.cej.2020.124294,1.4,1.383490800857544
xgboost,1,train,R0013,http://dx.doi.org/10.1016/j.jelechem.2020.114124,1.25,1.2788039445877075
xgboost,1,train,R0014,https://doi.org/10.1016/j.jechem.2020.07.053,0.98,1.01320219039917
xgboost,1,train,R0015,https://doi.org/10.1016/j.flatc.2020.100221,1.25,1.237868070602417
xgboost,1,train,R0017,https://doi.org/10.1016/j.jallcom.2020.154054,0.82,0.8878703117370605
xgboost,1,train,R0018,https://doi.org/10.1016/j.jpowsour.2020.228362,1.35,1.3131014108657837
xgboost,1,train,R0019,https://doi.org/10.1016/j.jallcom.2020.157656,1.4,1.411016583442688
xgboost,1,train,R0020,https://doi.org/10.1002/aenm.202100110,0.95,0.9779729247093201
xgboost,1,train,R0021,https://doi.org/10.1002/anie.202110116,1.4,1.330525517463684
xgboost,1,train,R0022,https://doi.org/10.1002/anie.202110116,1.3,1.330525517463684
xgboost,1,train,R0027,https://doi.org/10.1039/d0nr00866d,1.5,1.443718433380127
xgboost,1,train,R0028,https://doi.org/10.1039/d0ta09195b,1.05,1.0694212913513184
xgboost,1,train,R0029,https://doi.org/10.1039/d1ta00538c,1.3,1.2209802865982056
xgboost,1,train,R0030,https://doi.org/10.1039/d1ta04830a,1.05,1.0563966035842896
xgboost,1,train,R0033,https://dx.doi.org/10.1021/acsaem.0c01691,1.35,1.3603384494781494
xgboost,1,train,R0034,https://dx.doi.org/10.1021/acsnano.9b09646,1.45,1.4115421772003174
xgboost,1,train,R0035,https://dx.doi.org/10.1021/acsami.0c02087,1.15,1.113696575164795
xgboost,1,train,R0036,https://doi.org/10.1002/er.7342,1.21,1.2056676149368286
xgboost,1,train,R0037,https://doi.org/10.1002/er.6806,1.0,1.0164450407028198
xgboost,1,train,R0038,https://doi.org/10.1021/acsami.1c08720,0.84,0.9316980838775635
xgboost,1,train,R0041,https://doi.org/10.1007/s40242-020-0077-3,1.15,1.2056676149368286
xgboost,1,train,R0042,https://doi.org/10.1002/smll.202105752,1.4,1.411016583442688
xgboost,1,train,R0043,https://doi.org/10.1002/smll.202105752,1.25,1.2448596954345703
xgboost,1,train,R0044,https://dx.doi.org/10.1021/acscatal.0c02608,1.35,1.3603384494781494
xgboost,1,train,R0045,https://doi.org/10.1021/acsaem.1c01572,1.1,1.0766736268997192
xgboost,1,train,R0046,https://doi.org/10.1021/acsaem.1c01572,1.3,1.330525517463684
xgboost,1,train,R0047,https://doi.org/10.1002/aenm.202200791,1.0,0.9994219541549683
xgboost,1,train,R0048,https://doi.org/10.1002/aenm.202103910,1.0,0.9994219541549683
xgboost,1,train,R0049,https://doi.org/10.1016/j.apcatb.2022.121844,0.92,0.936501145362854
xgboost,1,train,R0050,https://doi.org/10.1002/aenm.202203660,1.33,1.3287628889083862
xgboost,1,train,R0051,https://doi.org/10.1016/j.ensm.2023.102874,1.21,1.1883810758590698
xgboost,1,train,R0052,https://doi.org/10.1016/j.ensm.2023.102989,1.1,1.113696575164795
xgboost,1,train,R0053,https://doi.org/10.1016/j.ensm.2022.07.026,1.1,1.0836516618728638
xgboost,1,train,R0057,https://doi.org/10.1002/smll.202205532,1.08,0.9779729247093201
xgboost,1,train,R0058,https://doi.org/10.1016/j.electacta.2023.142096,0.99,0.9870123863220215
xgboost,1,train,R0059,https://doi.org/10.1016/j.electacta.2022.140147,1.11,1.1088536977767944
xgboost,1,train,R0060,https://doi.org/10.1021/acsami.1c22643,1.0,1.0098137855529785
xgboost,1,train,R0061,https://doi.org/10.1016/j.jelechem.2022.116810,1.15,1.1645587682724
xgboost,1,train,R0062,https://doi.org/10.1002/slct.202200870,1.04,0.8878703117370605
xgboost,1,train,R0063,https://doi.org/10.1002/slct.202200870,1.1,1.0797101259231567
xgboost,1,train,R0064,https://doi.org/10.1002/slct.202200870,1.11,1.1088536977767944
xgboost,1,train,R0065,https://doi.org/10.1016/j.cej.2023.146775,1.0,0.9988054633140564
xgboost,1,train,R0066,https://www.pnas.org/lookup/suppl/doi:10.1073/pnas.2301439120/-/DCSupplemental.,1.11,1.0994973182678223
xgboost,1,train,R0067,https://doi.org/10.3390/nano12142386,1.2,1.170924425125122
xgboost,1,train,R0068,https://doi.org/10.1021/acsami.2c19975,1.03,1.0406899452209473
xgboost,1,train,R0069,https://doi.org/10.1021/acsami.2c19975,1.38,1.3584014177322388
xgboost,1,train,R0070,https://doi.org/10.1016/j.cej.2022.136852,1.06,0.8878703117370605
xgboost,1,train,R0071,https://doi.org/10.1039/d2ta07061h,1.34,1.3861559629440308
xgboost,1,train,R0072,https://doi.org/10.1016/j.ijhydene.2023.12.023,1.4,1.389728307723999
xgboost,1,train,R0073,https://doi.org/10.1016/j.jelechem.2022.116356,1.3,1.3287628889083862
xgboost,1,train,R0074,https://doi.org/10.1002/smll.202204836,1.25,1.2209802865982056
xgboost,1,train,R0075,https://doi.org/10.1002/smll.202204836,1.18,1.1088536977767944
xgboost,1,train,R0076,https://doi.org/10.1002/admi.202102110,0.98,0.950925886631012
xgboost,1,train,R0077,https://doi.org/10.1002/admi.202102110,1.04,1.0797101259231567
xgboost,1,train,R0078,https://doi.org/10.1016/j.cej.2022.137684,1.29,1.3584014177322388
xgboost,1,train,R0079,https://doi.org/10.1016/j.cej.2022.137684,1.41,1.330525517463684
xgboost,1,train,R0081,https://doi.org/10.1021/acs.jpcc.3c01042,1.2,1.170100212097168
xgboost,1,train,R0082,https://doi.org/10.1021/acs.jpcc.3c01042,1.25,1.170100212097168
xgboost,1,train,R0083,https://doi.org/10.1021/acs.jpcc.3c01042,1.25,1.170100212097168
xgboost,1,train,R0084,https://doi.org/10.1021/acsami.3c01599,1.17,1.2056676149368286
xgboost,1,train,R0085,https://doi.org/10.1021/jacs.2c11676,1.05,1.0797101259231567
xgboost,1,train,R0091,https://doi.org/10.1039/d1qi01260f,1.23,1.1645587682724
xgboost,1,train,R0092,https://doi.org/10.1016/j.carbon.2022.04.080,1.32,1.3287628889083862
xgboost,1,train,R0093,https://doi.org/10.1016/j.jallcom.2022.163703,1.09,1.0759570598602295
xgboost,1,train,R0095,https://doi.org/10.1002/smll.202206611,0.98,1.01320219039917
xgboost,1,train,R0096,https://doi.org/10.1002/adsu.202300510,0.95,0.9588704705238342
xgboost,1,train,R0097,https://doi.org/10.1002/adsu.202300510,1.2,1.2056676149368286
xgboost,1,train,R0098,https://doi.org/10.1002/adsu.202300510,1.25,1.2056676149368286
xgboost,1,train,R0099,https://doi.org/10.1021/acsami.2c19975,1.38,1.3584014177322388
xgboost,1,train,R0100,https://doi.org/10.1021/acscatal.2c02544,1.15,1.2056676149368286
xgboost,1,train,R0101,https://doi.org/10.1021/acscatal.2c02544,1.15,1.2056676149368286
xgboost,1,train,R0102,https://www.science.org/doi/10.1126/sciadv.abq6261,1.2,1.170100212097168
xgboost,1,train,R0103,https://doi.org/10.1007/s12274-022-5330-2,1.2,1.1645587682724
xgboost,1,train,R0104,https://doi.org/10.1007/s12274-022-5330-2,1.15,1.113696575164795
xgboost,1,train,R0105,https://doi.org/10.1007/s12274-022-5330-2,1.1,1.1645587682724
xgboost,1,train,R0106,https://doi.org/10.1007/s12274-022-5330-2,1.08,1.113696575164795
xgboost,1,train,R0107,https://doi.org/10.1016/j.ensm.2023.102829,1.2,1.2199245691299438
xgboost,1,train,R0108,https://doi.org/10.1016/j.cej.2022.138462,1.17,1.170924425125122
xgboost,1,train,R0109,https://doi.org/10.1002/smll.202302598,1.25,1.2448596954345703
xgboost,1,train,R0110,https://doi.org/10.1002/adma.202106436,1.2,1.2118148803710938
xgboost,1,train,R0112,https://doi.org/10.1021/acsnano.3c05782,1.12,1.1242448091506958
xgboost,1,train,R0113,https://doi.org/10.1039/d2ta03604e,0.85,0.8878703117370605
xgboost,1,train,R0116,https://doi.org/10.1016/j.cej.2023.143351,1.23,1.225470781326294
xgboost,1,train,R0117,https://doi.org/10.1002/adfm.202209876,1.18,1.2252410650253296
xgboost,1,train,R0118,https://doi.org/10.1002/smll.202106707,1.42,1.3861559629440308
xgboost,1,train,R0119,https://doi.org/10.1021/acsaem.3c02592,0.98,1.1088536977767944
xgboost,1,train,R0120,https://doi.org/10.1002/aenm.202204057,1.3,1.311063528060913
xgboost,1,train,R0121,https://doi.org/10.1002/aenm.202204057,1.4,1.4115421772003174
xgboost,1,train,R0122,https://doi.org/10.1002/aenm.202204057,1.5,1.411016583442688
xgboost,1,train,R0123,https://doi.org/10.1021/acs.nanolett.3c03025,1.1,1.1645587682724
xgboost,1,train,R0124,https://doi.org/10.1021/acs.nanolett.3c03025,1.15,1.1645587682724
xgboost,1,train,R0125,https://sioc-journal.cn/Jwk_hxxb/EN/10.6023/A22050206,1.08,1.113696575164795
xgboost,1,train,R0127,https://doi.org/10.1016/j.jechem.2026.01.056,1.25,1.2491568326950073
xgboost,1,train,R0128,https://doi.org/10.1002/smll.202512953,1.25,1.3131014108657837
xgboost,1,train,R0129,https://doi.org/10.1002/smll.202512953,1.39,1.3979302644729614
xgboost,1,train,R0130,https://doi.org/10.1002/smll.202512953,1.45,1.3979302644729614
xgboost,1,train,R0131,https://doi.org/10.1002/advs.202522315,1.0,1.01320219039917
xgboost,1,train,R0133,https://doi.org/10.1021/acsaem.5c03033,1.25,1.2759907245635986
xgboost,1,train,R0134,https://doi.org/10.1021/acsanm.5c04476,1.04,1.1088536977767944
xgboost,1,train,R0135,https://doi.org/10.1021/acsanm.5c04476,1.25,1.2448596954345703
xgboost,1,train,R0138,https://doi.org/10.1080/1536383X.2025.2583369,1.3,1.2448583841323853
xgboost,1,train,R0140,https://doi.org/10.1016/j.jcis.2025.139355,0.8,0.8878703117370605
xgboost,1,train,R0141,https://doi.org/10.1016/j.jcis.2025.139355,0.83,0.8878703117370605
xgboost,1,train,R0142,https://doi.org/10.1021/acsnano.5c10218,0.96,0.9316980838775635
xgboost,1,train,R0143,https://doi.org/10.1021/acsnano.5c10218,1.18,1.1645587682724
xgboost,1,train,R0145,https://doi.org/10.1021/acs.langmuir.5c02644,1.1,1.0694212913513184
xgboost,1,train,R0146,https://doi.org/10.1016/j.electacta.2025.146925,1.1,1.170100212097168
xgboost,1,train,R0147,https://doi.org/10.1016/j.jcis.2025.138454,0.89,0.9779729247093201
xgboost,1,train,R0148,https://doi.org/10.1038/s41598-025-11449-1,0.998,0.9316980838775635
xgboost,1,train,R0149,https://doi.org/10.1002/anie.202509132,0.94,0.8878703117370605
xgboost,1,train,R0150,https://doi.org/10.1016/j.jpowsour.2025.237653,1.15,1.1088536977767944
xgboost,1,train,R0151,https://doi.org/10.1021/acs.iecr.5c01518,1.18,1.211944580078125
xgboost,1,train,R0152,https://doi.org/10.1021/acs.iecr.5c01518,1.25,1.2448596954345703
xgboost,1,train,R0153,https://doi.org/10.1016/j.carbon.2025.120482,1.25,1.2209802865982056
xgboost,1,train,R0155,https://doi.org/10.1016/j.jcis.2025.137782,1.36,1.3530572652816772
xgboost,1,train,R0156,https://doi.org/10.1016/j.cej.2025.162908,1.3,1.30173659324646
xgboost,1,train,R0157,https://doi.org/10.1016/j.cej.2025.162908,1.35,1.311063528060913
xgboost,1,train,R0158,https://doi.org/10.1016/j.cej.2025.162908,1.3,1.30173659324646
xgboost,1,train,R0159,https://doi.org/10.1016/j.cej.2025.162420,0.86,0.8887861967086792
xgboost,1,train,R0160,https://doi.org/10.1039/d5nr00300h,0.77,0.8878703117370605
xgboost,1,train,R0161,https://doi.org/10.1039/d5nr00300h,1.29,1.3530572652816772
xgboost,1,train,R0162,https://doi.org/10.1021/jacs.4c15230,1.1,1.170100212097168
xgboost,1,train,R0163,https://doi.org/10.1002/celc.202400626,1.4,1.3530572652816772
xgboost,1,train,R0164,https://doi.org/10.1016/j.esci.2024.100310,1.08,1.0797101259231567
xgboost,1,train,R0165,https://doi.org/10.1016/j.esci.2024.100310,1.1,1.0797101259231567
xgboost,1,train,R0166,https://doi.org/10.1002/smll.202406516,1.2,1.170100212097168
xgboost,1,train,R0167,https://doi.org/10.1002/anie.202418893,1.3,1.3287628889083862
xgboost,1,train,R0168,https://doi.org/10.1016/j.electacta.2024.145384,1.01,0.9779729247093201
xgboost,1,train,R0169,https://doi.org/10.1007/s10008-024-06115-x,1.4,1.3929190635681152
xgboost,1,train,R0170,https://doi.org/10.1002/aenm.202402925,1.4,1.3979302644729614
xgboost,1,train,R0171,https://doi.org/10.1002/aenm.202402925,1.28,1.330525517463684
xgboost,1,train,R0172,https://doi.org/10.1002/aenm.202402925,1.3,1.330525517463684
xgboost,1,train,R0173,https://doi.org/10.1021/acs.energyfuels.4c04356,0.94,0.9316980838775635
xgboost,1,train,R0177,https://doi.org/10.1002/cey2.587,1.35,1.3287628889083862
xgboost,1,train,R0178,https://doi.org/10.1002/cey2.550,1.25,1.2461879253387451
xgboost,1,train,R0179,https://doi.org/10.1039/d4sc03242j,1.1,1.170100212097168
xgboost,1,train,R0180,https://doi.org/10.1016/j.est.2024.112780,1.3,1.284903883934021
xgboost,1,train,R0181,https://doi.org/10.1016/j.est.2024.112780,1.45,1.389728307723999
xgboost,1,train,R0185,https://doi.org/10.1002/adma.202404319,1.2,1.1834667921066284
xgboost,1,train,R0186,https://doi.org/10.1002/adma.202405440,1.4,1.3929190635681152
xgboost,1,train,R0187,https://doi.org/10.1016/j.mtener.2024.101597,1.38,1.389728307723999
xgboost,1,train,R0188,https://doi.org/10.1016/j.jcis.2024.05.144,1.2,1.2436093091964722
xgboost,1,train,R0193,https://doi.org/10.1002/aenm.202303766,0.95,0.9593855738639832
xgboost,1,train,R0194,https://doi.org/10.1002/smtd.202301728,1.22,1.263094425201416
xgboost,1,train,R0195,https://doi.org/10.1002/smtd.202301728,1.32,1.263094425201416
xgboost,1,train,R0196,https://doi.org/10.1016/j.mtcomm.2024.108243,0.84,0.8878703117370605
xgboost,1,train,R0197,https://doi.org/10.1016/j.jallcom.2024.173877,1.11,1.170100212097168
xgboost,1,train,R0198,https://doi.org/10.1016/j.jpowsour.2024.234130,1.05,1.0837490558624268
xgboost,1,train,R0199,https://doi.org/10.1016/j.jpowsour.2024.234130,1.17,1.2209802865982056
xgboost,1,train,R0200,https://doi.org/10.1021/jacs.3c12734,1.12,1.0985163450241089
xgboost,1,test,R0009,https://doi.org/10.1016/j.jallcom.2020.158269,1.0,1.0742169618606567
xgboost,1,test,R0012,https://doi.org/10.1016/j.cej.2021.128403,0.97,0.8878703117370605
xgboost,1,test,R0016,https://doi.org/10.1016/j.jallcom.2020.157945,1.012,0.8878703117370605
xgboost,1,test,R0023,https://doi.org/10.1021/acs.jpcc.1c05456,1.15,1.170100212097168
xgboost,1,test,R0024,https://doi.org/10.1021/acs.jpcc.1c05456,1.2,1.170100212097168
xgboost,1,test,R0025,https://doi.org/10.1021/acs.jpcc.1c05456,1.15,1.170100212097168
xgboost,1,test,R0026,https://doi.org/10.1039/d0cc05980c,1.2,1.1645587682724
xgboost,1,test,R0031,https://doi.org/10.1002/ente.201901257,1.15,1.1840671300888062
xgboost,1,test,R0032,https://doi.org/10.1002/ente.201901257,1.2,1.1840671300888062
xgboost,1,test,R0039,https://dx.doi.org/10.1021/acsami.9b21904,1.3,1.3603384494781494
xgboost,1,test,R0040,https://doi.org/10.1007/s11581-021-04046-5,0.9,0.8878703117370605
xgboost,1,test,R0054,https://doi.org/10.1016/S1872‐2067(23)64409‐2,1.1,1.113696575164795
xgboost,1,test,R0055,https://doi.org/10.1016/S1872‐2067(23)64409‐2,1.15,1.113696575164795
xgboost,1,test,R0056,https://doi.org/10.1016/j.jallcom.2023.170130,1.29,1.2056676149368286
xgboost,1,test,R0080,https://doi.org/10.1016/j.est.2023.107329,1.01,0.9891941547393799
xgboost,1,test,R0086,https://doi.org/10.1016/j.est.2023.109342,1.35,1.389728307723999
xgboost,1,test,R0087,https://doi.org/10.1016/j.est.2023.109342,1.5,1.389728307723999
xgboost,1,test,R0088,https://doi.org/10.1016/j.est.2023.109342,1.4,1.389728307723999
xgboost,1,test,R0089,https://doi.org/10.1016/j.jcis.2022.12.148,1.28,1.3287628889083862
xgboost,1,test,R0090,https://doi.org/10.1016/j.cej.2022.139524,1.22,1.170924425125122
xgboost,1,test,R0094,https://doi.org/10.1016/j.electacta.2022.140894,1.05,1.170100212097168
xgboost,1,test,R0111,https://doi.org/10.1016/j.apcatb.2022.122203,1.25,1.3287628889083862
xgboost,1,test,R0114,https://doi.org/10.1016/j.compositesb.2022.109727,1.1,1.170100212097168
xgboost,1,test,R0115,https://doi.org/10.1016/j.ensm.2022.05.029,1.14,1.170924425125122
xgboost,1,test,R0126,https://doi.org/10.1016/j.jcis.2026.140244,1.04,1.0098137855529785
xgboost,1,test,R0132,https://doi.org/10.1016/j.electacta.2025.147671,1.15,1.1242448091506958
xgboost,1,test,R0136,https://doi.org/10.1088/2631-6331/ae1925,1.3,1.3530572652816772
xgboost,1,test,R0137,https://doi.org/10.1002/anie.202521423,1.2,1.2209802865982056
xgboost,1,test,R0139,https://doi.org/10.1002/anie.202520097,1.2,1.1645587682724
xgboost,1,test,R0144,https://doi.org/10.1002/aoc.70327,1.41,1.3530572652816772
xgboost,1,test,R0154,https://doi.org/10.1093/nsr/nwaf145,1.24,1.1645587682724
xgboost,1,test,R0174,https://doi.org/10.1002/smll.202406525,1.25,1.2056676149368286
xgboost,1,test,R0175,https://doi.org/10.1016/j.jpowsour.2024.235394,0.95,0.9593855738639832
xgboost,1,test,R0176,https://doi.org/10.1016/j.jpowsour.2024.235394,1.0,1.1088536977767944
xgboost,1,test,R0182,https://doi.org/10.1016/j.jcis.2024.06.137,1.25,1.2401409149169922
xgboost,1,test,R0183,https://doi.org/10.1016/j.jcis.2024.06.137,1.4,1.4115421772003174
xgboost,1,test,R0184,https://doi.org/10.1016/j.jcis.2024.06.137,1.45,1.4115421772003174
xgboost,1,test,R0189,https://doi.org/10.1016/j.ijoes.2024.100602,1.3,1.2209802865982056
xgboost,1,test,R0190,https://doi.org/10.1016/j.jechem.2024.01.076,1.3,1.2448596954345703
xgboost,1,test,R0191,https://doi.org/10.1016/j.jechem.2024.01.076,1.25,1.2448596954345703
xgboost,1,test,R0192,https://doi.org/10.1016/j.jechem.2024.01.076,1.25,1.2407469749450684
xgboost,2,train,R0003,https://doi.org/10.1016/j.apcatb.2019.118283,1.27,1.304695725440979
xgboost,2,train,R0007,https://doi.org/10.1016/j.jallcom.2019.152736,1.35,1.2605105638504028
xgboost,2,train,R0008,https://doi.org/10.1016/j.jallcom.2020.153803,1.25,1.2392535209655762
xgboost,2,train,R0009,https://doi.org/10.1016/j.jallcom.2020.158269,1.0,1.0076838731765747
xgboost,2,train,R0010,https://doi.org/10.1016/j.cej.2020.124294,1.35,1.3871421813964844
xgboost,2,train,R0011,https://doi.org/10.1016/j.cej.2020.124294,1.4,1.3871421813964844
xgboost,2,train,R0012,https://doi.org/10.1016/j.cej.2021.128403,0.97,0.8940733671188354
xgboost,2,train,R0013,http://dx.doi.org/10.1016/j.jelechem.2020.114124,1.25,1.2833551168441772
xgboost,2,train,R0014,https://doi.org/10.1016/j.jechem.2020.07.053,0.98,1.0164613723754883
xgboost,2,train,R0015,https://doi.org/10.1016/j.flatc.2020.100221,1.25,1.257071852684021
xgboost,2,train,R0016,https://doi.org/10.1016/j.jallcom.2020.157945,1.012,0.8940733671188354
xgboost,2,train,R0017,https://doi.org/10.1016/j.jallcom.2020.154054,0.82,0.8940733671188354
xgboost,2,train,R0019,https://doi.org/10.1016/j.jallcom.2020.157656,1.4,1.396174669265747
xgboost,2,train,R0020,https://doi.org/10.1002/aenm.202100110,0.95,0.9814913272857666
xgboost,2,train,R0023,https://doi.org/10.1021/acs.jpcc.1c05456,1.15,1.1584358215332031
xgboost,2,train,R0024,https://doi.org/10.1021/acs.jpcc.1c05456,1.2,1.1584358215332031
xgboost,2,train,R0025,https://doi.org/10.1021/acs.jpcc.1c05456,1.15,1.1584358215332031
xgboost,2,train,R0026,https://doi.org/10.1039/d0cc05980c,1.2,1.1723695993423462
xgboost,2,train,R0027,https://doi.org/10.1039/d0nr00866d,1.5,1.4431710243225098
xgboost,2,train,R0028,https://doi.org/10.1039/d0ta09195b,1.05,1.0740578174591064
xgboost,2,train,R0029,https://doi.org/10.1039/d1ta00538c,1.3,1.2280490398406982
xgboost,2,train,R0030,https://doi.org/10.1039/d1ta04830a,1.05,1.0558005571365356
xgboost,2,train,R0031,https://doi.org/10.1002/ente.201901257,1.15,1.1792303323745728
xgboost,2,train,R0032,https://doi.org/10.1002/ente.201901257,1.2,1.1792303323745728
xgboost,2,train,R0033,https://dx.doi.org/10.1021/acsaem.0c01691,1.35,1.3384047746658325
xgboost,2,train,R0034,https://dx.doi.org/10.1021/acsnano.9b09646,1.45,1.4070380926132202
xgboost,2,train,R0035,https://dx.doi.org/10.1021/acsami.0c02087,1.15,1.1220070123672485
xgboost,2,train,R0036,https://doi.org/10.1002/er.7342,1.21,1.2091989517211914
xgboost,2,train,R0038,https://doi.org/10.1021/acsami.1c08720,0.84,0.9365366101264954
xgboost,2,train,R0039,https://dx.doi.org/10.1021/acsami.9b21904,1.3,1.3384047746658325
xgboost,2,train,R0040,https://doi.org/10.1007/s11581-021-04046-5,0.9,0.8940733671188354
xgboost,2,train,R0041,https://doi.org/10.1007/s40242-020-0077-3,1.15,1.2091989517211914
xgboost,2,train,R0042,https://doi.org/10.1002/smll.202105752,1.4,1.396174669265747
xgboost,2,train,R0043,https://doi.org/10.1002/smll.202105752,1.25,1.2567514181137085
xgboost,2,train,R0047,https://doi.org/10.1002/aenm.202200791,1.0,0.9977038502693176
xgboost,2,train,R0048,https://doi.org/10.1002/aenm.202103910,1.0,0.9977038502693176
xgboost,2,train,R0049,https://doi.org/10.1016/j.apcatb.2022.121844,0.92,0.9308952689170837
xgboost,2,train,R0050,https://doi.org/10.1002/aenm.202203660,1.33,1.3066927194595337
xgboost,2,train,R0051,https://doi.org/10.1016/j.ensm.2023.102874,1.21,1.1933003664016724
xgboost,2,train,R0052,https://doi.org/10.1016/j.ensm.2023.102989,1.1,1.1220070123672485
xgboost,2,train,R0054,https://doi.org/10.1016/S1872‐2067(23)64409‐2,1.1,1.1220070123672485
xgboost,2,train,R0055,https://doi.org/10.1016/S1872‐2067(23)64409‐2,1.15,1.1220070123672485
xgboost,2,train,R0056,https://doi.org/10.1016/j.jallcom.2023.170130,1.29,1.2091989517211914
xgboost,2,train,R0058,https://doi.org/10.1016/j.electacta.2023.142096,0.99,0.982983410358429
xgboost,2,train,R0059,https://doi.org/10.1016/j.electacta.2022.140147,1.11,1.1104848384857178
xgboost,2,train,R0060,https://doi.org/10.1021/acsami.1c22643,1.0,1.0207101106643677
xgboost,2,train,R0061,https://doi.org/10.1016/j.jelechem.2022.116810,1.15,1.1723695993423462
xgboost,2,train,R0062,https://doi.org/10.1002/slct.202200870,1.04,0.8940733671188354
xgboost,2,train,R0063,https://doi.org/10.1002/slct.202200870,1.1,1.0867266654968262
xgboost,2,train,R0064,https://doi.org/10.1002/slct.202200870,1.11,1.1104848384857178
xgboost,2,train,R0065,https://doi.org/10.1016/j.cej.2023.146775,1.0,1.0018131732940674
xgboost,2,train,R0066,https://www.pnas.org/lookup/suppl/doi:10.1073/pnas.2301439120/-/DCSupplemental.,1.11,1.109946846961975
xgboost,2,train,R0067,https://doi.org/10.3390/nano12142386,1.2,1.1815285682678223
xgboost,2,train,R0068,https://doi.org/10.1021/acsami.2c19975,1.03,1.0223405361175537
xgboost,2,train,R0069,https://doi.org/10.1021/acsami.2c19975,1.38,1.376927137374878
xgboost,2,train,R0071,https://doi.org/10.1039/d2ta07061h,1.34,1.3945916891098022
xgboost,2,train,R0072,https://doi.org/10.1016/j.ijhydene.2023.12.023,1.4,1.3968321084976196
xgboost,2,train,R0074,https://doi.org/10.1002/smll.202204836,1.25,1.2280490398406982
xgboost,2,train,R0075,https://doi.org/10.1002/smll.202204836,1.18,1.1104848384857178
xgboost,2,train,R0076,https://doi.org/10.1002/admi.202102110,0.98,0.9651464223861694
xgboost,2,train,R0077,https://doi.org/10.1002/admi.202102110,1.04,1.0867266654968262
xgboost,2,train,R0080,https://doi.org/10.1016/j.est.2023.107329,1.01,1.0084065198898315
xgboost,2,train,R0081,https://doi.org/10.1021/acs.jpcc.3c01042,1.2,1.1584358215332031
xgboost,2,train,R0082,https://doi.org/10.1021/acs.jpcc.3c01042,1.25,1.1584358215332031
xgboost,2,train,R0083,https://doi.org/10.1021/acs.jpcc.3c01042,1.25,1.1584358215332031
xgboost,2,train,R0084,https://doi.org/10.1021/acsami.3c01599,1.17,1.2091989517211914
xgboost,2,train,R0085,https://doi.org/10.1021/jacs.2c11676,1.05,1.0867266654968262
xgboost,2,train,R0086,https://doi.org/10.1016/j.est.2023.109342,1.35,1.3968321084976196
xgboost,2,train,R0087,https://doi.org/10.1016/j.est.2023.109342,1.5,1.3968321084976196
xgboost,2,train,R0088,https://doi.org/10.1016/j.est.2023.109342,1.4,1.3968321084976196
xgboost,2,train,R0089,https://doi.org/10.1016/j.jcis.2022.12.148,1.28,1.3066927194595337
xgboost,2,train,R0090,https://doi.org/10.1016/j.cej.2022.139524,1.22,1.1815285682678223
xgboost,2,train,R0091,https://doi.org/10.1039/d1qi01260f,1.23,1.1723695993423462
xgboost,2,train,R0092,https://doi.org/10.1016/j.carbon.2022.04.080,1.32,1.3066927194595337
xgboost,2,train,R0094,https://doi.org/10.1016/j.electacta.2022.140894,1.05,1.1584358215332031
xgboost,2,train,R0095,https://doi.org/10.1002/smll.202206611,0.98,1.0164613723754883
xgboost,2,train,R0096,https://doi.org/10.1002/adsu.202300510,0.95,0.9763243198394775
xgboost,2,train,R0097,https://doi.org/10.1002/adsu.202300510,1.2,1.2091989517211914
xgboost,2,train,R0098,https://doi.org/10.1002/adsu.202300510,1.25,1.2091989517211914
xgboost,2,train,R0100,https://doi.org/10.1021/acscatal.2c02544,1.15,1.2091989517211914
xgboost,2,train,R0101,https://doi.org/10.1021/acscatal.2c02544,1.15,1.2091989517211914
xgboost,2,train,R0102,https://www.science.org/doi/10.1126/sciadv.abq6261,1.2,1.1584358215332031
xgboost,2,train,R0103,https://doi.org/10.1007/s12274-022-5330-2,1.2,1.1723695993423462
xgboost,2,train,R0104,https://doi.org/10.1007/s12274-022-5330-2,1.15,1.1220070123672485
xgboost,2,train,R0105,https://doi.org/10.1007/s12274-022-5330-2,1.1,1.1723695993423462
xgboost,2,train,R0106,https://doi.org/10.1007/s12274-022-5330-2,1.08,1.1220070123672485
xgboost,2,train,R0107,https://doi.org/10.1016/j.ensm.2023.102829,1.2,1.216356635093689
xgboost,2,train,R0109,https://doi.org/10.1002/smll.202302598,1.25,1.2567514181137085
xgboost,2,train,R0110,https://doi.org/10.1002/adma.202106436,1.2,1.2105815410614014
xgboost,2,train,R0111,https://doi.org/10.1016/j.apcatb.2022.122203,1.25,1.3066927194595337
xgboost,2,train,R0114,https://doi.org/10.1016/j.compositesb.2022.109727,1.1,1.1584358215332031
xgboost,2,train,R0115,https://doi.org/10.1016/j.ensm.2022.05.029,1.14,1.1815285682678223
xgboost,2,train,R0118,https://doi.org/10.1002/smll.202106707,1.42,1.3945916891098022
xgboost,2,train,R0123,https://doi.org/10.1021/acs.nanolett.3c03025,1.1,1.1723695993423462
xgboost,2,train,R0124,https://doi.org/10.1021/acs.nanolett.3c03025,1.15,1.1723695993423462
xgboost,2,train,R0126,https://doi.org/10.1016/j.jcis.2026.140244,1.04,1.0207101106643677
xgboost,2,train,R0127,https://doi.org/10.1016/j.jechem.2026.01.056,1.25,1.2429909706115723
xgboost,2,train,R0128,https://doi.org/10.1002/smll.202512953,1.25,1.3030476570129395
xgboost,2,train,R0129,https://doi.org/10.1002/smll.202512953,1.39,1.3961647748947144
xgboost,2,train,R0130,https://doi.org/10.1002/smll.202512953,1.45,1.3961647748947144
xgboost,2,train,R0132,https://doi.org/10.1016/j.electacta.2025.147671,1.15,1.1382384300231934
xgboost,2,train,R0134,https://doi.org/10.1021/acsanm.5c04476,1.04,1.1104848384857178
xgboost,2,train,R0135,https://doi.org/10.1021/acsanm.5c04476,1.25,1.2567514181137085
xgboost,2,train,R0136,https://doi.org/10.1088/2631-6331/ae1925,1.3,1.3484079837799072
xgboost,2,train,R0137,https://doi.org/10.1002/anie.202521423,1.2,1.2280490398406982
xgboost,2,train,R0139,https://doi.org/10.1002/anie.202520097,1.2,1.1723695993423462
xgboost,2,train,R0140,https://doi.org/10.1016/j.jcis.2025.139355,0.8,0.8940733671188354
xgboost,2,train,R0141,https://doi.org/10.1016/j.jcis.2025.139355,0.83,0.8940733671188354
xgboost,2,train,R0142,https://doi.org/10.1021/acsnano.5c10218,0.96,0.9365366101264954
xgboost,2,train,R0143,https://doi.org/10.1021/acsnano.5c10218,1.18,1.1723695993423462
xgboost,2,train,R0144,https://doi.org/10.1002/aoc.70327,1.41,1.3484079837799072
xgboost,2,train,R0145,https://doi.org/10.1021/acs.langmuir.5c02644,1.1,1.0740578174591064
xgboost,2,train,R0146,https://doi.org/10.1016/j.electacta.2025.146925,1.1,1.1584358215332031
xgboost,2,train,R0148,https://doi.org/10.1038/s41598-025-11449-1,0.998,0.9365366101264954
xgboost,2,train,R0149,https://doi.org/10.1002/anie.202509132,0.94,0.8940733671188354
xgboost,2,train,R0150,https://doi.org/10.1016/j.jpowsour.2025.237653,1.15,1.1104848384857178
xgboost,2,train,R0151,https://doi.org/10.1021/acs.iecr.5c01518,1.18,1.2134208679199219
xgboost,2,train,R0152,https://doi.org/10.1021/acs.iecr.5c01518,1.25,1.2567514181137085
xgboost,2,train,R0154,https://doi.org/10.1093/nsr/nwaf145,1.24,1.1723695993423462
xgboost,2,train,R0155,https://doi.org/10.1016/j.jcis.2025.137782,1.36,1.3484079837799072
xgboost,2,train,R0156,https://doi.org/10.1016/j.cej.2025.162908,1.3,1.3058078289031982
xgboost,2,train,R0157,https://doi.org/10.1016/j.cej.2025.162908,1.35,1.304695725440979
xgboost,2,train,R0158,https://doi.org/10.1016/j.cej.2025.162908,1.3,1.3058078289031982
xgboost,2,train,R0159,https://doi.org/10.1016/j.cej.2025.162420,0.86,0.8851460814476013
xgboost,2,train,R0160,https://doi.org/10.1039/d5nr00300h,0.77,0.8940733671188354
xgboost,2,train,R0161,https://doi.org/10.1039/d5nr00300h,1.29,1.3484079837799072
xgboost,2,train,R0162,https://doi.org/10.1021/jacs.4c15230,1.1,1.1584358215332031
xgboost,2,train,R0163,https://doi.org/10.1002/celc.202400626,1.4,1.3484079837799072
xgboost,2,train,R0164,https://doi.org/10.1016/j.esci.2024.100310,1.08,1.0867266654968262
xgboost,2,train,R0165,https://doi.org/10.1016/j.esci.2024.100310,1.1,1.0867266654968262
xgboost,2,train,R0166,https://doi.org/10.1002/smll.202406516,1.2,1.1584358215332031
xgboost,2,train,R0167,https://doi.org/10.1002/anie.202418893,1.3,1.3066927194595337
xgboost,2,train,R0168,https://doi.org/10.1016/j.electacta.2024.145384,1.01,0.9814913272857666
xgboost,2,train,R0169,https://doi.org/10.1007/s10008-024-06115-x,1.4,1.3576781749725342
xgboost,2,train,R0170,https://doi.org/10.1002/aenm.202402925,1.4,1.3961647748947144
xgboost,2,train,R0171,https://doi.org/10.1002/aenm.202402925,1.28,1.2898136377334595
xgboost,2,train,R0172,https://doi.org/10.1002/aenm.202402925,1.3,1.2898136377334595
xgboost,2,train,R0173,https://doi.org/10.1021/acs.energyfuels.4c04356,0.94,0.9365366101264954
xgboost,2,train,R0174,https://doi.org/10.1002/smll.202406525,1.25,1.2091989517211914
xgboost,2,train,R0175,https://doi.org/10.1016/j.jpowsour.2024.235394,0.95,0.9573460221290588
xgboost,2,train,R0176,https://doi.org/10.1016/j.jpowsour.2024.235394,1.0,1.1104848384857178
xgboost,2,train,R0177,https://doi.org/10.1002/cey2.587,1.35,1.3066927194595337
xgboost,2,train,R0178,https://doi.org/10.1002/cey2.550,1.25,1.2346088886260986
xgboost,2,train,R0179,https://doi.org/10.1039/d4sc03242j,1.1,1.1584358215332031
xgboost,2,train,R0180,https://doi.org/10.1016/j.est.2024.112780,1.3,1.2830196619033813
xgboost,2,train,R0181,https://doi.org/10.1016/j.est.2024.112780,1.45,1.3968321084976196
xgboost,2,train,R0182,https://doi.org/10.1016/j.jcis.2024.06.137,1.25,1.2389668226242065
xgboost,2,train,R0183,https://doi.org/10.1016/j.jcis.2024.06.137,1.4,1.4070380926132202
xgboost,2,train,R0184,https://doi.org/10.1016/j.jcis.2024.06.137,1.45,1.4070380926132202
xgboost,2,train,R0186,https://doi.org/10.1002/adma.202405440,1.4,1.3576781749725342
xgboost,2,train,R0187,https://doi.org/10.1016/j.mtener.2024.101597,1.38,1.3968321084976196
xgboost,2,train,R0188,https://doi.org/10.1016/j.jcis.2024.05.144,1.2,1.2605105638504028
xgboost,2,train,R0189,https://doi.org/10.1016/j.ijoes.2024.100602,1.3,1.2280490398406982
xgboost,2,train,R0190,https://doi.org/10.1016/j.jechem.2024.01.076,1.3,1.2567514181137085
xgboost,2,train,R0191,https://doi.org/10.1016/j.jechem.2024.01.076,1.25,1.2567514181137085
xgboost,2,train,R0192,https://doi.org/10.1016/j.jechem.2024.01.076,1.25,1.2496429681777954
xgboost,2,train,R0194,https://doi.org/10.1002/smtd.202301728,1.22,1.2589551210403442
xgboost,2,train,R0195,https://doi.org/10.1002/smtd.202301728,1.32,1.2589551210403442
xgboost,2,train,R0196,https://doi.org/10.1016/j.mtcomm.2024.108243,0.84,0.8940733671188354
xgboost,2,train,R0197,https://doi.org/10.1016/j.jallcom.2024.173877,1.11,1.1584358215332031
xgboost,2,train,R0198,https://doi.org/10.1016/j.jpowsour.2024.234130,1.05,1.0749845504760742
xgboost,2,train,R0199,https://doi.org/10.1016/j.jpowsour.2024.234130,1.17,1.2280490398406982
xgboost,2,train,R0200,https://doi.org/10.1021/jacs.3c12734,1.12,1.0975017547607422
xgboost,2,test,R0001,https://doi.org/10.1016/j.electacta.2020.137645,1.3,1.2898117303848267
xgboost,2,test,R0002,https://doi.org/10.1016/j.electacta.2020.137645,1.5,1.3576781749725342
xgboost,2,test,R0004,https://doi.org/10.1016/j.ssi.2021.115773,1.1,1.1584358215332031
xgboost,2,test,R0005,https://doi.org/10.1016/j.ssi.2021.115773,1.4,1.3945916891098022
xgboost,2,test,R0006,https://doi.org/10.1016/j.jpowsour.2021.230374,1.24,1.2091989517211914
xgboost,2,test,R0018,https://doi.org/10.1016/j.jpowsour.2020.228362,1.35,1.3030476570129395
xgboost,2,test,R0021,https://doi.org/10.1002/anie.202110116,1.4,1.2898136377334595
xgboost,2,test,R0022,https://doi.org/10.1002/anie.202110116,1.3,1.2898136377334595
xgboost,2,test,R0037,https://doi.org/10.1002/er.6806,1.0,1.011557698249817
xgboost,2,test,R0044,https://dx.doi.org/10.1021/acscatal.0c02608,1.35,1.3384047746658325
xgboost,2,test,R0045,https://doi.org/10.1021/acsaem.1c01572,1.1,1.0231081247329712
xgboost,2,test,R0046,https://doi.org/10.1021/acsaem.1c01572,1.3,1.2898136377334595
xgboost,2,test,R0053,https://doi.org/10.1016/j.ensm.2022.07.026,1.1,1.046118974685669
xgboost,2,test,R0057,https://doi.org/10.1002/smll.202205532,1.08,0.9814913272857666
xgboost,2,test,R0070,https://doi.org/10.1016/j.cej.2022.136852,1.06,0.8940733671188354
xgboost,2,test,R0073,https://doi.org/10.1016/j.jelechem.2022.116356,1.3,1.3066927194595337
xgboost,2,test,R0078,https://doi.org/10.1016/j.cej.2022.137684,1.29,1.376927137374878
xgboost,2,test,R0079,https://doi.org/10.1016/j.cej.2022.137684,1.41,1.2898136377334595
xgboost,2,test,R0093,https://doi.org/10.1016/j.jallcom.2022.163703,1.09,0.976919412612915
xgboost,2,test,R0099,https://doi.org/10.1021/acsami.2c19975,1.38,1.376927137374878
xgboost,2,test,R0108,https://doi.org/10.1016/j.cej.2022.138462,1.17,1.1815285682678223
xgboost,2,test,R0112,https://doi.org/10.1021/acsnano.3c05782,1.12,1.1382384300231934
xgboost,2,test,R0113,https://doi.org/10.1039/d2ta03604e,0.85,0.8940733671188354
xgboost,2,test,R0116,https://doi.org/10.1016/j.cej.2023.143351,1.23,1.2233253717422485
xgboost,2,test,R0117,https://doi.org/10.1002/adfm.202209876,1.18,1.2804813385009766
xgboost,2,test,R0119,https://doi.org/10.1021/acsaem.3c02592,0.98,1.1104848384857178
xgboost,2,test,R0120,https://doi.org/10.1002/aenm.202204057,1.3,1.304695725440979
xgboost,2,test,R0121,https://doi.org/10.1002/aenm.202204057,1.4,1.4070380926132202
xgboost,2,test,R0122,https://doi.org/10.1002/aenm.202204057,1.5,1.396174669265747
xgboost,2,test,R0125,https://sioc-journal.cn/Jwk_hxxb/EN/10.6023/A22050206,1.08,1.1220070123672485
xgboost,2,test,R0131,https://doi.org/10.1002/advs.202522315,1.0,1.0164613723754883
xgboost,2,test,R0133,https://doi.org/10.1021/acsaem.5c03033,1.25,1.2875969409942627
xgboost,2,test,R0138,https://doi.org/10.1080/1536383X.2025.2583369,1.3,1.2264480590820312
xgboost,2,test,R0147,https://doi.org/10.1016/j.jcis.2025.138454,0.89,0.9814913272857666
xgboost,2,test,R0153,https://doi.org/10.1016/j.carbon.2025.120482,1.25,1.2280490398406982
xgboost,2,test,R0185,https://doi.org/10.1002/adma.202404319,1.2,1.0048760175704956
xgboost,2,test,R0193,https://doi.org/10.1002/aenm.202303766,0.95,0.9573460221290588
xgboost,3,train,R0001,https://doi.org/10.1016/j.electacta.2020.137645,1.3,1.3018516302108765
xgboost,3,train,R0002,https://doi.org/10.1016/j.electacta.2020.137645,1.5,1.4021806716918945
xgboost,3,train,R0003,https://doi.org/10.1016/j.apcatb.2019.118283,1.27,1.3061670064926147
xgboost,3,train,R0004,https://doi.org/10.1016/j.ssi.2021.115773,1.1,1.1541250944137573
xgboost,3,train,R0005,https://doi.org/10.1016/j.ssi.2021.115773,1.4,1.4002950191497803
xgboost,3,train,R0006,https://doi.org/10.1016/j.jpowsour.2021.230374,1.24,1.2485705614089966
xgboost,3,train,R0009,https://doi.org/10.1016/j.jallcom.2020.158269,1.0,1.0161032676696777
xgboost,3,train,R0010,https://doi.org/10.1016/j.cej.2020.124294,1.35,1.3834737539291382
xgboost,3,train,R0011,https://doi.org/10.1016/j.cej.2020.124294,1.4,1.3834737539291382
xgboost,3,train,R0012,https://doi.org/10.1016/j.cej.2021.128403,0.97,0.9256429076194763
xgboost,3,train,R0013,http://dx.doi.org/10.1016/j.jelechem.2020.114124,1.25,1.278835654258728
xgboost,3,train,R0014,https://doi.org/10.1016/j.jechem.2020.07.053,0.98,1.0296334028244019
xgboost,3,train,R0015,https://doi.org/10.1016/j.flatc.2020.100221,1.25,1.223740577697754
xgboost,3,train,R0016,https://doi.org/10.1016/j.jallcom.2020.157945,1.012,0.9256429076194763
xgboost,3,train,R0018,https://doi.org/10.1016/j.jpowsour.2020.228362,1.35,1.3555428981781006
xgboost,3,train,R0021,https://doi.org/10.1002/anie.202110116,1.4,1.327636480331421
xgboost,3,train,R0022,https://doi.org/10.1002/anie.202110116,1.3,1.327636480331421
xgboost,3,train,R0023,https://doi.org/10.1021/acs.jpcc.1c05456,1.15,1.1541250944137573
xgboost,3,train,R0024,https://doi.org/10.1021/acs.jpcc.1c05456,1.2,1.1541250944137573
xgboost,3,train,R0025,https://doi.org/10.1021/acs.jpcc.1c05456,1.15,1.1541250944137573
xgboost,3,train,R0026,https://doi.org/10.1039/d0cc05980c,1.2,1.1833200454711914
xgboost,3,train,R0028,https://doi.org/10.1039/d0ta09195b,1.05,1.0712766647338867
xgboost,3,train,R0029,https://doi.org/10.1039/d1ta00538c,1.3,1.229315161705017
xgboost,3,train,R0030,https://doi.org/10.1039/d1ta04830a,1.05,1.046831727027893
xgboost,3,train,R0031,https://doi.org/10.1002/ente.201901257,1.15,1.1653879880905151
xgboost,3,train,R0032,https://doi.org/10.1002/ente.201901257,1.2,1.1653879880905151
xgboost,3,train,R0033,https://dx.doi.org/10.1021/acsaem.0c01691,1.35,1.3361650705337524
xgboost,3,train,R0034,https://dx.doi.org/10.1021/acsnano.9b09646,1.45,1.4209718704223633
xgboost,3,train,R0035,https://dx.doi.org/10.1021/acsami.0c02087,1.15,1.1163511276245117
xgboost,3,train,R0037,https://doi.org/10.1002/er.6806,1.0,1.0061321258544922
xgboost,3,train,R0039,https://dx.doi.org/10.1021/acsami.9b21904,1.3,1.3361650705337524
xgboost,3,train,R0040,https://doi.org/10.1007/s11581-021-04046-5,0.9,0.9256429076194763
xgboost,3,train,R0042,https://doi.org/10.1002/smll.202105752,1.4,1.4146381616592407
xgboost,3,train,R0043,https://doi.org/10.1002/smll.202105752,1.25,1.2559599876403809
xgboost,3,train,R0044,https://dx.doi.org/10.1021/acscatal.0c02608,1.35,1.3361650705337524
xgboost,3,train,R0045,https://doi.org/10.1021/acsaem.1c01572,1.1,1.0812208652496338
xgboost,3,train,R0046,https://doi.org/10.1021/acsaem.1c01572,1.3,1.327636480331421
xgboost,3,train,R0047,https://doi.org/10.1002/aenm.202200791,1.0,0.9971362948417664
xgboost,3,train,R0048,https://doi.org/10.1002/aenm.202103910,1.0,0.9971362948417664
xgboost,3,train,R0049,https://doi.org/10.1016/j.apcatb.2022.121844,0.92,0.9441999793052673
xgboost,3,train,R0051,https://doi.org/10.1016/j.ensm.2023.102874,1.21,1.1898372173309326
xgboost,3,train,R0052,https://doi.org/10.1016/j.ensm.2023.102989,1.1,1.1163511276245117
xgboost,3,train,R0053,https://doi.org/10.1016/j.ensm.2022.07.026,1.1,1.0785984992980957
xgboost,3,train,R0054,https://doi.org/10.1016/S1872‐2067(23)64409‐2,1.1,1.1163511276245117
xgboost,3,train,R0055,https://doi.org/10.1016/S1872‐2067(23)64409‐2,1.15,1.1163511276245117
xgboost,3,train,R0056,https://doi.org/10.1016/j.jallcom.2023.170130,1.29,1.2485705614089966
xgboost,3,train,R0057,https://doi.org/10.1002/smll.202205532,1.08,0.9959606528282166
xgboost,3,train,R0058,https://doi.org/10.1016/j.electacta.2023.142096,0.99,0.9799789786338806
xgboost,3,train,R0059,https://doi.org/10.1016/j.electacta.2022.140147,1.11,1.0837360620498657
xgboost,3,train,R0061,https://doi.org/10.1016/j.jelechem.2022.116810,1.15,1.1833200454711914
xgboost,3,train,R0062,https://doi.org/10.1002/slct.202200870,1.04,0.9256429076194763
xgboost,3,train,R0063,https://doi.org/10.1002/slct.202200870,1.1,1.0758922100067139
xgboost,3,train,R0064,https://doi.org/10.1002/slct.202200870,1.11,1.0837360620498657
xgboost,3,train,R0065,https://doi.org/10.1016/j.cej.2023.146775,1.0,0.9994338750839233
xgboost,3,train,R0066,https://www.pnas.org/lookup/suppl/doi:10.1073/pnas.2301439120/-/DCSupplemental.,1.11,1.111337661743164
xgboost,3,train,R0067,https://doi.org/10.3390/nano12142386,1.2,1.1884090900421143
xgboost,3,train,R0068,https://doi.org/10.1021/acsami.2c19975,1.03,1.0278335809707642
xgboost,3,train,R0069,https://doi.org/10.1021/acsami.2c19975,1.38,1.3524690866470337
xgboost,3,train,R0070,https://doi.org/10.1016/j.cej.2022.136852,1.06,0.9256429076194763
xgboost,3,train,R0072,https://doi.org/10.1016/j.ijhydene.2023.12.023,1.4,1.3999385833740234
xgboost,3,train,R0073,https://doi.org/10.1016/j.jelechem.2022.116356,1.3,1.2981352806091309
xgboost,3,train,R0076,https://doi.org/10.1002/admi.202102110,0.98,0.9556244015693665
xgboost,3,train,R0077,https://doi.org/10.1002/admi.202102110,1.04,1.0758922100067139
xgboost,3,train,R0078,https://doi.org/10.1016/j.cej.2022.137684,1.29,1.3524690866470337
xgboost,3,train,R0079,https://doi.org/10.1016/j.cej.2022.137684,1.41,1.327636480331421
xgboost,3,train,R0080,https://doi.org/10.1016/j.est.2023.107329,1.01,1.0030839443206787
xgboost,3,train,R0081,https://doi.org/10.1021/acs.jpcc.3c01042,1.2,1.1541250944137573
xgboost,3,train,R0082,https://doi.org/10.1021/acs.jpcc.3c01042,1.25,1.1541250944137573
xgboost,3,train,R0083,https://doi.org/10.1021/acs.jpcc.3c01042,1.25,1.1541250944137573
xgboost,3,train,R0085,https://doi.org/10.1021/jacs.2c11676,1.05,1.0758922100067139
xgboost,3,train,R0086,https://doi.org/10.1016/j.est.2023.109342,1.35,1.3999385833740234
xgboost,3,train,R0087,https://doi.org/10.1016/j.est.2023.109342,1.5,1.3999385833740234
xgboost,3,train,R0088,https://doi.org/10.1016/j.est.2023.109342,1.4,1.3999385833740234
xgboost,3,train,R0089,https://doi.org/10.1016/j.jcis.2022.12.148,1.28,1.2981352806091309
xgboost,3,train,R0090,https://doi.org/10.1016/j.cej.2022.139524,1.22,1.1884090900421143
xgboost,3,train,R0092,https://doi.org/10.1016/j.carbon.2022.04.080,1.32,1.2981352806091309
xgboost,3,train,R0093,https://doi.org/10.1016/j.jallcom.2022.163703,1.09,1.0756866931915283
xgboost,3,train,R0094,https://doi.org/10.1016/j.electacta.2022.140894,1.05,1.1541250944137573
xgboost,3,train,R0096,https://doi.org/10.1002/adsu.202300510,0.95,0.9595740437507629
xgboost,3,train,R0097,https://doi.org/10.1002/adsu.202300510,1.2,1.2485705614089966
xgboost,3,train,R0098,https://doi.org/10.1002/adsu.202300510,1.25,1.2485705614089966
xgboost,3,train,R0099,https://doi.org/10.1021/acsami.2c19975,1.38,1.3524690866470337
xgboost,3,train,R0103,https://doi.org/10.1007/s12274-022-5330-2,1.2,1.1833200454711914
xgboost,3,train,R0104,https://doi.org/10.1007/s12274-022-5330-2,1.15,1.1163511276245117
xgboost,3,train,R0105,https://doi.org/10.1007/s12274-022-5330-2,1.1,1.1833200454711914
xgboost,3,train,R0106,https://doi.org/10.1007/s12274-022-5330-2,1.08,1.1163511276245117
xgboost,3,train,R0107,https://doi.org/10.1016/j.ensm.2023.102829,1.2,1.224312424659729
xgboost,3,train,R0108,https://doi.org/10.1016/j.cej.2022.138462,1.17,1.1884090900421143
xgboost,3,train,R0109,https://doi.org/10.1002/smll.202302598,1.25,1.2559599876403809
xgboost,3,train,R0110,https://doi.org/10.1002/adma.202106436,1.2,1.2117431163787842
xgboost,3,train,R0111,https://doi.org/10.1016/j.apcatb.2022.122203,1.25,1.2981352806091309
xgboost,3,train,R0112,https://doi.org/10.1021/acsnano.3c05782,1.12,1.1312686204910278
xgboost,3,train,R0113,https://doi.org/10.1039/d2ta03604e,0.85,0.9256429076194763
xgboost,3,train,R0114,https://doi.org/10.1016/j.compositesb.2022.109727,1.1,1.1541250944137573
xgboost,3,train,R0115,https://doi.org/10.1016/j.ensm.2022.05.029,1.14,1.1884090900421143
xgboost,3,train,R0116,https://doi.org/10.1016/j.cej.2023.143351,1.23,1.2281687259674072
xgboost,3,train,R0117,https://doi.org/10.1002/adfm.202209876,1.18,1.2316043376922607
xgboost,3,train,R0118,https://doi.org/10.1002/smll.202106707,1.42,1.4002950191497803
xgboost,3,train,R0119,https://doi.org/10.1021/acsaem.3c02592,0.98,1.0837360620498657
xgboost,3,train,R0120,https://doi.org/10.1002/aenm.202204057,1.3,1.3061670064926147
xgboost,3,train,R0121,https://doi.org/10.1002/aenm.202204057,1.4,1.4209718704223633
xgboost,3,train,R0122,https://doi.org/10.1002/aenm.202204057,1.5,1.4146381616592407
xgboost,3,train,R0125,https://sioc-journal.cn/Jwk_hxxb/EN/10.6023/A22050206,1.08,1.1163511276245117
xgboost,3,train,R0126,https://doi.org/10.1016/j.jcis.2026.140244,1.04,1.0199190378189087
xgboost,3,train,R0131,https://doi.org/10.1002/advs.202522315,1.0,1.0296334028244019
xgboost,3,train,R0132,https://doi.org/10.1016/j.electacta.2025.147671,1.15,1.1312686204910278
xgboost,3,train,R0133,https://doi.org/10.1021/acsaem.5c03033,1.25,1.2759466171264648
xgboost,3,train,R0134,https://doi.org/10.1021/acsanm.5c04476,1.04,1.0837360620498657
xgboost,3,train,R0135,https://doi.org/10.1021/acsanm.5c04476,1.25,1.2559599876403809
xgboost,3,train,R0136,https://doi.org/10.1088/2631-6331/ae1925,1.3,1.350879430770874
xgboost,3,train,R0137,https://doi.org/10.1002/anie.202521423,1.2,1.229315161705017
xgboost,3,train,R0138,https://doi.org/10.1080/1536383X.2025.2583369,1.3,1.269797682762146
xgboost,3,train,R0139,https://doi.org/10.1002/anie.202520097,1.2,1.1833200454711914
xgboost,3,train,R0140,https://doi.org/10.1016/j.jcis.2025.139355,0.8,0.9256429076194763
xgboost,3,train,R0141,https://doi.org/10.1016/j.jcis.2025.139355,0.83,0.9256429076194763
xgboost,3,train,R0142,https://doi.org/10.1021/acsnano.5c10218,0.96,0.9611948132514954
xgboost,3,train,R0143,https://doi.org/10.1021/acsnano.5c10218,1.18,1.1833200454711914
xgboost,3,train,R0144,https://doi.org/10.1002/aoc.70327,1.41,1.350879430770874
xgboost,3,train,R0145,https://doi.org/10.1021/acs.langmuir.5c02644,1.1,1.0712766647338867
xgboost,3,train,R0146,https://doi.org/10.1016/j.electacta.2025.146925,1.1,1.1541250944137573
xgboost,3,train,R0147,https://doi.org/10.1016/j.jcis.2025.138454,0.89,0.9959606528282166
xgboost,3,train,R0148,https://doi.org/10.1038/s41598-025-11449-1,0.998,0.9611948132514954
xgboost,3,train,R0150,https://doi.org/10.1016/j.jpowsour.2025.237653,1.15,1.0837360620498657
xgboost,3,train,R0151,https://doi.org/10.1021/acs.iecr.5c01518,1.18,1.209680199623108
xgboost,3,train,R0152,https://doi.org/10.1021/acs.iecr.5c01518,1.25,1.2559599876403809
xgboost,3,train,R0153,https://doi.org/10.1016/j.carbon.2025.120482,1.25,1.229315161705017
xgboost,3,train,R0154,https://doi.org/10.1093/nsr/nwaf145,1.24,1.1833200454711914
xgboost,3,train,R0155,https://doi.org/10.1016/j.jcis.2025.137782,1.36,1.350879430770874
xgboost,3,train,R0156,https://doi.org/10.1016/j.cej.2025.162908,1.3,1.3031177520751953
xgboost,3,train,R0157,https://doi.org/10.1016/j.cej.2025.162908,1.35,1.3061670064926147
xgboost,3,train,R0158,https://doi.org/10.1016/j.cej.2025.162908,1.3,1.3031177520751953
xgboost,3,train,R0162,https://doi.org/10.1021/jacs.4c15230,1.1,1.1541250944137573
xgboost,3,train,R0164,https://doi.org/10.1016/j.esci.2024.100310,1.08,1.0758922100067139
xgboost,3,train,R0165,https://doi.org/10.1016/j.esci.2024.100310,1.1,1.0758922100067139
xgboost,3,train,R0166,https://doi.org/10.1002/smll.202406516,1.2,1.1541250944137573
xgboost,3,train,R0167,https://doi.org/10.1002/anie.202418893,1.3,1.2981352806091309
xgboost,3,train,R0168,https://doi.org/10.1016/j.electacta.2024.145384,1.01,0.9959606528282166
xgboost,3,train,R0169,https://doi.org/10.1007/s10008-024-06115-x,1.4,1.4021806716918945
xgboost,3,train,R0170,https://doi.org/10.1002/aenm.202402925,1.4,1.3686977624893188
xgboost,3,train,R0171,https://doi.org/10.1002/aenm.202402925,1.28,1.327636480331421
xgboost,3,train,R0172,https://doi.org/10.1002/aenm.202402925,1.3,1.327636480331421
xgboost,3,train,R0173,https://doi.org/10.1021/acs.energyfuels.4c04356,0.94,0.9611948132514954
xgboost,3,train,R0174,https://doi.org/10.1002/smll.202406525,1.25,1.2485705614089966
xgboost,3,train,R0175,https://doi.org/10.1016/j.jpowsour.2024.235394,0.95,0.9522075057029724
xgboost,3,train,R0176,https://doi.org/10.1016/j.jpowsour.2024.235394,1.0,1.0837360620498657
xgboost,3,train,R0179,https://doi.org/10.1039/d4sc03242j,1.1,1.1541250944137573
xgboost,3,train,R0182,https://doi.org/10.1016/j.jcis.2024.06.137,1.25,1.2453755140304565
xgboost,3,train,R0183,https://doi.org/10.1016/j.jcis.2024.06.137,1.4,1.4209718704223633
xgboost,3,train,R0184,https://doi.org/10.1016/j.jcis.2024.06.137,1.45,1.4209718704223633
xgboost,3,train,R0185,https://doi.org/10.1002/adma.202404319,1.2,1.1856865882873535
xgboost,3,train,R0186,https://doi.org/10.1002/adma.202405440,1.4,1.4021806716918945
xgboost,3,train,R0188,https://doi.org/10.1016/j.jcis.2024.05.144,1.2,1.2171214818954468
xgboost,3,train,R0189,https://doi.org/10.1016/j.ijoes.2024.100602,1.3,1.229315161705017
xgboost,3,train,R0190,https://doi.org/10.1016/j.jechem.2024.01.076,1.3,1.2559599876403809
xgboost,3,train,R0191,https://doi.org/10.1016/j.jechem.2024.01.076,1.25,1.2559599876403809
xgboost,3,train,R0192,https://doi.org/10.1016/j.jechem.2024.01.076,1.25,1.245469570159912
xgboost,3,train,R0193,https://doi.org/10.1002/aenm.202303766,0.95,0.9522075057029724
xgboost,3,train,R0194,https://doi.org/10.1002/smtd.202301728,1.22,1.262967824935913
xgboost,3,train,R0195,https://doi.org/10.1002/smtd.202301728,1.32,1.262967824935913
xgboost,3,train,R0196,https://doi.org/10.1016/j.mtcomm.2024.108243,0.84,0.9256429076194763
xgboost,3,train,R0198,https://doi.org/10.1016/j.jpowsour.2024.234130,1.05,1.0831576585769653
xgboost,3,train,R0199,https://doi.org/10.1016/j.jpowsour.2024.234130,1.17,1.229315161705017
xgboost,3,train,R0200,https://doi.org/10.1021/jacs.3c12734,1.12,1.0948981046676636
xgboost,3,test,R0007,https://doi.org/10.1016/j.jallcom.2019.152736,1.35,1.2171214818954468
xgboost,3,test,R0008,https://doi.org/10.1016/j.jallcom.2020.153803,1.25,1.182255744934082
xgboost,3,test,R0017,https://doi.org/10.1016/j.jallcom.2020.154054,0.82,0.9256429076194763
xgboost,3,test,R0019,https://doi.org/10.1016/j.jallcom.2020.157656,1.4,1.4146381616592407
xgboost,3,test,R0020,https://doi.org/10.1002/aenm.202100110,0.95,0.9959606528282166
xgboost,3,test,R0027,https://doi.org/10.1039/d0nr00866d,1.5,1.352935552597046
xgboost,3,test,R0036,https://doi.org/10.1002/er.7342,1.21,1.2485705614089966
xgboost,3,test,R0038,https://doi.org/10.1021/acsami.1c08720,0.84,0.9611948132514954
xgboost,3,test,R0041,https://doi.org/10.1007/s40242-020-0077-3,1.15,1.2485705614089966
xgboost,3,test,R0050,https://doi.org/10.1002/aenm.202203660,1.33,1.2981352806091309
xgboost,3,test,R0060,https://doi.org/10.1021/acsami.1c22643,1.0,1.0199190378189087
xgboost,3,test,R0071,https://doi.org/10.1039/d2ta07061h,1.34,1.4002950191497803
xgboost,3,test,R0074,https://doi.org/10.1002/smll.202204836,1.25,1.229315161705017
xgboost,3,test,R0075,https://doi.org/10.1002/smll.202204836,1.18,1.0837360620498657
xgboost,3,test,R0084,https://doi.org/10.1021/acsami.3c01599,1.17,1.2485705614089966
xgboost,3,test,R0091,https://doi.org/10.1039/d1qi01260f,1.23,1.1833200454711914
xgboost,3,test,R0095,https://doi.org/10.1002/smll.202206611,0.98,1.0296334028244019
xgboost,3,test,R0100,https://doi.org/10.1021/acscatal.2c02544,1.15,1.2485705614089966
xgboost,3,test,R0101,https://doi.org/10.1021/acscatal.2c02544,1.15,1.2485705614089966
xgboost,3,test,R0102,https://www.science.org/doi/10.1126/sciadv.abq6261,1.2,1.1541250944137573
xgboost,3,test,R0123,https://doi.org/10.1021/acs.nanolett.3c03025,1.1,1.1833200454711914
xgboost,3,test,R0124,https://doi.org/10.1021/acs.nanolett.3c03025,1.15,1.1833200454711914
xgboost,3,test,R0127,https://doi.org/10.1016/j.jechem.2026.01.056,1.25,1.172000527381897
xgboost,3,test,R0128,https://doi.org/10.1002/smll.202512953,1.25,1.3555428981781006
xgboost,3,test,R0129,https://doi.org/10.1002/smll.202512953,1.39,1.3686977624893188
xgboost,3,test,R0130,https://doi.org/10.1002/smll.202512953,1.45,1.3686977624893188
xgboost,3,test,R0149,https://doi.org/10.1002/anie.202509132,0.94,0.9256429076194763
xgboost,3,test,R0159,https://doi.org/10.1016/j.cej.2025.162420,0.86,1.0087155103683472
xgboost,3,test,R0160,https://doi.org/10.1039/d5nr00300h,0.77,0.9256429076194763
xgboost,3,test,R0161,https://doi.org/10.1039/d5nr00300h,1.29,1.350879430770874
xgboost,3,test,R0163,https://doi.org/10.1002/celc.202400626,1.4,1.350879430770874
xgboost,3,test,R0177,https://doi.org/10.1002/cey2.587,1.35,1.2981352806091309
xgboost,3,test,R0178,https://doi.org/10.1002/cey2.550,1.25,1.236142873764038
xgboost,3,test,R0180,https://doi.org/10.1016/j.est.2024.112780,1.3,1.2861777544021606
xgboost,3,test,R0181,https://doi.org/10.1016/j.est.2024.112780,1.45,1.3999385833740234
xgboost,3,test,R0187,https://doi.org/10.1016/j.mtener.2024.101597,1.38,1.3999385833740234
xgboost,3,test,R0197,https://doi.org/10.1016/j.jallcom.2024.173877,1.11,1.1541250944137573
xgboost,4,train,R0001,https://doi.org/10.1016/j.electacta.2020.137645,1.3,1.31143057346344
xgboost,4,train,R0002,https://doi.org/10.1016/j.electacta.2020.137645,1.5,1.3889514207839966
xgboost,4,train,R0004,https://doi.org/10.1016/j.ssi.2021.115773,1.1,1.136828899383545
xgboost,4,train,R0005,https://doi.org/10.1016/j.ssi.2021.115773,1.4,1.3910545110702515
xgboost,4,train,R0006,https://doi.org/10.1016/j.jpowsour.2021.230374,1.24,1.2122644186019897
xgboost,4,train,R0007,https://doi.org/10.1016/j.jallcom.2019.152736,1.35,1.2459914684295654
xgboost,4,train,R0008,https://doi.org/10.1016/j.jallcom.2020.153803,1.25,1.2317798137664795
xgboost,4,train,R0009,https://doi.org/10.1016/j.jallcom.2020.158269,1.0,1.019576907157898
xgboost,4,train,R0010,https://doi.org/10.1016/j.cej.2020.124294,1.35,1.3837019205093384
xgboost,4,train,R0011,https://doi.org/10.1016/j.cej.2020.124294,1.4,1.3837019205093384
xgboost,4,train,R0012,https://doi.org/10.1016/j.cej.2021.128403,0.97,0.8977521657943726
xgboost,4,train,R0015,https://doi.org/10.1016/j.flatc.2020.100221,1.25,1.2379343509674072
xgboost,4,train,R0016,https://doi.org/10.1016/j.jallcom.2020.157945,1.012,0.8977521657943726
xgboost,4,train,R0017,https://doi.org/10.1016/j.jallcom.2020.154054,0.82,0.8977521657943726
xgboost,4,train,R0018,https://doi.org/10.1016/j.jpowsour.2020.228362,1.35,1.3191324472427368
xgboost,4,train,R0019,https://doi.org/10.1016/j.jallcom.2020.157656,1.4,1.4178192615509033
xgboost,4,train,R0020,https://doi.org/10.1002/aenm.202100110,0.95,0.9845482707023621
xgboost,4,train,R0021,https://doi.org/10.1002/anie.202110116,1.4,1.3503360748291016
xgboost,4,train,R0022,https://doi.org/10.1002/anie.202110116,1.3,1.3503360748291016
xgboost,4,train,R0023,https://doi.org/10.1021/acs.jpcc.1c05456,1.15,1.136828899383545
xgboost,4,train,R0024,https://doi.org/10.1021/acs.jpcc.1c05456,1.2,1.136828899383545
xgboost,4,train,R0025,https://doi.org/10.1021/acs.jpcc.1c05456,1.15,1.136828899383545
xgboost,4,train,R0026,https://doi.org/10.1039/d0cc05980c,1.2,1.1777207851409912
xgboost,4,train,R0027,https://doi.org/10.1039/d0nr00866d,1.5,1.4416264295578003
xgboost,4,train,R0028,https://doi.org/10.1039/d0ta09195b,1.05,1.0432106256484985
xgboost,4,train,R0029,https://doi.org/10.1039/d1ta00538c,1.3,1.2400286197662354
xgboost,4,train,R0030,https://doi.org/10.1039/d1ta04830a,1.05,1.0724178552627563
xgboost,4,train,R0031,https://doi.org/10.1002/ente.201901257,1.15,1.1855745315551758
xgboost,4,train,R0032,https://doi.org/10.1002/ente.201901257,1.2,1.1855745315551758
xgboost,4,train,R0034,https://dx.doi.org/10.1021/acsnano.9b09646,1.45,1.417165756225586
xgboost,4,train,R0035,https://dx.doi.org/10.1021/acsami.0c02087,1.15,1.117392897605896
xgboost,4,train,R0036,https://doi.org/10.1002/er.7342,1.21,1.2122644186019897
xgboost,4,train,R0037,https://doi.org/10.1002/er.6806,1.0,1.01138436794281
xgboost,4,train,R0038,https://doi.org/10.1021/acsami.1c08720,0.84,0.9339474439620972
xgboost,4,train,R0039,https://dx.doi.org/10.1021/acsami.9b21904,1.3,1.3339202404022217
xgboost,4,train,R0040,https://doi.org/10.1007/s11581-021-04046-5,0.9,0.8977521657943726
xgboost,4,train,R0041,https://doi.org/10.1007/s40242-020-0077-3,1.15,1.2122644186019897
xgboost,4,train,R0044,https://dx.doi.org/10.1021/acscatal.0c02608,1.35,1.3339202404022217
xgboost,4,train,R0045,https://doi.org/10.1021/acsaem.1c01572,1.1,1.0752482414245605
xgboost,4,train,R0046,https://doi.org/10.1021/acsaem.1c01572,1.3,1.3503360748291016
xgboost,4,train,R0048,https://doi.org/10.1002/aenm.202103910,1.0,1.0023328065872192
xgboost,4,train,R0050,https://doi.org/10.1002/aenm.202203660,1.33,1.310383677482605
xgboost,4,train,R0051,https://doi.org/10.1016/j.ensm.2023.102874,1.21,1.2020747661590576
xgboost,4,train,R0052,https://doi.org/10.1016/j.ensm.2023.102989,1.1,1.117392897605896
xgboost,4,train,R0053,https://doi.org/10.1016/j.ensm.2022.07.026,1.1,1.088037371635437
xgboost,4,train,R0054,https://doi.org/10.1016/S1872‐2067(23)64409‐2,1.1,1.117392897605896
xgboost,4,train,R0055,https://doi.org/10.1016/S1872‐2067(23)64409‐2,1.15,1.117392897605896
xgboost,4,train,R0056,https://doi.org/10.1016/j.jallcom.2023.170130,1.29,1.2122644186019897
xgboost,4,train,R0057,https://doi.org/10.1002/smll.202205532,1.08,0.9845482707023621
xgboost,4,train,R0060,https://doi.org/10.1021/acsami.1c22643,1.0,1.0143243074417114
xgboost,4,train,R0061,https://doi.org/10.1016/j.jelechem.2022.116810,1.15,1.1777207851409912
xgboost,4,train,R0067,https://doi.org/10.3390/nano12142386,1.2,1.1863486766815186
xgboost,4,train,R0068,https://doi.org/10.1021/acsami.2c19975,1.03,1.0269168615341187
xgboost,4,train,R0069,https://doi.org/10.1021/acsami.2c19975,1.38,1.350711703300476
xgboost,4,train,R0070,https://doi.org/10.1016/j.cej.2022.136852,1.06,0.8977521657943726
xgboost,4,train,R0071,https://doi.org/10.1039/d2ta07061h,1.34,1.3910545110702515
xgboost,4,train,R0073,https://doi.org/10.1016/j.jelechem.2022.116356,1.3,1.310383677482605
xgboost,4,train,R0074,https://doi.org/10.1002/smll.202204836,1.25,1.2400286197662354
xgboost,4,train,R0075,https://doi.org/10.1002/smll.202204836,1.18,1.0754468441009521
xgboost,4,train,R0078,https://doi.org/10.1016/j.cej.2022.137684,1.29,1.350711703300476
xgboost,4,train,R0079,https://doi.org/10.1016/j.cej.2022.137684,1.41,1.3503360748291016
xgboost,4,train,R0080,https://doi.org/10.1016/j.est.2023.107329,1.01,1.0041648149490356
xgboost,4,train,R0084,https://doi.org/10.1021/acsami.3c01599,1.17,1.2122644186019897
xgboost,4,train,R0086,https://doi.org/10.1016/j.est.2023.109342,1.35,1.4005382061004639
xgboost,4,train,R0087,https://doi.org/10.1016/j.est.2023.109342,1.5,1.4005382061004639
xgboost,4,train,R0088,https://doi.org/10.1016/j.est.2023.109342,1.4,1.4005382061004639
xgboost,4,train,R0089,https://doi.org/10.1016/j.jcis.2022.12.148,1.28,1.310383677482605
xgboost,4,train,R0090,https://doi.org/10.1016/j.cej.2022.139524,1.22,1.1863486766815186
xgboost,4,train,R0091,https://doi.org/10.1039/d1qi01260f,1.23,1.1777207851409912
xgboost,4,train,R0092,https://doi.org/10.1016/j.carbon.2022.04.080,1.32,1.310383677482605
xgboost,4,train,R0093,https://doi.org/10.1016/j.jallcom.2022.163703,1.09,1.0636667013168335
xgboost,4,train,R0094,https://doi.org/10.1016/j.electacta.2022.140894,1.05,1.136828899383545
xgboost,4,train,R0095,https://doi.org/10.1002/smll.202206611,0.98,1.0310436487197876
xgboost,4,train,R0099,https://doi.org/10.1021/acsami.2c19975,1.38,1.350711703300476
xgboost,4,train,R0100,https://doi.org/10.1021/acscatal.2c02544,1.15,1.2122644186019897
xgboost,4,train,R0101,https://doi.org/10.1021/acscatal.2c02544,1.15,1.2122644186019897
xgboost,4,train,R0102,https://www.science.org/doi/10.1126/sciadv.abq6261,1.2,1.136828899383545
xgboost,4,train,R0108,https://doi.org/10.1016/j.cej.2022.138462,1.17,1.1863486766815186
xgboost,4,train,R0109,https://doi.org/10.1002/smll.202302598,1.25,1.2533994913101196
xgboost,4,train,R0111,https://doi.org/10.1016/j.apcatb.2022.122203,1.25,1.310383677482605
xgboost,4,train,R0112,https://doi.org/10.1021/acsnano.3c05782,1.12,1.1299996376037598
xgboost,4,train,R0113,https://doi.org/10.1039/d2ta03604e,0.85,0.8977521657943726
xgboost,4,train,R0114,https://doi.org/10.1016/j.compositesb.2022.109727,1.1,1.136828899383545
xgboost,4,train,R0115,https://doi.org/10.1016/j.ensm.2022.05.029,1.14,1.1863486766815186
xgboost,4,train,R0116,https://doi.org/10.1016/j.cej.2023.143351,1.23,1.2293031215667725
xgboost,4,train,R0117,https://doi.org/10.1002/adfm.202209876,1.18,1.2321900129318237
xgboost,4,train,R0119,https://doi.org/10.1021/acsaem.3c02592,0.98,1.0754468441009521
xgboost,4,train,R0120,https://doi.org/10.1002/aenm.202204057,1.3,1.3259530067443848
xgboost,4,train,R0121,https://doi.org/10.1002/aenm.202204057,1.4,1.417165756225586
xgboost,4,train,R0122,https://doi.org/10.1002/aenm.202204057,1.5,1.4178192615509033
xgboost,4,train,R0123,https://doi.org/10.1021/acs.nanolett.3c03025,1.1,1.1777207851409912
xgboost,4,train,R0124,https://doi.org/10.1021/acs.nanolett.3c03025,1.15,1.1777207851409912
xgboost,4,train,R0125,https://sioc-journal.cn/Jwk_hxxb/EN/10.6023/A22050206,1.08,1.117392897605896
xgboost,4,train,R0126,https://doi.org/10.1016/j.jcis.2026.140244,1.04,1.0143243074417114
xgboost,4,train,R0127,https://doi.org/10.1016/j.jechem.2026.01.056,1.25,1.236965537071228
xgboost,4,train,R0128,https://doi.org/10.1002/smll.202512953,1.25,1.3191324472427368
xgboost,4,train,R0129,https://doi.org/10.1002/smll.202512953,1.39,1.3991758823394775
xgboost,4,train,R0130,https://doi.org/10.1002/smll.202512953,1.45,1.3991758823394775
xgboost,4,train,R0131,https://doi.org/10.1002/advs.202522315,1.0,1.0310436487197876
xgboost,4,train,R0132,https://doi.org/10.1016/j.electacta.2025.147671,1.15,1.1299996376037598
xgboost,4,train,R0133,https://doi.org/10.1021/acsaem.5c03033,1.25,1.29358971118927
xgboost,4,train,R0134,https://doi.org/10.1021/acsanm.5c04476,1.04,1.0754468441009521
xgboost,4,train,R0135,https://doi.org/10.1021/acsanm.5c04476,1.25,1.2533994913101196
xgboost,4,train,R0136,https://doi.org/10.1088/2631-6331/ae1925,1.3,1.351473093032837
xgboost,4,train,R0137,https://doi.org/10.1002/anie.202521423,1.2,1.2400286197662354
xgboost,4,train,R0138,https://doi.org/10.1080/1536383X.2025.2583369,1.3,1.2651433944702148
xgboost,4,train,R0139,https://doi.org/10.1002/anie.202520097,1.2,1.1777207851409912
xgboost,4,train,R0140,https://doi.org/10.1016/j.jcis.2025.139355,0.8,0.8977521657943726
xgboost,4,train,R0141,https://doi.org/10.1016/j.jcis.2025.139355,0.83,0.8977521657943726
xgboost,4,train,R0142,https://doi.org/10.1021/acsnano.5c10218,0.96,0.9339474439620972
xgboost,4,train,R0143,https://doi.org/10.1021/acsnano.5c10218,1.18,1.1777207851409912
xgboost,4,train,R0144,https://doi.org/10.1002/aoc.70327,1.41,1.351473093032837
xgboost,4,train,R0146,https://doi.org/10.1016/j.electacta.2025.146925,1.1,1.136828899383545
xgboost,4,train,R0147,https://doi.org/10.1016/j.jcis.2025.138454,0.89,0.9845482707023621
xgboost,4,train,R0148,https://doi.org/10.1038/s41598-025-11449-1,0.998,0.9339474439620972
xgboost,4,train,R0149,https://doi.org/10.1002/anie.202509132,0.94,0.8977521657943726
xgboost,4,train,R0151,https://doi.org/10.1021/acs.iecr.5c01518,1.18,1.2242518663406372
xgboost,4,train,R0152,https://doi.org/10.1021/acs.iecr.5c01518,1.25,1.2533994913101196
xgboost,4,train,R0153,https://doi.org/10.1016/j.carbon.2025.120482,1.25,1.2400286197662354
xgboost,4,train,R0154,https://doi.org/10.1093/nsr/nwaf145,1.24,1.1777207851409912
xgboost,4,train,R0155,https://doi.org/10.1016/j.jcis.2025.137782,1.36,1.351473093032837
xgboost,4,train,R0156,https://doi.org/10.1016/j.cej.2025.162908,1.3,1.3088492155075073
xgboost,4,train,R0157,https://doi.org/10.1016/j.cej.2025.162908,1.35,1.3259530067443848
xgboost,4,train,R0158,https://doi.org/10.1016/j.cej.2025.162908,1.3,1.3088492155075073
xgboost,4,train,R0159,https://doi.org/10.1016/j.cej.2025.162420,0.86,0.8977739214897156
xgboost,4,train,R0160,https://doi.org/10.1039/d5nr00300h,0.77,0.8977521657943726
xgboost,4,train,R0161,https://doi.org/10.1039/d5nr00300h,1.29,1.351473093032837
xgboost,4,train,R0163,https://doi.org/10.1002/celc.202400626,1.4,1.351473093032837
xgboost,4,train,R0167,https://doi.org/10.1002/anie.202418893,1.3,1.310383677482605
xgboost,4,train,R0168,https://doi.org/10.1016/j.electacta.2024.145384,1.01,0.9845482707023621
xgboost,4,train,R0169,https://doi.org/10.1007/s10008-024-06115-x,1.4,1.3889514207839966
xgboost,4,train,R0173,https://doi.org/10.1021/acs.energyfuels.4c04356,0.94,0.9339474439620972
xgboost,4,train,R0174,https://doi.org/10.1002/smll.202406525,1.25,1.2122644186019897
xgboost,4,train,R0175,https://doi.org/10.1016/j.jpowsour.2024.235394,0.95,0.945101261138916
xgboost,4,train,R0176,https://doi.org/10.1016/j.jpowsour.2024.235394,1.0,1.0754468441009521
xgboost,4,train,R0177,https://doi.org/10.1002/cey2.587,1.35,1.310383677482605
xgboost,4,train,R0178,https://doi.org/10.1002/cey2.550,1.25,1.2509377002716064
xgboost,4,train,R0179,https://doi.org/10.1039/d4sc03242j,1.1,1.136828899383545
xgboost,4,train,R0180,https://doi.org/10.1016/j.est.2024.112780,1.3,1.3008322715759277
xgboost,4,train,R0181,https://doi.org/10.1016/j.est.2024.112780,1.45,1.4005382061004639
xgboost,4,train,R0182,https://doi.org/10.1016/j.jcis.2024.06.137,1.25,1.2479159832000732
xgboost,4,train,R0183,https://doi.org/10.1016/j.jcis.2024.06.137,1.4,1.417165756225586
xgboost,4,train,R0184,https://doi.org/10.1016/j.jcis.2024.06.137,1.45,1.417165756225586
xgboost,4,train,R0185,https://doi.org/10.1002/adma.202404319,1.2,1.1809335947036743
xgboost,4,train,R0186,https://doi.org/10.1002/adma.202405440,1.4,1.3889514207839966
xgboost,4,train,R0187,https://doi.org/10.1016/j.mtener.2024.101597,1.38,1.4005382061004639
xgboost,4,train,R0188,https://doi.org/10.1016/j.jcis.2024.05.144,1.2,1.2459914684295654
xgboost,4,train,R0189,https://doi.org/10.1016/j.ijoes.2024.100602,1.3,1.2400286197662354
xgboost,4,train,R0190,https://doi.org/10.1016/j.jechem.2024.01.076,1.3,1.2533994913101196
xgboost,4,train,R0191,https://doi.org/10.1016/j.jechem.2024.01.076,1.25,1.2533994913101196
xgboost,4,train,R0192,https://doi.org/10.1016/j.jechem.2024.01.076,1.25,1.2454276084899902
xgboost,4,train,R0193,https://doi.org/10.1002/aenm.202303766,0.95,0.945101261138916
xgboost,4,train,R0194,https://doi.org/10.1002/smtd.202301728,1.22,1.2701754570007324
xgboost,4,train,R0195,https://doi.org/10.1002/smtd.202301728,1.32,1.2701754570007324
xgboost,4,train,R0197,https://doi.org/10.1016/j.jallcom.2024.173877,1.11,1.136828899383545
xgboost,4,test,R0003,https://doi.org/10.1016/j.apcatb.2019.118283,1.27,1.3259530067443848
xgboost,4,test,R0013,http://dx.doi.org/10.1016/j.jelechem.2020.114124,1.25,1.333296298980713
xgboost,4,test,R0014,https://doi.org/10.1016/j.jechem.2020.07.053,0.98,1.0310436487197876
xgboost,4,test,R0033,https://dx.doi.org/10.1021/acsaem.0c01691,1.35,1.3339202404022217
xgboost,4,test,R0042,https://doi.org/10.1002/smll.202105752,1.4,1.4178192615509033
xgboost,4,test,R0043,https://doi.org/10.1002/smll.202105752,1.25,1.2533994913101196
xgboost,4,test,R0047,https://doi.org/10.1002/aenm.202200791,1.0,1.0023328065872192
xgboost,4,test,R0049,https://doi.org/10.1016/j.apcatb.2022.121844,0.92,1.0058008432388306
xgboost,4,test,R0058,https://doi.org/10.1016/j.electacta.2023.142096,0.99,0.9471761584281921
xgboost,4,test,R0059,https://doi.org/10.1016/j.electacta.2022.140147,1.11,1.0754468441009521
xgboost,4,test,R0062,https://doi.org/10.1002/slct.202200870,1.04,0.8977521657943726
xgboost,4,test,R0063,https://doi.org/10.1002/slct.202200870,1.1,1.096971869468689
xgboost,4,test,R0064,https://doi.org/10.1002/slct.202200870,1.11,1.0754468441009521
xgboost,4,test,R0065,https://doi.org/10.1016/j.cej.2023.146775,1.0,1.0454967021942139
xgboost,4,test,R0066,https://www.pnas.org/lookup/suppl/doi:10.1073/pnas.2301439120/-/DCSupplemental.,1.11,1.0617687702178955
xgboost,4,test,R0072,https://doi.org/10.1016/j.ijhydene.2023.12.023,1.4,1.4005382061004639
xgboost,4,test,R0076,https://doi.org/10.1002/admi.202102110,0.98,0.9183972477912903
xgboost,4,test,R0077,https://doi.org/10.1002/admi.202102110,1.04,1.096971869468689
xgboost,4,test,R0081,https://doi.org/10.1021/acs.jpcc.3c01042,1.2,1.136828899383545
xgboost,4,test,R0082,https://doi.org/10.1021/acs.jpcc.3c01042,1.25,1.136828899383545
xgboost,4,test,R0083,https://doi.org/10.1021/acs.jpcc.3c01042,1.25,1.136828899383545
xgboost,4,test,R0085,https://doi.org/10.1021/jacs.2c11676,1.05,1.096971869468689
xgboost,4,test,R0096,https://doi.org/10.1002/adsu.202300510,0.95,0.9671137928962708
xgboost,4,test,R0097,https://doi.org/10.1002/adsu.202300510,1.2,1.2122644186019897
xgboost,4,test,R0098,https://doi.org/10.1002/adsu.202300510,1.25,1.2122644186019897
xgboost,4,test,R0103,https://doi.org/10.1007/s12274-022-5330-2,1.2,1.1777207851409912
xgboost,4,test,R0104,https://doi.org/10.1007/s12274-022-5330-2,1.15,1.117392897605896
xgboost,4,test,R0105,https://doi.org/10.1007/s12274-022-5330-2,1.1,1.1777207851409912
xgboost,4,test,R0106,https://doi.org/10.1007/s12274-022-5330-2,1.08,1.117392897605896
xgboost,4,test,R0107,https://doi.org/10.1016/j.ensm.2023.102829,1.2,1.2561540603637695
xgboost,4,test,R0110,https://doi.org/10.1002/adma.202106436,1.2,1.2463458776474
xgboost,4,test,R0118,https://doi.org/10.1002/smll.202106707,1.42,1.3910545110702515
xgboost,4,test,R0145,https://doi.org/10.1021/acs.langmuir.5c02644,1.1,1.0432106256484985
xgboost,4,test,R0150,https://doi.org/10.1016/j.jpowsour.2025.237653,1.15,1.0754468441009521
xgboost,4,test,R0162,https://doi.org/10.1021/jacs.4c15230,1.1,1.136828899383545
xgboost,4,test,R0164,https://doi.org/10.1016/j.esci.2024.100310,1.08,1.096971869468689
xgboost,4,test,R0165,https://doi.org/10.1016/j.esci.2024.100310,1.1,1.096971869468689
xgboost,4,test,R0166,https://doi.org/10.1002/smll.202406516,1.2,1.136828899383545
xgboost,4,test,R0170,https://doi.org/10.1002/aenm.202402925,1.4,1.3991758823394775
xgboost,4,test,R0171,https://doi.org/10.1002/aenm.202402925,1.28,1.3503360748291016
xgboost,4,test,R0172,https://doi.org/10.1002/aenm.202402925,1.3,1.3503360748291016
xgboost,4,test,R0196,https://doi.org/10.1016/j.mtcomm.2024.108243,0.84,0.8977521657943726
xgboost,4,test,R0198,https://doi.org/10.1016/j.jpowsour.2024.234130,1.05,1.165490746498108
xgboost,4,test,R0199,https://doi.org/10.1016/j.jpowsour.2024.234130,1.17,1.2400286197662354
xgboost,4,test,R0200,https://doi.org/10.1021/jacs.3c12734,1.12,1.01266610622406
